Date,I_ALD002,I_ALD004,I_ALMNR,I_ALOHA,I_ANT011,I_ANTLP,I_BCC014,I_BCN010,I_BLKBT,I_BOWMN,I_BRC003,I_BRR023,I_BSH003,I_BTC048,I_BTL006,I_BTVLY,I_BUCKS,I_CAPLS,I_CCH053,I_CLR011,I_CLRLK,I_CMBIE,I_CMPFW,I_COW014,I_CWD018,I_CYN009,I_DAVIS,I_DCC010,I_DER001,I_DER004,I_DHC021,I_DRC012,I_EBF001,I_ECHOL,I_ELD027,I_ENGLB,I_EPARK,I_FOLSM,I_FRDYC,I_FRMAN,I_FRMDW,I_FRNCH,I_GERLE,I_GZL009,I_HHOLE,I_HON021,I_ICEHS,I_INDVL,I_JKSMD,I_LCBRF,I_LCC038,I_LDC029,I_LGRSV,I_LKVLY,I_LNG012,I_LOONL,I_LRB004,I_LWSTN,I_MERLC,I_MFA001,I_MFA023,I_MFA025,I_MFA036,I_MFF019,I_MFF087,I_MFY013,I_MLC006,I_MNS000,I_MTMDW,I_NBLDB,I_NFA016,I_NFA022,I_NFA054,I_NFF029,I_NFY029,I_NLC003,I_NMA003,I_NNA013,I_OGN005,I_OROVL,I_PLC007,I_PLM001,I_PTH070,I_PYN001,I_PYR001,I_RCK001,I_RLLNS,I_RUB002,I_RUB047,I_RVPHB,I_SCOTF,I_SCW008,I_SFA030,I_SFA040,I_SFA066,I_SFA076,I_SFD003,I_SFF008,I_SFF011,I_SFR006,I_SFY007,I_SFY048,I_SGRGE,I_SHSTA,I_SILVR,I_SLC003,I_SLF009,I_SLT009,I_SLV006,I_SLV015,I_SLYCK,I_SPLDG,I_STMPY,I_THM028,I_TRNTY,I_UNVLY,I_WBF006,I_WBF015,I_WBF030,I_WBR001,I_WKYTN,I_WLF013
10/31/1921,0.01,0.05,27.14,0.17,3.20,0.31,3.50,0.84,1.13,1.43,0.08,0.15,0.15,7.60,15.00,1.83,1.07,0.17,0.12,0.10,4.92,0.05,0.03,5.57,0.90,0.01,0.32,0.11,0.75,0.86,1.47,6.35,7.07,0.38,0.06,1.90,0.00,0.00,2.51,0.16,0.52,0.29,0.12,1.05,0.74,0.66,0.16,0.08,0.65,0.46,0.22,0.26,0.85,0.00,0.05,0.20,0.11,0.82,1.79,0.63,0.22,1.28,0.29,11.64,1.57,1.62,6.76,7.55,13.37,5.63,0.10,1.44,2.20,13.35,9.64,0.01,0.92,0.00,0.41,0.00,0.10,0.02,0,0.54,0.18,0.8,0.23,0,0.8,0.41,0.86,0.29,0.78,1.68,0.41,0.24,0.21,0.09245098,0.41,0.08,3.02,1.83,3.2,230,0.14,0.02,0.27,1.38,0.48,0.67,1.78,1.59,0.25,0.2,10.12,0.64,1.39,2.97,1.93,0.2,0.61,0.03
11/30/1921,0.03,0.19,26.67,0.38,3.00,0.45,3.20,1.25,2.07,1.88,0.05,1.09,0.33,8.60,14.04,2.18,1.91,0.36,0.14,0.54,4.78,0.36,0.19,12.20,2.81,0.01,0.41,0.34,0.82,0.94,2.13,7.00,10.78,0.45,0.31,5.06,0.10,0.42,2.06,0.22,1.53,0.38,0.40,1.30,2.64,0.96,0.18,0.16,1.00,0.94,0.80,0.94,1.53,0.00,0.22,0.50,0.39,0.30,2.15,0.00,0.50,2.88,0.75,16.06,2.07,1.45,7.24,7.08,13.13,7.41,0.10,1.42,2.18,6.19,11.08,0.04,2.40,0.00,0.76,6.85,0.22,0.08,0,1.17,0.34,1.44,1.62,0,1.83,0.49,0.94,1.71,1.34,3.19,1.02,0.6,0.23,0.056372549,0.25,0.27,3.55,2.25,3.1,235,0.33,0.07,0.68,2.31,1.04,1.46,1.85,2.75,0.54,1.08,20.65,2.11,1.66,3.55,2.31,0.86,3.31,0.23
12/31/1921,0.16,0.89,31.83,0.62,8.80,0.94,9.50,5.67,6.59,3.31,2.49,9.33,0.77,22.90,31.15,3.25,4.10,0.74,2.74,4.19,33.42,3.07,1.59,48.97,15.84,0.08,0.92,1.36,1.27,1.45,6.77,20.52,25.04,0.60,5.48,4.12,4.40,14.23,2.65,0.57,5.10,0.68,2.03,2.50,9.96,3.05,0.99,0.08,1.91,1.90,2.52,2.96,3.47,0.03,0.89,1.45,0.99,0.47,8.87,0.00,1.24,7.18,2.38,33.36,4.88,5.71,19.04,20.76,15.68,13.56,0.57,7.99,12.36,7.15,17.92,0.22,8.97,0.03,4.00,34.60,0.53,0.41,33.54,6.45,0.72,3.49,14.23,0,4.39,0.93,1.45,9.57,3.27,6.32,2.88,1.69,0.36,0.879411765,3.9,1.36,6.3,3.84,3.8,332,0.83,0.4,1.93,4.78,2.43,3.41,3.35,5.12,1.34,18.54,35.2,6.42,3.15,6.73,4.38,3.68,25.75,1.93
01/31/1922,0.16,0.88,26.60,0.29,6.70,0.94,7.20,4.23,6.67,3.44,0.69,6.81,0.51,18.50,20.56,2.41,3.66,0.45,0.72,4.93,10.09,2.24,1.16,40.24,8.90,0.10,0.90,1.21,1.90,2.17,5.92,15.66,29.94,0.48,8.07,14.21,5.40,13.64,2.14,0.52,4.15,0.70,1.96,2.44,7.58,2.67,1.23,0.05,2.36,2.24,2.49,2.93,3.72,0.03,0.88,1.04,0.60,0.39,4.88,0.00,1.07,6.20,2.35,35.51,4.55,4.80,13.61,15.81,13.10,20.61,0.65,9.20,14.23,15.57,22.14,0.22,8.50,0.03,4.25,26.93,0.47,0.41,8.22,5.67,0.35,2.84,10.57,0,2.35,1,2.17,5.37,2.66,4.81,2.12,1.24,0.54,0.764411765,3.39,1.31,10.58,4.38,2.9,299,0.5,0.39,1.42,7.1,1.62,2.27,3.79,5.47,1.2,24.81,29.99,4.72,3.37,7.2,4.69,4.35,30.31,1.41
02/28/1922,0.51,2.87,30.82,0.75,18.40,2.06,19.80,14.26,36.91,4.74,11.22,47.03,2.02,48.10,51.85,4.90,7.34,1.02,16.70,4.90,111.21,15.47,7.99,104.87,45.33,0.37,2.36,2.90,2.69,3.07,16.51,43.16,63.93,0.70,8.42,0.00,22.90,32.98,2.88,1.32,10.70,0.97,5.39,4.71,18.98,7.45,1.48,6.06,3.29,3.12,6.72,7.90,7.68,0.03,2.74,2.48,0.99,1.50,10.46,0.00,3.97,23.01,7.31,75.87,11.91,21.90,34.00,43.41,15.18,32.09,2.52,35.64,54.79,27.32,30.90,0.69,29.57,0.03,13.56,96.10,1.48,1.35,124.87,17.77,0.9,9.71,80.67,0,5.81,2.26,3.07,28.51,6.56,17.52,6.08,3.57,0.77,4.225686275,18.74,3.61,15.04,6.05,21,542,1.26,1.24,4.08,10.12,6.39,8.97,8.07,7.54,3.74,24.03,43.76,14.43,7.66,16.36,10.65,15.75,30.12,9.73
03/31/1922,0.47,2.65,28.61,0.54,13.50,2.11,14.50,10.63,19.50,4.84,2.99,29.37,1.96,35.70,34.79,4.57,6.82,0.67,4.96,4.30,45.89,9.66,4.99,67.28,37.86,0.34,2.48,2.18,4.58,5.23,10.94,31.60,64.42,0.57,7.06,13.42,10.80,16.70,2.96,1.73,8.64,0.99,4.48,4.39,14.64,4.93,1.87,12.00,3.75,3.46,4.60,5.41,7.21,0.08,2.43,1.77,0.80,2.42,12.39,16.76,3.94,22.87,6.59,76.24,14.02,20.62,23.52,31.85,14.09,47.80,2.31,32.69,50.41,62.01,41.97,0.61,27.15,0.08,13.22,82.53,1.29,1.36,33.23,11.81,0.68,8.82,58.08,0,4.11,2.39,5.23,22.5,5.81,14.4,5.4,3.17,1.31,3.565,15.81,3,24.26,6.44,11.7,604,0.97,1.09,3.62,13.83,6.21,8.72,8.06,9.1,3.26,19.77,73.39,13.31,8.09,17.28,11.25,14.77,26.39,6.08
04/30/1922,0.85,4.75,75.17,0.72,15.20,6.07,16.40,11.59,22.02,8.72,1.33,14.14,2.42,40.30,38.98,10.57,14.29,1.02,2.63,12.70,22.48,4.65,2.40,68.29,40.15,0.46,8.40,3.49,8.91,10.18,11.10,35.72,158.84,0.70,19.22,31.85,4.90,5.37,5.52,6.80,14.10,1.79,7.65,9.13,22.78,5.01,4.51,16.08,6.61,6.79,4.85,5.70,14.94,0.18,3.55,2.75,1.38,2.54,12.71,51.87,5.39,31.26,10.67,163.81,42.82,39.16,26.31,35.86,37.03,94.94,3.09,43.66,67.58,135.20,79.41,0.97,41.10,0.19,17.10,129.32,1.95,2.05,13.7,9.12,1.06,11.02,36.5,0,6.05,4.81,10.18,21.02,11.16,20.45,9.9,5.81,2.55,2.931372549,13,5.12,47.55,12.09,20,772,1.87,1.74,6.64,26.69,7.67,10.77,17.48,16.81,4.91,58.47,151.93,21.54,16.28,34.77,22.64,21.77,78.01,2.93
05/31/1922,2.22,12.39,127.70,2.69,20.90,17.71,22.50,12.05,16.47,28.43,0.35,7.54,3.53,55.90,60.95,25.83,32.63,8.82,0.90,6.72,12.35,2.48,1.28,76.06,26.69,0.91,17.65,12.10,14.50,16.57,10.45,49.13,275.44,3.71,9.13,42.17,3.30,8.71,24.47,15.24,47.22,5.82,23.45,18.88,78.17,4.71,23.76,4.62,28.52,27.25,4.51,5.30,32.03,2.29,7.52,9.74,6.95,4.71,10.66,55.92,7.39,42.87,21.62,317.41,53.04,105.22,42.14,49.30,62.90,201.52,5.84,82.54,133.79,277.54,219.09,2.07,73.21,2.35,17.78,120.11,3.58,3,3.22,6.17,5.3,15.14,27.84,0,29.51,6.57,16.57,13.45,23.36,24.45,41.7,24.47,4.14,7.064607843,31.33,15.7,97.64,55.9,16.3,623,12.17,3.72,27.96,71.96,11.18,15.7,25.13,43.7,9.01,40.35,261.9,67.43,22.25,47.53,30.95,14.36,41.27,1.56
06/30/1922,0.97,5.43,72.96,6.32,12.00,9.05,13.00,4.08,7.31,33.26,0.08,2.04,2.52,32.30,52.89,13.22,24.19,16.31,0.21,1.42,16.57,0.67,0.35,33.64,10.17,0.54,6.47,9.58,3.27,3.74,1.72,28.28,89.75,6.59,1.11,10.02,0.60,0.00,55.04,5.75,39.48,6.81,12.64,10.01,73.46,0.78,21.00,0.39,45.28,27.52,0.97,1.14,16.56,2.44,3.38,5.83,8.82,3.74,2.77,6.41,4.09,23.74,8.41,138.43,27.88,54.21,37.43,28.31,35.94,79.92,3.31,46.79,79.40,115.85,198.27,0.79,23.43,2.50,4.39,78.51,1.27,0.56,0.65,1.36,8.77,6.04,12.06,0,41.45,2.93,3.74,6.67,12.96,6.85,42.45,24.91,0.93,3.758921569,16.67,8.46,27.48,77.53,8.4,335,15.5,1.42,28.46,37.76,7.98,11.2,8.86,31.24,3.21,4.76,107.65,57.27,9.93,21.21,13.81,1.99,8.73,0.42
07/31/1922,0.06,0.32,38.39,1.67,4.10,1.27,4.40,0.85,2.08,5.70,0.03,0.12,0.75,12.50,24.40,4.00,4.67,4.26,0.08,1.46,7.82,0.04,0.02,5.19,3.12,0.09,1.54,0.61,0.70,0.80,0.45,9.59,12.51,1.95,0.41,3.78,0.00,0.00,12.19,0.63,5.67,1.17,0.39,1.89,8.74,0.20,3.50,0.07,6.82,3.42,0.20,0.24,2.09,0.94,0.31,1.13,1.38,1.43,0.64,0.00,0.83,4.82,1.74,29.20,6.65,6.22,14.12,9.67,18.91,16.00,0.46,6.52,12.95,44.66,43.22,0.07,4.85,0.97,0.79,0.00,0.41,0.06,0.04,0.12,2.69,2.34,3.06,0,8.02,0.87,0.8,2.32,6.59,3.72,6.13,3.6,0.2,0.579509804,2.57,0.26,5.78,12.27,3,238,1.53,0.13,4.11,4.69,2.38,3.34,3.26,5.21,1.04,1.12,18.8,5.91,2.96,6.32,4.12,0.21,8.95,0.03
08/31/1922,0.01,0.05,30.02,0.16,2.90,0.37,3.10,0.51,0.56,1.55,0.03,0.00,0.18,7.30,17.15,2.90,1.09,0.33,0.05,0.19,3.86,0.00,0.00,2.21,1.13,0.02,0.84,0.07,0.50,0.57,0.18,6.87,5.92,0.44,0.06,2.04,0.00,0.00,2.40,0.20,0.78,0.32,0.01,0.81,0.88,0.08,0.74,0.08,1.03,0.43,0.04,0.05,0.60,0.00,0.05,0.22,0.10,0.82,0.99,1.05,0.30,1.74,0.42,12.08,2.80,2.74,7.99,6.84,14.78,8.63,0.12,1.63,2.50,21.28,18.17,0.01,1.36,0.00,0.23,0.23,0.10,0.04,0,0.04,0.29,0.85,2.89,0,0.81,0.63,0.57,0.55,2.53,1.03,0.78,0.46,0.14,0.157843137,0.7,0.01,3.4,2.33,1.6,212,0.06,0.02,0.52,1.36,0.57,0.8,2.44,1.89,0.26,0.12,6.49,0.54,2.14,4.57,2.98,0.12,1.17,0
09/30/1922,0.00,0.02,23.05,0.04,2.60,0.25,2.80,0.50,0.00,1.06,0.03,0.21,0.10,6.70,15.25,2.29,0.87,0.11,0.06,0.01,6.82,0.07,0.04,2.42,0.62,0.01,0.11,0.03,0.41,0.47,0.15,5.99,5.03,0.35,0.00,4.06,0.00,0.00,2.47,0.18,0.30,0.22,0.01,0.57,0.37,0.07,0.23,0.07,0.28,0.19,0.04,0.05,0.53,0.00,0.02,0.09,0.03,0.97,0.66,1.75,0.17,0.97,0.16,9.78,2.04,2.07,6.57,6.13,11.35,4.77,0.08,1.12,1.73,18.20,11.21,0.00,0.53,0.00,0.12,0.00,0.04,0.03,0,0.1,0.12,0.39,5.5,0,0.32,0.49,0.47,0.17,1.17,0.46,0.32,0.19,0.12,0.042843137,0.19,0.01,2.7,1.54,0.9,200,0.03,0.01,0.21,0.81,0.31,0.44,1.93,0.92,0.11,0.01,3.38,0.23,1.65,3.52,2.29,0.06,0.09,0.04
10/31/1922,0.01,0.08,26.00,0.07,3.50,0.32,2.60,0.88,1.61,2.18,0.09,2.49,0.31,6.80,16.95,2.62,1.49,0.30,0.15,0.57,9.83,0.82,0.42,7.07,1.43,0.01,0.35,0.06,0.96,1.10,1.26,6.25,7.62,0.43,0.30,4.13,0.00,0.00,3.09,0.15,0.25,0.45,0.06,1.34,0.36,0.57,0.38,0.83,1.02,0.88,0.28,0.33,1.22,0.00,0.10,0.11,0.06,0.79,1.53,5.63,0.79,4.61,0.13,12.75,1.94,2.10,7.37,8.26,12.80,7.49,0.08,1.18,1.81,16.87,13.15,0.00,0.43,0.00,0.47,0.00,0.04,0.04,0,0.55,0.11,1.02,3.65,0,0.4,0.48,1.1,0.68,1.31,2.92,0.05,0.03,0.27,0.02254902,0.1,0.04,3.75,2.69,3.9,230,0.17,0.01,0.03,2.22,0.97,1.36,1.98,2.84,0.11,1.12,16.74,0.31,1.64,3.5,2.28,0.26,3.5,0.52
11/30/1922,0.02,0.11,28.68,0.21,6.70,0.51,4.90,3.23,7.48,3.03,0.94,4.32,0.38,14.40,21.83,2.35,2.80,0.29,1.22,1.35,17.16,1.42,0.73,24.73,6.07,0.06,0.54,0.17,1.10,1.26,3.57,11.06,13.73,0.42,1.40,7.22,1.20,0.00,2.34,0.30,0.84,0.62,0.18,1.81,1.31,1.61,0.79,0.76,1.69,1.74,1.32,1.55,2.36,0.00,0.54,0.32,0.22,0.23,4.62,3.65,2.02,11.73,0.45,19.83,3.27,3.89,11.84,15.81,14.12,11.08,0.39,5.50,8.45,27.55,15.79,0.01,1.30,0.00,1.55,0.00,0.14,0.11,12.77,2.85,0.33,1.72,6.52,0,1.22,0.62,1.26,3.41,5.66,2.87,0.62,0.36,0.31,0.155588235,0.69,0.12,5.28,3.54,8.7,252,0.11,0.03,0.42,4.2,1.2,1.68,2.22,4.68,0.34,5.11,20.06,1.2,2.11,4.51,2.93,1.34,8.3,0.89
12/31/1922,0.45,2.50,32.70,0.51,21.70,1.38,16.00,12.76,25.93,6.37,11.86,32.19,2.00,43.80,56.99,4.49,6.38,0.28,14.44,5.85,80.08,10.59,5.47,94.29,14.27,0.36,2.03,0.89,3.53,4.03,13.13,38.12,44.80,0.42,8.59,3.40,14.30,24.64,3.81,1.07,3.41,1.30,1.28,4.44,7.04,5.92,3.02,6.75,4.28,4.19,5.29,6.22,6.70,0.03,4.62,1.09,0.80,0.37,10.34,24.81,15.30,88.78,1.46,53.24,11.97,26.81,34.84,51.19,16.10,38.85,2.46,34.76,53.44,40.88,40.82,0.14,5.95,0.03,11.19,68.94,0.32,3.2,133.17,13.78,0.82,10.19,52.05,0,3.22,1.86,4.03,8.03,31.91,19.64,2.22,1.3,1.01,3.123039216,13.85,0.86,19.56,8.21,17.9,333,0,0.25,1.49,13.26,6.34,8.9,6.78,10.23,0.82,28.86,36.28,4.44,6.3,13.46,8.76,14.55,35.93,6.66
01/31/1923,0.34,1.90,30.02,0.41,11.80,1.23,8.70,7.50,21.78,4.20,4.81,17.60,1.18,25.40,27.31,3.50,4.94,0.48,9.58,6.06,52.30,5.79,2.99,43.69,18.44,0.21,1.54,1.56,3.70,4.23,6.99,20.64,38.67,0.50,9.37,17.61,16.60,43.69,2.54,0.96,5.32,0.86,2.51,3.40,9.85,3.15,1.70,5.35,3.10,2.99,2.92,3.43,5.30,0.03,2.75,1.43,0.75,1.35,7.80,8.35,6.54,37.93,2.97,48.98,9.96,15.36,17.16,27.84,14.78,38.52,1.42,19.99,30.79,55.33,34.80,0.25,10.49,0.03,5.20,42.35,0.58,1.13,50.72,7.03,0.66,7.29,31.18,0,3.27,1.73,4.23,10.97,17.3,12.47,2.37,1.39,1.06,1.765588235,7.83,1.68,19.45,5.43,9.5,395,1.28,0.46,1.59,11.38,3.73,5.24,5.8,8.11,1.45,28.38,50.18,6.09,5.86,12.52,8.15,12.19,37.24,3.64
02/28/1923,0.19,1.04,25.06,0.34,6.70,0.99,4.90,4.18,10.32,3.01,2.05,9.73,0.73,15.30,15.31,2.31,3.26,0.45,3.66,3.44,25.35,3.20,1.65,22.29,17.70,0.17,0.85,1.30,2.83,3.23,3.91,11.67,28.46,0.48,5.07,14.08,10.50,13.39,1.88,0.59,4.74,0.62,2.40,2.15,8.40,1.76,1.11,9.57,2.18,2.35,1.62,1.90,3.33,0.03,1.47,1.19,0.47,1.62,4.72,10.51,2.54,14.73,3.25,36.58,5.39,11.64,9.61,15.81,12.34,29.47,1.15,16.20,24.95,48.21,26.21,0.29,12.43,0.03,3.41,3.87,0.63,0.9,21.4,2.85,0.55,4.86,17.68,0,2.79,1.16,3.23,9.82,4.65,12.23,2.17,1.27,0.81,1.084607843,4.81,1.61,15.32,4.19,1.7,309,1.64,0.52,1.45,8.73,2.32,3.26,4.01,5.83,1.58,15.39,44.09,6.54,3.92,8.37,5.45,7.54,21.11,2.01
03/31/1923,0.50,2.80,43.28,0.65,6.70,2.04,4.90,3.92,7.66,4.34,0.83,8.54,1.13,14.30,15.44,4.61,5.56,0.52,1.32,2.37,11.97,2.81,1.45,22.24,9.29,0.22,2.25,2.74,3.91,4.47,3.41,11.77,52.92,0.51,3.21,19.89,5.40,0.00,2.72,1.63,10.78,0.89,5.57,3.89,18.66,1.54,2.71,1.64,3.16,3.52,1.52,1.79,6.04,0.08,0.89,2.35,1.10,1.28,4.12,16.70,0.00,0.00,8.14,62.90,12.82,15.66,9.69,15.81,21.32,42.77,1.46,20.66,31.96,72.90,37.58,0.71,31.93,0.08,3.61,26.42,1.52,1.07,8.61,2.42,1.04,4.74,17.51,0,5.25,1.8,4.47,4.97,0,12.88,6.14,3.6,1.12,0.933529412,4.14,3.73,22.06,6.31,3.5,330,2.72,1.28,4.12,12.74,3.58,5.03,6.69,8.16,3.83,10.21,82.46,16.26,6.11,13.05,8.5,9.76,14.54,1.77
04/30/1923,1.33,7.40,51.39,1.09,14.40,5.42,10.60,6.92,19.42,10.10,2.79,18.61,3.20,29.70,36.45,10.81,11.92,1.95,5.37,6.96,44.81,6.12,3.16,38.91,22.63,0.51,6.49,5.25,5.48,6.26,5.12,25.09,100.17,1.06,9.23,3.76,6.10,29.64,7.49,5.01,20.86,2.07,11.53,7.97,34.46,2.31,9.52,13.49,9.08,9.43,2.19,2.57,12.58,0.83,4.11,4.63,2.48,2.09,5.58,21.45,4.55,26.41,13.88,115.41,24.46,49.91,23.28,33.97,25.31,70.86,3.31,46.80,74.41,108.37,77.30,1.24,51.23,0.85,8.80,81.67,2.36,2.7,28.93,3.06,1.75,9.7,44.2,0,9.78,2.78,6.26,11,6.29,25.68,16.23,9.53,1.57,5.141176471,22.8,7.72,36.25,18.65,17.1,584,2.46,2.24,10.88,26.2,10.13,14.22,11.01,16.37,5.94,35.37,167.62,30.35,9.41,20.1,13.09,12.55,42.73,3.85
05/31/1923,0.89,4.94,48.78,3.43,7.20,5.51,5.30,2.26,6.99,20.02,0.39,4.74,1.23,17.30,23.29,9.75,14.34,7.95,1.05,1.65,1.92,1.56,0.81,15.87,12.54,0.51,5.01,9.36,3.28,3.75,1.28,12.47,63.90,3.37,2.10,0.94,1.00,0.33,25.93,3.91,35.92,4.10,15.58,7.39,61.77,0.58,18.83,0.30,24.39,18.61,0.63,0.74,12.33,2.55,3.91,7.45,6.67,2.86,1.65,14.65,2.03,11.77,11.48,86.86,18.22,49.47,15.67,16.98,24.02,63.64,3.07,43.42,74.58,76.75,119.51,1.08,35.17,2.62,2.41,41.91,1.71,0.4,3.62,0.67,5.5,6.22,16.19,0,27.93,2.02,3.75,5.76,6.3,19.32,33.03,19.39,0.94,2.19627451,9.74,10.43,23.39,46.06,7.8,353,13.1,1.94,22.14,30.3,3.88,5.45,6.61,22.83,4.29,11.23,158.06,52.49,6.83,14.59,9.5,2.97,10.16,0.98
06/30/1923,0.23,1.29,32.16,2.78,4.40,2.11,3.30,0.85,3.04,10.94,0.10,2.71,0.56,10.30,17.63,4.38,7.86,7.61,0.25,1.45,12.00,0.89,0.46,7.32,6.80,0.23,1.32,3.61,0.91,1.04,0.45,6.64,20.01,3.24,1.18,0.64,0.30,0.00,19.08,1.09,15.15,2.24,4.36,3.32,29.91,0.20,10.72,0.09,14.16,8.59,0.24,0.28,4.96,1.90,1.20,2.08,4.03,1.99,0.76,0.00,2.52,14.64,2.75,39.25,8.47,18.48,11.41,10.38,15.84,19.78,1.32,18.64,34.54,50.96,62.75,0.24,6.76,1.96,0.99,17.93,0.43,0.1,0.81,0.22,4.45,2.53,11.76,0,18.66,0.94,1.04,3.92,8.82,9.59,16.73,9.82,0.26,0.297647059,1.32,2.92,5.38,25.21,3.7,264,6.84,0.43,11.22,10.67,1.77,2.48,2.8,10.14,1.08,5.72,59.12,22.02,3.18,6.79,4.42,0.48,8.9,0.56
07/31/1923,0.04,0.24,27.67,1.50,3.00,0.73,2.20,0.55,1.53,4.57,0.05,0.97,0.36,6.40,15.32,2.48,3.28,4.66,0.10,0.33,13.90,0.32,0.17,3.65,1.57,0.07,0.69,0.85,0.40,0.46,0.21,5.18,7.32,2.11,0.16,3.51,0.00,0.00,9.22,0.31,5.40,0.94,0.85,1.36,9.68,0.09,3.80,0.07,5.61,2.96,0.09,0.11,1.63,0.11,0.33,0.91,1.56,1.30,0.32,5.91,0.80,4.64,1.22,17.57,3.75,3.60,8.79,7.08,13.63,8.75,0.47,6.62,10.48,26.88,29.23,0.07,3.10,0.11,0.37,3.85,0.25,0.03,0.15,0.1,2.41,1.51,5.07,0,8.32,0.51,0.46,1.15,5.62,3.25,5.98,3.51,0.11,0.225490196,1,0.57,2.41,10.11,2.3,212,1.67,0.12,4.01,3.57,1.14,1.6,1.81,4.08,0.64,0.56,21.02,7.01,1.74,3.72,2.42,0.15,2.01,0.2
08/31/1923,0.01,0.05,25.59,0.28,2.80,0.27,2.00,0.41,0.00,1.82,0.03,0.15,0.26,4.30,14.93,2.05,1.10,0.70,0.05,0.66,10.31,0.05,0.03,1.85,1.09,0.01,0.46,0.09,0.36,0.41,0.11,4.91,3.69,0.58,0.13,2.64,0.00,0.00,3.71,0.10,0.99,0.37,0.00,0.67,1.25,0.05,0.68,0.07,1.61,0.78,0.03,0.04,0.54,0.00,0.08,0.27,0.20,0.65,0.36,1.20,0.30,1.73,0.42,8.95,1.83,1.36,7.08,6.61,12.61,6.75,0.07,0.97,1.48,20.90,17.16,0.01,1.41,0.00,0.16,0.00,0.10,0.02,0,0.03,0.46,0.69,5.46,0,1.08,0.43,0.41,0.7,2.17,0.94,0.96,0.56,0.1,0.160098039,0.71,0,2.45,3.4,0.8,192,0,0.02,0.64,1.42,0.81,1.14,1.61,1.98,0.26,0.38,7.77,0.82,1.45,3.1,2.02,0.06,4.05,0.03
09/30/1923,0.01,0.04,22.11,0.19,3.20,0.17,2.40,0.45,0.00,1.21,0.03,0.06,0.25,5.90,15.62,2.04,0.73,0.36,0.07,0.42,7.33,0.02,0.01,1.95,0.94,0.01,0.22,0.08,0.42,0.48,0.12,5.14,3.47,0.45,0.11,3.16,0.30,0.00,2.31,0.12,0.93,0.25,0.00,0.52,1.11,0.05,0.23,0.07,0.41,0.23,0.03,0.04,0.45,0.00,0.07,0.30,0.14,1.34,0.70,0.00,0.42,2.42,0.52,7.10,1.78,2.36,6.39,7.55,10.89,5.29,0.09,1.34,2.04,14.76,12.91,0.01,1.59,0.00,0.29,3.93,0.12,0.45,0,0.06,0.31,1.08,5.75,0,1.05,0.41,0.48,0.35,3.67,0.92,1.01,0.59,0.12,0.096960784,0.43,0,2.68,1.7,0.4,194,0.13,0.02,0.68,0.92,0.79,1.11,1.61,1.24,0.31,0.25,6.7,0.7,1.39,2.97,1.93,0.15,2.58,0.01
10/31/1923,0.01,0.05,22.38,0.47,2.00,0.06,1.80,1.38,0.00,2.96,0.01,2.19,0.10,6.50,20.04,2.38,1.68,1.20,0.00,0.31,4.24,0.72,0.37,7.87,1.54,0.02,0.06,0.63,0.69,0.79,0.73,5.34,2.44,0.77,0.02,6.74,0.10,0.00,2.56,0.00,2.18,0.61,0.85,1.50,4.71,0.33,0.91,0.51,1.27,1.53,0.21,0.25,1.44,0.00,0.04,1.12,0.78,0.00,1.22,0.00,0.00,0.00,0.92,6.94,2.28,1.88,8.12,4.72,11.02,4.32,0.14,1.92,2.95,15.61,12.62,0.04,2.34,0.00,0.54,6.99,0.12,0.03,0,0.55,0.76,0.31,2.33,0,2.71,0.43,0.79,0.52,0,2.37,0.72,0.42,0.2,0.031568627,0.14,0.57,1.57,3.53,1.6,220,0.16,0.07,0.48,2.95,0.32,0.45,1.6,4.45,0.29,0.73,16.67,2.92,1.46,3.12,2.03,0,1.91,0.45
11/30/1923,0.01,0.05,22.98,0.22,1.70,0.06,1.50,1.75,0.00,1.93,0.01,1.31,0.01,6.30,12.20,1.35,1.60,0.45,0.00,0.30,7.63,0.43,0.22,12.28,2.09,0.01,0.06,0.60,0.57,0.65,0.95,4.95,3.29,0.48,0.02,7.17,0.10,0.00,1.05,0.00,1.90,0.39,0.94,1.39,4.07,0.43,0.54,0.41,1.00,1.21,0.32,0.38,1.72,0.00,0.03,0.82,0.37,0.00,1.85,0.00,0.00,0.00,1.03,7.75,2.15,1.14,6.44,4.01,11.32,5.07,0.09,1.28,1.96,14.29,9.12,0.05,3.05,0.00,0.71,2.04,0.11,0.03,0,1.12,0.35,0.21,1.42,0,1.56,0.43,0.65,0.74,0,1.26,0.89,0.52,0.16,0,0,0.63,2.24,2.45,1.8,204,0.01,0.09,0.6,2.79,0.04,0.06,1.59,3.06,0.27,0.98,14,2.55,1.47,3.14,2.04,0,1.84,0.27
12/31/1923,0.01,0.06,24.05,0.18,2.00,0.07,1.70,1.94,0.00,1.58,0.01,2.07,0.03,6.50,12.86,1.39,1.67,0.00,0.00,0.56,1.02,0.68,0.35,13.93,2.44,0.02,0.08,0.50,0.77,0.88,1.05,5.60,3.71,0.31,0.05,8.12,0.40,0.00,0.88,0.00,1.75,0.32,0.91,1.38,3.84,0.47,0.47,0.49,0.90,1.08,0.42,0.49,1.87,0.03,0.09,0.67,0.30,0.00,1.02,0.00,0.00,0.00,1.14,8.47,3.12,2.32,6.91,4.72,11.85,6.31,0.13,1.82,2.89,16.62,9.77,0.05,3.32,0.03,1.04,5.84,0.12,0.11,0.25,1.36,0.29,0.29,2.35,0,1.19,0.53,0.88,0.87,0.19,1.09,1.1,0.65,0.22,0,0,0.61,3.3,2,1.9,216,0,0.09,0.74,3.02,0.08,0.11,1.79,3.04,0.3,2.35,18.53,2.74,1.79,3.82,2.49,0,3.46,0.43
01/31/1924,0.03,0.17,23.32,0.13,2.10,0.08,1.80,2.72,0.00,1.78,0.10,2.86,0.15,6.70,13.29,1.50,1.80,0.00,0.00,0.90,13.99,0.94,0.49,14.80,3.96,0.03,0.06,0.39,0.91,1.04,1.12,6.07,4.27,0.31,0.09,9.58,2.30,4.22,1.02,0.00,1.42,0.36,0.75,1.51,2.83,0.51,0.55,0.42,1.00,1.31,0.42,0.49,2.03,0.03,0.23,0.50,0.25,0.00,1.05,0.00,0.36,2.08,0.99,11.38,2.24,2.83,7.08,4.95,11.48,7.73,0.18,2.57,4.05,26.61,11.47,0.04,2.84,0.03,1.07,5.44,0.10,0.12,4.19,1.69,0.21,0.45,3.43,0,0.94,0.63,1.04,1.47,1.29,3.02,0.97,0.57,0.26,0,0,0.5,4.09,2.39,2.1,224,0,0.08,0.65,3.59,0.49,0.69,2.05,3.44,0.24,3.67,20.48,2.38,2.13,4.55,2.96,0,5.55,0.59
02/29/1924,0.15,0.83,30.08,0.24,5.40,0.31,4.70,6.83,0.00,4.06,0.84,4.44,0.67,17.90,30.68,4.62,4.85,0.00,0.00,4.70,31.68,1.46,0.75,32.60,8.86,0.12,0.33,0.77,1.78,2.03,2.68,15.36,13.80,0.31,0.45,11.75,5.10,0.00,2.41,0.00,2.82,0.83,1.54,4.07,5.52,1.21,1.80,7.20,2.42,3.47,1.01,1.19,5.47,0.42,0.70,0.97,0.51,0.00,4.08,14.67,1.53,8.86,1.92,31.88,9.79,11.95,16.80,12.74,14.82,16.03,0.76,10.73,17.78,82.66,25.65,0.08,5.21,0.44,3.01,49.94,0.18,0.38,39.97,3.78,0.38,1.13,5.55,0,1.72,1.62,2.03,3.19,6.06,4.99,2.1,1.23,0.51,2.139901961,9.49,1.03,8.34,6.27,4.6,331,0,0.15,1.41,8.35,2.12,2.98,5.69,7.6,0.45,17.97,79.27,4.6,5.47,11.68,7.61,0,28.88,0.92
03/31/1924,0.05,0.27,22.98,0.22,3.30,0.17,2.90,3.95,0.00,2.71,0.10,2.58,0.25,10.90,18.47,2.46,2.25,0.04,0.00,0.63,3.97,0.85,0.44,17.59,5.05,0.05,0.14,0.82,0.54,0.62,1.41,9.48,6.11,0.33,0.05,4.32,2.50,0.98,2.16,0.00,2.98,0.56,1.72,1.85,5.90,0.64,1.81,0.44,2.11,2.44,0.58,0.68,2.49,0.68,0.28,1.10,0.60,0.00,2.41,0.00,0.14,0.82,1.82,14.54,3.54,3.97,10.17,7.78,11.32,5.84,0.27,3.86,8.02,29.94,14.07,0.08,4.82,0.70,0.54,13.22,0.17,0.06,2.84,1.46,0.36,0.48,3.57,0,1.71,0.53,0.62,1.66,1.5,1.43,2.23,1.31,0.15,0.175882353,0.78,1.15,2.24,5.5,0.7,228,0.51,0.15,1.5,4.27,0.79,1.11,2.16,3.79,0.41,3.01,32.57,4.25,1.8,3.84,2.5,0,3.87,0.53
04/30/1924,0.13,0.74,23.05,1.03,2.70,0.33,2.30,2.70,0.00,6.75,0.03,1.49,0.18,7.70,15.68,3.94,3.81,1.94,0.00,0.51,7.27,0.49,0.25,11.62,5.15,0.14,0.06,2.43,0.63,0.72,0.65,7.55,7.97,1.06,0.04,0.00,0.70,0.00,7.88,0.00,8.50,1.38,4.06,2.93,16.58,0.30,6.17,0.42,6.30,6.06,0.26,0.31,4.12,0.94,0.65,3.07,2.51,0.00,1.02,1.78,0.11,0.64,2.66,23.83,1.73,9.51,8.75,6.37,11.35,6.28,0.82,11.59,20.69,46.49,30.27,0.13,6.57,0.96,1.55,19.47,0.23,0.13,0.77,0.73,1.66,0.65,2.07,0,8.26,0.74,0.72,1.58,0,4.32,7.4,4.34,0.18,0.545686275,2.42,2.72,0,15.2,0.7,208,2.17,0.24,4.96,7.36,0.57,0.8,2.73,8.11,0.59,2.7,43.74,13.39,2.49,5.32,3.46,0,3.12,0.31
05/31/1924,0.05,0.26,19.97,2.34,1.60,0.23,1.40,1.37,0.00,4.86,0.03,1.34,0.00,4.30,11.17,2.58,3.60,5.25,0.00,0.51,9.28,0.44,0.23,7.00,3.21,0.08,0.04,2.47,0.24,0.27,0.34,4.75,4.32,2.33,0.02,0.00,0.10,0.00,7.16,0.00,9.25,1.00,2.97,2.08,19.67,0.15,6.40,0.44,4.88,3.93,0.13,0.15,3.00,0.62,0.37,2.42,3.86,0.00,0.39,0.00,0.00,0.00,1.38,14.26,1.12,5.14,6.33,3.77,9.83,1.49,0.44,6.17,11.38,21.60,20.53,0.08,3.44,0.63,0.38,12.75,0.14,0.03,0.09,0.32,3.76,0.37,2.36,0,13.75,0.45,0.27,0.94,0,0,8.07,4.74,0.07,0.036078431,0.16,1.99,0,11.1,1.3,182,3.97,0.14,5.41,3.75,0,0,1.31,5.08,0.34,1.12,27.21,14.42,1.51,3.23,2.1,0,3.12,0.28
06/30/1924,0.01,0.03,16.95,0.47,1.40,0.14,1.20,0.87,0.00,2.00,0.02,0.30,0.06,4.20,10.92,1.60,2.28,0.91,0.00,0.19,3.84,0.10,0.05,4.92,2.67,0.01,0.03,0.12,0.08,0.09,0.11,3.93,2.33,0.66,0.00,0.00,0.00,0.00,3.61,0.00,0.94,0.41,0.10,1.30,1.69,0.05,1.12,0.42,1.98,1.31,0.06,0.07,1.81,0.04,0.07,0.30,0.47,0.00,0.29,0.00,0.43,2.49,0.20,8.52,1.02,0.44,6.44,3.30,8.35,0.10,0.05,0.68,1.16,8.00,8.77,0.01,0.42,0.04,0.10,4.82,0.03,0.01,0,0.15,0.75,0.15,0.54,0,2.05,0.28,0.09,0.85,5.33,0,0.87,0.51,0.02,0,0,0.07,0,4.45,0.4,167,0.11,0.01,0.58,1.11,0.2,0.28,0.83,1.91,0.06,0.08,6.66,1.1,0.94,2.01,1.31,0,1.16,0.06
07/31/1924,0.00,0.01,20.50,0.11,1.40,0.10,1.20,0.70,0.00,1.28,0.01,0.76,0.04,4.00,13.54,1.45,2.26,0.20,0.00,0.00,0.44,0.25,0.13,4.53,1.21,0.01,0.02,0.02,0.06,0.07,0.11,3.89,1.71,0.39,0.00,0.00,0.00,0.00,2.39,0.00,0.25,0.26,0.00,1.09,0.30,0.05,0.39,0.43,1.20,0.79,0.06,0.07,1.38,0.43,0.01,0.13,0.08,0.00,0.26,1.54,0.04,0.22,0.11,7.82,0.75,0.22,7.78,3.30,10.10,0.24,0.00,0.00,1.32,10.89,6.24,0.00,0.23,0.44,0.08,0.00,0.01,0.01,0,0.12,0.17,0.06,1.38,0,0.35,0.27,0.07,0.46,0.56,0,0.18,0.11,0.02,0,0,0,0,2.76,0,169,0,0,0.12,0.71,0.14,0.2,0.77,1.29,0.04,0,2.55,0.21,0.91,1.94,1.27,0,0,0.16
08/31/1924,0.00,0.01,19.50,0.07,1.40,0.07,1.20,0.52,0.00,0.78,0.01,1.22,0.04,4.60,17.69,1.56,1.67,0.38,0.00,0.00,2.72,0.40,0.21,2.76,0.66,0.01,0.03,0.02,0.08,0.09,0.08,4.03,1.17,0.46,0.00,0.14,0.00,0.00,1.54,0.00,0.21,0.16,0.00,0.85,0.27,0.04,0.15,0.38,0.57,0.34,0.04,0.05,0.85,0.39,0.00,0.11,0.05,0.00,0.19,0.98,0.00,0.00,0.11,5.89,1.18,0.74,8.92,3.30,9.60,0.56,0.00,0.02,1.26,12.24,5.23,0.00,0.23,0.40,0.07,14.45,0.01,0.01,0,0.05,0.11,0.02,2.93,0,0.32,0.27,0.09,0.3,0,0.04,0.07,0.04,0.02,0.002254902,0.01,0,0,1.49,0,167,0,0,0.05,0.42,0.13,0.18,0.96,0.9,0.03,0,2.38,0.16,0.93,1.99,1.29,0,0,0.25
09/30/1924,0.00,0.01,19.30,0.01,1.40,0.03,1.10,0.39,0.00,0.63,0.01,0.46,0.06,4.50,17.22,1.84,0.56,0.46,0.00,0.00,5.30,0.15,0.08,1.35,0.44,0.01,0.04,0.01,0.12,0.14,0.05,3.83,0.79,0.49,0.00,1.07,0.00,0.00,1.04,0.00,0.06,0.13,0.00,0.52,0.09,0.02,0.08,0.61,0.18,0.12,0.01,0.01,0.35,0.58,0.01,0.03,0.01,0.00,0.35,0.78,0.07,0.42,0.03,3.11,1.26,1.14,6.34,3.30,9.50,0.70,0.00,0.00,1.58,9.51,5.11,0.00,0.07,0.60,0.07,19.89,0.00,0.01,0,0.03,0.02,0.06,2.16,0,0.09,0.32,0.14,0.12,0.57,0,0,0,0.03,0,0,0,0.39,0.86,0,163,0,0,0,0.34,0.18,0.25,1.19,0.72,0.01,0,2.06,0.05,1.08,2.31,1.5,0,0,0.09
10/31/1924,0.01,0.04,23.45,0.22,1.90,0.25,2.00,0.69,0.00,1.81,0.11,1.49,0.18,4.10,13.71,2.28,1.09,0.51,0.18,1.30,14.64,0.49,0.25,4.33,0.91,0.02,0.28,0.19,0.81,0.93,0.66,4.83,5.87,0.51,0.90,2.55,0.00,0.00,2.74,0.12,0.87,0.37,0.19,1.09,1.24,0.30,0.22,0.07,0.82,0.68,0.09,0.11,0.90,0.52,0.03,0.34,0.18,1.45,0.88,1.27,0.00,0.00,0.47,9.96,1.59,2.32,5.75,4.48,11.55,6.04,0.07,0.94,3.08,4.06,11.09,0.02,1.52,0.54,0.41,0.00,0.16,0.04,0,0.37,0.35,0.73,2.12,0,1.33,0.4,0.93,0.31,0,0.23,0.37,0.22,0.23,0,0,0.13,3.08,2.26,0.8,202,0.74,0.03,0.25,1.73,0.56,0.79,1.68,2.29,0.41,2.92,15.27,0.76,1.35,2.88,1.88,0.18,7.99,0.31
11/30/1924,0.07,0.37,25.93,0.48,3.00,0.54,3.00,1.95,2.59,2.77,0.55,1.85,0.32,7.80,16.58,2.55,3.02,0.53,1.05,2.96,8.83,0.61,0.31,14.05,7.73,0.05,0.49,0.75,0.96,1.10,1.62,7.22,14.22,0.52,3.71,3.99,1.20,0.00,2.17,0.26,3.07,0.57,1.03,1.92,6.05,0.73,1.37,0.07,1.52,1.58,0.60,0.71,2.49,0.03,0.23,0.94,0.77,2.31,1.82,0.00,0.00,0.00,1.37,21.47,3.04,5.47,8.29,7.08,12.77,9.80,0.37,5.19,8.04,22.19,14.12,0.12,5.34,0.03,1.22,0.00,0.33,0.13,7.77,1.4,0.78,1.89,2.75,0,3.03,0.66,1.1,4.73,0,1.41,1.72,1.01,0.27,0.054117647,0.24,0.69,4.46,3.2,3.6,321,0.68,0.21,1.15,3.73,1,1.4,2.33,4.29,0.84,11.92,92.6,4.32,2.23,4.76,3.1,1.31,18.16,0.38
12/31/1924,0.12,0.69,24.12,0.40,4.40,0.55,4.50,3.13,14.25,2.99,2.09,5.35,0.65,11.00,17.40,1.89,2.71,0.22,2.20,4.17,42.54,1.76,0.91,27.73,11.14,0.09,0.68,1.06,1.49,1.70,2.85,10.80,18.29,0.40,6.87,4.65,9.80,0.00,1.83,0.33,3.80,0.61,1.63,1.93,7.16,1.29,1.84,1.36,1.94,1.93,1.04,1.22,2.79,0.03,0.55,1.03,0.61,1.40,4.25,7.95,0.16,0.92,1.92,22.51,3.95,10.88,10.67,10.38,11.88,15.95,0.63,8.92,13.77,8.77,18.16,0.15,6.20,0.03,2.95,19.96,0.41,0.35,24.52,3.5,0.64,2.11,7.98,0,2.94,0.74,1.7,6.95,0,4.32,1.96,1.15,0.43,0.25254902,1.12,1.09,8.18,3.8,7.4,292,0.84,0.27,1.31,5.77,2.06,2.89,2.78,4.77,1.03,21.75,64.27,5.52,2.49,5.32,3.46,2.36,25.6,1.11
01/31/1925,0.15,0.83,23.25,0.33,3.20,0.61,3.30,2.28,11.02,3.35,0.90,5.05,0.49,8.70,12.37,2.03,2.86,0.39,1.04,3.70,27.11,1.66,0.86,20.10,12.07,0.10,0.71,1.34,1.86,2.13,2.33,7.90,20.11,0.46,6.47,6.91,10.20,0.00,1.99,0.34,4.61,0.69,2.17,1.96,8.52,1.05,2.03,0.04,2.25,2.21,0.98,1.15,3.04,0.03,0.42,1.16,0.59,2.60,1.97,0.00,0.00,0.00,2.61,25.22,4.19,10.80,7.60,7.55,11.45,20.84,0.64,9.09,14.05,16.75,21.58,0.26,10.43,0.03,3.80,17.32,0.52,0.22,9.75,2.58,0.52,2.15,7.6,0,2.61,0.83,2.13,7.52,0,3.4,2.47,1.45,0.53,0.365294118,1.62,1.45,10.45,4.37,2.5,310,0.28,0.46,1.66,7,1.54,2.16,3.03,5.34,1.32,18.92,68.05,6.15,2.82,6.02,3.92,3.17,22.71,1.04
02/28/1925,0.81,4.50,40.67,0.88,18.90,3.32,19.50,16.80,79.46,11.16,18.87,28.55,2.03,51.00,64.74,8.57,11.95,0.75,28.61,18.78,207.89,9.39,4.85,106.00,133.97,0.55,4.18,3.57,9.96,11.38,13.96,46.53,99.57,0.60,33.95,21.36,28.00,105.72,6.88,2.66,13.49,2.29,6.90,8.10,23.87,6.30,5.11,48.34,8.09,8.53,5.66,6.65,12.56,0.03,5.06,3.05,1.25,10.20,12.91,44.96,4.29,24.89,9.56,120.98,26.70,64.78,39.96,44.59,20.03,104.99,3.71,52.36,80.44,139.16,94.52,0.90,38.78,0.03,16.12,116.93,1.95,2.18,200.65,16.76,1.42,15.8,47.64,0,7.04,4.14,11.38,84.71,0,24.93,7.9,4.64,2.85,9.914803922,43.97,4.62,54.26,15.37,58.8,1308,1.66,1.61,5.3,31.43,6.43,9.03,14.37,21.37,4.91,90.53,277.7,31.66,14.01,29.92,19.49,25.09,115.34,5.91
03/31/1925,0.75,4.19,36.11,0.80,7.10,2.44,7.40,6.32,18.52,5.89,2.43,11.89,1.87,18.80,23.22,5.29,5.71,0.91,4.49,7.17,35.55,3.91,2.02,33.38,32.88,0.27,2.27,3.83,4.09,4.67,4.25,17.67,57.17,0.66,11.57,17.26,5.20,0.00,3.90,1.94,15.50,1.21,8.26,4.16,24.88,1.92,5.10,6.94,4.71,5.61,1.87,2.20,6.50,0.23,0.97,3.00,1.51,3.88,5.32,0.00,0.00,0.00,11.95,69.68,12.11,23.75,14.56,16.75,17.79,48.09,1.79,25.34,39.61,68.55,48.41,1.07,46.80,0.24,3.85,29.92,2.21,1.11,25.76,4.04,1.28,6.98,21.93,0,6.92,1.77,4.67,17.81,0,7.23,10.22,6,1.17,2.735196078,12.13,5.53,24.98,9.83,14.5,525,2.91,1.93,6.85,16.91,5.91,8.3,6.69,11.01,5.56,32.11,157.4,20.91,6,12.82,8.34,13.32,44.03,2.46
04/30/1925,1.47,8.17,46.97,1.60,11.90,4.97,12.20,8.10,30.42,13.65,2.79,13.38,3.09,31.00,41.96,9.59,10.68,3.69,4.84,10.02,61.44,4.40,2.27,46.68,62.39,0.53,5.29,7.24,3.32,3.79,4.93,29.21,80.92,1.73,15.68,0.00,5.90,30.64,14.19,3.78,28.76,2.80,15.59,6.90,46.61,2.22,12.32,21.56,15.00,13.11,2.09,2.46,10.96,1.38,3.68,6.19,3.59,7.97,5.47,9.34,0.00,0.00,16.62,99.08,17.08,42.68,26.73,28.07,23.13,57.39,3.39,47.91,77.82,71.34,87.37,1.56,60.56,1.41,7.04,71.91,2.79,2.54,28.9,3.73,2.56,10.1,28.59,0,14.59,2.21,3.79,32.71,0,27.46,24.01,14.09,0.95,5.193039216,23.03,10.44,25.51,30.24,25.9,811,4.49,2.81,16.1,25.91,9.77,13.72,8.79,17.32,7.01,50.42,325.67,38.64,7.49,16,10.42,12.4,61.52,2.77
05/31/1925,0.92,5.13,46.43,3.84,5.60,4.93,5.80,2.43,31.13,17.23,2.12,4.65,1.33,14.10,26.24,8.71,13.48,11.39,4.47,6.57,59.14,1.53,0.79,17.80,14.93,0.46,3.55,10.08,1.59,1.82,0.66,13.75,54.44,4.70,9.90,0.00,6.30,21.56,26.92,2.73,38.91,3.53,15.76,6.67,66.92,0.30,23.55,13.62,22.26,14.61,0.38,0.45,11.21,1.96,3.68,7.23,7.13,8.94,1.17,0.00,0.45,2.60,10.73,78.81,14.58,31.38,17.60,13.21,22.87,35.59,2.83,40.04,67.55,60.99,96.05,1.06,30.22,2.02,2.37,48.25,1.61,0.59,20.51,0.72,6.17,5.84,13.06,0,31.28,1.77,1.82,9.45,0,16.8,37.28,21.88,0.45,3.066666667,13.6,10.55,9.37,40.16,28.3,448,12.59,1.91,24.99,19.09,4.21,5.91,5.55,16.87,4.04,42.59,272,50.75,5.98,12.77,8.32,2.42,40.33,0.96
06/30/1925,0.21,1.17,32.63,3.49,3.00,1.67,3.00,0.91,7.88,6.32,0.49,2.13,0.68,6.70,19.98,3.61,6.57,9.21,1.36,1.78,17.44,0.70,0.36,7.16,7.50,0.17,0.89,4.24,0.45,0.51,0.24,7.20,15.83,3.86,1.78,0.00,1.60,0.00,12.42,0.71,18.37,1.29,4.91,2.72,36.69,0.11,13.80,0.05,8.03,4.30,0.12,0.14,3.97,1.17,0.81,2.16,4.78,5.49,0.40,0.00,0.00,0.00,3.21,32.79,6.78,10.18,12.86,7.08,16.07,9.98,0.97,13.76,24.75,29.69,37.08,0.28,8.34,1.20,1.05,33.88,0.54,0.19,4.71,0.22,5.59,2.63,7.79,0,23.3,0.78,0.51,5.69,0,9.52,21.55,12.65,0.13,0.541176471,2.4,3.29,2.25,14.27,7.7,287,8.6,0.5,14.45,4.93,2.14,3,2.32,5.49,1.35,7.71,115.84,25.02,2.65,5.66,3.69,0.45,10.95,0.44
07/31/1925,0.04,0.22,27.81,1.44,1.90,0.69,2.00,0.44,2.22,1.73,0.07,1.55,0.34,4.70,14.71,2.23,3.07,2.27,0.16,0.86,12.61,0.51,0.26,2.39,2.22,0.03,0.49,0.58,0.27,0.31,0.14,4.77,6.80,1.18,0.68,0.00,0.30,0.00,3.87,0.19,4.99,0.35,0.51,1.28,8.33,0.06,3.94,0.06,1.69,0.85,0.06,0.07,1.56,0.00,0.15,0.91,1.34,2.74,0.21,0.00,0.00,0.00,1.31,17.24,2.64,3.08,7.82,4.48,13.70,5.36,0.23,3.31,5.07,14.82,14.78,0.06,3.58,0.00,0.27,6.77,0.31,0.04,0.57,0.05,2.31,1.51,6.22,0,7.71,0.46,0.31,1.48,0,1.82,6.67,3.91,0.08,0.261568627,1.16,0.34,1.83,3.5,2.7,197,1.21,0.11,4.47,1.3,1.08,1.52,1.6,1.74,0.75,2.69,32.61,4.84,1.57,3.35,2.18,0.13,5.27,0.32
08/31/1925,0.01,0.05,28.21,0.32,1.70,0.31,1.70,0.33,0.34,1.01,0.05,1.22,0.21,3.90,12.46,2.18,1.33,0.70,0.07,0.52,7.27,0.40,0.21,1.38,1.31,0.01,0.42,0.10,0.28,0.32,0.08,4.13,4.14,0.58,0.30,0.71,0.00,0.00,1.64,0.09,1.29,0.21,0.00,0.75,1.41,0.04,0.42,0.06,0.69,0.31,0.02,0.02,0.63,0.00,0.01,0.38,0.21,1.08,0.46,0.00,0.00,0.00,0.65,10.56,1.74,2.12,5.54,4.01,13.89,4.55,0.07,1.01,1.54,9.60,10.88,0.02,1.94,0.00,0.14,13.61,0.16,0.02,0.01,0.02,0.52,0.67,6.17,0,1.29,0.45,0.32,0.63,0,0.91,1.31,0.77,0.08,0.44872549,1.99,0,1.77,1.59,1.7,178,0,0.03,0.88,0.83,0.66,0.93,1.72,1.24,0.42,0.92,10.91,0.71,1.53,3.27,2.13,0.09,3.17,0.25
09/30/1925,0.00,0.02,24.46,0.13,1.70,0.19,1.80,0.38,0.00,0.90,0.04,0.21,0.20,4.00,13.04,2.18,0.78,0.46,0.08,2.22,7.82,0.07,0.04,1.67,0.84,0.01,0.23,0.07,0.31,0.35,0.08,4.27,3.67,0.49,0.62,2.04,0.10,0.00,1.90,0.11,0.75,0.18,0.03,0.56,0.94,0.03,0.15,0.05,0.26,0.17,0.02,0.02,0.47,0.00,0.01,0.23,0.10,3.23,0.39,0.33,0.00,0.00,0.45,7.73,1.78,2.43,5.26,4.01,12.05,3.61,0.04,0.51,0.79,7.56,9.25,0.01,1.39,0.00,0.16,20.78,0.10,0.01,0,0.06,0.21,0.42,8.07,0,0.84,0.44,0.35,0.23,0,0.87,0.82,0.48,0.09,0.412647059,1.83,0.02,1.98,1.29,1.2,186,0,0.02,0.55,0.66,0.62,0.87,1.72,0.86,0.27,1.49,15.64,0.47,1.49,3.18,2.07,0.06,13.61,0.04
10/31/1925,0.01,0.04,23.72,0.25,1.90,0.30,2.00,0.69,0.39,1.89,0.10,2.10,0.24,4.80,13.89,2.51,1.36,0.16,0.16,0.78,7.69,0.69,0.36,4.57,1.39,0.01,0.06,0.22,0.70,0.80,0.80,4.84,7.03,0.37,0.50,2.71,0.40,0.00,2.42,0.13,0.97,0.39,0.25,1.25,1.68,0.36,0.46,0.09,0.85,0.80,0.15,0.18,1.11,0.00,0.08,0.42,0.31,0.90,1.03,0.34,0.09,0.55,0.46,11.84,2.08,2.40,5.82,4.48,11.68,5.25,0.07,0.96,1.47,8.56,10.28,0.02,1.36,0.00,0.31,19.22,0.12,0.03,0,0.37,0.41,0.73,2.98,0,1.41,0.46,0.8,0.65,0.8,0.94,0.73,0.43,0.2,0.006764706,0.03,0.17,2.53,2.29,1.69,222.01,0,0.03,0.49,1.85,0.77,1.08,1.88,2.56,0.29,1.84,13.55,1.29,1.55,3.31,2.16,0.24,4.77,0.43
11/30/1925,0.01,0.08,22.78,0.31,2.70,0.45,2.80,1.84,1.64,2.38,0.08,1.88,0.30,7.30,15.59,2.16,2.55,0.36,0.22,0.71,3.48,0.62,0.32,12.96,4.60,0.02,0.13,0.50,0.82,0.94,1.50,6.66,11.72,0.45,0.75,7.16,1.20,0.00,1.71,0.23,1.82,0.49,0.70,1.61,3.92,0.68,0.49,0.08,1.29,1.40,0.56,0.66,2.08,0.03,0.16,0.69,0.49,0.28,1.78,0.00,0.00,0.00,0.76,17.69,3.07,2.69,7.74,6.37,11.22,7.47,0.13,1.84,2.91,15.00,11.97,0.06,2.88,0.03,0.64,10.03,0.15,0.05,0.05,1.3,0.49,0.77,2.77,0,1.88,0.55,0.94,2.64,0.63,0.25,0.95,0.56,0.23,0,0,0.47,3.83,2.83,1.39,229.73,0.19,0.12,0.64,3.31,0.95,1.33,1.94,3.72,0.37,2.73,18.59,2.26,1.85,3.95,2.57,0.53,4.39,0.39
12/31/1925,0.02,0.12,24.12,0.31,3.40,0.55,3.50,2.49,3.19,2.71,0.08,2.40,0.46,9.30,14.09,1.91,2.69,0.33,0.34,1.57,8.88,0.79,0.41,21.92,4.43,0.04,0.12,1.06,1.22,1.39,2.40,8.55,18.22,0.44,1.99,9.32,2.60,0.00,1.60,0.31,3.50,0.56,1.66,1.91,6.87,1.08,1.23,0.14,1.68,1.75,0.88,1.03,2.76,0.03,0.20,1.12,0.58,0.58,3.57,0.00,0.00,0.00,1.87,22.46,4.43,4.45,8.56,8.02,11.88,13.62,0.26,3.65,5.70,33.38,15.55,0.14,6.38,0.03,0.88,1.20,0.32,0.06,1.02,2.72,0.49,1.13,3.55,0,2.35,0.73,1.39,2.52,0,1.27,1.68,0.99,0.35,0,0,1.11,6.59,3.43,1.69,251.5,0.46,0.26,1.13,4.98,1.45,2.04,2.75,4.35,0.81,7.17,42.27,3.95,2.47,5.28,3.44,1.15,9.65,0.5
01/31/1926,0.05,0.28,24.66,0.20,4.80,0.62,4.90,3.45,8.84,2.22,2.75,4.32,0.32,12.50,18.96,2.07,2.93,0.51,3.02,1.73,34.29,1.42,0.73,30.34,8.65,0.07,0.56,0.65,1.40,1.60,3.37,11.98,20.44,0.51,2.44,5.94,5.60,0.00,1.28,0.32,2.33,0.45,1.21,2.00,4.28,1.52,0.61,0.85,1.47,1.50,1.39,1.63,3.10,0.03,0.24,0.69,0.29,0.35,2.84,0.00,0.00,0.00,1.60,25.58,4.23,8.79,11.53,11.32,12.14,13.93,0.44,6.27,9.71,19.57,15.25,0.12,5.54,0.03,1.62,23.25,0.27,0.14,33.91,4,0.32,1.06,6.43,0,1.53,0.83,1.6,4.93,0,0.99,1.21,0.71,0.4,0.543431373,2.41,0.81,7.71,2.91,5.17,241.66,0.15,0.22,0.81,4.91,1.01,1.42,3.07,3.85,0.67,8.74,26.09,3.9,2.82,6.02,3.92,1.15,10.61,0.89
02/28/1926,0.19,1.08,34.64,0.29,14.60,2.66,15.00,13.39,65.88,6.18,14.62,29.52,0.97,39.50,51.43,6.98,9.86,0.54,19.22,13.10,143.74,9.71,5.01,82.80,61.43,0.27,1.67,0.98,4.96,5.67,10.71,36.13,80.35,0.52,20.01,11.74,25.60,28.14,3.73,1.81,3.69,1.27,1.93,6.67,7.06,4.83,1.06,22.98,4.18,4.66,4.36,5.13,10.38,0.03,2.44,1.03,0.45,4.91,9.69,10.69,6.10,35.37,2.60,101.78,20.59,32.86,31.49,34.44,17.06,50.13,1.82,25.76,39.63,138.93,49.13,0.20,9.74,0.03,8.84,69.37,0.45,0.99,155.64,12.96,0.46,5.91,48.72,0,2.05,3.47,5.67,34.79,19.18,11.34,2.12,1.24,1.42,3.222254902,14.29,1.29,27.27,8.4,50.46,865.81,0.17,0.37,1.42,16.12,3.07,4.31,11.77,11.9,1.13,61.15,162.25,7.09,11.75,25.1,16.34,7.29,80.45,6.11
03/31/1926,0.45,2.49,38.53,0.68,6.00,2.39,6.10,5.32,11.95,5.69,1.37,5.93,1.00,15.60,19.68,5.34,6.24,0.90,2.76,5.17,17.51,1.95,1.01,28.89,12.67,0.21,4.80,2.89,3.63,4.15,3.70,14.66,60.28,0.66,7.07,17.31,7.50,0.00,3.64,1.81,11.29,1.17,6.18,4.41,19.70,1.67,4.55,0.25,4.21,5.18,1.53,1.80,6.86,0.33,0.66,2.84,1.47,2.22,4.64,0.00,0.00,0.00,8.13,72.92,11.11,20.43,12.25,14.15,18.98,40.93,1.41,19.91,31.57,86.86,43.91,0.60,28.22,0.34,2.88,35.05,1.21,0.47,13.46,3.97,1.09,3.84,10.67,0,5.48,2,4.15,6.25,0,6.68,7.23,4.24,1.04,0.254803922,1.13,4.14,22.08,9.22,5.76,401.2,2.78,1.09,4.85,15.06,3.17,4.45,7.45,10.6,3.05,22.74,133.3,17.31,6.78,14.48,9.43,5.6,31.74,1.23
04/30/1926,0.89,4.94,67.74,1.92,16.80,8.12,17.30,11.77,36.45,16.10,10.52,17.72,1.40,44.80,62.48,15.48,18.53,5.11,20.42,5.26,89.53,5.83,3.01,67.09,17.15,0.41,5.35,5.49,2.74,3.13,7.01,41.68,127.15,2.28,6.81,0.00,12.60,33.69,18.82,5.65,20.51,3.30,9.69,11.38,36.35,3.16,11.84,12.06,17.67,14.80,3.05,3.59,18.37,1.62,3.79,5.32,4.28,4.83,8.28,7.54,5.63,32.65,7.48,159.72,31.23,42.80,39.78,39.63,33.36,46.47,2.57,36.23,60.63,140.12,91.62,0.62,22.58,1.67,6.65,128.00,1.04,1.09,110.46,5.65,3.09,5.72,39.5,0,16.13,3.61,3.13,8.13,19.37,12.9,17.46,10.25,0.78,4.480490196,19.87,6.49,16.99,36.19,29.2,522.53,6.91,1.11,11.71,24.42,4.42,6.21,13.79,19.14,2.62,31.13,256.45,31.4,12.23,26.12,17.01,3.96,32.31,3.67
05/31/1926,0.18,1.00,43.01,2.57,4.10,3.61,4.20,1.66,5.16,9.29,0.62,3.89,0.42,10.40,22.41,6.51,10.99,6.95,1.67,1.42,12.61,1.28,0.66,12.56,7.05,0.19,1.59,3.51,0.69,0.79,0.47,10.21,37.07,2.99,1.37,0.00,1.80,0.00,15.46,1.38,13.84,1.90,4.47,5.08,27.26,0.21,9.04,0.20,11.24,7.34,0.26,0.31,8.19,2.21,0.96,2.59,4.08,3.10,0.84,0.00,0.28,1.64,2.58,62.03,9.82,15.01,14.71,9.67,21.19,12.98,0.96,13.49,27.59,67.24,49.13,0.22,6.87,2.27,1.35,9.95,0.35,0.14,5.74,0.47,4.12,1.58,13.94,0,16.7,1.34,0.79,3.9,1.49,6.52,13.75,8.07,0.2,0.279607843,1.24,2.99,1.3,21.36,4.87,270.75,5.42,0.39,9.22,8.55,1.33,1.87,4.07,8.94,0.88,6.91,92.57,17.19,4.55,9.72,6.33,0.37,8.75,0.81
06/30/1926,0.03,0.16,26.67,1.04,2.00,1.13,2.10,0.63,0.30,3.01,0.12,0.73,0.19,4.00,14.52,2.59,4.77,3.00,0.29,0.87,10.88,0.24,0.12,4.80,3.51,0.05,0.07,0.59,0.21,0.24,0.13,5.05,11.44,1.47,0.42,0.84,0.10,0.00,5.86,0.36,3.37,0.62,0.58,1.90,6.32,0.06,2.32,0.13,3.52,1.98,0.06,0.07,2.77,0.52,0.22,0.65,1.17,1.71,0.21,0.00,0.72,4.16,0.68,24.84,4.25,2.90,9.04,4.72,13.13,3.87,0.25,3.47,6.97,30.54,17.15,0.04,1.67,0.54,0.35,1.26,0.13,0.04,1,0.14,1.68,0.82,3.42,0,5.61,0.57,0.24,2.34,7.49,1.7,3.66,2.15,0.06,0.121764706,0.54,0.39,0.27,6.68,2.28,191.95,0.69,0.07,2.45,2.16,0.6,0.84,1.66,2.74,0.31,1.61,26.49,2.96,1.92,4.1,2.67,0.08,5.35,0.15
07/31/1926,0.01,0.03,24.72,0.25,1.60,0.46,1.70,0.37,0.15,1.16,0.05,0.43,0.15,4.20,12.95,1.92,2.12,0.47,0.12,0.75,9.24,0.14,0.07,1.86,1.12,0.01,0.02,0.07,0.16,0.18,0.12,4.11,4.66,0.49,0.15,0.44,0.00,0.00,2.54,0.09,0.65,0.24,0.03,0.91,0.99,0.06,0.20,0.07,1.07,0.56,0.05,0.06,0.93,0.00,0.05,0.18,0.20,0.73,0.19,0.02,0.29,1.68,0.21,13.20,2.08,1.45,6.79,3.77,12.18,2.82,0.10,1.39,2.11,25.46,9.24,0.01,0.65,0.00,0.09,5.54,0.05,0.01,0.11,0.03,0.39,0.63,2.88,0,0.96,0.39,0.18,0.78,3.23,0,0.67,0.39,0.05,0.202941176,0.9,0.02,0.8,2.33,0.79,177.44,0.02,0.01,0.45,0.8,0.48,0.67,1.48,1.2,0.11,0.38,8.31,0.41,1.31,2.8,1.82,0.05,4.58,0.09
08/31/1926,0.00,0.01,24.99,0.09,1.60,0.24,1.60,0.31,0.23,0.69,0.05,0.00,0.13,4.10,11.87,1.92,0.95,0.19,0.07,0.11,0.00,0.00,0.00,1.25,0.62,0.01,0.02,0.02,0.18,0.21,0.09,3.87,3.35,0.38,0.03,0.75,0.00,0.00,1.04,0.06,0.31,0.14,0.00,0.61,0.36,0.04,0.04,0.07,0.42,0.19,0.02,0.02,0.48,0.00,0.00,0.12,0.06,0.53,0.42,1.28,0.00,0.00,0.15,8.55,1.64,1.20,5.14,3.77,12.31,2.61,0.07,1.00,1.54,21.79,7.16,0.00,0.39,0.00,0.06,0.00,0.03,0.01,0,0.02,0.15,0,4.04,0,0.35,0.4,0.21,0.33,0,0,0.29,0.17,0.05,0.254803922,1.13,0,1.05,1.04,0.3,168.16,0,0.01,0.19,0.53,0.41,0.58,1.51,0.88,0.08,0.07,4.15,0.2,1.36,2.9,1.89,0,0.66,0
09/30/1926,0.00,0.01,22.45,0.10,1.60,0.17,1.60,0.35,0.00,0.66,0.04,0.24,0.11,4.10,11.95,2.02,0.72,0.00,0.08,0.03,3.03,0.08,0.04,1.52,0.64,0.01,0.03,0.04,0.20,0.23,0.08,3.83,3.43,0.31,0.01,1.69,0.00,0.00,1.38,0.09,0.45,0.14,0.01,0.52,0.56,0.03,0.03,0.07,0.18,0.12,0.02,0.02,0.44,0.23,0.00,0.17,0.08,1.08,0.41,0.00,0.00,0.00,0.25,7.41,1.57,1.42,4.77,3.77,11.06,2.08,0.06,0.78,1.92,17.22,6.33,0.01,0.71,0.24,0.08,0.00,0.05,0.01,0,0.05,0.16,0.07,2.27,0,0.57,0.41,0.23,0.18,0,0,0.46,0.27,0.06,0.171372549,0.76,0.01,1.21,0.94,0,163.5,0.28,0.01,0.31,0.45,0.36,0.51,1.59,0.65,0.13,0.02,3.74,0.17,1.38,2.95,1.92,0.01,0.19,0.05
10/31/1926,0.00,0.02,21.51,0.16,2.10,0.32,2.20,0.64,0.00,1.28,0.11,1.67,0.15,4.70,11.37,2.22,1.06,0.55,0.19,0.23,9.47,0.55,0.28,4.27,0.92,0.01,0.04,0.14,0.68,0.78,0.90,4.86,7.21,0.52,0.15,0.45,0.00,1.64,2.24,0.15,0.65,0.26,0.15,1.03,0.93,0.40,0.07,0.06,0.18,0.41,0.08,0.09,0.84,0.00,0.05,0.25,0.13,1.21,1.08,0.19,0.00,0.02,0.35,11.83,1.78,3.21,5.15,4.95,10.59,5.13,0.06,0.86,1.32,8.01,8.67,0.01,1.16,0.00,0.30,9.47,0.12,0.02,0,0.42,0.26,0.75,2.47,0,0.98,0.41,0.78,0.32,1.57,0.14,0.34,0.2,0.19,0.166862745,0.74,0.1,2.74,1.63,1.4,195.65,0.24,0.02,0.23,1.24,0.49,0.69,1.77,1.42,0.31,0.47,12.44,0.39,1.38,2.95,1.92,0.19,1.41,0.35
11/30/1926,0.17,0.95,41.54,0.75,11.80,2.20,12.80,6.67,18.58,8.71,4.81,12.19,0.90,29.10,46.96,7.63,8.92,0.38,6.04,5.70,67.63,4.01,2.07,58.32,31.63,0.22,1.33,1.17,4.03,4.61,7.82,27.69,59.47,0.46,6.94,5.87,9.70,0.00,7.32,1.48,4.78,1.78,1.61,5.68,9.33,3.53,2.14,1.45,3.92,5.02,2.86,3.36,7.77,0.00,1.41,1.45,1.09,4.93,9.61,6.55,4.03,23.38,2.14,75.29,13.94,33.77,26.64,27.84,20.46,41.06,1.49,21.07,32.32,96.36,51.82,0.19,8.57,0.00,5.45,35.40,0.54,0.48,59.08,7.14,1.2,5.42,18.9,0,4.76,2.2,4.61,19.85,17.2,2.8,3.35,1.97,1.15,1.691176471,7.5,1.08,20.35,10.55,14.4,630.76,0.23,0.34,2.25,13.91,2.84,3.99,8.19,13.3,1.37,21.86,174.83,7.82,7.44,15.89,10.35,4.79,34.99,2.52
12/31/1926,0.23,1.30,33.43,0.58,6.90,1.50,7.50,4.42,49.62,5.05,3.10,5.59,0.72,16.80,21.32,3.71,5.68,0.74,3.59,7.66,66.05,1.84,0.95,41.89,40.64,0.13,1.33,2.07,2.91,3.33,5.20,16.21,47.88,0.60,13.24,15.83,20.80,9.44,3.10,0.98,7.23,1.03,3.32,3.71,13.10,2.34,1.78,12.20,3.92,3.33,2.13,2.50,5.76,0.03,0.88,1.81,1.03,9.26,5.15,0.00,0.00,0.00,4.00,54.14,9.12,13.71,14.21,16.28,16.47,34.80,0.89,12.54,19.34,52.03,33.17,0.35,13.99,0.03,2.21,44.05,0.83,0.24,35.05,5.99,0.92,3.61,8.81,0,4.55,1.54,3.33,25.77,1.94,1.67,3.11,1.83,0.83,1.098137255,4.87,2.22,16.16,6.44,32.7,671.71,2.17,0.63,2.09,10.87,2.28,3.2,5.9,8.1,2.09,39.93,210.99,6.91,5.23,11.17,7.27,5.61,47.08,1.16
01/31/1927,0.27,1.51,32.36,0.62,11.10,1.85,12.10,8.06,36.12,4.85,5.20,16.57,1.33,27.90,31.83,3.96,5.94,1.01,6.85,6.29,110.55,5.45,2.81,65.54,56.96,0.23,1.62,2.52,4.32,4.94,9.56,26.27,55.95,0.70,11.94,15.74,17.10,12.16,2.94,1.38,9.24,0.99,4.65,3.72,16.21,4.31,2.40,38.74,5.61,3.41,4.00,4.70,6.32,0.03,1.28,2.12,0.82,4.87,6.04,6.15,0.00,0.00,6.25,66.45,11.93,21.18,20.87,26.18,15.94,45.64,1.52,21.50,33.09,50.73,40.57,0.59,25.25,0.03,6.44,66.03,1.28,0.82,53.24,10.81,0.99,6.07,26.7,0,5.09,2.02,4.94,38.24,2.82,4.8,4.9,2.88,1.23,1.533333333,6.8,3.11,23.2,6.44,20.9,693.86,1.49,1.07,3.29,13.38,4.21,5.91,6.88,8.76,3.22,31.57,138.34,9.61,6.85,14.63,9.53,9.2,38.63,3.43
02/28/1927,0.87,4.87,54.40,0.75,30.10,7.60,32.50,23.78,138.67,13.34,21.28,60.62,3.85,76.00,78.15,13.62,19.64,0.44,34.99,19.81,228.92,19.94,10.30,151.62,130.67,0.79,6.05,3.34,13.62,15.57,23.32,70.53,212.01,0.48,35.93,0.00,31.90,61.27,8.43,6.10,13.30,2.73,6.87,12.32,22.45,10.52,3.89,89.65,8.18,10.37,9.64,11.33,20.38,0.03,7.27,2.65,1.22,6.84,22.92,37.19,17.63,102.32,10.16,239.02,45.35,117.58,52.66,71.01,26.80,147.36,5.37,75.82,116.46,182.21,121.91,0.94,41.53,0.03,25.31,226.62,2.01,3.05,215.64,25.44,1.2,20.91,111.26,0,6.2,6.74,15.57,80.15,39.81,35.63,8.55,5.02,3.89,11.32186275,50.21,4.6,73.26,18.55,108.7,1384.83,1.46,1.7,5.73,41.09,12.19,17.11,23.93,25.51,5.07,94.08,248.91,20.74,22.82,48.74,31.74,36.51,121.67,12.54
03/31/1927,1.10,6.16,60.30,0.81,14.40,6.42,15.50,9.99,30.77,9.48,3.41,13.65,3.06,35.70,37.04,10.48,11.87,1.11,7.00,12.83,134.49,4.49,2.32,62.69,45.53,0.38,9.32,4.11,7.43,8.49,9.09,33.68,146.58,0.74,20.93,19.42,7.10,32.27,6.42,6.22,16.69,1.94,9.16,7.84,26.85,4.10,4.86,0.05,9.22,9.11,4.10,4.82,12.98,0.63,2.83,3.24,1.61,5.15,10.87,19.36,0.93,5.40,12.45,159.66,24.22,47.55,25.21,33.97,29.70,90.67,2.46,34.78,55.33,147.31,83.49,1.15,48.37,0.64,9.45,37.31,2.27,1.49,35.28,6.87,1.3,9.39,28.77,0,6.95,3.46,8.49,25.01,0,18.53,12.1,7.1,2.12,5.118627451,22.7,6.13,45.23,15.92,24.4,854.62,1.92,2.07,8.11,29.49,9.68,13.59,13.73,17.72,5.73,59.14,198.87,23.99,11.72,25.03,16.3,18.6,78.82,2.82
04/30/1927,1.54,8.61,62.38,1.46,16.70,12.18,18.00,9.15,28.50,15.41,8.80,23.26,3.40,42.30,49.77,16.19,19.95,2.45,16.77,8.44,101.34,7.65,3.95,56.75,58.67,0.72,11.02,6.59,4.91,5.61,6.04,39.12,167.12,1.25,13.12,0.00,6.20,20.71,15.40,10.48,26.16,3.16,14.07,11.55,42.03,2.73,9.82,0.05,15.24,15.26,2.56,3.01,19.95,1.72,6.06,5.52,3.28,6.81,5.46,32.27,9.58,55.58,14.49,191.54,32.50,63.74,34.82,39.40,30.72,90.39,4.66,65.77,106.30,121.23,109.42,1.39,52.82,1.77,12.13,124.19,2.46,2.66,88.57,4.57,2.35,11.51,67.32,0,13.68,3.8,5.61,30.86,16.68,37.46,22.63,13.28,1.4,4.839019608,21.46,9.42,39.61,33.95,24.4,1029.6,4.7,2.51,15.17,34.06,10.76,15.11,14.65,20.61,6.18,49.48,251.86,40.24,12.87,27.49,17.9,10.64,51.83,4.81
05/31/1927,1.07,5.98,80.47,3.50,10.40,10.87,11.20,3.54,11.32,24.10,0.76,3.01,1.83,25.10,43.76,14.03,24.98,10.57,2.14,4.41,15.50,0.99,0.51,29.32,24.60,0.55,6.36,9.69,2.91,3.33,1.30,24.20,109.75,4.38,6.35,7.98,1.90,0.00,34.93,6.99,37.54,4.94,15.45,10.82,64.07,0.59,21.40,0.05,33.17,21.41,0.73,0.86,18.79,1.48,3.55,6.87,6.61,9.23,2.10,30.72,1.94,11.28,10.76,152.58,29.23,46.96,31.19,24.53,39.63,65.97,3.49,49.31,80.28,90.68,144.05,1.08,31.07,1.52,4.03,65.65,1.65,0.48,6.87,1.2,5.61,5.44,13.54,0,29.37,3.07,3.33,16.19,3.09,13.59,36.16,21.22,0.83,2.50745098,11.12,10.34,26.03,56.4,10.6,551.83,11.84,1.94,24.24,32.64,5.79,8.13,9.39,24.04,4.15,29.06,277.68,51.99,10.39,22.19,14.45,2.76,27.1,0.62
06/30/1927,0.27,1.51,57.02,4.59,4.40,3.60,4.70,1.01,4.74,17.72,0.21,1.34,0.81,9.60,24.81,6.70,11.95,11.38,0.56,2.44,12.96,0.44,0.23,7.42,9.21,0.32,1.39,6.46,1.52,1.74,0.35,10.23,34.56,4.69,2.23,6.94,0.60,0.00,34.10,1.87,27.32,3.63,8.02,4.46,52.51,0.16,20.53,0.05,26.69,13.00,0.16,0.19,6.55,0.92,1.39,3.51,6.45,8.89,0.51,10.22,0.38,2.19,5.32,67.67,14.97,23.91,15.49,10.38,28.08,36.36,2.06,29.06,47.47,100.90,110.91,0.48,13.75,0.95,1.20,11.23,0.85,0.1,1.89,0.22,7.36,4.32,7.15,0,31.36,1.53,1.74,7.12,0,12.55,31.13,18.27,0.43,0.841078431,3.73,5.37,13.35,40.47,5.5,346.34,12.03,0.87,20.87,16.41,2.55,3.58,4.83,15.43,2.13,9.07,178.9,38.31,5.19,11.09,7.22,0.78,15.02,0.28
07/31/1927,0.04,0.21,38.46,1.76,2.80,0.79,3.00,0.50,0.70,3.10,0.09,0.33,0.59,5.50,15.98,3.33,2.79,3.50,0.20,1.71,9.70,0.11,0.06,2.46,1.57,0.06,0.15,0.70,0.59,0.67,0.16,6.38,9.39,1.66,0.66,0.00,0.10,0.00,6.93,0.32,6.29,0.64,0.52,1.26,10.06,0.07,4.80,0.05,3.40,1.47,0.05,0.06,1.21,0.11,0.18,1.19,1.57,4.03,0.32,0.00,0.00,0.00,1.84,21.22,5.31,6.36,8.27,6.61,18.94,12.43,0.40,5.63,8.98,53.41,29.24,0.08,5.08,0.11,0.29,0.00,0.44,0.03,0.62,0.04,2.82,2.03,6.73,0,9.2,0.74,0.67,0.76,0,0,7.54,4.43,0.17,0.223235294,0.99,0.35,4.69,6.15,2.2,243.82,2.31,0.15,5.06,2.55,1.88,2.64,2.83,3.14,1.09,1.88,45.9,5.96,2.49,5.32,3.46,0.18,10.48,0.07
08/31/1927,0.01,0.06,30.08,0.25,2.30,0.34,2.50,0.40,0.00,1.15,0.07,0.00,0.28,5.00,13.21,2.62,0.99,0.41,0.10,0.95,1.50,0.00,0.00,1.84,0.63,0.02,0.03,0.09,0.44,0.50,0.10,5.32,5.64,0.47,0.24,2.14,0.00,0.00,1.61,0.18,1.14,0.24,0.00,0.72,1.30,0.04,0.60,0.05,0.42,0.24,0.01,0.01,0.56,0.00,0.03,0.33,0.17,1.92,1.01,1.56,0.00,0.00,0.62,11.64,2.85,2.41,6.05,5.43,14.82,7.06,0.10,1.47,2.27,41.91,14.39,0.02,1.93,0.00,0.13,0.00,0.15,0.02,0.11,0.04,0.41,0.84,5.66,0,1.18,0.57,0.5,0.18,0.87,0.04,1.3,0.76,0.13,0.493823529,2.19,0,2.94,1.56,1.6,206.83,0,0.03,0.87,1.03,0.89,1.25,2.23,1.41,0.39,0.51,13.94,0.71,1.94,4.14,2.7,0.12,5.85,0
09/30/1927,0.00,0.02,25.33,0.06,2.10,0.25,2.20,0.40,0.00,1.01,0.06,0.55,0.20,4.80,12.19,2.18,0.84,0.00,0.13,0.47,1.79,0.18,0.09,1.96,0.63,0.01,0.04,0.04,0.40,0.46,0.11,4.84,4.97,0.31,0.15,3.77,0.00,0.00,2.34,0.18,0.45,0.21,0.01,0.54,0.56,0.05,0.11,0.05,0.24,0.18,0.03,0.04,0.51,0.00,0.03,0.13,0.05,2.39,0.31,0.73,0.24,1.39,0.26,9.64,1.98,2.11,5.27,4.95,12.47,4.63,0.09,1.21,1.85,44.84,10.71,0.01,0.83,0.00,0.12,0.00,0.06,0.02,0,0.08,0.1,0.61,4.24,0,0.49,0.47,0.46,0.18,1.9,0.13,0.62,0.36,0.11,0.286372549,1.27,0.01,2.61,1.46,0.9,199.91,0,0.01,0.42,0.77,0.63,0.88,1.86,0.87,0.16,0.3,7.96,0.42,1.58,3.37,2.2,0.1,2.89,0.11
10/31/1927,0.01,0.07,22.38,0.27,2.30,0.30,2.50,0.75,0.00,2.00,0.08,3.01,0.24,5.30,13.95,2.37,1.10,0.00,0.13,0.21,7.19,0.99,0.51,4.85,0.90,0.01,0.10,0.22,0.88,1.01,0.96,5.53,6.84,0.31,0.13,2.44,0.40,0.00,3.11,0.15,1.06,0.41,0.22,1.10,1.61,0.43,0.31,1.23,0.26,0.83,0.11,0.13,0.88,0.00,0.05,0.42,0.28,1.01,1.20,0.00,0.00,0.00,0.56,11.49,1.83,2.62,6.13,5.43,11.02,6.47,0.08,1.13,1.73,35.16,11.50,0.02,1.66,0.00,0.23,0.00,0.17,0.05,0,0.46,0.43,0.92,4.41,0,1.58,0.42,1.01,0.29,0.6,0.76,0.93,0.55,0.25,0.315686275,1.4,0.15,1.71,2.46,1.1,207.4,0.2,0.03,0.62,1.64,0.76,1.07,1.83,2.71,0.44,0.43,11.16,0.92,1.43,3.05,1.99,0.22,1.32,0.62
11/30/1927,0.11,0.61,42.55,0.81,7.60,1.32,8.10,4.68,4.34,7.90,1.89,5.72,0.64,19.00,33.28,4.95,6.01,0.70,2.33,6.10,21.12,1.88,0.97,39.61,23.13,0.10,0.65,2.06,2.34,2.67,4.84,18.36,36.17,0.58,7.95,11.94,4.10,0.00,5.34,0.81,7.36,1.62,3.15,3.85,14.29,2.18,3.03,0.46,2.78,5.11,1.81,2.13,5.26,0.00,0.32,2.17,1.41,1.50,5.99,0.00,0.00,0.00,3.68,47.60,8.62,13.67,18.48,17.93,20.96,23.72,0.68,9.59,14.71,77.12,31.29,0.32,13.31,0.00,2.31,0.00,0.75,0.3,24.32,4.62,1.31,3.07,8.61,0,5.66,1.43,2.67,14,0,2.12,3.51,2.06,0.67,0.475784314,2.11,2.11,0,9.76,2.49,450.12,1.89,0.58,2.35,8.73,2.04,2.86,5.23,12.14,1.88,25.74,75.08,7.98,4.84,10.34,6.73,2.74,37.46,1.18
12/31/1927,0.06,0.32,25.46,0.25,5.10,0.86,5.40,3.45,11.84,6.49,1.91,7.60,0.45,13.20,17.41,2.41,3.58,0.00,2.17,2.65,30.09,2.50,1.29,31.63,15.70,0.07,0.28,0.93,1.67,1.91,3.86,12.25,27.59,0.31,4.29,0.00,7.40,10.97,3.85,0.49,3.16,1.33,1.55,2.44,5.78,1.74,1.17,1.56,1.59,4.56,1.50,1.76,3.66,0.00,0.78,0.86,0.31,0.75,4.48,0.00,1.26,7.31,1.94,32.83,5.57,9.39,11.25,12.03,12.54,19.65,0.51,7.15,10.97,35.38,19.46,0.17,7.77,0.00,1.84,6.56,0.37,0.16,23.29,4.38,0.4,2.41,11.56,0,1.95,0.97,1.91,9.6,4.99,3.25,1.72,1.01,0.48,0.401372549,1.78,1.04,0,8.48,6.49,341.84,0.55,0.31,1.15,6.35,1.43,2.01,3.7,11.43,0.92,13.78,42.36,3.98,3.3,7.05,4.59,3.5,16.27,1.57
01/31/1928,0.06,0.34,30.28,0.28,5.60,1.05,5.90,3.58,23.87,4.13,2.50,3.98,0.62,14.40,17.70,2.66,3.88,0.21,3.03,5.90,44.05,1.31,0.68,33.40,24.88,0.10,0.31,1.09,2.50,2.86,4.57,13.33,32.58,0.39,10.68,13.23,15.40,7.90,2.51,0.63,4.20,0.85,2.17,2.51,7.59,2.06,1.11,1.84,1.33,3.21,1.94,2.28,4.14,0.00,0.65,0.99,0.43,3.24,3.02,0.00,0.18,1.04,3.03,40.28,6.95,13.44,11.29,13.21,14.92,26.87,0.68,9.54,14.65,57.91,26.40,0.27,11.73,0.00,3.44,0.69,0.59,0.37,27.02,5.03,0.45,2.82,6.09,0,2.24,1.25,2.86,15.94,0.84,3.67,2.41,1.41,0.71,1.066568627,4.73,1.45,9.31,5.67,11.87,465.93,0.71,0.49,1.62,8.63,1.96,2.75,4.35,7.61,1.49,29.46,79.46,6,4.23,9.04,5.88,3.83,36.22,0.82
02/29/1928,0.10,0.59,29.95,0.26,10.40,1.67,11.10,9.03,44.61,5.66,5.85,20.06,1.02,26.90,31.88,3.95,5.78,0.44,7.54,10.23,76.38,6.60,3.41,60.42,42.48,0.13,0.76,1.00,3.17,3.62,8.67,24.86,51.04,0.48,18.13,11.95,21.00,11.16,3.59,1.21,3.86,1.16,2.02,3.82,6.97,3.91,1.15,10.78,1.35,4.89,3.47,4.08,6.14,0.03,1.03,0.92,0.39,3.88,5.65,3.81,1.50,8.71,2.82,62.98,12.03,17.26,20.34,24.53,14.75,33.80,0.87,12.34,19.04,99.52,29.26,0.25,11.33,0.03,4.02,9.56,0.55,0.58,63,10.04,0.42,3.6,33.81,0,1.96,2.02,3.62,25.63,3.81,4.84,2.28,1.34,0.91,1.864803922,8.27,1.35,1.94,8.6,28.44,639.54,0.3,0.45,1.53,9.61,3.22,4.52,6.8,10.41,1.39,48.9,124.91,4.5,6.85,14.63,9.53,5.95,62.83,4.15
03/31/1928,1.87,10.43,71.96,1.41,30.10,10.14,32.00,23.53,60.43,19.96,8.64,33.20,3.32,77.60,85.05,18.50,22.66,1.71,15.83,16.46,128.35,10.92,5.64,140.89,27.50,0.98,10.55,6.57,16.58,18.95,20.00,72.06,234.76,0.97,26.34,33.54,12.90,69.37,18.66,9.31,26.11,4.09,14.22,14.84,43.22,9.02,11.74,45.79,21.93,19.47,8.60,10.11,23.96,0.48,8.43,5.78,3.13,4.61,23.67,39.47,16.97,98.47,17.60,262.13,52.64,126.32,56.05,71.01,35.44,201.07,6.60,93.18,144.47,100.61,195.61,1.54,64.69,0.49,22.25,315.53,2.97,3.15,92.41,19.63,2.27,21.36,63.18,0,12.56,6.75,18.95,14.81,56.89,30.26,19.16,11.25,4.74,11.11441176,49.29,9.52,110.45,41.5,51.69,978.59,5.61,2.76,12.85,65.61,10.52,14.77,25.51,28.77,7.46,76.68,223.02,45.8,22.87,48.85,31.81,33.6,101.09,6.87
04/30/1928,1.02,5.70,61.51,1.75,12.10,9.11,12.90,6.77,26.18,9.97,4.19,11.43,2.58,31.30,40.48,13.54,18.40,3.82,7.66,6.61,62.61,3.76,1.94,41.70,32.64,0.45,6.70,5.50,2.85,3.26,3.97,28.94,115.02,1.78,9.84,10.13,7.20,25.80,14.70,6.24,20.97,2.04,9.63,9.95,35.77,1.79,11.48,20.53,14.00,8.50,1.70,2.00,16.95,1.18,4.45,4.59,3.79,4.18,3.56,0.00,10.18,59.08,7.33,146.10,24.16,41.35,27.55,28.54,30.29,55.97,2.91,41.14,66.81,89.26,104.15,0.68,22.09,1.21,8.04,83.76,1.12,1.46,43.92,3.09,2.81,6.03,31.54,0,15.75,3,3.26,16.77,31.43,18.37,19.92,11.69,0.81,3.456764706,15.33,6.45,66.37,23.26,22.25,788.59,5.98,1.22,13.35,26.42,8.17,11.47,10.73,9.79,2.81,40.35,191.29,31.8,10.16,21.7,14.13,3.84,40.62,2.37
05/31/1928,0.34,1.90,61.24,4.07,6.50,5.29,6.90,2.39,8.64,15.25,0.59,1.22,0.65,16.10,29.28,8.30,14.82,9.98,1.55,2.33,11.91,0.40,0.21,19.24,20.44,0.30,1.82,6.42,1.68,1.92,0.81,15.52,52.46,4.15,2.95,17.90,2.00,0.00,27.22,2.40,25.86,3.12,8.48,6.36,48.78,0.36,16.23,1.56,23.14,12.12,0.45,0.53,10.37,1.32,1.72,4.21,6.26,6.34,1.34,2.78,0.01,0.08,5.36,87.36,14.67,22.03,20.31,15.33,30.16,39.26,1.85,26.16,44.25,66.98,112.55,0.49,14.78,1.36,1.57,17.80,0.77,0.16,5.65,0.77,6.53,3.41,4.88,0,27.72,1.8,1.92,11.21,4.46,7.78,26.82,15.74,0.48,0.705784314,3.13,5.68,35.63,34.86,8.18,393.69,10.89,0.89,17.98,19.45,2.06,2.89,5.44,14.86,1.95,13.74,198.1,31.8,6.09,13.01,8.47,0.98,14.33,0.25
06/30/1928,0.05,0.27,31.42,1.43,3.50,1.36,3.70,0.94,2.79,2.17,0.09,1.55,0.46,8.00,21.07,2.98,5.03,2.66,0.20,2.10,6.30,0.51,0.26,7.40,5.78,0.05,0.17,0.84,0.40,0.46,0.29,8.33,12.91,1.34,1.62,0.27,0.50,0.00,4.62,0.53,5.18,0.44,0.85,1.96,9.38,0.13,3.33,0.48,3.71,1.50,0.14,0.16,2.74,0.61,0.33,0.87,1.51,2.63,0.45,0.00,1.05,6.12,1.15,28.32,5.43,5.71,13.55,8.26,15.48,8.82,0.26,3.70,7.57,27.90,24.48,0.07,2.91,0.63,0.50,4.62,0.24,0.05,0.75,0.23,2.3,1.5,6.25,0,7.97,0.66,0.46,4.15,13.5,0.32,6.53,3.83,0.11,0.35627451,1.58,0.57,9.18,4.72,3.39,249.09,1.55,0.12,4.38,2.56,1.45,2.04,2.1,2.22,0.59,6.37,47.53,3.8,2.24,4.78,3.12,0.16,12.89,0.32
07/31/1928,0.02,0.10,32.43,0.46,2.30,0.55,2.50,0.47,0.00,1.10,0.04,1.31,0.06,5.10,15.14,2.40,2.20,0.91,0.09,1.69,6.50,0.43,0.22,2.43,1.84,0.02,0.06,0.14,0.29,0.33,0.15,5.53,6.38,0.66,0.40,0.76,0.10,0.00,2.58,0.17,1.56,0.22,0.00,0.97,2.00,0.07,0.61,0.67,0.58,0.59,0.05,0.06,0.93,0.39,0.06,0.44,0.33,1.38,0.18,0.00,0.06,0.34,0.68,15.76,3.16,2.85,8.19,5.43,15.97,5.33,0.10,1.44,3.41,24.00,12.60,0.02,2.14,0.40,0.20,0.00,0.16,0.02,0.14,0.05,0.73,1.06,6.25,0,1.83,0.51,0.33,1.22,2.52,0.55,1.63,0.96,0.08,0.342745098,1.52,0,2.08,2.3,2,220.95,0.04,0.04,1.09,1.03,0.2,0.28,1.98,1.17,0.4,0.91,16.39,3,1.74,3.72,2.42,0.11,10.36,0.27
08/31/1928,0.01,0.03,27.20,0.06,2.20,0.25,2.40,0.40,0.61,1.64,0.03,0.55,0.22,4.40,14.08,2.17,0.80,0.04,0.05,0.05,8.09,0.18,0.09,1.71,0.76,0.02,0.04,0.03,0.26,0.30,0.09,5.29,4.10,0.33,0.02,0.00,0.00,0.00,3.64,0.11,0.31,0.34,0.01,0.61,0.40,0.04,0.09,0.58,0.44,0.66,0.01,0.01,0.45,1.01,0.01,0.11,0.04,0.82,0.82,2.61,0.03,0.16,0.19,8.93,2.19,1.96,6.38,5.19,13.40,4.00,0.00,0.05,3.21,19.17,8.72,0.00,0.56,1.04,0.12,9.17,0.04,0.01,0.01,0.03,0.09,0.28,5.31,0,0.37,0.46,0.3,0.35,0,0.06,0.41,0.24,0.07,0.374313725,1.66,0.01,0,2.45,0.5,196.07,0,0.01,0.27,0.62,0.71,1,1.78,2.95,0.11,0.03,6.81,0.2,1.57,3.35,2.18,0.04,0.31,0.11
09/30/1928,0.00,0.01,23.25,0.02,2.00,0.19,2.10,0.41,0.00,0.28,0.03,0.09,0.21,4.30,13.08,1.90,0.71,0.00,0.07,0.06,3.90,0.03,0.02,1.95,0.62,0.01,0.04,0.01,0.28,0.32,0.09,4.82,3.85,0.31,0.02,2.73,0.00,0.00,0.89,0.14,0.15,0.06,0.00,0.47,0.19,0.04,0.05,0.41,0.28,0.08,0.02,0.02,0.44,0.00,0.01,0.05,0.02,1.51,0.33,2.01,0.04,0.23,0.09,7.55,1.77,1.68,5.49,4.72,11.45,3.18,0.04,0.63,0.98,18.71,7.81,0.00,0.26,0.00,0.11,19.87,0.02,0.01,0,0.07,0.04,0.15,6.59,0,0.17,0.4,0.32,0.17,0,0,0.2,0.12,0.08,0.326960784,1.45,0,3.88,0.43,0,189.01,0,0,0.13,0.56,0.67,0.94,1.57,0.49,0.05,0.04,5.15,0.2,1.34,2.86,1.86,0.02,0.38,0.02
10/31/1928,0.00,0.01,19.97,0.16,1.90,0.16,1.80,0.74,0.03,0.81,0.03,3.80,0.16,5.60,14.67,2.10,1.31,0.23,0.03,0.08,1.74,1.25,0.65,5.07,1.07,0.00,0.06,0.11,0.55,0.63,0.73,5.29,4.15,0.40,0.02,8.67,0.20,0.00,1.45,0.05,0.42,0.17,0.10,1.18,0.75,0.33,0.05,0.99,0.16,0.28,0.20,0.24,1.08,0.00,0.04,0.26,0.17,0.50,1.06,0.00,0.13,0.77,0.25,8.34,1.59,1.88,5.87,4.48,9.83,3.83,0.03,0.42,0.64,17.23,8.76,0.01,0.71,0.00,0.18,44.11,0.06,0.01,0,0.34,0.26,0.43,5.11,0,0.89,0.38,0.63,0.47,1.19,0.82,0.37,0.22,0.16,0.191666667,0.85,0.07,1.16,1.01,0.4,199.72,0,0.01,0.25,1.65,0.51,0.72,1.48,1.09,0.17,0.14,8.96,0.34,1.28,2.73,1.78,0.09,0.47,0.79
11/30/1928,0.01,0.05,23.58,0.17,2.60,0.22,2.40,2.24,1.30,2.72,0.06,3.77,0.21,8.10,16.46,1.71,1.97,0.12,0.05,0.11,9.56,1.24,0.64,14.71,8.39,0.01,0.09,0.23,0.62,0.71,1.41,7.08,7.22,0.36,0.03,3.89,1.40,0.09,2.17,0.07,0.84,0.56,0.31,1.46,1.92,0.64,0.27,0.87,0.20,1.63,0.49,0.58,1.85,0.00,0.19,0.36,0.32,0.12,2.49,0.00,0.48,2.80,0.35,12.19,2.21,3.42,8.30,6.13,11.62,5.42,0.08,1.14,1.74,19.75,9.41,0.03,1.28,0.00,0.43,9.01,0.07,0.04,1.28,1.39,0.28,0.63,5.19,0,0.98,0.48,0.71,4.22,2.06,1.12,0.52,0.31,0.18,0.072156863,0.32,0.21,0,3.22,1.7,239.51,0,0.05,0.35,2.67,0.67,0.94,1.71,4.22,0.17,0.19,23.5,1.02,1.61,3.44,2.24,0.35,0.66,0.78
12/31/1928,0.02,0.14,26.13,0.17,3.10,0.28,2.90,2.57,3.81,1.11,0.67,3.86,0.44,9.10,16.45,1.78,2.33,0.34,0.34,2.35,17.44,1.27,0.66,19.29,4.51,0.03,0.25,0.27,0.92,1.05,1.76,8.61,10.33,0.44,1.59,13.66,4.80,2.67,0.65,0.10,0.88,0.23,0.37,1.79,2.15,0.79,0.25,2.54,0.62,0.74,0.70,0.82,2.47,0.00,0.31,0.39,0.24,0.10,1.62,0.00,0.84,4.86,0.40,15.38,3.44,7.44,9.06,7.31,12.87,9.69,0.18,2.60,3.98,24.47,12.71,0.03,1.46,0.00,1.01,0.00,0.06,0.11,14.22,2.05,0.28,0.75,5.6,0,1.03,0.64,1.05,2.29,1.11,1.64,0.47,0.28,0.26,0,0,0.25,2.06,1.44,3.1,260.1,0.01,0.06,0.32,4.01,1.39,1.95,2.37,1.72,0.19,9.87,25.72,1.03,2.17,4.64,3.02,0.6,14.46,0.8
01/31/1929,0.02,0.12,21.64,0.12,2.40,0.24,2.30,2.83,2.63,0.89,0.36,3.22,0.29,7.00,13.36,1.29,1.66,0.00,0.23,1.72,13.27,1.06,0.55,16.15,6.15,0.03,0.18,0.37,0.94,1.07,1.42,6.66,8.31,0.31,1.42,14.50,4.20,5.57,0.52,0.07,1.14,0.18,0.58,1.27,2.35,0.64,0.37,1.05,0.45,0.59,0.55,0.65,1.85,0.00,0.37,0.41,0.25,0.54,1.18,0.00,0.82,4.76,0.64,14.13,2.14,4.14,7.29,5.66,10.66,8.67,0.21,3.00,4.59,20.88,10.40,0.04,1.55,0.00,0.66,21.57,0.10,0.05,5.94,2,0.19,0.84,4.88,0,0.9,0.58,1.07,3.27,1.63,2.01,0.59,0.35,0.27,0,0,0.39,1.59,1.15,1.1,268.71,0.23,0.07,0.4,3.3,0.93,1.31,1.9,1.38,0.26,7.59,29.28,1.54,1.96,4.19,2.73,0.77,10.58,0.67
02/28/1929,0.07,0.38,22.18,0.17,4.90,0.47,4.60,4.81,8.34,2.00,1.79,9.82,0.42,15.50,20.90,2.33,3.02,0.12,1.34,2.39,33.35,3.23,1.67,24.45,12.11,0.09,0.14,0.55,1.25,1.43,2.85,13.25,15.96,0.36,1.89,6.98,10.40,16.90,1.16,0.17,1.73,0.41,0.85,2.27,3.69,1.29,0.44,3.85,0.39,1.35,1.11,1.31,3.29,0.03,0.91,0.61,0.29,1.32,3.67,0.00,2.38,13.79,0.96,25.48,5.11,12.21,11.70,11.56,10.92,12.11,0.59,8.30,12.84,35.71,13.58,0.07,3.67,0.03,1.85,17.28,0.15,0.27,34.71,3.09,0.27,2.08,15.41,0,1.21,1.06,1.43,6.2,9.27,3.01,0.89,0.52,0.36,0.951568627,4.22,0.57,1.24,2.59,6,370.37,0.22,0.13,0.6,4.31,1.34,1.88,3.55,3.23,0.39,9.93,45.77,2.22,3.6,7.69,5.01,2.09,14.65,2.03
03/31/1929,0.23,1.26,32.70,0.41,4.40,0.83,4.10,4.59,3.83,6.35,0.53,5.75,1.29,13.10,19.76,3.51,4.13,0.17,0.43,2.12,18.01,1.89,0.98,21.57,17.34,0.16,2.51,1.34,2.26,2.58,2.13,12.01,24.78,0.38,1.53,3.81,6.10,2.61,3.75,0.38,4.70,1.30,2.51,3.12,9.38,0.96,1.35,1.06,2.84,4.76,0.87,1.02,4.48,0.13,0.97,1.47,0.63,0.71,3.25,10.84,1.26,7.32,3.30,35.91,7.48,13.95,11.17,10.38,16.10,21.76,1.09,15.39,24.01,42.91,24.01,0.24,11.65,0.13,2.62,35.03,0.50,0.44,10.53,2.46,0.66,3.14,9.93,0,2.99,1.38,2.58,8.07,5.24,1.46,2.94,1.73,0.65,1.513039216,6.71,1.68,0,8.64,1.2,378.49,0.27,0.43,1.97,7.86,4.08,5.73,4.94,11.81,1.33,8.42,83.16,6.15,4.67,9.97,6.5,3.23,13.05,1.19
04/30/1929,0.45,2.53,30.69,0.71,4.30,1.13,3.90,4.34,3.17,7.33,0.24,3.92,1.27,12.70,21.91,4.55,4.49,1.29,0.23,1.77,11.82,1.29,0.67,20.74,10.30,0.24,2.75,2.89,2.35,2.69,1.58,11.57,27.56,0.81,1.23,5.46,1.70,0.00,4.98,0.49,10.66,1.50,6.12,3.47,19.87,0.71,3.39,0.62,5.84,6.77,0.66,0.78,5.01,1.52,0.90,3.01,1.56,0.49,2.36,1.89,0.00,0.00,7.90,41.17,6.50,18.11,12.45,10.14,15.11,26.24,1.40,19.77,35.08,45.52,35.02,0.55,26.55,1.56,4.34,43.57,1.07,0.99,4.24,1.61,1.14,3.58,7.1,0,5.61,1.21,2.69,4.4,0,5.15,7.21,4.23,0.67,1.988823529,8.82,4.1,0.14,12.93,4.5,407.25,2.08,0.99,4.83,11.77,4.02,5.64,4.75,12.85,2.8,8,78.65,15.53,4.11,8.78,5.72,4.01,10.89,0.81
05/31/1929,0.50,2.78,39.06,2.58,3.30,2.28,3.10,3.48,2.67,16.14,0.12,1.82,1.00,9.60,28.43,7.57,8.94,7.32,0.12,1.56,7.87,0.60,0.31,17.71,5.67,0.29,0.73,6.15,1.63,1.86,0.72,8.85,33.37,3.13,1.05,0.00,0.60,0.00,20.38,1.10,22.31,3.31,10.11,5.68,41.31,0.32,14.76,0.48,15.77,14.62,0.29,0.34,8.63,1.97,2.29,6.03,5.37,1.50,0.86,18.18,0.24,1.38,6.99,50.29,16.29,20.63,16.80,7.78,19.24,25.33,1.71,24.19,43.23,52.73,66.04,0.56,20.08,2.02,1.65,68.31,0.93,0.24,1.46,0.92,4.15,3.49,4.14,0,19.86,1.49,1.86,2.36,0,5.91,19.45,11.42,0.47,1.900882353,8.43,6.77,0,37.07,4.9,322.07,7.31,1,13.04,16.49,3.18,4.46,5.31,18.46,2.27,8.87,144.29,29.51,5.06,10.81,7.04,1.72,9.6,0.38
06/30/1929,0.16,0.91,32.56,2.02,2.30,1.16,2.10,0.93,0.88,6.26,0.06,2.83,0.69,6.10,17.35,3.95,6.16,4.85,0.07,1.05,16.04,0.93,0.48,6.24,2.76,0.11,0.21,1.88,0.39,0.45,0.20,6.10,13.13,2.18,0.31,0.00,0.20,0.00,11.50,0.32,8.00,1.28,2.06,3.12,16.80,0.09,6.78,0.53,6.88,4.83,0.11,0.13,4.61,0.67,0.90,1.33,2.93,1.53,0.43,6.70,2.79,16.17,1.23,26.69,6.30,11.03,10.27,5.43,16.04,5.45,0.68,9.57,16.78,23.45,32.37,0.09,3.11,0.69,0.80,33.43,0.17,0.11,0.22,0.17,3.23,1.32,7.09,0,12.32,0.75,0.45,1.46,14.21,3.38,9.02,5.29,0.11,0.441960784,1.96,1.38,0,14.28,1.8,231.22,2.83,0.16,6.05,5.17,2.17,3.05,2.24,6.35,0.47,2.39,57.91,11.9,2.54,5.43,3.53,0.2,6.46,0.59
07/31/1929,0.03,0.17,24.72,0.33,1.60,0.43,1.40,0.36,0.11,3.44,0.02,1.25,0.22,3.80,11.52,1.93,3.06,1.10,0.04,0.12,9.83,0.41,0.21,2.11,1.26,0.02,0.02,0.11,0.14,0.16,0.09,4.19,4.62,0.73,0.02,0.00,0.20,0.00,7.20,0.08,0.96,0.71,0.09,1.37,1.50,0.04,0.98,0.54,0.79,2.13,0.04,0.05,1.77,0.00,0.13,0.21,0.32,0.91,0.18,1.39,1.01,5.86,0.20,13.14,2.22,2.96,6.08,3.77,12.18,2.02,0.15,2.12,3.26,13.60,11.51,0.01,0.45,0.00,0.19,10.43,0.04,0.02,0,0.05,0.54,0.75,4.21,0,1.61,0.38,0.16,0.73,8.16,0.11,0.84,0.49,0.04,0.272843137,1.21,0.06,0,7.07,0.3,187.99,0,0.01,0.56,1.31,0.71,1,1.15,4.17,0.1,0.06,13.97,1.47,1.29,2.76,1.79,0.05,0.72,0.26
08/31/1929,0.00,0.03,21.71,0.48,1.40,0.16,1.30,0.27,0.00,0.55,0.01,0.76,0.10,2.90,11.28,1.62,1.21,0.15,0.01,0.01,0.00,0.25,0.13,1.02,1.08,0.01,0.01,0.14,0.14,0.16,0.06,3.79,2.11,0.37,0.00,2.59,0.10,0.00,1.45,0.03,1.75,0.11,0.04,0.64,1.96,0.03,0.07,0.52,0.38,0.16,0.02,0.02,0.54,0.00,0.00,0.47,0.38,0.48,0.10,0.00,0.00,0.00,0.56,6.54,1.60,1.72,4.89,3.30,10.69,1.96,0.05,0.72,1.10,10.63,7.77,0.01,1.54,0.00,0.07,2.81,0.11,0.02,0,0.01,0.77,0.08,2.73,0,2,0.31,0.16,0.68,0,0,0.46,0.27,0.04,0.329215686,1.46,0.03,0.47,0.84,0.1,176.21,2.9,0.03,0.31,0.63,0.33,0.46,1.16,1.07,0.27,0.01,5.24,0.49,1.04,2.22,1.45,0.01,0.08,0.16
09/30/1929,0.00,0.01,19.63,0.00,1.40,0.09,1.30,0.29,0.00,0.00,0.02,0.67,0.09,4.00,11.99,1.87,0.61,0.14,0.01,0.00,0.80,0.22,0.11,1.07,0.71,0.01,0.02,0.00,0.18,0.21,0.05,3.71,1.87,0.36,0.00,5.45,0.10,0.00,0.00,0.03,0.20,0.00,0.00,0.50,0.00,0.02,0.04,1.01,0.30,0.00,0.01,0.01,0.38,0.00,0.00,0.00,0.00,0.80,0.41,2.65,0.04,0.24,0.00,4.78,1.48,1.33,4.43,3.30,9.67,1.72,0.05,0.77,1.19,11.39,6.40,0.00,0.00,0.00,0.06,0.00,0.02,0.01,0,0.03,0,0.05,5.82,0,0,0.35,0.21,0.25,0,0,0,0,0.05,0.320196078,1.42,0,0.88,0,0.1,169.42,0,0,0,0.44,0.28,0.39,1.34,0,0,0,3.19,0.3,1.18,2.52,1.64,0.01,0,0.14
10/31/1929,0.00,0.01,18.22,0.07,1.60,0.21,1.70,0.57,0.00,1.88,0.09,0.55,0.11,4.30,10.91,1.71,0.79,0.07,0.16,0.00,4.49,0.18,0.09,3.60,0.89,0.01,0.03,0.06,0.52,0.59,0.75,4.02,4.81,0.34,0.00,0.00,0.00,0.00,2.72,0.08,0.29,0.38,0.06,0.80,0.37,0.34,0.04,0.24,0.17,0.82,0.07,0.08,0.63,0.30,0.05,0.12,0.06,0.60,0.95,0.17,0.21,1.20,0.13,8.40,1.11,1.94,4.67,3.77,8.98,3.64,0.05,0.72,2.03,8.19,7.04,0.00,0.42,0.31,0.08,15.74,0.05,0.01,0,0.33,0.12,0.55,0.75,0,0.43,0.3,0.59,0.28,2.55,0.4,0.17,0.1,0.15,0.169117647,0.75,0.04,0,2.3,0.2,181.19,0.13,0.01,0.11,1,0.34,0.48,1.31,2.62,0.11,0,6.96,0.25,1.03,2.2,1.43,0.12,0,0.11
11/30/1929,0.00,0.01,17.02,0.08,1.60,0.23,1.70,0.55,0.00,1.01,0.07,0.40,0.10,4.00,9.39,1.42,0.99,0.02,0.22,0.09,1.06,0.13,0.07,6.24,1.91,0.01,0.03,0.06,0.44,0.50,0.86,3.88,5.43,0.32,0.05,3.77,0.00,0.00,0.79,0.09,0.26,0.21,0.06,0.77,0.39,0.39,0.04,0.22,0.10,0.61,0.32,0.38,0.81,0.53,0.08,0.12,0.07,0.31,0.95,0.00,0.21,1.20,0.14,8.54,1.27,1.30,4.47,3.77,8.38,3.95,0.02,0.31,2.11,28.80,6.36,0.00,0.45,0.54,0.14,0.00,0.04,0.01,0,0.5,0.13,0.34,0.55,0,0.46,0.29,0.5,1.18,1.4,0.65,0.23,0.13,0.13,0,0,0.04,2.64,1.18,0.5,176.7,0.09,0.01,0.15,1.43,0.33,0.46,1.12,1.53,0.12,0.18,6.89,0.27,0.98,2.09,1.36,0.2,0.57,0.08
12/31/1929,0.12,0.68,62.85,0.63,15.40,3.98,16.30,9.51,19.49,12.46,9.13,10.76,0.38,40.50,53.31,11.51,16.16,0.43,11.10,7.83,75.82,3.54,1.83,81.87,34.88,0.22,3.98,1.19,5.77,6.59,11.45,37.15,120.61,0.48,10.47,35.10,5.70,0.00,7.63,2.31,4.37,2.55,1.73,10.64,8.76,5.16,1.66,2.33,6.17,8.57,4.54,5.34,16.15,0.38,1.45,1.45,1.03,3.54,11.57,25.17,2.14,12.39,2.07,153.94,22.92,27.07,31.92,36.33,30.95,60.84,1.45,20.53,32.68,188.59,66.20,0.16,6.83,0.39,6.09,122.13,0.42,0.18,106.55,10.89,1.01,3.76,15.64,0,4.08,4.71,6.59,20.91,14.89,2.99,2.22,1.3,1.65,2.360882353,10.47,1.16,16.72,16.09,20.1,703.31,1.14,0.28,1.49,20.76,1.19,1.67,16.68,20.99,1.08,35.63,149.44,7.86,15.94,34.05,22.17,3.99,48.09,2.23
01/31/1930,0.14,0.76,31.16,0.27,10.00,1.66,10.50,9.90,17.92,3.99,6.94,13.53,0.48,25.60,36.12,3.53,5.11,0.47,9.53,3.37,63.41,4.45,2.30,64.54,23.32,0.16,0.43,1.01,2.75,3.14,7.90,23.97,49.11,0.49,5.28,5.58,15.20,0.00,2.45,1.39,3.34,0.82,1.61,3.28,6.59,3.56,1.60,16.35,2.72,3.25,3.17,3.73,5.30,0.28,1.26,0.99,0.47,1.48,5.47,29.65,1.72,9.97,1.87,55.58,13.93,19.37,22.65,23.59,15.35,28.43,1.04,14.63,23.34,33.60,26.11,0.17,7.45,0.29,4.15,76.56,0.34,0.43,70.91,10.51,0.44,3.43,21.62,0,2.08,1.82,3.14,14.44,11.68,3.21,1.55,0.91,0.79,1.767843137,7.84,1.08,8.51,5.64,6.4,394.19,0.55,0.3,1.04,8.54,1.51,2.12,6.27,7.43,0.87,16.12,39.72,5.1,6.16,13.16,8.57,4.69,20.68,2.8
02/28/1930,0.29,1.63,37.32,0.41,11.00,2.53,11.50,8.75,21.96,4.94,4.74,5.72,0.79,28.70,30.67,4.95,6.45,0.27,9.87,6.74,57.84,1.88,0.97,52.08,26.99,0.20,2.80,1.48,4.35,4.97,7.98,26.27,66.92,0.41,9.93,19.18,18.40,0.00,3.23,2.02,5.42,1.01,2.84,4.27,9.99,3.60,1.94,16.85,4.82,4.61,3.29,3.87,6.81,0.23,0.87,1.43,0.61,2.19,9.47,27.40,0.28,1.63,3.88,76.36,14.95,19.99,19.75,25.95,18.38,46.51,1.32,18.62,29.28,72.89,41.89,0.33,14.65,0.24,5.94,32.83,0.71,0.63,49.04,8.56,0.65,3.62,9.76,0,3.14,2.12,4.97,15.78,2.68,2.8,3.12,1.83,1.24,1.84,8.16,1.9,20.5,8.25,7.5,555.74,0.88,0.59,2.09,14.13,2.5,3.51,7.86,9.11,1.81,30.19,119.72,9.11,7.19,15.36,10,5,41.43,1.18
03/31/1930,0.62,3.48,46.23,0.66,15.40,4.92,16.20,10.55,34.65,4.86,5.46,18.70,1.30,39.40,41.26,9.07,10.07,0.97,9.92,6.45,76.60,6.15,3.18,60.79,34.48,0.35,6.69,2.79,4.37,4.99,8.88,36.92,104.99,0.68,8.66,11.09,11.70,8.56,3.97,4.41,10.85,1.00,5.83,6.77,18.77,4.01,3.44,18.26,7.52,4.70,3.94,4.63,10.88,0.34,2.12,2.50,1.23,2.37,10.93,23.85,1.53,8.90,8.25,118.33,20.51,31.69,26.63,36.33,22.77,53.11,2.31,32.68,51.22,112.19,57.58,0.68,30.85,0.35,9.87,64.99,1.39,1.66,58.26,6.58,1.06,6.56,36.12,0,5.4,2.71,4.99,17.92,15.13,9.51,6.9,4.05,1.25,4.360980392,19.34,3.9,38.88,9.86,28.1,687.46,1.88,1.22,4.63,19.89,4.13,5.8,10.76,7.38,3.56,30.32,149.81,15.48,9.18,19.61,12.77,9.91,39.65,3.87
04/30/1930,1.06,5.90,60.84,1.48,10.50,7.82,11.00,5.88,12.85,12.99,1.05,4.44,1.68,26.20,34.27,12.03,15.42,3.34,2.18,3.26,23.10,1.46,0.75,34.65,20.28,0.33,12.34,5.80,2.76,3.15,3.30,25.18,102.91,1.60,4.20,9.50,3.60,0.00,15.62,6.00,21.92,2.66,12.08,8.76,37.59,1.49,10.23,6.12,16.06,12.20,1.40,1.65,14.78,0.84,1.63,5.59,3.40,3.13,2.96,0.00,0.00,0.00,11.84,126.66,17.15,28.57,22.82,24.77,29.96,49.69,2.15,30.31,49.13,72.10,84.86,1.01,39.06,0.86,5.14,86.36,1.82,0.74,9.69,2.63,2.37,4.75,12.49,0,12.97,2.68,3.15,9.94,0,0.66,17.64,10.35,0.79,3.413921569,15.14,8.09,23.75,29.51,12,422.9,6.09,1.83,11.83,23.3,5.31,7.45,9.87,15.36,4.63,19.94,156.82,29.84,9.09,19.42,12.64,3.45,20.04,0.92
05/31/1930,0.53,2.97,50.45,2.32,7.00,5.65,7.40,2.44,7.82,12.22,0.39,1.52,0.61,17.00,28.65,8.74,15.21,6.60,1.11,1.43,9.80,0.50,0.26,18.86,11.25,0.24,3.74,5.15,1.16,1.33,0.82,16.80,57.15,2.85,1.43,0.63,2.20,0.00,19.40,2.79,18.97,2.50,7.39,6.76,35.18,0.37,11.81,0.90,19.02,10.16,0.45,0.53,11.22,1.72,1.48,3.99,4.36,2.99,1.37,0.00,0.10,0.60,4.56,89.35,14.16,19.80,19.57,16.51,24.85,25.32,1.39,19.68,35.55,74.54,71.95,0.43,13.25,1.77,2.46,41.40,0.57,0.37,3.47,0.76,3.72,2.16,5.69,0,17.66,1.86,1.33,6.5,0.84,3.72,18.32,10.75,0.33,1.646078431,7.3,4.95,10.75,28.29,7.6,320.65,7.04,0.77,12.28,14.13,1.94,2.72,5.65,12.11,1.5,7.3,99.7,25.94,6.3,13.46,8.76,0.83,8.76,0.31
06/30/1930,0.10,0.54,32.36,2.64,2.90,1.80,2.20,0.92,2.01,4.01,0.10,1.19,0.42,6.00,20.75,3.81,6.74,7.02,0.24,1.27,11.19,0.39,0.20,7.20,3.36,0.09,0.72,2.72,0.44,0.50,0.21,7.10,17.31,3.01,0.57,1.42,0.80,0.00,8.10,0.73,11.96,0.82,3.03,2.62,24.37,0.09,7.56,0.37,9.38,2.93,0.10,0.12,3.76,0.77,0.43,1.69,3.69,2.04,0.33,0.00,0.00,0.00,2.02,36.95,6.59,7.43,13.30,6.84,15.94,9.49,0.49,6.92,13.01,39.33,36.39,0.16,5.24,0.79,0.64,14.66,0.32,0.06,0.8,0.22,4.24,1.45,5.13,0,16.87,0.85,0.5,2.47,0,0,13.75,8.07,0.13,0.450980392,2,2.03,14.97,9.06,2.2,216,5.05,0.29,9.22,4.79,1.33,1.87,2.61,3.94,0.85,2.26,41.51,11.44,2.87,6.13,3.99,0.2,7.78,0.25
07/31/1930,0.02,0.10,28.01,0.63,2.10,0.53,1.60,0.41,0.00,2.66,0.05,0.00,0.15,4.30,13.57,2.33,2.20,1.30,0.10,0.59,8.53,0.00,0.00,2.12,1.10,0.02,0.08,0.21,0.24,0.27,0.12,5.06,6.16,0.81,0.14,0.00,0.40,0.00,5.75,0.18,1.86,0.54,0.18,0.96,2.98,0.05,1.35,0.14,1.16,1.73,0.04,0.05,0.93,0.70,0.08,0.37,0.56,0.94,0.16,0.00,0.07,0.42,0.44,15.21,3.19,2.67,7.33,4.95,13.79,4.77,0.07,0.97,3.66,20.78,13.55,0.02,1.04,0.72,0.15,4.69,0.10,0.02,0.04,0.04,1.01,0.52,0,0,3,0.5,0.27,0.75,2.93,0,2.21,1.3,0.07,0.315686275,1.4,0.12,0,5.75,0.6,190.16,0,0.04,1.48,1.19,0.48,0.67,1.91,2.74,0.23,0.32,12.1,1.19,1.68,3.59,2.34,0.04,3.61,0
08/31/1930,0.00,0.02,28.94,0.33,1.80,0.24,1.40,0.35,0.00,0.00,0.05,0.27,0.11,4.00,12.57,2.14,0.78,0.33,0.07,0.00,6.37,0.09,0.05,1.43,0.87,0.01,0.04,0.10,0.24,0.27,0.08,4.48,3.93,0.44,0.00,1.59,0.20,0.00,0.00,0.10,1.47,0.00,0.00,0.60,1.38,0.04,0.09,0.12,0.40,0.00,0.02,0.02,0.44,0.19,0.01,0.34,0.24,0.60,0.65,0.00,0.00,0.00,0.49,8.61,2.17,1.70,5.61,4.25,14.26,3.86,0.06,0.86,1.89,0.00,9.38,0.01,1.54,0.19,0.09,9.32,0.12,0.01,0,0.02,0.53,0.35,4.58,0,1.28,0.45,0.27,0.44,0,0,1.26,0.74,0.07,0.358529412,1.59,0,5.96,0,0.2,176.34,0,0.02,0.84,0.7,0.36,0.51,1.75,0,0.28,0,5.42,0.31,1.54,3.29,2.14,0.02,0.03,0.06
09/30/1930,0.00,0.02,25.26,0.08,1.80,0.18,1.40,0.41,0.00,1.78,0.04,0.15,0.10,4.40,13.66,1.86,0.69,0.25,0.08,0.00,4.64,0.05,0.03,1.90,0.63,0.01,0.03,0.04,0.29,0.33,0.09,4.53,3.67,0.41,0.00,0.00,0.10,0.00,4.16,0.14,0.65,0.37,0.01,0.46,0.55,0.04,0.03,0.10,0.17,0.71,0.02,0.02,0.42,0.20,0.02,0.15,0.06,1.27,0.39,0.00,0.10,0.58,0.25,7.18,1.78,1.51,5.64,4.25,12.44,3.28,0.04,0.60,1.55,9.72,8.65,0.01,0.73,0.21,0.11,24.09,0.08,0.01,0,0.07,0.13,0.46,2.32,0,0.52,0.38,0.33,0.18,2.72,0,0.47,0.28,0.08,0.36754902,1.63,0.01,0,2.8,0.1,177.84,0,0.01,0.32,0.62,0.33,0.46,1.52,3.02,0.14,0,4.8,0.23,1.3,2.78,1.81,0.06,0.03,0.03
10/31/1930,0.00,0.03,24.05,0.20,1.60,0.27,1.57,0.78,0.14,0.00,0.00,2.64,0.12,5.23,14.62,2.07,1.37,0.12,0.00,0.10,0.00,0.87,0.45,4.26,1.11,0.01,0.10,0.15,0.44,0.50,0.51,4.72,2.57,0.36,0.03,6.48,0.10,0.00,0.00,0.00,0.67,0.00,0.16,1.24,1.13,0.23,0.10,0.36,0.01,0.00,0.14,0.16,1.15,0.00,0.08,0.34,0.25,0.30,0.89,0.00,0.31,1.81,0.27,6.75,1.69,1.63,5.55,3.77,11.85,2.62,0.04,0.63,0.97,21.82,7.99,0.01,0.70,0.00,0.18,0.00,0.05,0.01,0.34,0.22,0.31,0.38,3.06,0,1.02,0.28,0.5,0.42,3.44,0.58,0.36,0.21,0.13,0.211960784,0.94,0.11,7.68,0,0.8,184.19,0.1,0.02,0.24,1.58,0.38,0.53,1.41,0,0.13,0.17,7.3,0.37,0.94,2.01,1.31,0,0.58,0.55
11/30/1930,0.02,0.09,23.79,0.22,1.80,0.33,1.66,1.47,0.65,3.08,0.00,0.00,0.26,5.53,11.93,1.82,2.10,0.29,0.00,0.41,3.29,0.00,0.00,8.52,2.64,0.03,0.25,0.30,0.71,0.81,0.73,5.14,5.41,0.42,0.17,6.66,0.10,0.86,2.66,0.00,1.04,0.63,0.40,1.73,2.42,0.33,0.40,0.49,0.00,1.74,0.24,0.28,2.16,0.00,0.23,0.50,0.37,0.00,1.59,0.00,0.70,4.07,0.40,10.77,2.95,3.24,5.70,4.25,11.72,6.05,0.18,2.54,3.92,6.67,11.31,0.03,1.34,0.00,0.95,19.64,0.06,0.07,0.69,0.58,0.35,0.49,0,0,1.25,0.35,0.81,1.07,3.09,1.22,0.51,0.3,0.2,0,0,0.27,0,3.8,1.8,188.87,0,0.05,0.34,3.37,0.83,1.17,1.99,4.83,0.15,1.15,10.21,1.19,1.18,2.52,1.64,0,2.51,0
12/31/1930,0.01,0.05,24.52,0.14,1.80,0.21,1.65,1.56,0.70,3.44,0.00,3.59,0.15,5.33,11.11,1.26,1.55,0.33,0.00,0.35,6.14,1.18,0.61,9.87,2.11,0.02,0.14,0.39,0.59,0.67,0.75,5.07,4.61,0.44,0.18,0.00,0.20,0.35,1.93,0.00,1.15,0.70,0.58,1.25,2.56,0.34,0.30,0.87,0.02,2.33,0.28,0.33,1.72,0.03,0.12,0.50,0.30,0.00,0.90,0.00,0.00,0.00,0.61,8.67,2.82,2.00,5.74,4.25,12.08,5.02,0.12,1.64,2.60,0.00,7.99,0.03,1.59,0.03,0.22,20.37,0.07,0.03,0.92,0.73,0.22,0.31,4.31,0,0.98,0.25,0.67,0.86,0.32,1.11,0.53,0.31,0.17,0,0,0.39,0,4.53,1.6,192.23,0,0.06,0.36,2.47,0.46,0.65,1.64,6.06,0.2,1.22,15,0.86,0.83,1.77,1.15,0,2.16,0.74
01/31/1931,0.04,0.21,24.46,0.16,3.20,0.44,3.83,3.98,5.61,0.69,0.00,3.83,0.27,11.21,21.55,2.01,2.47,0.34,0.00,2.80,25.13,1.26,0.65,19.94,7.02,0.05,0.09,0.46,1.06,1.21,1.67,9.14,7.85,0.44,2.08,11.07,3.10,5.75,0.39,0.00,1.41,0.14,0.73,2.01,3.10,0.75,0.68,5.45,0.02,0.51,0.60,0.71,2.76,0.03,0.42,0.60,0.24,0.15,1.69,0.00,1.20,6.94,0.81,16.48,4.20,6.00,11.01,7.55,12.05,9.39,0.35,4.89,7.59,27.36,12.95,0.05,2.62,0.03,1.60,26.14,0.09,0.19,16.89,1.76,0.26,0.88,4.89,0,1.15,0.65,1.21,2.96,4.54,3.36,0.67,0.39,0.3,0.081176471,0.36,0.49,9.5,0.95,10.9,275.02,0.07,0.08,0.45,4.03,0.85,1.19,2.82,1.32,0.25,12.53,34.03,1.84,2.2,4.7,3.06,0,17.18,0.79
02/28/1931,0.09,0.49,21.84,0.19,2.80,0.70,3.10,3.25,3.14,1.59,0.00,4.23,0.55,8.91,15.63,1.97,2.41,0.18,0.00,2.37,11.01,1.39,0.72,13.74,7.94,0.06,0.50,0.56,1.12,1.28,1.18,7.91,8.41,0.38,1.81,9.85,1.10,9.09,0.93,0.00,1.92,0.33,1.05,1.87,4.15,0.53,0.61,1.83,0.19,1.26,0.45,0.53,2.57,0.03,0.52,0.70,0.32,0.67,2.09,0.00,1.39,8.04,1.32,17.29,3.98,6.34,8.26,6.61,10.76,9.82,0.43,6.14,9.50,40.41,13.32,0.07,4.09,0.03,1.54,5.74,0.16,0.37,4.99,1.26,0.3,1.17,5.73,0,1.33,0.56,1.28,3.27,5.38,2.65,1.1,0.65,0.32,0.191666667,0.85,0.7,6.26,2.27,6.4,265.25,0.2,0.13,0.74,4.27,1.73,2.43,2.89,3.03,0.42,9.97,41.53,2.78,1.88,4.02,2.61,0,14.58,0.87
03/31/1931,0.19,1.06,32.90,0.42,5.20,2.42,4.84,5.01,4.42,4.92,0.00,4.04,0.84,14.07,25.45,4.74,4.52,0.33,0.00,4.11,16.43,1.33,0.69,20.56,9.59,0.14,2.95,1.39,1.85,2.11,1.68,14.95,16.91,0.44,2.82,13.07,1.50,1.54,3.43,0.00,4.99,1.01,2.75,3.79,9.85,0.76,1.84,2.69,2.97,4.53,0.65,0.76,5.19,0.13,0.84,1.64,0.83,0.00,3.09,6.27,1.50,8.69,3.58,33.49,8.42,12.15,13.44,12.27,16.20,18.09,0.92,12.93,20.25,83.11,29.61,0.19,10.85,0.13,2.72,22.02,0.39,0.38,11.18,1.41,0.67,1.83,6.09,0,3.09,1.25,2.11,3.6,9.98,0.94,3.05,1.79,0.53,1.447647059,6.42,1.84,6.75,9.09,8.9,366,1.11,0.34,2.04,9.69,2.65,3.72,5.11,8.52,1.03,17.09,84.29,9.22,4.23,9.04,5.88,0,25.25,0.84
04/30/1931,0.16,0.87,30.28,1.21,2.50,1.98,1.76,2.81,2.04,5.48,0.00,1.52,0.56,8.01,18.80,4.51,4.44,2.83,0.00,1.25,11.16,0.50,0.26,10.81,7.29,0.15,1.14,3.46,0.86,0.98,0.63,7.25,12.08,1.40,0.81,6.19,0.80,0.00,6.15,0.00,12.09,1.12,6.41,3.33,23.62,0.29,6.60,0.86,8.97,5.06,0.24,0.28,4.72,0.83,0.85,4.22,2.99,0.00,1.08,0.00,0.00,0.00,5.32,29.24,3.40,8.10,10.12,5.90,14.92,10.28,0.87,12.35,21.54,63.25,34.05,0.31,14.53,0.85,0.81,6.03,0.54,0.1,2.61,0.52,1.94,1.47,3.04,0,9.84,0.72,0.98,2.52,0.61,0,9.09,5.33,0.25,0.640392157,2.84,4.29,8.44,12.54,4.2,238.27,4.95,0.56,6.09,8.88,1.78,2.5,3.31,6.91,1.41,6.8,87.02,16.66,2.44,5.21,3.39,0,7.7,0.31
05/31/1931,0.08,0.44,24.39,2.03,1.90,1.10,1.48,1.30,1.46,6.35,0.00,0.94,0.24,6.09,17.94,3.53,4.81,5.70,0.00,0.62,14.58,0.31,0.16,6.87,3.34,0.11,0.35,2.68,0.35,0.40,0.33,5.39,7.80,2.51,0.35,0.00,0.40,0.00,9.56,0.00,9.46,1.30,3.41,2.80,20.31,0.15,5.47,0.25,8.60,5.15,0.13,0.15,4.17,0.96,0.64,2.52,3.58,0.32,0.49,0.00,0.01,0.06,1.66,19.78,3.81,5.69,10.15,4.48,12.01,3.30,0.58,8.17,15.52,41.36,27.55,0.11,4.36,0.98,0.35,19.37,0.17,0.04,0.83,0.16,3.25,0.68,2.07,0,12.88,0.48,0.4,1.13,7.35,0.94,8.52,5,0.1,0.10372549,0.46,2.28,0,14.85,3.3,195.52,3.95,0.2,5.71,5.21,0.76,1.07,1.9,6.81,0.45,3.29,65.08,10.69,1.61,3.44,2.24,0,3.83,0.2
06/30/1931,0.03,0.17,21.57,0.91,1.40,0.30,1.26,0.36,0.45,1.98,0.00,0.70,0.18,4.69,10.35,2.10,3.14,1.81,0.00,0.61,7.73,0.23,0.12,2.19,2.13,0.04,0.05,0.54,0.11,0.13,0.11,4.06,4.07,1.01,0.17,0.21,0.10,0.00,3.80,0.00,2.36,0.41,0.54,1.67,5.36,0.05,2.08,0.09,2.64,1.41,0.06,0.07,2.32,0.40,0.15,0.57,1.16,0.80,0.30,0.17,0.52,3.02,0.41,11.73,2.45,2.68,5.65,3.30,10.63,0.53,0.21,2.90,5.69,14.44,12.41,0.02,0.95,0.41,0.21,22.21,0.04,0.05,0.44,0.04,1.46,0.31,1.78,0,4.76,0.41,0.13,0.91,5.2,0.57,2.94,1.73,0.03,0.067647059,0.3,0.36,1.75,4.52,1.2,172.37,0.26,0.04,1.97,1.58,0.56,0.79,1.12,2.15,0.14,1.37,39.83,3.91,1.4,2.99,1.95,0,3.78,0.14
07/31/1931,0.00,0.03,20.50,0.38,1.20,0.13,0.95,0.24,0.05,0.51,0.00,0.46,0.09,3.39,8.54,1.53,2.45,0.26,0.00,0.31,2.01,0.15,0.08,1.15,0.70,0.02,0.01,0.09,0.08,0.09,0.06,3.43,2.49,0.41,0.03,1.67,0.10,0.00,0.99,0.00,0.84,0.10,0.04,1.15,1.26,0.03,0.18,0.12,0.57,0.36,0.03,0.04,1.48,0.86,0.01,0.28,0.32,0.44,0.16,0.00,0.00,0.00,0.24,9.05,1.22,1.13,4.17,2.83,10.10,0.66,0.00,0.00,2.56,3.37,6.67,0.01,0.58,0.88,0.07,12.90,0.03,0.01,0.24,0.02,0.6,0.09,1.63,0,1.42,0.41,0.09,0.37,0.32,0,0.91,0.53,0.02,0.182647059,0.81,0.03,2.79,1.13,0.2,160.62,0,0.01,0.61,0.67,0.29,0.41,0.83,0.59,0.09,0.15,8.44,0.4,1.39,2.97,1.93,0,1.88,0.09
08/31/1931,0.00,0.01,18.49,0.09,1.20,0.04,0.91,0.20,0.00,0.00,0.00,0.06,0.04,2.83,9.21,1.48,1.16,0.21,0.00,0.00,0.00,0.02,0.01,0.65,0.32,0.01,0.01,0.03,0.08,0.09,0.04,3.28,1.28,0.39,0.00,1.59,0.10,0.00,0.00,0.00,0.73,0.00,0.00,0.63,0.37,0.02,0.01,0.18,0.32,0.00,0.01,0.01,0.51,0.30,0.01,0.14,0.07,0.26,0.09,0.00,0.00,0.00,0.15,5.13,1.09,0.82,3.78,2.83,9.11,0.73,0.00,0.05,1.00,0.00,4.69,0.00,0.37,0.30,0.04,15.05,0.04,0.01,0.11,0.01,0.14,0.09,0.88,0,0.43,0.33,0.09,0.15,0.81,0,0.26,0.15,0.02,0.261568627,1.16,0,2.92,0,0.1,155.44,0,0,0.17,0.36,0.13,0.18,0.99,0,0.06,0,3.28,0.15,1.11,2.37,1.54,0,0,0.01
09/30/1931,0.00,0.01,15.95,0.00,1.20,0.01,0.96,0.24,0.00,1.38,0.00,0.12,0.05,3.02,11.21,1.69,0.52,0.16,0.00,0.00,0.00,0.04,0.02,0.76,0.44,0.01,0.01,0.00,0.12,0.14,0.03,3.28,1.07,0.37,0.00,0.00,0.00,0.00,3.06,0.00,0.23,0.28,0.00,0.46,0.02,0.01,0.01,0.26,0.05,0.62,0.01,0.01,0.32,0.41,0.02,0.01,0.00,0.56,0.29,0.00,0.25,1.46,0.01,3.18,1.36,0.84,3.89,2.83,7.85,0.77,0.00,0.00,1.21,22.13,4.62,0.00,0.02,0.42,0.05,0.00,0.02,0.01,0.11,0.01,0,0.15,0.49,0,0.02,0.37,0.14,0.12,2.68,0,0,0,0.03,0.277352941,1.23,0,0,2.48,0.2,153.12,0,0,0,0.31,0.15,0.21,1.13,2.15,0,0,2.72,0.15,1.25,2.67,1.74,0,0,0.03
10/31/1931,0.00,0.01,17.29,0.08,1.70,0.09,1.30,0.65,0.00,1.70,0.02,1.09,0.08,4.75,13.23,2.32,1.06,0.29,0.03,0.52,0.53,0.36,0.19,4.07,0.95,0.02,0.02,0.07,0.58,0.66,0.80,4.35,6.20,0.42,0.27,0.00,0.00,0.00,2.81,0.15,0.35,0.35,0.07,1.09,0.44,0.36,0.28,0.21,0.37,0.66,0.13,0.15,0.88,0.82,0.07,0.13,0.07,0.65,1.03,0.72,0.33,1.92,0.17,9.96,2.14,2.28,5.47,4.01,8.51,4.17,0.02,0.24,2.90,36.09,7.73,0.01,0.54,0.84,0.34,12.28,0.06,0.01,0.2,0.34,0.13,0.87,1.54,0,0.49,0.54,0.66,0.4,2.98,0.87,0.2,0.12,0.17,0.121764706,0.54,0.05,0,2.1,0.6,173.67,0,0.01,0.13,1.1,0.24,0.34,1.72,2.24,0.14,1.08,7.77,0.78,1.82,3.89,2.53,0.21,3.21,0.23
11/30/1931,0.01,0.06,17.69,0.17,1.90,0.23,1.96,1.17,0.78,1.40,0.03,3.34,0.20,5.57,11.03,1.54,1.88,0.40,0.09,0.53,1.96,1.10,0.57,9.07,3.04,0.03,0.02,0.14,0.56,0.64,1.18,4.75,8.52,0.47,0.51,1.28,0.00,1.63,1.10,0.21,0.63,0.29,0.15,1.14,0.90,0.53,0.43,0.22,0.48,0.85,0.44,0.52,1.48,0.03,0.25,0.26,0.16,0.20,1.28,0.00,0.55,3.22,0.35,12.45,2.53,3.56,5.46,4.48,8.71,5.10,0.18,2.61,4.11,9.86,7.94,0.01,1.12,0.03,0.91,2.41,0.11,0.02,0.55,0.85,0.27,0.99,4.87,0,1.01,0.5,0.64,1.7,3.29,0.86,0.47,0.28,0.16,0.085686275,0.38,0.1,2.73,1.64,1.6,176.12,0.07,0.02,0.32,1.76,0.64,0.9,1.38,2.16,0.3,2.01,10.45,1.04,1.69,3.61,2.35,0.67,3.28,0.69
12/31/1931,0.05,0.28,23.65,0.24,10.50,0.81,19.36,6.89,24.88,1.07,8.60,16.93,0.69,25.93,39.61,3.86,5.21,0.71,9.99,1.95,100.50,5.57,2.88,58.52,24.58,0.15,0.05,0.36,1.70,1.94,6.92,26.03,34.42,0.58,2.29,1.58,11.30,20.99,0.84,0.67,1.46,0.22,0.49,3.59,3.03,3.12,0.55,7.64,0.65,0.65,2.72,3.20,5.12,0.03,1.82,0.46,0.41,0.27,7.72,8.88,4.09,23.75,0.67,43.07,8.23,14.05,23.40,24.77,11.65,17.24,1.02,14.34,22.10,30.34,22.52,0.05,2.45,0.03,6.79,44.14,0.15,0.64,109.16,7.48,0.39,4.14,25.96,0,1.47,1.83,1.94,13.96,16.82,8.2,0.75,0.44,0.49,0.938039216,4.16,0.33,24.28,1.25,21.47,396.28,0,0.1,0.5,6.51,2.17,3.05,5.05,1.62,0.39,8.92,21.44,2.82,6.2,13.24,8.62,4.94,11.96,3.5
01/31/1932,0.07,0.41,24.25,0.25,5.30,0.75,9.06,5.24,22.12,2.51,3.35,11.46,0.73,17.99,20.59,2.85,4.06,0.21,6.43,3.15,60.11,3.77,1.95,33.56,14.88,0.16,0.12,0.44,1.90,2.17,5.33,13.11,31.14,0.39,4.35,4.56,12.80,22.74,1.67,0.63,1.65,0.51,0.63,2.73,3.58,2.40,0.61,16.22,0.89,1.64,2.16,2.54,4.34,0.03,1.87,0.53,0.37,0.35,3.60,12.09,3.56,20.66,0.72,39.12,7.72,12.76,12.33,12.50,11.95,22.18,1.10,15.57,23.99,20.75,22.63,0.08,3.15,0.03,5.99,63.85,0.16,0.38,40.35,5.15,0.4,4.16,19.05,0,1.6,1.23,2.17,8.58,13.3,6.56,1.09,0.64,0.54,1.237941176,5.49,0.42,16.49,3.1,14.68,346.18,0.06,0.14,0.73,7.35,2.31,3.24,4.52,3.89,0.41,15.3,31.07,3.07,4.18,8.93,5.81,5.78,19.35,2.37
02/29/1932,0.32,1.78,21.64,0.51,4.40,0.63,7.51,4.28,10.90,6.33,2.64,19.58,1.54,14.06,16.02,2.35,3.36,0.31,4.38,2.68,32.27,6.44,3.33,25.20,8.58,0.28,0.17,1.74,2.77,3.17,3.84,11.02,26.71,0.43,3.87,2.67,8.00,43.21,3.76,0.69,5.95,1.30,2.76,2.30,11.15,1.73,1.44,4.71,1.21,4.34,1.55,1.82,3.58,0.03,3.21,1.60,0.91,0.73,3.62,25.88,4.83,28.01,3.30,33.90,7.51,21.62,9.88,10.38,10.66,28.62,1.91,26.93,41.42,32.80,27.19,0.28,11.49,0.03,7.00,32.91,0.65,1.75,32.27,3.96,0.82,8.39,35.92,0,3.93,1.04,3.17,4.72,20.55,12.88,2.92,1.71,0.79,1.711470588,7.59,1.85,0.21,8.21,5.29,315.1,1.36,0.51,1.96,8.88,4.87,6.84,3.91,10.27,1.67,12.73,37.43,5.75,3.52,7.52,4.9,14.01,16.48,4.05
03/31/1932,0.78,4.36,48.24,0.85,7.80,4.21,6.04,7.66,14.64,7.41,0.61,6.05,1.95,26.20,28.45,6.38,8.65,0.39,1.22,7.56,14.12,1.99,1.03,42.65,19.61,0.31,6.38,3.38,6.10,6.97,6.61,19.29,79.10,0.46,10.00,22.63,13.80,0.00,4.46,2.61,12.48,1.52,6.44,5.76,22.68,2.98,3.94,5.98,4.44,5.61,2.74,3.22,9.05,0.73,1.43,2.97,1.20,4.18,8.12,31.83,0.00,0.00,8.82,90.85,19.69,31.67,17.66,18.40,23.76,63.82,2.01,28.32,45.74,107.26,56.46,0.81,35.50,0.75,8.35,77.82,1.73,1.57,7.2,6.3,1.37,7.33,11.95,0,6.74,2.09,6.97,10.13,0,5.07,7.54,4.43,1.74,2.500686275,11.09,4.31,28.48,10.04,3.69,656.24,1.42,1.46,5.06,18.76,6.18,8.68,10.59,13.62,4.44,33.02,168.23,18.62,7.07,15.1,9.83,12.27,46.44,1.25
04/30/1932,1.14,6.37,46.43,1.19,9.50,6.81,6.77,7.78,8.28,10.37,0.36,4.65,2.07,28.66,33.38,9.19,10.04,1.88,0.70,3.50,10.35,1.53,0.79,42.71,15.07,0.39,10.74,5.88,6.83,7.81,5.75,23.61,93.82,1.03,4.28,24.75,7.00,0.00,6.76,4.53,23.22,2.12,12.98,6.89,38.78,2.59,8.93,2.78,12.91,9.46,2.53,2.97,10.89,3.16,1.01,4.88,2.46,1.66,7.16,0.00,0.00,0.00,17.65,108.20,18.44,33.57,20.82,22.41,22.87,78.75,2.19,30.99,57.38,119.02,74.50,1.56,67.24,3.24,7.48,56.47,3.04,0.95,4.1,4.21,1.91,7.84,12.69,0,10.2,2.45,7.81,7.25,0,0.64,16.01,9.4,1.95,3.997941176,17.73,8.69,30.7,16.94,3.3,431.63,4.77,2.81,10.73,25.8,6.55,9.2,10.53,19.02,7.8,16.95,122.29,32.25,8.28,17.69,11.52,12.13,21.51,0.96
05/31/1932,1.34,7.50,61.57,2.99,9.90,7.66,5.48,5.49,9.57,23.09,0.25,3.62,1.37,26.75,40.94,13.20,18.05,9.45,0.62,2.84,14.80,1.19,0.61,33.32,13.88,0.59,4.48,9.70,4.75,5.43,2.58,24.61,98.34,3.95,3.35,13.63,1.60,0.00,28.19,6.52,36.94,4.73,17.40,9.83,62.81,1.17,21.27,4.03,32.11,21.49,1.15,1.35,16.36,2.30,4.28,7.83,6.28,3.62,2.72,34.62,0.99,5.77,13.86,123.11,29.74,45.96,26.67,23.35,30.33,85.90,3.68,51.96,86.89,144.80,143.02,1.33,44.08,2.36,5.87,18.27,2.23,0.93,3.14,2.02,4.8,7.8,11.47,0,26.68,2.97,5.43,6.55,5.95,10.31,33.63,19.74,1.36,4.735294118,21,11.65,34.5,52.48,10.78,463.52,11.15,2.4,22.55,38.91,4.35,6.11,9.91,26.7,5.53,17.36,203.22,55.6,10.06,21.49,13.99,5.84,17.47,0.75
06/30/1932,0.29,1.60,39.93,4.48,3.50,2.41,2.42,1.30,2.87,16.66,0.08,1.09,0.57,10.29,26.13,6.22,11.09,12.65,0.21,1.39,11.61,0.36,0.19,10.46,4.65,0.31,1.03,6.83,1.34,1.53,0.40,8.84,32.75,5.18,1.01,7.44,0.80,0.00,30.29,1.86,27.91,3.41,8.86,4.72,53.10,0.18,19.28,0.20,20.16,13.07,0.21,0.25,7.28,1.21,1.86,4.16,6.63,2.78,0.68,1.61,0.00,0.00,5.73,56.61,13.81,20.98,16.67,8.26,19.67,29.93,1.94,27.45,45.89,87.74,93.24,0.53,15.51,1.25,1.81,13.02,0.86,0.13,1.41,0.32,7.19,3.69,4.25,0,30.53,1.36,1.53,2.81,5.02,0,29.05,17.05,0.38,1.504019608,6.67,5.93,3.11,37.9,3.39,237.79,12.73,0.96,19.48,15.65,1.79,2.51,3.99,16.37,2.16,5.21,74.22,37.45,4.59,9.8,6.38,1.07,8.53,0.23
07/31/1932,0.03,0.18,27.27,1.56,2.00,0.44,1.30,0.40,0.00,1.72,0.03,1.06,0.40,5.05,13.93,2.56,3.13,4.50,0.05,0.92,1.44,0.35,0.18,1.97,1.17,0.05,0.05,0.72,0.40,0.46,0.15,5.05,7.44,2.04,0.21,1.16,0.20,0.00,4.02,0.28,5.52,0.35,0.63,1.30,9.15,0.07,4.18,0.40,1.97,0.92,0.06,0.07,1.47,0.12,0.30,1.01,1.49,1.21,0.21,0.00,0.36,2.08,1.42,17.65,4.46,4.62,7.27,4.72,13.43,8.18,0.34,4.79,7.74,33.71,22.74,0.07,3.97,0.13,0.42,0.00,0.28,0.02,0.39,0.04,2.5,1.5,4.71,0,8.3,0.58,0.46,0.85,7.34,0,6.15,3.61,0.11,0.326960784,1.45,0.42,10.05,3.39,1,180.8,1.54,0.12,4.12,2.17,1.28,1.8,1.94,1.94,0.8,0.65,16.5,5.88,1.95,4.17,2.71,0.16,5.66,0.22
08/31/1932,0.01,0.04,23.65,0.18,1.70,0.01,1.11,0.30,0.14,0.71,0.02,0.52,0.18,3.92,11.59,2.06,0.94,0.67,0.03,0.05,2.05,0.17,0.09,1.19,0.70,0.02,0.02,0.06,0.31,0.35,0.08,4.23,3.90,0.57,0.01,0.85,0.00,0.00,1.25,0.10,1.19,0.14,0.00,0.64,0.80,0.03,0.42,0.12,0.53,0.26,0.02,0.02,0.49,0.24,0.07,0.22,0.12,0.69,0.58,0.78,0.31,1.79,0.36,8.60,2.25,2.19,4.99,4.01,11.65,4.93,0.08,1.06,2.38,13.74,11.11,0.01,1.06,0.25,0.17,17.48,0.13,0.01,0.26,0.02,0.3,0.96,3.35,0,0.73,0.48,0.35,0.43,4.64,0.38,0.61,0.36,0.09,0.317941176,1.41,0,2.43,0.96,0,163.32,0,0.02,0.41,0.81,0.56,0.79,1.64,1.45,0.23,0.03,6.01,0.67,1.63,3.48,2.27,0.09,0.33,0.11
09/30/1932,0.00,0.01,17.69,0.15,1.60,0.01,1.05,0.33,0.00,0.65,0.01,0.18,0.13,3.50,11.39,1.98,0.72,0.10,0.03,0.00,5.43,0.06,0.03,1.44,0.95,0.00,0.02,0.07,0.29,0.33,0.07,3.96,3.70,0.35,0.00,2.62,0.00,0.00,1.96,0.12,1.02,0.13,0.03,0.50,0.97,0.03,0.05,0.13,0.42,0.18,0.02,0.02,0.44,0.00,0.02,0.25,0.11,0.98,0.28,0.00,0.00,0.00,0.46,7.35,1.68,1.47,4.52,3.77,8.71,3.15,0.02,0.29,0.45,29.40,8.10,0.01,1.44,0.00,0.14,0.00,0.13,0.01,0.23,0.05,0.24,0.55,6.4,0,0.9,0.45,0.33,0.36,1.22,0.14,1.02,0.6,0.08,0.239019608,1.06,0.02,1.59,1.01,0.3,153.97,0,0.02,0.68,0.58,0.41,0.58,1.58,1.12,0.28,0,3.43,0.35,1.51,3.23,2.1,0.08,0,0.04
10/31/1932,0.00,0.01,18.09,0.05,1.60,0.08,1.15,0.55,0.00,0.28,0.02,2.25,0.13,3.60,12.34,2.02,1.18,0.00,0.02,0.00,0.00,0.74,0.38,3.66,1.04,0.00,0.17,0.04,0.52,0.59,0.48,4.18,4.30,0.31,0.00,3.32,0.00,0.00,0.50,0.05,0.28,0.06,0.04,1.09,0.25,0.22,0.04,0.21,0.24,0.10,0.10,0.12,0.98,0.00,0.05,0.09,0.05,0.45,0.70,0.86,0.26,1.50,0.09,8.21,1.34,1.89,4.82,3.77,8.91,3.56,0.03,0.38,0.59,9.75,7.77,0.00,0.26,0.00,0.12,17.03,0.04,0.01,0.26,0.22,0.09,0.45,2.92,0,0.3,0.51,0.59,0.46,2.22,0.96,0.17,0.1,0.15,0.130784314,0.58,0.03,6.89,0.35,0.5,161.03,0,0.01,0.11,1.3,0.42,0.59,1.43,0.38,0.07,0,5.27,0.33,1.73,3.7,2.41,0.09,0,0.47
11/30/1932,0.00,0.02,18.22,0.10,1.70,0.20,1.32,1.22,0.50,0.89,0.01,1.40,0.15,4.68,10.88,1.46,1.61,0.10,0.06,0.09,5.14,0.46,0.24,7.01,1.48,0.01,0.19,0.07,0.48,0.55,0.76,4.49,5.70,0.35,0.04,5.03,0.10,0.34,1.30,0.07,0.34,0.18,0.07,1.13,0.44,0.34,0.08,0.09,0.26,0.38,0.27,0.32,1.39,0.04,0.11,0.15,0.09,0.54,1.03,0.00,0.26,1.53,0.16,9.81,1.59,1.86,4.97,4.01,8.98,4.49,0.07,0.95,1.58,11.97,7.81,0.01,0.47,0.04,0.19,0.00,0.05,0.02,0.57,0.58,0.15,0.38,1.87,0,0.54,0.28,0.55,0.78,0.66,1.09,0.23,0.13,0.14,0.013529412,0.06,0.05,4.92,1.1,0.99,179.76,0.07,0.01,0.15,2.02,0.47,0.66,1.27,1.25,0.12,0.17,15.11,0.4,0.94,2.01,1.31,0.21,0.55,0.29
12/31/1932,0.00,0.02,18.76,0.12,2.20,0.21,1.62,1.60,1.73,1.59,0.07,2.77,0.18,5.59,10.43,1.25,1.67,0.15,0.08,0.38,10.60,0.91,0.47,12.09,1.48,0.02,0.29,0.13,0.62,0.71,1.14,5.77,8.13,0.37,0.20,6.77,0.50,2.42,1.23,0.09,0.60,0.33,0.18,1.29,1.14,0.52,0.14,0.22,0.29,0.95,0.41,0.48,1.76,0.03,0.20,0.21,0.20,0.24,1.92,0.00,0.40,2.35,0.25,11.67,2.25,2.33,5.78,5.19,9.24,5.99,0.11,1.52,2.43,21.65,8.24,0.01,0.76,0.03,0.28,12.24,0.05,0.03,2.15,1.25,0.19,0.51,3.67,0,0.65,0.25,0.71,0.78,2.01,1.59,0.31,0.18,0.18,0,0,0.12,2.41,1.87,2.69,190.67,0.02,0.03,0.21,2.57,0.58,0.81,1.7,2.47,0.13,0.89,16.06,0.66,0.83,1.77,1.15,0.34,2.36,0.57
01/31/1933,0.01,0.08,21.37,0.18,3.00,0.24,3.20,2.41,5.08,1.81,2.24,4.23,0.16,8.78,15.42,2.02,2.67,0.65,1.83,0.67,42.84,1.39,0.72,18.28,6.56,0.03,0.21,0.27,0.65,0.74,1.85,7.96,13.90,0.56,0.56,5.25,2.60,8.80,1.13,0.07,1.03,0.37,0.39,1.99,2.24,0.84,0.18,0.54,0.30,1.18,0.74,0.87,2.89,0.03,0.36,0.39,0.31,0.22,1.92,0.00,0.67,3.87,0.42,23.03,1.61,3.24,8.50,7.08,10.53,7.05,0.18,2.52,3.96,61.16,8.54,0.04,1.69,0.03,0.41,0.00,0.08,0.04,39.3,1.98,0.29,0.88,5.95,0,1.09,0.33,0.74,3.44,4.13,1.98,0.41,0.24,0.19,0,0,0.26,1.75,2.28,5.87,221.85,0,0.07,0.27,2.72,0.51,0.72,2.86,2.83,0.21,2.47,16.19,0.96,1.13,2.41,1.57,0.82,4.13,0.87
02/28/1933,0.02,0.13,16.55,0.16,2.80,0.22,3.87,2.88,3.84,0.94,0.78,4.99,0.24,7.76,13.12,1.10,1.46,0.30,0.70,0.74,22.18,1.64,0.85,15.96,11.80,0.04,0.14,0.32,0.73,0.83,1.76,7.60,7.95,0.43,0.78,4.95,1.30,7.47,0.55,0.05,1.18,0.19,0.48,1.10,2.25,0.79,0.17,0.21,0.28,0.62,0.71,0.83,1.59,0.03,0.44,0.39,0.24,0.24,1.37,0.00,0.74,4.31,0.53,13.71,1.22,4.96,7.17,6.61,8.15,7.18,0.27,3.80,5.93,29.76,8.69,0.04,1.63,0.03,0.72,13.84,0.10,0.12,12.58,1.99,0.25,0.99,7.3,0,1.05,0.42,0.83,6.41,3.07,2.97,0.56,0.33,0.21,0,0,0.32,5.69,1.22,4.87,221.26,0,0.07,0.38,2.77,0.76,1.07,1.67,1.45,0.25,3.39,18.14,0.99,1.41,3.01,1.96,1,4.58,1.03
03/31/1933,0.13,0.70,37.32,0.26,7.40,1.14,15.26,5.93,12.03,2.97,1.65,10.18,1.06,22.56,25.61,3.22,4.22,0.17,2.16,3.94,40.97,3.35,1.73,29.98,26.79,0.15,0.99,0.89,2.31,2.64,4.71,19.67,25.26,0.38,4.78,9.50,4.10,8.76,1.72,0.40,2.96,0.61,1.40,3.07,5.84,2.12,0.42,14.81,0.49,2.04,1.85,2.18,4.50,0.58,1.20,0.94,0.49,4.17,5.44,9.09,1.98,11.48,1.59,36.23,8.69,15.19,14.41,17.46,18.38,22.88,0.91,12.91,21.63,47.52,23.97,0.12,5.55,0.60,4.81,43.29,0.27,0.92,26.9,3.82,0.41,2.96,16.34,0,1.93,1.14,2.64,14.1,8.39,6.18,1.63,0.96,0.66,0.381078431,1.69,0.94,12.56,3.88,14.92,807.92,0.02,0.22,1.09,7.68,3.36,4.72,5.06,5.09,0.69,18.71,132.64,2.04,3.85,8.22,5.35,3.4,24.22,2.11
04/30/1933,0.47,2.62,34.91,0.94,6.00,2.12,5.16,5.99,8.17,6.68,0.56,3.77,1.31,18.02,26.79,5.00,5.34,0.96,0.69,6.32,12.86,1.24,0.64,28.37,16.61,0.25,1.40,3.50,4.27,4.88,3.22,15.74,36.74,0.68,7.52,24.88,2.40,0.00,4.00,0.69,13.20,1.37,6.96,4.13,23.88,1.45,4.40,6.02,5.88,5.24,1.36,1.60,6.04,1.63,0.69,3.48,1.63,3.18,4.59,0.00,0.00,0.00,9.52,52.85,11.02,20.23,15.16,14.15,17.19,44.41,1.47,20.73,36.88,80.74,47.58,0.72,34.22,1.68,4.38,41.15,1.54,0.7,9.04,2.77,1.5,4.91,6.57,0,7.27,1.62,4.88,7.55,0,0.75,7.54,4.43,1.22,1.734019608,7.69,4.66,20.27,9.47,10.15,487.16,3.14,1.3,5.06,15.94,4.14,5.81,6.27,12.39,3.89,27.56,184.61,17.16,5.47,11.68,7.61,5.99,38.83,0.78
05/31/1933,0.79,4.39,42.08,1.54,5.70,4.20,4.62,4.37,7.17,11.66,0.30,3.92,1.56,18.00,28.16,7.97,8.31,3.82,0.43,4.47,9.23,1.29,0.67,20.90,10.00,0.35,3.06,5.32,2.91,3.33,1.95,15.11,41.99,1.78,4.77,11.28,1.80,4.62,10.08,1.53,20.07,2.39,10.46,5.79,35.17,0.88,9.53,7.92,14.71,11.30,0.80,0.94,8.74,1.62,2.14,5.38,3.62,2.78,2.40,0.00,0.00,0.00,9.59,60.12,15.77,23.62,16.37,13.45,20.72,40.68,2.12,29.91,50.96,73.59,68.80,0.77,30.23,1.67,4.03,49.80,1.36,1.05,4.67,1.29,2.47,4.93,9.01,0,13.33,1.89,3.33,4.31,0,0,15.92,9.34,0.83,2.209803922,9.8,7,14.59,23.92,9.45,425.4,6.3,1.38,10.67,20.51,4.94,6.94,6.54,17.68,3.44,21.06,168.03,27.77,6.4,13.67,8.9,4.23,27.46,0.81
06/30/1933,0.39,2.17,39.13,3.75,3.00,1.69,1.58,1.75,4.26,14.13,0.04,1.06,0.86,9.80,27.31,6.52,10.21,10.61,0.09,2.17,4.72,0.35,0.18,11.13,4.72,0.27,1.82,5.38,1.00,1.14,0.35,8.03,26.05,4.40,2.03,0.00,0.80,0.00,22.06,0.94,21.21,2.90,6.98,5.15,41.12,0.16,14.64,1.47,18.47,11.64,0.19,0.22,7.84,2.10,1.80,4.09,6.05,5.00,0.71,0.00,1.09,6.30,4.12,44.47,11.56,16.76,16.33,7.08,19.27,17.87,1.56,22.08,40.41,58.83,70.51,0.35,11.35,2.16,1.20,29.21,0.56,0.15,0.92,0.34,6.02,2.49,3.23,0,24.75,1.28,1.14,2.54,13.23,0,20.28,11.9,0.29,1.010196078,4.48,4.67,0,32.84,6.37,277.11,9.02,0.63,13.6,12.78,2.72,3.82,3.74,14.36,1.4,12.42,180,28.03,4.33,9.25,6.02,0.65,13.34,0.22
07/31/1933,0.03,0.16,23.45,0.82,1.60,0.36,1.13,0.39,0.35,2.70,0.01,0.73,0.17,4.29,12.71,2.21,3.46,2.09,0.02,1.02,5.03,0.24,0.12,2.23,1.93,0.03,0.27,0.27,0.20,0.23,0.11,4.49,5.94,1.12,0.33,0.00,0.10,0.00,5.37,0.12,2.28,0.55,0.19,1.52,3.77,0.05,1.72,0.15,1.14,1.96,0.05,0.06,1.97,0.20,0.14,0.56,0.77,2.03,0.20,0.84,0.31,1.80,0.61,15.44,2.59,3.09,6.65,3.77,11.55,3.24,0.19,2.64,4.67,28.49,14.23,0.02,1.58,0.21,0.23,0.00,0.12,0.02,0.32,0.05,1.32,0.53,2.4,0,3.87,0.51,0.23,1.29,4.52,1.67,2.54,1.49,0.06,0.189411765,0.84,0.13,0,6.09,1.39,185.07,0,0.04,1.7,1.55,0.53,0.74,1.36,2.82,0.31,1.49,32.84,2.33,1.74,3.72,2.42,0.04,6.26,0.15
08/31/1933,0.00,0.01,21.11,0.13,1.60,0.06,1.01,0.25,0.10,1.78,0.01,0.64,0.12,3.47,10.49,1.74,1.23,0.22,0.01,0.17,0.00,0.21,0.11,0.93,0.61,0.01,0.25,0.03,0.17,0.19,0.07,4.01,2.56,0.40,0.04,0.00,0.00,0.00,3.87,0.04,0.42,0.36,0.00,0.66,0.47,0.03,0.12,0.14,0.30,0.93,0.02,0.02,0.55,0.09,0.04,0.16,0.09,0.82,0.19,1.08,0.17,0.96,0.21,7.24,1.42,1.46,4.48,3.77,10.40,2.48,0.07,0.97,1.75,23.51,8.09,0.00,0.57,0.09,0.09,0.00,0.04,0.01,0.12,0.01,0.2,0.25,2.82,0,0.49,0.6,0.19,0.29,2.93,0,0.4,0.23,0.05,0.297647059,1.32,0,0,3.34,0,163.33,0,0.01,0.27,0.64,0.37,0.52,1.27,2.47,0.11,0.1,8.34,0.39,2.02,4.31,2.81,0.02,1.06,0.13
09/30/1933,0.00,0.01,16.48,0.07,1.50,0.01,1.04,0.28,0.00,0.51,0.01,0.18,0.14,3.52,11.59,1.82,0.61,0.00,0.01,0.01,2.65,0.06,0.03,1.04,0.41,0.01,0.16,0.03,0.20,0.23,0.05,3.92,2.13,0.31,0.00,1.77,0.00,0.00,1.36,0.04,0.33,0.11,0.01,0.49,0.42,0.02,0.04,0.05,0.35,0.14,0.01,0.01,0.37,0.00,0.04,0.13,0.05,1.32,0.37,0.00,0.23,1.36,0.18,4.95,1.36,1.24,4.28,3.54,8.12,2.00,0.05,0.65,1.02,19.83,6.56,0.00,0.52,0.00,0.09,10.81,0.04,0.01,0.15,0.03,0.11,0.47,2.89,0,0.42,0.44,0.23,0.11,3.88,0,0.43,0.25,0.06,0.223235294,0.99,0.01,1.12,0.79,0.5,161.39,0,0.01,0.29,0.46,0.43,0.6,1.33,0.94,0.1,0,5.35,0.31,1.49,3.18,2.07,0.04,0.03,0.04
10/31/1933,0.01,0.05,19.16,0.27,1.70,0.08,1.29,0.57,0.00,1.27,0.02,1.28,0.12,4.46,12.47,1.97,1.11,0.58,0.03,0.07,11.05,0.42,0.22,3.80,1.06,0.02,0.19,0.25,0.56,0.64,0.68,4.48,4.12,0.53,0.03,3.37,0.10,0.00,1.83,0.05,1.02,0.26,0.30,1.05,1.95,0.31,0.34,0.21,0.36,0.54,0.14,0.16,0.92,0.00,0.09,0.49,0.38,0.54,0.92,0.68,0.16,0.94,0.45,7.52,1.59,2.33,4.96,4.01,9.44,3.96,0.13,1.81,2.79,14.80,8.86,0.02,1.36,0.00,0.23,0.82,0.09,0.05,0.19,0.24,0.43,0.68,1.65,0,1.48,0.39,0.64,0.46,2.91,0.1,0.44,0.26,0.16,0.216470588,0.96,0.2,3.44,1.56,0.8,170.52,0.17,0.04,0.29,1.66,0.37,0.52,1.39,1.77,0.24,0.13,6.53,1.76,1.32,2.82,1.84,0.21,0.44,0.26
11/30/1933,0.01,0.04,15.28,0.24,1.70,0.25,1.29,1.15,0.93,2.37,0.02,1.55,0.14,4.24,10.47,1.39,1.53,0.03,0.08,0.30,0.00,0.51,0.26,7.05,2.44,0.02,0.21,0.41,0.55,0.63,0.78,4.44,5.11,0.32,0.13,4.36,0.00,2.75,1.71,0.07,1.43,0.48,0.58,1.06,3.04,0.35,0.71,0.27,0.60,1.47,0.28,0.33,1.28,0.00,0.23,0.58,0.39,0.24,0.91,0.00,0.39,2.27,0.61,8.73,1.79,2.42,4.86,4.01,7.52,4.72,0.10,1.44,2.22,20.43,8.50,0.04,1.93,0.00,0.23,0.00,0.10,0.04,0.56,0.66,0.38,0.69,2.06,0,1.5,0.25,0.63,1.25,2.44,1.23,0.74,0.43,0.16,0.101470588,0.45,0.39,0,2.84,1.7,170.8,0.28,0.07,0.5,2.36,0.44,0.62,1.16,3.71,0.26,0.62,9.46,1.89,0.84,1.79,1.17,0.41,1.83,0.32
12/31/1933,0.13,0.71,26.53,0.32,7.90,0.55,9.90,4.55,14.62,3.56,2.99,9.03,0.46,17.46,28.34,2.97,3.93,0.72,3.10,1.99,62.03,2.97,1.53,35.71,6.94,0.10,0.71,1.00,1.40,1.60,4.05,20.56,19.73,0.59,1.79,9.08,5.70,6.69,2.06,0.22,3.26,0.73,1.58,2.98,6.56,1.83,0.92,11.31,0.96,2.39,1.56,1.83,4.20,0.00,0.89,1.17,0.56,0.31,5.01,0.00,2.28,13.23,1.82,27.93,5.96,9.42,15.96,18.64,13.07,14.28,0.66,9.28,14.25,50.00,18.35,0.12,5.99,0.00,1.33,12.42,0.27,0.31,44.48,4.01,0.51,2.19,12.65,0,2.34,1.11,1.6,3.53,8.39,3.61,1.51,0.89,0.4,0.180392157,0.8,1.06,4.88,4.63,14.9,326.72,0.18,0.22,1.01,5.81,1.45,2.04,4.07,5.72,0.67,8.62,28.15,4.16,3.75,8.01,5.22,1.95,12.25,1.87
01/31/1934,0.23,1.27,28.88,0.34,6.60,1.06,8.54,5.70,18.14,3.33,2.64,8.97,0.82,20.25,24.91,3.43,4.53,0.34,2.95,3.47,37.99,2.95,1.52,33.08,18.31,0.14,0.96,1.08,2.24,2.56,5.14,17.03,25.76,0.44,3.82,14.26,8.90,14.25,1.92,0.37,3.99,0.68,2.08,3.36,7.84,2.32,1.29,15.80,1.42,2.37,2.03,2.39,4.92,0.33,1.23,1.24,0.56,1.62,3.79,0.00,3.35,19.45,2.76,38.02,8.80,12.28,14.07,15.57,14.22,21.62,0.94,13.21,21.30,67.09,23.97,0.19,9.45,0.34,2.27,45.60,0.41,0.47,34.76,4.47,0.55,3.33,13.7,0,2.43,1.5,2.56,9.71,12.49,3.49,2.21,1.3,0.64,1.533333333,6.8,1.39,10.11,4.42,15.3,480.44,0.59,0.33,1.48,7.64,2.59,3.64,5.29,6.16,1.03,16.01,78.31,6.25,5.07,10.83,7.05,3.45,21.31,1.86
02/28/1934,0.27,1.53,27.20,0.33,7.30,1.22,12.03,7.06,18.04,4.61,3.12,8.51,0.94,26.70,28.98,4.21,4.97,0.51,5.26,3.47,56.73,2.80,1.45,35.95,19.58,0.15,1.31,1.24,2.65,3.03,5.84,18.86,33.26,0.51,3.70,15.00,10.10,14.67,2.83,0.61,4.72,0.95,2.54,3.70,8.56,2.63,1.67,6.05,2.33,3.89,2.40,2.82,5.39,0.18,1.31,1.31,0.69,2.57,7.72,0.00,3.41,19.80,3.41,46.43,10.48,13.60,16.87,17.22,13.40,26.68,0.98,13.86,21.84,72.42,29.33,0.22,11.08,0.18,3.66,33.69,0.46,0.72,41.36,4.77,0.52,3.09,14.35,0,2.56,2.02,3.03,9.54,11.92,3.52,2.89,1.7,0.76,2.466862745,10.94,1.7,9.13,6.94,13.2,492.48,0.97,0.39,1.94,9.71,2.99,4.2,5.95,8.61,1.14,14.85,104.73,8.16,6.84,14.61,9.51,3.59,21.32,1.76
03/31/1934,0.42,2.32,38.19,0.99,6.10,2.72,5.22,6.49,12.63,10.48,1.28,3.65,0.87,20.88,30.86,6.58,6.73,2.14,2.04,4.22,26.80,1.20,0.62,31.91,12.10,0.27,2.62,3.34,2.91,3.33,3.53,15.78,41.62,1.13,4.03,15.48,8.90,0.00,9.19,1.17,12.36,2.15,6.77,4.94,22.33,1.59,7.32,8.29,9.82,10.17,1.52,1.79,7.31,2.71,1.81,3.88,2.39,2.23,4.68,7.50,1.66,9.62,6.28,56.96,13.68,18.22,18.06,14.39,18.81,37.33,1.46,20.60,40.04,54.07,55.66,0.43,18.51,2.79,2.43,66.27,0.79,0.41,16.83,2.78,1.59,3.31,7.11,0,8.15,1.79,3.33,5.33,11.3,0,9.34,5.48,0.83,2.435294118,10.8,4.53,5.41,21.78,7.6,457.54,3.5,0.77,6.26,17.6,2.75,3.86,6.41,15.66,1.98,18.49,174.98,20.54,6.05,12.92,8.41,2.22,25.92,0.75
04/30/1934,0.22,1.22,32.63,1.58,3.90,1.91,2.71,3.13,5.22,10.62,0.39,0.82,0.35,12.57,25.30,5.67,6.98,4.55,0.71,1.65,15.09,0.27,0.14,17.31,7.33,0.16,1.00,3.02,0.84,0.96,1.28,10.11,27.13,2.06,1.51,0.00,1.00,0.00,15.39,0.46,11.04,2.17,4.21,4.25,21.04,0.58,6.90,3.86,12.06,8.96,0.53,0.62,6.60,0.00,1.34,2.82,3.14,2.46,1.29,0.00,2.36,13.70,2.28,46.41,6.02,11.43,15.42,9.20,16.07,13.01,1.09,15.40,23.64,54.81,46.82,0.18,6.48,0.00,1.09,41.30,0.26,0.09,4.83,0.93,2.53,1.42,2.02,0,11.31,1.19,0.96,3.06,16.62,0,9.25,5.43,0.24,0.773431373,3.43,2.82,0,24.85,6.2,325.97,4.83,0.33,6.2,10.4,1.12,1.57,3.92,10.83,0.64,9.44,144.58,15.05,4.02,8.59,5.59,0.41,10.16,0.17
05/31/1934,0.07,0.42,26.40,1.43,2.40,0.59,1.85,1.08,2.57,4.21,0.12,1.58,0.27,8.07,16.95,3.49,5.39,2.84,0.31,0.88,7.06,0.52,0.27,7.45,3.78,0.08,0.47,1.43,0.31,0.35,0.33,6.27,14.71,1.40,0.67,1.24,0.50,0.00,8.35,0.23,5.78,0.86,1.61,2.78,12.33,0.15,4.06,1.56,5.27,3.09,0.19,0.22,4.31,0.34,0.48,1.02,2.21,2.25,0.63,0.00,1.12,6.49,0.84,27.18,3.82,6.39,10.39,5.66,13.00,4.33,0.48,6.79,11.48,27.46,26.11,0.06,1.99,0.35,0.72,2.63,0.12,0.06,1.79,0.24,2.3,0.74,3.82,0,8.84,0.74,0.35,1.92,7.99,1.21,6.45,3.79,0.09,0.293137255,1.3,1.08,3.78,9.55,3.2,253.07,2.2,0.11,4.32,4.07,0.84,1.18,2,4.29,0.29,4.61,77.5,7.6,2.5,5.34,3.48,0.1,5.41,0.33
06/30/1934,0.04,0.23,23.58,0.91,1.80,0.40,1.38,0.44,1.00,1.63,0.03,1.09,0.10,5.55,11.30,2.02,3.47,0.92,0.07,0.57,13.25,0.36,0.19,3.01,1.70,0.03,0.21,0.45,0.14,0.16,0.18,4.56,6.28,0.67,0.25,1.20,0.40,0.00,3.35,0.10,2.56,0.33,0.43,1.51,4.87,0.08,2.38,0.04,1.39,1.12,0.09,0.11,2.05,0.12,0.18,0.57,1.03,1.42,0.33,0.00,0.63,3.63,0.49,15.61,2.27,3.03,6.61,4.25,11.62,2.00,0.19,2.73,4.56,23.61,12.29,0.02,1.17,0.12,0.31,0.29,0.08,0.04,0.66,0.08,1.45,0.47,3.32,0,4.64,0.43,0.16,0.99,2.23,3.31,3.26,1.91,0.04,0.144313725,0.64,0.29,3.06,3.59,1.5,186.37,0.55,0.04,2.19,1.54,0.33,0.46,1.2,1.81,0.21,1.39,26.73,3.9,1.44,3.08,2,0.04,3.5,0.23
07/31/1934,0.00,0.02,20.64,0.24,1.40,0.19,1.03,0.24,0.00,0.81,0.02,1.00,0.09,3.90,9.27,1.60,2.16,0.39,0.03,0.54,4.61,0.33,0.17,1.08,0.75,0.01,0.16,0.06,0.11,0.13,0.10,3.84,3.64,0.46,0.08,0.58,0.00,0.00,1.85,0.03,0.62,0.17,0.00,0.97,0.84,0.05,0.18,0.05,0.31,0.43,0.04,0.05,1.14,0.00,0.03,0.23,0.19,0.67,0.16,0.28,0.20,1.14,0.24,10.78,1.09,1.52,4.56,3.30,10.16,1.71,0.06,0.88,1.34,20.73,7.10,0.01,0.67,0.00,0.09,0.00,0.04,0.01,0.27,0.02,0.38,0.18,3.42,0,0.86,0.52,0.13,0.5,2.01,0.72,0.59,0.35,0.03,0.243529412,1.08,0,0.9,1.63,0.3,163.12,0,0.01,0.4,0.61,0.28,0.39,1.05,0.93,0.11,0.26,8.56,0.43,1.77,3.78,2.46,0.01,3.3,0.21
08/31/1934,0.00,0.01,19.23,0.04,1.30,0.11,1.06,0.24,0.00,0.00,0.01,0.64,0.10,3.07,9.88,1.64,0.99,0.00,0.02,0.00,3.06,0.21,0.11,0.88,0.33,0.01,0.16,0.01,0.12,0.14,0.06,3.36,2.20,0.31,0.00,1.24,0.00,0.00,0.00,0.02,0.13,0.00,0.00,0.58,0.15,0.03,0.02,0.05,0.16,0.00,0.01,0.01,0.46,0.70,0.04,0.05,0.03,0.51,0.35,0.00,0.39,2.25,0.07,6.66,0.97,1.11,4.11,3.07,9.47,1.58,0.00,0.00,1.89,21.84,5.37,0.00,0.18,0.72,0.05,0.00,0.01,0.01,0.18,0.01,0.07,0.24,3.27,0,0.17,0.51,0.14,0.18,3.04,0,0.15,0.09,0.03,0.288627451,1.28,0,3.24,0,0.2,152.34,0,0,0.1,0.4,0.32,0.45,1.19,0,0.03,0,4.47,0.16,1.74,3.72,2.42,0.01,0.01,0.13
09/30/1934,0.00,0.01,15.48,0.04,1.20,0.03,1.18,0.28,0.00,0.88,0.01,0.15,0.07,3.11,10.72,1.60,0.53,0.03,0.02,0.00,1.36,0.05,0.03,1.09,0.70,0.01,0.12,0.02,0.15,0.17,0.05,3.35,1.88,0.32,0.00,0.00,0.00,0.00,2.03,0.03,0.20,0.18,0.01,0.42,0.27,0.02,0.03,0.04,0.11,0.30,0.01,0.01,0.33,0.37,0.03,0.09,0.04,0.93,0.28,0.00,0.33,1.92,0.11,4.40,1.16,1.17,4.03,2.83,7.62,1.41,0.02,0.25,1.53,19.70,5.21,0.00,0.29,0.38,0.06,0.00,0.02,0.01,0.17,0.03,0.07,0.31,2.54,0,0.28,0.44,0.17,0.25,2.83,0.35,0.26,0.15,0.04,0.261568627,1.16,0.01,0,1.27,0.4,147.91,0,0,0.17,0.36,0.22,0.31,1.17,1.72,0.05,0,3.29,0.17,1.49,3.18,2.07,0.03,0,0.03
10/31/1934,0.00,0.01,17.49,0.11,1.70,0.08,1.26,0.58,0.00,0.79,0.02,0.49,0.10,4.29,10.66,1.79,0.83,0.26,0.04,0.31,2.81,0.16,0.08,3.75,0.90,0.01,0.21,0.09,0.48,0.55,0.80,3.90,5.36,0.41,0.17,1.13,0.10,0.00,1.45,0.10,0.40,0.16,0.09,0.83,0.58,0.36,0.15,0.06,0.43,0.27,0.08,0.09,0.67,0.38,0.04,0.17,0.09,1.05,0.98,0.00,0.16,0.95,0.21,8.96,1.04,1.38,4.68,4.01,8.61,3.52,0.04,0.54,2.01,16.99,6.40,0.01,0.69,0.39,0.20,4.12,0.07,0.02,0.18,0.35,0.17,0.58,0.72,0,0.64,0.39,0.55,0.3,1.48,0.54,0.31,0.18,0.14,0.24127451,1.07,0.06,2.66,0.98,0.4,162.65,0,0.01,0.21,0.91,0.33,0.46,1.38,1.02,0.18,0.62,12.17,0.44,1.32,2.82,1.84,0.14,1.93,0.1
11/30/1934,0.02,0.11,23.25,0.45,4.00,0.39,4.13,2.29,5.34,4.16,0.46,3.83,0.35,9.55,22.39,2.93,2.83,0.33,1.06,2.36,23.89,1.26,0.65,18.11,17.75,0.06,0.66,0.62,1.01,1.15,2.18,9.59,14.99,0.44,2.52,0.00,1.30,0.00,4.00,0.36,2.53,0.85,0.82,1.87,4.89,0.98,1.43,0.78,1.35,2.34,0.76,0.89,2.25,0.52,0.32,0.85,0.68,1.40,2.33,0.00,0.43,2.51,1.13,21.59,3.55,5.44,11.25,9.44,11.45,9.36,0.31,4.37,8.35,34.47,14.23,0.09,4.25,0.54,1.17,0.00,0.28,0.11,7,1.84,0.73,1.95,5.71,0,2.75,0.73,1.15,10.83,3.53,2.17,1.48,0.87,0.29,0.220980392,0.98,0.55,0,4.93,7.39,302.51,0.66,0.16,0.99,3.17,1.12,1.57,2.53,6.22,0.71,8.99,82.08,3.27,2.47,5.28,3.44,1.31,14.52,0.79
12/31/1934,0.05,0.26,22.85,0.30,3.30,0.39,3.73,2.89,4.79,3.56,0.38,5.26,0.55,8.59,16.04,2.23,2.82,0.35,0.34,1.40,12.05,1.73,0.89,25.69,8.96,0.05,0.72,0.65,1.11,1.27,2.27,8.05,18.52,0.45,2.02,7.20,2.00,1.13,2.19,0.43,2.37,0.73,0.97,1.82,4.61,1.02,0.80,0.42,1.60,2.38,0.85,1.00,2.56,0.03,0.35,0.71,0.43,1.41,2.88,0.00,0.28,1.63,1.14,23.03,3.96,5.54,9.82,7.78,11.25,10.67,0.35,5.01,7.76,17.88,14.93,0.09,3.88,0.03,1.29,18.20,0.24,0.08,5.68,3.3,0.47,1.31,7.98,0,2.05,0.68,1.27,5.46,1.2,0,1.12,0.66,0.32,0.293137255,1.3,0.65,0.99,4.52,3.7,238.58,0.58,0.17,0.75,4.22,1.73,2.43,2.49,5.5,0.6,7.12,54.23,3.31,2.31,4.93,3.21,1.31,8.61,1.09
01/31/1935,0.08,0.46,25.73,0.26,12.40,0.83,19.65,9.49,31.87,2.50,10.28,15.60,0.55,28.76,43.56,3.54,5.28,0.55,12.61,2.95,127.34,5.13,2.65,82.08,41.77,0.15,1.42,1.03,1.85,2.11,8.85,29.61,41.47,0.52,4.49,0.00,17.30,9.63,1.49,0.74,3.51,0.51,1.66,3.58,6.54,3.99,0.74,15.92,2.33,1.68,3.55,4.17,5.39,0.03,1.51,0.94,0.53,2.50,9.10,0.00,4.20,24.37,1.96,48.72,7.17,18.75,27.91,29.25,12.67,21.65,1.02,14.41,22.20,35.23,21.79,0.17,6.97,0.03,3.70,46.38,0.38,0.39,121.35,12.3,0.42,3.88,24.37,0,2.08,1.67,2.11,26.54,16.34,4.72,1.55,0.91,0.53,1.055294118,4.68,1.11,14.76,3.23,19.68,485.74,0.66,0.31,1.04,7.09,1.73,2.43,5.46,3.87,0.96,14.74,57.14,3.2,5.67,12.11,7.89,5.5,18.14,3.23
02/28/1935,0.19,1.07,23.45,0.36,7.10,1.07,10.11,6.69,18.59,2.87,1.66,11.28,1.08,20.12,23.43,2.69,3.92,0.35,2.17,4.55,25.86,3.71,1.92,44.86,27.11,0.16,1.27,1.39,2.79,3.19,6.75,16.82,33.96,0.45,7.38,12.30,8.00,1.87,1.70,0.76,4.93,0.59,2.46,2.52,8.85,3.04,0.67,10.46,2.82,2.03,2.81,3.30,4.20,0.03,1.07,1.27,0.48,2.72,4.30,10.26,1.18,6.85,3.21,41.58,7.14,14.75,15.01,16.75,11.55,29.71,1.07,15.16,23.36,48.72,28.94,0.29,12.41,0.03,4.85,24.93,0.62,0.87,17.97,7.5,0.58,3.87,19.11,0,2.96,1.19,3.19,16.74,4.11,3.5,2.64,1.55,0.8,1.533333333,6.8,1.65,20.15,3.75,13.19,506.3,0.78,0.52,1.77,9.45,3.41,4.79,4.5,5.08,1.56,22.13,97.8,5.55,4.04,8.63,5.62,5.81,27.96,2.33
03/31/1935,0.21,1.19,33.43,0.42,12.90,1.49,21.96,9.82,35.27,5.08,10.36,19.37,1.23,35.28,33.20,3.74,5.49,0.71,18.48,4.12,107.85,6.37,3.29,60.75,22.46,0.20,1.91,1.63,3.53,4.03,11.06,30.50,49.49,0.58,6.38,10.36,12.00,21.36,3.03,1.29,6.31,1.04,3.26,3.60,11.53,4.99,1.11,20.12,2.92,3.72,4.50,5.29,5.83,0.52,1.51,1.47,0.63,1.61,9.55,5.11,2.01,11.64,4.56,59.39,11.21,20.30,21.91,30.43,16.47,37.35,1.31,18.48,29.98,51.31,32.83,0.41,18.47,0.54,5.54,62.52,0.90,0.87,111.09,10.42,0.67,5.58,34.24,0,3.15,1.94,4.03,13.56,11.26,4.91,3.42,2.01,1.01,1.898627451,8.42,2.18,11.5,6.76,26.88,600.03,1.11,0.74,2.29,10.76,3.9,5.48,6.48,9.31,2.27,18.75,78.57,6.76,6.56,14.01,9.12,9.43,25.33,4.01
04/30/1935,1.77,9.85,94.47,1.43,26.50,13.37,31.19,17.33,44.81,14.14,6.20,29.21,3.38,80.74,66.65,17.92,21.98,2.61,11.31,11.61,79.14,9.61,4.96,100.17,62.75,0.84,12.58,6.76,12.42,14.19,19.80,63.01,227.95,1.32,16.30,34.82,9.30,6.36,9.18,10.34,26.91,2.90,14.67,14.39,44.35,8.93,9.10,36.69,12.99,12.72,8.52,10.02,23.26,2.95,6.06,5.88,3.14,4.50,22.71,65.64,8.40,48.72,18.42,249.62,56.01,78.26,44.18,62.51,46.53,142.64,5.26,74.26,123.15,22.70,135.13,1.62,68.29,3.03,21.47,394.24,3.15,4.55,67.11,11.54,2.3,17.38,62.55,0,12.75,5.98,14.19,33.45,0.79,37.15,19.36,11.36,3.55,8.104117647,35.94,9.82,81.47,23.14,39.87,1210.83,5.31,2.92,12.98,46.35,10.71,15.04,25.02,25.42,7.93,54.5,243.69,54.3,20.25,43.25,28.16,27.36,71.29,6.05
05/31/1935,1.38,7.70,96.35,3.30,14.40,12.39,6.22,6.05,13.68,26.50,1.00,5.08,1.17,40.92,48.98,18.01,25.61,9.36,2.46,3.55,13.16,1.67,0.86,43.93,28.29,0.59,10.54,9.00,4.35,4.97,3.76,34.37,151.85,3.91,4.49,17.58,3.10,0.00,33.78,8.73,34.49,5.43,14.94,13.36,59.36,1.70,23.67,3.72,30.35,24.40,1.76,2.07,22.85,2.30,4.98,7.15,6.42,6.04,4.18,24.97,6.41,37.20,10.94,192.70,31.46,45.45,34.14,33.97,47.45,85.28,3.68,52.01,86.97,141.29,151.14,1.03,33.37,2.36,5.76,45.21,1.63,0.71,11.02,2.37,5.29,7.44,15.99,0,26.91,4.04,4.97,15.49,7.16,16.91,31.66,18.58,1.24,3.661960784,16.24,10,21.29,60.48,12.89,581.38,11.15,1.85,21.23,38.87,3.71,5.21,13.86,29.87,4.09,21.99,215.25,61.32,13.68,29.22,19.03,4.98,21.78,1.05
06/30/1935,0.30,1.70,46.70,3.54,4.60,3.50,2.24,1.47,3.71,13.41,0.14,2.43,0.35,12.76,32.40,7.28,13.57,11.05,0.30,1.36,4.99,0.80,0.41,11.84,7.20,0.27,2.29,4.32,1.23,1.41,0.46,11.00,39.63,4.57,0.98,13.31,1.20,0.00,25.32,2.05,18.67,2.75,5.17,5.43,36.46,0.21,15.89,0.41,19.60,10.38,0.21,0.25,8.40,1.05,1.77,2.63,4.99,3.23,0.68,7.33,4.07,23.64,3.48,75.02,13.78,13.89,21.18,10.85,23.00,27.70,1.68,23.75,39.73,86.08,89.20,0.29,8.78,1.08,0.90,20.00,0.57,0.09,2.02,0.38,5.68,3.15,9.81,0,23.45,1.68,1.41,5.25,15.58,5.32,19.63,11.52,0.35,0.529901961,2.35,3.46,17.14,30.41,3.7,277.37,9.3,0.53,13.16,13.89,1.11,1.56,4.85,13.03,1.42,4.39,68.05,32.29,5.68,12.13,7.9,0.75,8.33,0.5
07/31/1935,0.04,0.22,28.61,0.99,2.50,0.55,1.69,0.53,0.78,1.83,0.04,0.79,0.33,5.81,17.49,2.95,2.94,2.64,0.07,1.04,7.23,0.26,0.13,2.69,1.40,0.04,1.04,0.35,0.38,0.43,0.15,5.96,8.46,1.33,0.25,1.62,0.40,0.00,4.25,0.32,3.05,0.38,0.27,1.26,4.96,0.07,2.83,0.06,2.21,1.04,0.05,0.06,1.22,0.51,0.25,0.62,0.85,1.39,0.51,0.00,1.47,8.52,0.85,19.21,4.25,2.89,9.19,5.90,14.09,7.69,0.23,3.20,6.48,35.66,19.95,0.04,2.38,0.52,0.25,0.00,0.20,0.03,0.43,0.05,1.58,1.26,3.7,0,4.7,0.59,0.43,0.69,11.56,1.51,3.51,2.06,0.11,0.277352941,1.23,0.18,4.85,3.83,1.8,205.17,0.19,0.07,2.35,1.74,1.04,1.46,2.44,1.9,0.48,0.68,17.12,3.81,1.99,4.25,2.77,0.12,6.39,0.16
08/31/1935,0.00,0.02,23.72,0.30,1.90,0.02,1.46,0.37,0.00,0.55,0.04,1.03,0.21,4.14,12.73,2.39,0.88,0.63,0.06,0.12,6.60,0.34,0.18,1.62,0.21,0.01,0.61,0.11,0.31,0.35,0.08,4.72,4.82,0.55,0.03,1.43,0.00,0.00,1.29,0.14,1.33,0.11,0.00,0.67,1.55,0.04,0.31,0.06,0.44,0.29,0.01,0.01,0.49,0.00,0.05,0.43,0.21,0.75,0.72,0.00,0.00,0.00,0.71,9.67,2.12,1.84,5.72,4.48,11.68,4.85,0.08,1.09,1.68,24.94,10.64,0.02,2.14,0.00,0.10,0.00,0.16,0.01,0.37,0.03,0.48,0.84,6.38,0,1.45,0.59,0.35,0.06,3.25,0.33,1.43,0.84,0.09,0.275098039,1.22,0,2.66,0.93,1.1,177.74,0,0.03,0.96,0.76,0.68,0.95,1.97,0.8,0.43,0.08,6.57,0.49,1.99,4.25,2.77,0.07,0.77,0.21
09/30/1935,0.00,0.01,19.90,0.00,1.80,0.01,1.34,0.36,0.00,1.42,0.03,0.15,0.15,3.50,11.40,2.02,0.75,0.00,0.07,0.06,0.13,0.05,0.03,1.72,0.41,0.01,0.11,0.00,0.28,0.32,0.08,4.25,4.32,0.31,0.02,0.00,0.00,0.00,3.36,0.15,0.00,0.29,0.00,0.50,0.00,0.04,0.06,0.04,0.20,0.46,0.02,0.02,0.46,0.19,0.06,0.00,0.00,1.43,0.22,0.00,0.88,5.09,0.00,8.14,1.74,1.71,4.80,4.25,9.80,3.15,0.05,0.70,1.65,21.70,7.95,0.00,0.00,0.19,0.09,0.00,0.00,0.01,0.4,0.07,0,0.7,9.02,0,0,0.56,0.32,0.11,6.08,0,0,0,0.08,0.340490196,1.51,0,0,2.05,0,167.14,0,0,0,0.57,0.46,0.65,1.67,2.74,0,0.04,4.93,0.26,1.91,4.08,2.66,0.11,0.39,0.03
10/31/1935,0.00,0.02,24.99,0.14,2.10,0.15,1.56,0.67,0.00,1.73,0.05,4.10,0.17,4.57,12.67,2.26,1.05,0.22,0.09,0.19,3.74,1.35,0.70,4.31,0.90,0.01,0.32,0.12,0.36,0.41,0.85,5.02,6.77,0.40,0.11,4.31,0.10,0.00,3.17,0.15,0.57,0.35,0.13,1.05,0.80,0.38,0.27,0.06,0.22,0.60,0.08,0.09,0.84,0.00,0.09,0.22,0.12,0.84,1.04,0.00,0.44,2.54,0.31,10.98,1.65,2.51,5.49,4.95,12.31,5.34,0.08,1.10,1.69,8.24,9.41,0.01,1.00,0.00,0.30,29.71,0.11,0.02,0.46,0.4,0.23,1.2,6.16,0,0.87,0.51,0.41,0.3,3.51,0.98,0.5,0.29,0.1,0.23,1.02,0.09,0.64,2.14,0.5,180.44,0,0.02,0.34,1.34,0.53,0.74,1.76,2.24,0.27,0.37,9.36,0.7,1.72,3.67,2.39,0.3,1.14,0.85
11/30/1935,0.01,0.04,19.10,0.18,2.10,0.25,1.56,0.79,0.49,1.46,0.05,0.94,0.14,4.54,10.47,1.65,1.59,0.00,0.16,0.35,3.02,0.31,0.16,8.07,2.19,0.02,0.32,0.15,0.20,0.23,0.99,4.96,8.42,0.31,0.20,13.30,0.10,1.87,1.16,0.18,0.76,0.30,0.16,1.05,1.14,0.45,0.42,0.09,0.26,0.89,0.34,0.40,1.27,0.00,0.22,0.27,0.19,0.44,1.10,0.00,0.64,3.70,0.41,12.32,1.77,2.68,5.17,4.95,9.41,6.14,0.11,1.56,2.41,14.69,9.19,0.01,1.24,0.00,0.32,0.00,0.13,0.03,0.78,0.71,0.28,1.02,1.45,0,1.07,0.41,0.23,1.32,3.32,1.1,0.74,0.43,0.06,0.096960784,0.43,0.11,3.69,1.72,1.59,177.36,0,0.03,0.5,2.02,0.44,0.62,1.41,2.19,0.33,0.69,12.47,1.41,1.4,2.99,1.95,0.71,2.13,0.2
12/31/1935,0.01,0.05,24.46,0.17,2.70,0.35,2.53,2.00,1.83,0.81,0.06,4.53,0.15,6.69,13.29,1.82,2.28,0.46,0.27,0.59,9.77,1.49,0.77,13.35,4.23,0.03,0.48,0.27,0.23,0.26,1.60,6.52,11.63,0.49,0.53,21.60,0.40,3.31,0.64,0.29,1.09,0.17,0.37,1.35,2.21,0.72,0.49,0.59,0.32,0.49,0.60,0.71,1.81,0.03,0.29,0.32,0.28,0.40,1.64,0.00,0.48,2.77,0.48,16.62,2.67,3.62,7.02,6.37,12.05,7.53,0.19,2.63,4.13,14.44,10.22,0.04,1.78,0.03,0.70,6.03,0.11,0.04,1.23,1.44,0.28,1.09,6.97,0,1.02,0.41,0.26,2.6,1.9,1.72,0.52,0.31,0.07,0.10372549,0.46,0.25,8.72,0.95,2.39,211.65,0.08,0.07,0.35,2.72,0.47,0.66,1.71,1.24,0.28,1.83,21.31,1.59,1.4,2.99,1.95,0.91,3.64,0.94
01/31/1936,0.38,2.10,41.81,0.62,15.40,1.92,24.93,10.56,40.12,8.44,4.82,26.05,2.52,50.58,50.71,8.15,11.81,0.69,5.54,12.31,105.14,8.57,4.42,92.00,43.72,0.41,3.60,1.42,9.74,11.13,15.72,37.22,97.07,0.58,19.37,13.59,8.30,27.16,5.47,2.09,5.25,1.73,2.14,7.85,10.15,7.09,2.40,45.76,2.04,5.56,6.34,7.45,12.24,0.43,4.60,1.47,0.97,3.19,14.63,37.29,11.27,65.41,2.52,113.94,19.96,39.52,32.14,36.33,20.59,62.00,2.70,38.13,59.87,137.72,63.95,0.22,9.04,0.44,13.20,74.18,0.55,1.45,63.37,13.35,0.99,10.66,42.1,0,4.35,4.16,11.13,27.05,28.26,10.45,2.95,1.73,2.78,3.436470588,15.24,1.43,35.91,10.58,38.55,804.84,0.53,0.4,1.98,20.5,7.97,11.19,12.7,12.97,1.39,59.8,128.64,13.62,14.1,30.12,19.61,14.94,75.61,5.39
02/29/1936,0.74,4.15,46.43,0.66,21.80,3.39,40.45,16.97,73.07,5.23,19.26,51.53,4.29,78.11,59.27,10.47,14.69,0.88,30.61,13.00,187.79,16.95,8.75,106.44,94.48,0.71,5.62,2.68,14.94,17.07,23.07,52.33,148.64,0.65,20.55,70.25,22.00,101.77,3.12,4.11,9.37,1.07,4.54,9.51,16.75,10.41,2.59,52.53,2.65,3.70,9.59,11.28,15.34,1.32,8.36,2.31,1.04,4.95,22.97,52.59,18.87,109.51,5.73,170.50,31.55,64.21,38.19,51.43,22.87,94.38,4.62,65.31,104.34,164.15,80.87,0.54,22.57,1.35,20.60,135.82,1.15,3.81,209.99,17.76,1.06,20.59,96.54,0,5.45,5.96,17.07,56.42,45.62,37.96,5.03,2.95,4.27,7.68245098,34.07,3.04,67.15,6.83,58.08,1062.19,0.89,0.97,3.37,26.91,13.6,19.09,17.85,9.28,2.89,58.96,147.61,16.81,20.19,43.13,28.08,35.95,79.86,10.66
03/31/1936,1.05,5.85,40.40,1.03,9.30,5.16,7.82,7.98,24.86,12.65,2.38,10.37,2.90,30.24,28.06,8.36,9.24,0.60,3.89,6.03,13.24,3.41,1.76,44.75,36.42,0.40,4.19,4.59,2.45,2.80,6.83,22.37,104.17,0.54,8.74,0.00,3.20,14.82,7.86,3.94,18.27,2.59,9.44,6.28,31.04,3.08,5.53,10.66,7.68,10.30,3.04,3.57,10.13,1.53,2.30,3.70,1.71,2.77,8.26,16.51,0.00,0.00,13.94,119.40,19.66,32.69,18.25,21.94,19.90,81.14,2.50,35.27,58.89,116.87,72.99,1.27,55.41,1.57,7.44,57.84,2.72,1.91,26.29,5.64,1.66,9.01,24.29,0,8.54,2.66,2.8,18.92,4.15,5.86,11.61,6.81,0.7,3.844607843,17.05,6.32,16.8,18.16,23.21,562.45,2.34,2.29,7.78,25.29,9.17,12.87,10.59,23.27,6.86,30.05,133.85,24.6,9,19.22,12.52,16.4,37.03,2.15
04/30/1936,1.49,8.33,64.66,1.97,11.60,9.45,11.64,8.64,20.11,18.12,2.69,9.48,3.13,34.46,39.85,12.96,15.81,4.55,5.63,3.68,42.47,3.12,1.61,49.58,19.31,0.61,8.61,9.07,2.19,2.50,4.34,28.01,118.76,2.06,5.15,0.00,6.20,0.00,15.77,6.77,36.15,3.71,19.67,9.32,58.36,1.96,15.17,8.59,20.00,17.76,1.88,2.21,15.76,2.37,2.82,7.61,4.28,3.93,3.92,0.00,0.00,0.00,22.13,143.63,23.01,46.16,26.30,27.36,31.85,98.22,3.80,53.62,89.67,93.18,119.25,2.08,82.89,2.44,8.35,83.45,3.83,1.73,28.18,4.31,3.15,9.72,30.35,0,17.74,3.01,2.5,10.22,0,7.56,28.02,16.45,0.63,4.859313725,21.55,13.17,34.54,36.49,16.83,503.28,7.96,3.75,18.79,37.96,9.92,13.93,11.25,27.47,9.63,22.8,205.17,51.76,10.19,21.77,14.17,8.91,22.62,1.96
05/31/1936,0.91,5.07,60.10,4.00,6.00,5.12,3.17,3.54,7.21,23.45,0.44,2.49,1.47,16.61,35.17,10.09,17.46,12.31,1.19,1.73,12.01,0.82,0.42,28.01,8.72,0.53,4.58,10.59,1.14,1.30,0.85,14.48,73.46,5.05,2.06,7.19,1.40,0.00,33.02,3.86,40.90,4.80,16.64,7.85,70.18,0.38,27.24,0.41,36.29,20.67,0.47,0.55,13.34,2.06,3.04,7.57,7.42,4.94,1.40,0.00,0.00,0.00,11.43,104.92,17.18,28.84,24.50,14.15,29.60,54.75,3.30,46.56,77.87,81.50,130.60,1.13,32.38,2.11,2.45,13.17,1.72,0.29,5.05,1.16,6.42,5.1,10.38,0,32.69,2.22,1.3,5.8,0,0,38.85,22.8,0.33,2.110588235,9.36,11.14,13.49,54.34,6.97,342.93,13.53,2.04,26.05,28.19,4.67,6.56,6.56,23.95,4.33,10.05,188.19,59.32,7.51,16.04,10.44,2.53,10.6,0.52
06/30/1936,0.43,2.41,39.60,3.85,3.90,2.37,2.88,1.27,3.44,12.76,0.17,1.52,1.31,10.34,26.90,4.98,9.18,10.51,0.44,1.45,19.96,0.50,0.26,10.87,3.90,0.26,1.43,4.45,0.72,0.82,0.37,9.40,24.73,4.36,1.08,4.40,0.50,0.00,25.24,1.23,19.99,2.61,5.09,3.52,39.51,0.17,17.08,2.01,17.24,9.71,0.17,0.20,5.18,1.03,1.37,2.40,5.19,4.01,0.55,16.31,1.77,10.25,3.59,49.34,9.84,13.28,17.87,9.20,19.50,20.99,1.65,23.30,38.95,53.69,68.61,0.30,9.37,1.06,1.41,32.94,0.63,0.32,2.55,0.34,6.17,3.32,7.84,0,25.71,0.97,0.82,2.88,1.23,0,23.55,13.82,0.21,1.098137255,4.87,3.41,0,28.79,5.58,294.82,9.16,0.54,15.79,8.99,4.14,5.81,3.39,12.27,1.57,4.54,98.16,34.29,3.28,7.01,4.56,0.64,8.92,0.31
07/31/1936,0.07,0.38,30.15,1.35,2.40,0.43,1.62,0.55,0.00,2.69,0.05,0.36,0.48,5.47,18.00,2.58,2.56,3.56,0.09,1.22,9.81,0.12,0.06,2.85,0.82,0.05,0.86,0.50,0.15,0.17,0.15,5.79,7.42,1.68,0.30,0.00,0.00,0.00,6.21,0.24,4.51,0.55,0.34,1.07,7.10,0.07,4.00,0.07,1.57,1.57,0.05,0.06,1.06,0.26,0.28,0.89,1.13,2.28,0.38,0.00,0.78,4.50,1.36,17.14,3.41,3.96,9.73,5.66,14.85,8.16,0.33,4.66,7.97,29.77,20.32,0.06,3.85,0.27,0.39,31.16,0.32,0.05,0.52,0.05,2.16,1.75,5.86,0,6.51,0.69,0.17,0.41,8.31,0.69,5.24,3.08,0.04,0.469019608,2.08,0.23,0,5.62,1.49,202.08,0.51,0.1,3.51,1.77,1.53,2.15,2.13,2.8,0.81,0.8,28.83,5.15,2.33,4.98,3.24,0.17,7.49,0.08
08/31/1936,0.01,0.03,28.07,0.22,1.90,0.04,1.40,0.37,0.00,0.31,0.04,0.00,0.27,4.18,13.17,2.31,0.85,0.54,0.05,0.18,5.07,0.00,0.00,1.55,0.44,0.02,0.56,0.08,0.15,0.17,0.08,4.71,4.63,0.52,0.05,3.55,0.00,0.00,0.73,0.12,0.96,0.06,0.00,0.65,1.10,0.04,0.43,0.04,0.39,0.17,0.01,0.01,0.47,0.29,0.08,0.29,0.14,1.02,0.80,0.00,0.30,1.72,0.52,9.48,2.00,2.22,5.93,4.48,13.83,5.49,0.10,1.35,2.97,14.89,11.61,0.01,1.62,0.29,0.15,1.15,0.12,0.02,0.37,0.02,0.35,1.04,5.31,0,1.01,0.68,0.17,0.14,3.53,0.44,1,0.59,0.04,0.387843137,1.72,0,4.69,0.43,0,170.15,0,0.02,0.67,0.83,0.86,1.21,1.91,0.54,0.33,0.11,9.37,0.66,2.29,4.89,3.18,0.09,1.1,0
09/30/1936,0.00,0.01,24.66,0.06,1.80,0.02,1.30,0.41,0.00,1.69,0.03,0.55,0.23,4.00,13.09,2.12,0.79,0.03,0.07,0.09,1.90,0.18,0.09,1.91,0.41,0.02,0.15,0.04,0.16,0.18,0.09,4.55,4.55,0.32,0.03,3.95,0.00,0.00,4.02,0.15,0.44,0.35,0.01,0.53,0.55,0.04,0.10,0.04,0.24,0.56,0.02,0.02,0.49,0.35,0.06,0.13,0.05,1.60,0.25,0.00,0.48,2.79,0.25,8.60,1.79,1.82,5.44,4.25,12.14,3.86,0.05,0.73,2.21,16.26,9.41,0.01,0.80,0.36,0.14,0.00,0.06,0.02,0.39,0.07,0.1,0.92,2.48,0,0.48,0.52,0.18,0.11,4.35,0.26,0.59,0.35,0.05,0.466764706,2.07,0.01,0,2.44,0,159.88,0,0.01,0.4,0.68,0.72,1.01,1.75,3.11,0.16,0.05,5.96,0.39,1.77,3.78,2.46,0.15,0.54,0.11
10/31/1936,0.00,0.02,20.10,0.07,1.90,0.10,1.29,0.61,0.03,0.76,0.03,1.37,0.18,4.06,12.35,1.29,0.93,0.00,0.05,0.02,1.58,0.45,0.23,3.73,0.88,0.01,0.24,0.05,0.36,0.41,0.70,4.67,5.26,0.31,0.01,2.70,0.00,0.00,1.38,0.11,0.24,0.16,0.06,0.97,0.35,0.31,0.05,0.08,0.37,0.26,0.07,0.08,0.75,0.11,0.05,0.10,0.06,0.58,0.88,0.73,0.33,1.94,0.14,9.01,1.36,1.83,5.13,4.48,9.90,4.31,0.07,0.92,1.77,13.22,8.29,0.00,0.41,0.12,0.13,5.81,0.04,0.02,0.27,0.33,0.11,0.56,1.96,0,0.39,0.39,0.41,0.35,1.07,0.6,0.25,0.15,0.1,0.383333333,1.7,0.04,5.06,0.94,0,164.66,0,0.01,0.17,1.17,0.58,0.81,1.54,1.01,0.11,0.05,6.43,0.36,1.33,2.84,1.85,0.13,0.15,0.28
11/30/1936,0.00,0.02,20.30,0.09,1.80,0.21,1.38,0.96,0.00,0.00,0.06,1.09,0.18,4.39,10.25,0.79,1.54,0.00,0.17,0.10,1.78,0.36,0.19,8.09,3.07,0.01,0.24,0.07,0.30,0.34,0.93,4.59,6.95,0.31,0.05,0.00,0.00,0.00,0.00,0.12,0.33,0.00,0.07,0.98,0.46,0.42,0.08,0.08,0.15,0.00,0.35,0.41,1.24,0.00,0.06,0.14,0.08,0.53,1.04,0.00,0.48,2.77,0.17,10.70,1.45,1.83,5.02,4.25,10.00,5.40,0.08,1.10,1.68,11.10,8.18,0.01,0.55,0.00,0.18,0.00,0.06,0.02,0.88,0.73,0.14,0.56,1.65,0,0.53,0.29,0.34,1.76,1.48,1.14,0.34,0.2,0.09,0.169117647,0.75,0.05,10.54,0,1.19,164.4,0,0.01,0.23,2.04,0.56,0.79,1.18,0,0.14,0.19,7.03,0.46,0.98,2.09,1.36,0.24,0.61,0.23
12/31/1936,0.01,0.05,24.19,0.21,2.10,0.26,1.67,1.54,0.91,1.19,0.05,3.92,0.24,5.21,10.42,0.73,1.66,0.43,0.25,0.22,6.98,1.29,0.67,10.99,1.54,0.02,0.35,0.25,0.40,0.46,1.15,5.25,8.36,0.48,0.11,8.15,0.10,0.00,1.40,0.19,1.07,0.24,0.31,1.07,2.03,0.52,0.22,0.07,0.13,0.60,0.43,0.51,1.40,0.00,0.18,0.37,0.31,0.16,1.24,0.00,0.07,0.41,0.50,11.71,2.15,2.47,5.53,4.95,11.91,6.02,0.12,1.63,2.50,8.77,8.82,0.03,1.63,0.00,0.28,4.00,0.13,0.05,1.21,1.18,0.34,0.72,5.86,0,1.22,0.19,0.46,0.88,0,1.28,0.63,0.37,0.11,0.002254902,0.01,0.21,5.16,1.44,1.39,176.78,0,0.05,0.42,2.33,0.76,1.07,1.31,1.72,0.31,0.43,8.88,1,0.65,1.39,0.9,0.53,1.36,0.81
01/31/1937,0.01,0.08,24.86,0.18,2.50,0.24,2.19,1.87,1.57,1.75,0.41,3.89,0.18,6.80,10.34,0.82,1.78,0.65,0.59,0.27,7.64,1.28,0.66,16.33,2.05,0.03,0.20,0.31,1.32,1.51,1.84,6.10,12.36,0.56,0.19,10.92,0.50,4.66,1.37,0.11,1.21,0.36,0.45,1.27,2.52,0.83,0.18,0.35,0.17,1.06,0.68,0.80,1.84,0.03,0.35,0.40,0.32,0.19,2.71,0.00,1.03,5.95,0.51,16.69,1.24,2.77,6.31,5.90,12.24,7.39,0.20,2.81,4.40,10.05,8.88,0.05,2.17,0.03,0.42,0.00,0.11,0.04,7.34,2.11,0.29,1.11,5.92,0,1.17,0.32,1.51,1.17,4.22,2.82,0.56,0.33,0.38,0,0,0.3,2.46,2.05,2.08,179.2,0.01,0.09,0.38,2.86,0.57,0.8,1.83,2.67,0.28,0.76,10.2,0.5,1.09,2.33,1.52,1.03,1.64,0.81
02/28/1937,0.34,1.87,23.79,0.55,8.60,0.76,12.42,6.44,33.45,3.02,12.43,27.88,1.44,20.07,31.58,0.97,4.61,0.46,15.21,1.25,124.07,9.17,4.73,51.33,16.33,0.26,1.29,1.67,10.37,11.85,5.76,21.15,33.16,0.49,1.25,69.14,14.90,56.09,1.91,0.63,5.81,0.62,2.61,3.17,11.05,2.60,1.33,4.98,0.95,1.99,2.33,2.74,4.86,0.28,3.48,1.65,0.94,0.38,5.61,0.00,10.31,59.83,3.07,40.55,7.43,21.13,19.12,20.29,11.72,25.96,1.73,24.50,38.45,14.60,27.27,0.26,10.83,0.28,5.24,87.07,0.60,0.88,145.96,7.23,0.88,8.43,45.32,0,4.05,1.31,11.85,9.32,27.73,10.99,3.16,1.85,2.96,0.622352941,2.76,1.75,19.38,3.8,26.42,272.51,0.41,0.47,2.12,8.83,4.56,6.4,4.91,4.64,1.52,4.94,20.62,5,4.45,9.51,6.19,12.06,7.7,5.77
03/31/1937,0.57,3.18,44.82,0.61,14.20,2.87,26.21,11.25,36.26,5.60,7.75,26.97,1.64,43.11,41.97,2.36,8.04,0.32,14.68,5.19,90.41,8.87,4.58,67.31,34.92,0.34,2.68,2.32,9.86,11.27,12.69,34.97,65.28,0.43,7.09,33.85,9.10,62.50,3.30,1.70,8.60,1.15,4.38,5.43,15.61,5.73,1.72,20.74,2.21,3.87,5.19,6.10,8.49,0.43,3.40,2.14,0.88,3.18,10.62,0.00,7.94,46.06,5.94,81.13,17.42,27.51,25.89,33.50,22.08,47.44,2.23,31.44,49.60,80.71,43.87,0.53,23.28,0.44,7.89,95.89,1.14,1.7,87.51,10.62,0.98,10.15,50.31,0,4.78,2.42,11.27,20.53,20.09,19.16,4.94,2.9,2.82,1.94372549,8.62,2.93,23.74,7.29,33.45,866.42,1.25,0.95,3.31,14.32,5.2,7.3,9.58,9.5,2.88,25.22,121.64,9.84,8.18,17.47,11.38,15.89,31.87,5.58
04/30/1937,1.18,6.56,58.83,1.14,14.10,8.35,18.23,10.46,23.57,9.91,2.11,14.26,2.72,47.87,41.54,8.09,10.77,1.35,4.20,9.60,26.19,4.69,2.42,58.46,32.91,0.53,4.59,5.33,5.71,6.53,11.55,34.82,101.92,0.83,12.83,0.00,5.60,0.00,6.12,3.64,21.30,2.03,11.62,7.59,35.65,5.21,5.95,19.01,8.89,8.13,4.97,5.84,11.86,2.12,2.83,4.66,2.34,6.90,14.36,36.80,0.00,0.00,15.68,124.43,25.16,44.58,25.95,33.26,28.97,88.13,3.30,46.65,78.17,156.90,83.90,1.34,58.73,2.18,12.83,62.68,2.68,2.67,22.83,6.67,1.83,9.24,34.26,0,9.52,3.08,6.53,17.13,0,25.75,14.56,8.55,1.63,4.146764706,18.39,7.78,47.51,14.47,21.87,881.3,3.66,2.41,9.76,28.76,8.61,12.09,12.84,18.26,6.75,42.5,253.32,29.75,10.44,22.3,14.52,14.21,58.99,2.95
05/31/1937,1.38,7.71,72.49,4.06,9.80,7.69,5.38,7.07,11.43,26.96,0.54,3.80,1.77,32.97,48.53,12.29,19.58,11.89,1.31,5.45,11.70,1.25,0.65,41.36,22.39,0.61,8.19,11.00,2.12,2.42,3.79,24.06,114.05,4.89,6.52,0.00,1.60,0.00,31.26,6.07,42.04,5.52,18.49,11.10,72.70,1.71,24.78,5.74,34.74,24.84,1.64,1.93,18.18,2.38,4.26,8.95,7.98,6.95,3.61,28.05,0.49,2.83,13.65,144.66,27.38,43.46,31.64,23.12,35.71,84.29,3.80,53.73,89.85,128.85,150.77,1.28,41.87,2.44,6.86,39.99,2.06,0.83,6.09,2.76,6.52,7.22,13.14,0,33.23,3.98,2.42,10.69,0,18.86,37.84,22.21,0.61,6.449019608,28.6,12.38,20.94,59.31,12.57,553.84,14.65,2.31,25.37,39.76,5.6,7.86,11.81,33.55,5.19,29.34,327.36,63.57,13.47,28.77,18.73,4.4,33.48,0.79
06/30/1937,0.21,1.17,36.78,2.92,3.40,1.59,2.48,1.34,2.33,9.49,0.14,1.64,0.72,15.51,26.67,3.65,10.86,9.43,0.38,1.47,15.70,0.54,0.28,10.86,7.88,0.19,1.82,2.95,0.70,0.80,0.66,8.53,33.44,3.94,1.35,3.98,0.50,0.00,17.79,1.46,13.62,1.94,3.26,4.72,27.11,0.30,9.10,0.22,11.31,7.33,0.35,0.41,7.33,0.73,0.83,1.79,3.93,5.42,1.10,2.97,1.16,6.74,2.45,57.54,10.71,12.20,17.11,8.02,18.12,16.10,1.15,16.26,27.23,65.85,60.69,0.19,6.22,0.75,1.05,13.84,0.42,0.12,2.15,0.34,4.69,2.07,6.69,0,18.67,1.8,0.8,4.96,3.15,4.42,14.34,8.42,0.2,1.283039216,5.69,2.18,9.89,21.58,4.06,324.03,7.37,0.34,9.61,9.09,2.29,3.21,3.92,9.38,1.04,7.47,160.48,18.86,6.08,12.99,8.46,0.37,9.01,0.34
07/31/1937,0.03,0.15,28.54,0.89,2.10,0.39,1.54,0.40,0.07,1.69,0.04,1.16,0.38,5.59,14.02,1.68,3.46,2.55,0.08,1.07,8.23,0.38,0.20,2.02,1.46,0.04,0.62,0.28,0.12,0.14,0.16,5.23,8.22,1.29,0.33,0.29,0.20,0.00,3.57,0.25,2.64,0.35,0.16,1.43,4.06,0.07,1.78,0.07,1.33,1.16,0.06,0.07,1.72,0.00,0.17,0.60,0.70,2.53,0.22,0.00,0.80,4.67,0.85,19.59,3.23,3.61,7.37,4.95,14.06,6.09,0.27,3.75,5.75,27.93,17.49,0.03,2.38,0.00,0.34,4.53,0.19,0.03,0.56,0.04,1.43,1,5.67,0,3.84,0.7,0.14,0.96,5.12,1.89,2.72,1.6,0.03,0.435196078,1.93,0.11,4.72,3.68,0.89,208.35,0.07,0.06,1.82,1.61,1.2,1.68,1.91,1.71,0.48,1.2,37.07,2.81,2.38,5.08,3.31,0.08,6.6,0.24
08/31/1937,0.00,0.02,23.85,0.12,1.70,0.01,1.29,0.31,0.00,1.68,0.03,0.24,0.22,4.06,11.77,1.19,1.11,0.16,0.05,0.22,0.00,0.08,0.04,1.23,0.51,0.02,0.44,0.04,0.07,0.08,0.08,4.30,4.17,0.37,0.05,0.00,0.10,0.00,3.73,0.10,0.48,0.34,0.00,0.70,0.55,0.04,0.13,0.06,0.19,0.85,0.01,0.01,0.55,0.09,0.07,0.16,0.08,1.09,0.69,0.00,0.60,3.48,0.26,9.56,1.79,2.04,5.10,4.01,11.75,4.20,0.09,1.33,2.33,19.38,10.07,0.01,0.80,0.09,0.15,21.90,0.06,0.01,0.31,0.02,0.19,0.67,5.09,0,0.54,0.61,0.08,0.22,3.51,0.89,0.54,0.32,0.02,0.435196078,1.93,0,0,3.07,0,172.88,0,0.01,0.36,0.75,0.7,0.98,1.71,2.35,0.15,0.13,10.59,0.49,2.08,4.44,2.89,0.05,1.35,0.05
09/30/1937,0.00,0.01,20.64,0.06,1.60,0.01,1.20,0.34,0.00,0.81,0.03,0.06,0.16,3.71,11.82,0.97,0.70,0.00,0.06,0.03,5.38,0.02,0.01,1.51,0.40,0.01,0.18,0.03,0.07,0.08,0.08,4.07,3.52,0.31,0.01,2.59,0.30,0.00,2.08,0.11,0.35,0.17,0.01,0.50,0.45,0.03,0.04,0.07,0.08,0.23,0.02,0.02,0.43,0.14,0.05,0.12,0.05,1.61,0.28,0.00,0.57,3.33,0.21,6.96,1.60,1.67,4.72,3.77,10.16,2.93,0.06,0.85,1.75,15.95,7.81,0.00,0.62,0.15,0.12,0.00,0.05,0.01,0.4,0.05,0.09,0.73,4.78,0,0.41,0.49,0.08,0.1,3.46,0.88,0.48,0.28,0.02,0.408137255,1.81,0.01,0.3,1.22,0,159.12,0.02,0.01,0.32,0.56,0.52,0.73,1.54,1.49,0.12,0.02,6.19,0.32,1.65,3.52,2.29,0.11,0.18,0.01
10/31/1937,0.00,0.03,24.59,0.14,2.60,0.15,1.70,0.88,0.00,1.80,0.06,1.88,0.21,5.09,14.27,1.79,1.00,0.41,0.10,0.25,5.15,0.62,0.32,6.26,1.24,0.02,0.36,0.13,0.51,0.58,1.07,5.75,7.57,0.47,0.16,5.18,0.10,0.00,3.34,0.18,0.58,0.37,0.13,0.94,0.82,0.48,0.17,0.07,0.34,0.63,0.10,0.12,0.79,0.11,0.09,0.21,0.11,1.49,1.23,0.00,0.40,2.31,0.31,11.55,1.64,2.27,6.86,6.13,12.11,4.20,0.09,1.31,2.35,17.55,6.90,0.01,1.04,0.11,0.26,0.00,0.11,0.03,0.46,0.64,0.22,1.18,2.81,0,0.85,0.48,0.58,0.44,2.06,1.96,0.44,0.26,0.15,0.35627451,1.58,0.09,0,2.22,0.9,185.59,0,0.02,0.29,0.99,0.66,0.93,1.68,2.26,0.28,0.51,15.17,0.53,1.64,3.5,2.28,0.31,1.53,0.39
11/30/1937,0.03,0.15,46.43,0.28,11.30,1.41,11.24,6.22,19.10,2.51,1.83,5.17,0.32,23.65,52.11,6.18,6.39,0.07,3.40,9.70,53.61,1.70,0.88,51.36,33.72,0.06,1.69,0.26,2.99,3.42,5.91,25.45,40.19,0.34,13.22,19.14,4.40,0.00,2.58,1.00,1.29,0.51,0.27,4.15,1.96,2.67,0.59,18.28,1.16,1.39,1.91,2.25,5.01,0.00,0.38,0.43,0.30,4.84,6.08,0.87,1.23,7.11,0.69,56.46,8.13,8.08,28.53,26.66,22.87,15.04,0.43,6.02,9.25,107.08,22.08,0.03,2.13,0.00,1.50,0.00,0.23,0.12,24.72,5.78,0.45,2.04,7.95,0,1.75,2.22,3.42,21.33,6.57,1.05,1.04,0.61,0.85,1.075588235,4.77,0.18,12.82,2.99,23,720.09,0.44,0.05,0.7,4.38,1.01,1.42,6.24,3.67,0.58,40.53,161.35,2.24,7.52,16.06,10.46,1.29,59.6,1.07
12/31/1937,0.57,3.20,106.46,2.12,34.90,5.18,30.25,21.68,85.15,21.29,11.35,15.75,2.45,70.15,92.03,15.02,20.89,5.79,13.09,12.65,161.77,5.18,2.67,214.30,79.29,0.43,6.82,7.04,7.56,8.64,23.38,69.79,188.17,2.54,23.48,0.00,20.40,0.00,13.62,4.13,25.88,4.36,11.98,12.87,46.84,10.55,8.05,50.33,18.26,14.46,9.30,10.93,20.70,0.82,1.43,6.15,3.27,9.13,24.44,0.00,0.00,0.00,15.42,212.60,32.82,45.82,64.62,82.33,52.44,102.79,2.81,39.75,63.56,137.64,104.59,1.48,60.94,0.84,7.19,162.17,3.30,0.9,134.21,33.56,3.4,11.79,24.72,0,16.23,5.69,8.64,51.26,0,9.94,12.28,7.21,2.16,5.792843137,25.69,8.02,19.07,27.01,68.8,1109.11,4.56,2.66,8.23,32.93,7.75,10.88,21.44,34.78,8.31,65.36,229.07,27.93,19.26,41.14,26.79,16.09,77.73,3.26
01/31/1938,0.20,1.10,34.64,0.41,11.30,1.13,10.99,9.60,28.64,3.45,4.22,10.34,0.94,23.55,29.68,5.10,5.42,0.79,5.47,3.19,61.70,3.40,1.76,71.32,64.19,0.14,1.91,1.77,3.14,3.59,8.87,24.02,56.17,0.62,6.25,24.23,8.20,0.00,2.07,1.39,6.97,0.71,3.59,3.35,12.28,4.00,1.05,17.91,2.73,2.54,3.73,4.39,5.65,0.00,0.31,1.42,0.60,5.48,5.36,0.00,0.00,0.00,5.14,66.23,10.10,12.72,20.67,26.66,17.06,29.13,0.95,13.35,20.49,26.68,24.19,0.51,21.79,0.00,4.72,68.43,1.09,0.4,44.59,12.88,0.66,3.62,16.27,0,3.24,1.78,3.59,43.2,0,1.68,3.05,1.79,0.9,1.941470588,8.61,2.4,9.71,4.56,21,587.17,3.02,0.91,2.04,8.01,2.99,4.2,6.38,6.26,2.76,16.13,110.86,6.15,6.01,12.84,8.36,5.38,19.61,2.14
02/28/1938,0.24,1.37,52.19,0.29,29.50,2.39,68.53,25.33,118.92,4.82,34.82,48.09,1.38,102.65,75.55,3.84,11.62,1.61,54.62,7.87,277.89,15.82,8.17,174.20,138.14,0.48,3.92,1.39,19.57,22.37,36.39,89.08,129.40,0.93,15.25,83.28,49.00,98.27,3.02,2.86,5.68,0.99,2.96,7.04,8.94,16.42,1.11,70.29,2.01,3.96,15.11,17.76,12.05,0.00,5.82,1.03,0.51,5.11,29.28,7.00,13.95,80.92,4.53,148.52,20.74,37.78,54.30,69.59,25.71,75.59,3.28,46.27,71.01,58.58,61.97,0.42,18.89,0.00,11.66,140.25,0.88,0.92,348.72,32.27,0.47,15.06,85.86,0,2.61,5.82,22.37,92.14,52.92,19.52,3.07,1.8,5.59,6.397156863,28.37,1.98,45.8,6.79,70.2,1531.9,0.89,0.76,2.06,20.55,4.38,6.15,14.04,8.93,2.22,39.23,169.16,7.74,19.72,42.12,27.43,27.53,48.32,9.95
03/31/1938,1.15,6.44,62.98,0.53,33.60,7.62,66.96,27.03,139.81,5.30,20.00,43.72,4.45,110.81,86.15,10.32,20.72,0.29,40.10,20.58,150.22,14.38,7.42,177.42,243.43,0.82,10.36,2.79,19.71,22.53,33.50,96.47,261.36,0.42,37.49,59.30,39.40,62.86,3.35,8.72,11.35,1.09,5.96,12.71,18.00,15.11,2.46,80.55,3.38,4.46,14.62,17.19,21.54,0.53,8.30,2.00,1.00,7.64,36.91,62.17,18.67,108.35,8.96,277.73,49.47,80.34,62.23,79.26,31.02,154.59,5.50,77.63,120.77,231.36,128.49,0.83,34.63,0.54,26.17,156.65,1.75,4.54,205.85,23.4,0.85,19.91,90.79,0,4.85,7.49,22.53,144.49,37.91,47.82,7.94,4.66,5.63,11.50676471,51.03,3.99,124.52,7.79,96.5,1886.04,1.27,1.49,5.32,44.45,14.1,19.79,25.43,9.61,4.41,96.17,273.61,17.55,25.37,54.19,35.28,38.99,126.44,9.05
04/30/1938,1.84,10.28,126.03,1.42,21.90,21.23,21.83,13.71,55.48,12.44,5.10,14.74,5.21,65.68,54.95,22.82,25.88,2.27,11.32,18.22,22.53,4.85,2.50,80.39,101.62,0.69,16.74,7.43,6.39,7.30,11.80,47.37,298.00,1.18,30.32,0.00,11.20,17.42,8.39,15.46,30.10,2.55,16.73,15.64,48.04,5.32,7.68,23.37,12.73,11.88,4.99,5.87,26.88,2.22,4.83,5.98,3.21,8.76,10.64,46.46,1.62,9.38,19.54,318.87,53.17,66.60,40.30,51.66,62.07,124.67,4.38,61.84,101.80,125.32,129.23,1.91,74.77,2.28,16.14,233.02,3.48,4.22,49.22,8.31,2.27,13.33,48.06,0,13.3,4.62,7.3,54.44,0,27.99,24.09,14.14,1.83,4.03627451,17.9,11.2,83.03,21.61,45.2,1299.39,5.12,3.43,16.15,43.33,16.5,23.16,25.39,22.26,8.75,89.08,328.87,38.59,15.63,33.39,21.74,17.01,111.94,3.05
05/31/1938,2.59,14.47,163.28,4.86,30.80,34.71,10.67,8.16,33.51,35.03,1.10,4.89,5.37,62.41,73.76,32.26,46.75,11.66,3.25,11.25,16.68,1.61,0.83,72.75,51.69,0.87,20.35,14.82,2.62,2.99,3.88,44.31,295.63,4.80,17.92,2.04,5.00,0.00,43.26,18.26,57.88,7.17,25.21,22.19,96.50,1.75,26.26,10.47,47.05,33.01,2.12,2.49,40.19,1.18,6.64,10.57,9.23,14.74,5.77,49.10,2.57,14.90,19.40,376.11,53.00,73.61,56.77,72.66,80.42,126.19,5.71,80.70,127.55,158.09,217.42,1.94,60.93,1.22,10.94,210.71,3.07,2.03,12.61,3.23,7.8,11.42,23.16,0,41.77,5.73,2.99,35.55,0,7.86,57.68,33.85,0.75,4.913431373,21.79,16.88,47.4,79.29,30.1,984.17,13.4,3.49,38.67,54.53,17.02,23.89,23.78,40.21,7.72,72,448.87,83.87,19.39,41.42,26.97,7,69.08,1.01
06/30/1938,0.76,4.22,105.59,5.65,21.50,9.86,3.68,2.83,13.49,25.96,0.25,0.27,1.95,23.57,56.27,12.27,26.57,16.23,0.55,4.47,13.38,0.09,0.05,24.13,12.67,0.48,6.06,8.11,0.61,0.70,0.90,23.97,85.11,6.56,4.85,29.86,1.20,0.00,46.03,5.76,34.78,5.32,10.13,9.91,66.06,0.41,21.12,3.81,38.72,20.94,0.39,0.46,15.55,0.18,2.67,4.37,7.83,11.42,1.20,11.94,2.53,14.68,6.97,159.76,30.45,31.73,39.68,50.72,52.01,54.71,3.24,45.77,70.80,189.70,152.22,0.64,18.16,0.19,2.35,0.00,1.13,0.22,3.3,0.82,9.06,5.6,4.97,0,39.16,3.19,0.7,9.27,10.1,4.65,39.31,23.07,0.17,3.086960784,13.69,6.78,7.27,59.32,14.6,475.69,14.7,1.14,26.35,23.84,6.16,8.65,10.24,24.67,2.85,20.27,219.69,46.31,10.79,23.05,15.01,1.43,27.45,0.06
07/31/1938,0.07,0.41,57.62,1.84,10.00,3.36,2.40,1.13,1.85,5.59,0.13,0.09,0.86,9.29,33.10,3.99,4.88,6.15,0.20,2.16,12.03,0.03,0.02,6.04,1.88,0.10,2.54,0.75,0.19,0.22,0.23,12.72,16.13,2.68,1.02,0.00,0.40,0.00,12.32,0.74,6.66,1.15,0.57,2.15,10.67,0.10,3.94,0.06,5.33,3.68,0.04,0.05,2.10,0.41,0.47,1.20,1.60,4.68,1.63,1.57,1.52,8.84,1.93,37.83,8.87,7.16,18.47,23.59,28.38,17.63,0.60,8.48,14.28,97.84,39.41,0.09,5.45,0.42,0.57,0.00,0.47,0.06,0.99,0.11,2.96,2.44,3.82,0,9.57,0.95,0.22,0.65,12.85,2.51,6.83,4.01,0.05,0.500588235,2.22,0.38,0,12.05,5.3,300.76,2.71,0.16,4.58,3.38,2.73,3.83,5.07,5.58,1.17,2.91,50.41,7.43,3.23,6.9,4.49,0.26,13.26,0.02
08/31/1938,0.01,0.07,39.60,0.35,5.20,0.31,1.87,0.68,0.00,1.43,0.06,0.00,0.34,6.07,20.09,2.77,1.45,1.02,0.11,1.42,0.00,0.00,0.00,3.33,0.86,0.03,1.01,0.13,0.08,0.09,0.14,7.79,9.20,0.70,0.33,0.00,0.00,0.00,3.26,0.33,1.60,0.29,0.00,1.00,1.81,0.06,0.61,0.06,0.70,0.75,0.03,0.04,0.82,0.14,0.14,0.45,0.23,2.14,0.85,0.00,0.54,3.13,0.86,17.36,3.75,3.33,9.72,12.27,19.50,7.51,0.15,2.15,3.74,61.14,15.19,0.02,2.70,0.14,0.25,0.00,0.21,0.02,0.73,0.1,0.56,1.57,6.11,0,1.61,0.63,0.09,0.24,5.79,1.99,1.63,0.96,0.02,0.209705882,0.93,0,0,2.33,1.6,247.96,0,0.04,1.09,1.1,1.09,1.53,3.27,2.24,0.56,0.71,12.68,1.13,2.12,4.53,2.95,0.15,8.73,0
09/30/1938,0.00,0.03,30.62,0.08,4.40,0.05,1.72,0.62,0.00,1.85,0.05,0.58,0.17,5.58,17.10,2.34,1.13,0.12,0.13,0.87,6.30,0.19,0.10,3.21,0.64,0.02,0.15,0.05,0.24,0.27,0.14,6.63,7.58,0.36,0.29,0.00,0.00,0.00,4.58,0.24,0.55,0.38,0.03,0.70,0.68,0.06,0.23,0.21,0.31,0.54,0.04,0.05,0.69,0.20,0.09,0.16,0.06,2.22,0.38,0.00,0.79,4.58,0.32,13.93,2.45,2.47,7.88,10.38,15.08,4.77,0.08,1.17,2.42,54.36,10.68,0.01,1.04,0.20,0.21,0.00,0.08,0.02,0.64,0.13,0.12,1.37,2.56,0,0.6,0.44,0.27,0.18,6.46,1.69,0.72,0.42,0.07,0.243529412,1.08,0.02,0,2.72,0.9,223.79,0,0.02,0.48,0.77,0.54,0.76,2.52,3.34,0.21,0.55,7.36,0.46,1.5,3.2,2.09,0.23,5.34,0.12
10/31/1938,0.01,0.08,30.42,0.37,2.70,0.45,2.09,1.40,0.46,1.67,0.01,2.16,0.27,7.13,20.29,3.00,2.23,0.46,0.00,0.40,2.72,0.71,0.37,8.75,2.04,0.02,0.32,0.40,0.42,0.48,0.99,7.48,6.70,0.49,0.17,0.00,0.20,0.00,2.00,0.07,1.59,0.34,0.49,1.82,3.09,0.45,0.37,0.27,0.33,0.81,0.29,0.34,1.85,0.21,0.13,0.69,0.53,0.65,1.38,0.00,0.01,0.08,0.68,12.83,3.01,3.21,8.48,6.37,14.98,6.43,0.12,1.72,3.29,24.16,13.83,0.04,2.31,0.21,0.38,3.35,0.15,0.04,0.97,0.68,0.59,0.82,2.82,0,2.08,0.61,0.48,0.97,0.84,2.56,0.91,0.53,0.12,0,0,0.33,8.43,2.03,1.69,264.45,0.18,0.07,0.61,2.96,0.85,1.19,2.17,2.47,0.39,0.91,20.44,0.86,2.05,4.38,2.85,0.27,2.44,0.45
11/30/1938,0.02,0.13,28.34,0.32,2.70,0.43,2.19,2.35,1.19,1.00,0.02,2.61,0.28,7.05,15.67,2.84,2.42,0.29,0.00,0.56,0.03,0.86,0.44,17.21,3.38,0.03,0.37,0.81,0.18,0.21,1.32,7.61,10.56,0.42,0.37,2.59,0.30,0.00,0.75,0.08,2.73,0.20,1.21,1.91,5.52,0.59,0.89,0.47,0.50,0.61,0.46,0.54,2.53,0.03,0.14,0.96,0.58,0.22,2.35,0.00,0.00,0.00,1.34,16.06,3.29,3.69,8.47,6.37,13.96,9.90,0.19,2.65,4.17,0.00,13.69,0.10,4.18,0.04,0.54,31.41,0.23,0.08,1.77,1.76,0.52,0.76,3.51,0,2.23,0.59,0.21,1.73,0,3.16,1.39,0.82,0.05,0,0,0.81,12.45,1.18,2.59,270.1,0.25,0.17,0.93,4.32,0.88,1.24,2.42,1.58,0.58,2,33.64,2.42,1.99,4.25,2.77,0.52,3.46,0.54
12/31/1938,0.03,0.14,28.81,0.22,3.10,0.42,3.24,3.07,2.96,1.76,0.05,3.25,0.37,9.06,18.11,2.86,2.48,0.22,0.00,2.05,18.31,1.07,0.55,22.43,9.59,0.03,0.43,0.72,0.24,0.27,1.82,9.79,11.89,0.40,1.83,0.00,0.80,0.00,1.01,0.11,2.40,0.36,1.18,1.87,4.68,0.82,0.68,2.96,0.37,1.16,0.73,0.86,2.72,0.00,0.21,0.80,0.32,1.01,1.66,0.00,0.00,0.00,1.41,18.15,4.40,4.43,10.06,7.31,14.19,10.70,0.23,3.30,5.04,0.07,13.17,0.10,5.13,0.00,0.80,65.76,0.23,0.08,5.08,2.6,0.36,0.86,4.35,0,1.66,0.66,0.27,4.93,0,2.87,1.35,0.79,0.07,0.148823529,0.66,0.79,7.51,2.28,6.17,348.59,0,0.19,0.91,4.17,1.17,1.64,2.72,2.76,0.57,9.48,49.48,3.08,2.25,4.81,3.13,0.69,12.56,0.67
01/31/1939,0.05,0.26,29.41,0.19,2.60,0.55,3.26,3.53,2.81,2.59,0.10,3.95,0.31,8.86,15.49,2.67,2.36,0.54,0.00,1.17,24.71,1.30,0.67,19.56,10.19,0.04,0.33,0.64,0.96,1.10,1.87,8.65,11.95,0.52,1.16,4.38,1.20,1.02,1.48,0.09,2.37,0.53,1.22,1.79,4.59,0.84,0.58,2.91,0.38,1.77,0.72,0.85,2.59,0.03,0.21,0.69,0.31,1.16,1.52,0.00,0.00,0.00,1.64,19.96,3.34,5.00,8.56,6.13,14.49,11.40,0.29,4.06,6.32,0.00,12.84,0.12,5.82,0.03,0.96,31.61,0.27,0.13,8.67,2.52,0.3,1.01,5.76,0,1.39,0.57,1.1,5.53,0,3.9,1.29,0.76,0.27,0.304411765,1.35,0.82,2.39,3.39,5.27,327.05,0.04,0.22,0.86,4.08,0.99,1.39,2.73,4.43,0.68,5.27,34.99,2.76,1.93,4.12,2.68,0.84,7.19,0.82
02/28/1939,0.05,0.28,25.46,0.21,3.00,0.58,3.89,3.44,3.11,1.36,0.14,6.08,0.40,8.88,14.49,2.04,2.11,0.39,0.00,1.41,26.07,2.00,1.03,17.41,7.74,0.06,0.25,0.71,1.37,1.57,1.72,8.09,11.90,0.46,1.38,18.03,1.20,8.03,0.78,0.08,2.69,0.28,1.40,1.54,5.04,0.77,0.50,6.17,0.34,0.95,0.67,0.79,2.22,0.23,0.36,0.75,0.34,0.44,2.01,0.00,0.19,1.11,1.93,19.89,2.51,6.15,8.30,7.08,12.54,10.32,0.39,5.47,9.09,0.00,11.52,0.14,7.01,0.23,1.21,50.45,0.31,0.19,10.07,2.31,0.34,1.41,9.11,0,1.55,0.53,1.57,3.99,0.83,4.42,1.59,0.93,0.39,0.232254902,1.03,0.94,7,1.8,5.77,298.18,0.12,0.26,1.07,3.75,1.27,1.78,2.56,2.49,0.77,6.25,36.55,2.46,1.79,3.82,2.49,1.36,8.66,1.26
03/31/1939,0.32,1.80,38.32,0.59,7.10,2.89,8.34,7.19,5.70,5.80,0.21,10.34,1.12,19.86,30.73,4.75,5.14,1.15,0.00,5.36,26.76,3.40,1.76,34.42,21.74,0.22,1.25,2.48,3.09,3.53,3.47,19.02,31.04,0.75,4.78,26.75,2.00,6.47,3.54,0.44,9.62,1.19,5.30,4.02,17.10,1.56,2.77,13.41,2.25,4.90,1.41,1.66,5.80,0.18,1.08,2.55,1.32,1.18,5.14,10.50,0.14,0.82,6.83,47.69,11.19,20.75,17.57,16.75,18.88,31.94,1.48,20.96,32.74,55.72,38.25,0.48,23.00,0.19,5.74,44.50,0.97,0.81,15.35,3.84,0.95,4.06,17.1,0,4.72,1.56,3.53,10.31,2.68,7.28,6.05,3.55,0.88,1.47245098,6.53,3.55,14.76,8.85,10.55,604.47,2.32,0.87,4.06,12.82,3.56,5,6.04,10.87,2.44,22.01,127.33,11.79,5.28,11.28,7.34,4.02,32.92,2.14
04/30/1939,0.56,3.13,41.61,1.91,4.60,3.77,2.68,4.85,2.61,11.85,0.05,3.68,1.42,14.83,29.09,5.42,7.43,5.40,0.00,2.07,9.19,1.21,0.62,23.96,11.02,0.29,2.13,5.13,0.93,1.06,1.88,12.36,35.32,2.39,1.68,0.00,1.10,0.00,12.73,0.69,19.02,2.43,8.90,5.32,34.20,0.85,10.83,0.53,13.88,10.99,0.78,0.92,7.90,1.83,2.15,5.13,4.22,1.54,2.65,8.58,0.72,4.19,6.66,55.87,12.22,20.53,16.98,10.85,20.49,27.67,1.70,24.02,42.55,91.12,63.13,0.53,19.65,1.87,3.60,25.86,0.89,0.37,3.12,1.54,3.06,3.68,7.18,0,15.58,1.59,1.06,4.76,0,2.42,15.77,9.26,0.27,2.588627451,11.48,5.96,7.84,26.18,4.88,341.83,6.82,0.95,10.57,17.02,4.49,6.3,6.06,15.47,2.23,10.78,137.58,28.89,5.39,11.51,7.5,2.01,12.69,0.76
05/31/1939,0.13,0.70,28.41,2.16,2.90,1.06,2.17,1.63,1.65,7.06,0.02,1.92,0.72,9.20,19.89,3.14,6.61,6.13,0.00,0.98,10.08,0.63,0.33,10.14,5.53,0.13,0.84,2.85,0.58,0.66,0.64,7.82,17.52,2.67,0.73,6.18,0.90,0.00,11.17,0.29,11.19,1.45,3.60,3.54,22.32,0.29,7.01,0.11,7.81,5.73,0.27,0.32,5.48,0.68,0.89,2.17,3.48,1.67,0.81,0.00,0.67,3.86,2.02,31.06,5.89,8.40,12.18,6.84,13.99,7.21,0.75,10.61,18.40,42.24,34.87,0.16,5.28,0.70,0.88,13.45,0.27,0.09,1.13,0.35,3.47,1.15,4.63,0,13.98,0.88,0.66,2.51,3.42,0,11.01,6.46,0.17,0.570490196,2.53,2.41,0,16.4,3.09,259.62,4.09,0.3,7.38,6.4,2.29,3.21,2.51,7.34,0.67,5.77,76.91,14.31,2.98,6.37,4.14,0.24,5.99,0.4
06/30/1939,0.03,0.17,24.12,0.99,2.00,0.40,1.40,0.49,0.30,2.44,0.01,1.12,0.04,5.87,12.39,1.82,3.81,2.65,0.00,0.61,0.00,0.37,0.19,3.49,2.71,0.04,0.24,0.60,0.27,0.31,0.20,5.36,7.12,1.33,0.28,12.03,0.00,0.00,4.79,0.08,3.22,0.50,0.61,1.84,6.22,0.09,2.20,0.19,1.66,1.76,0.11,0.13,2.60,0.21,0.19,0.62,1.17,1.11,0.42,0.00,0.37,2.17,0.61,16.93,2.82,3.28,7.32,4.72,11.88,1.92,0.21,3.02,5.28,7.87,13.92,0.03,1.49,0.21,0.31,37.42,0.11,0.04,0.45,0.09,1.59,0.43,3.18,0,5.37,0.44,0.31,1.5,1.87,3.84,3.58,2.1,0.08,0.187156863,0.83,0.41,0.65,5.54,0.9,203.83,0.56,0.06,2.4,1.81,0.13,0.18,1.36,2.49,0.26,1.88,27.92,3.49,1.5,3.2,2.09,0.04,3.75,0.23
07/31/1939,0.00,0.02,24.86,0.31,1.70,0.14,1.21,0.32,0.00,0.78,0.00,1.00,0.16,3.89,10.34,1.42,2.72,0.44,0.00,0.54,5.18,0.33,0.17,1.82,0.75,0.01,0.12,0.09,0.34,0.39,0.09,4.60,4.35,0.48,0.08,0.00,0.00,0.00,1.65,0.03,0.76,0.16,0.06,1.22,1.22,0.04,0.42,0.25,0.23,0.50,0.04,0.05,1.57,0.11,0.04,0.20,0.26,0.60,0.18,0.18,0.18,1.05,0.22,12.38,1.26,1.67,5.41,4.01,12.24,1.71,0.07,1.03,1.92,0.00,8.37,0.01,0.63,0.12,0.11,22.22,0.04,0.01,0.23,0.04,0.5,0.22,3.25,0,1.24,0.48,0.39,0.5,1.26,0.51,0.87,0.51,0.1,0.193921569,0.86,0.04,3.15,1.67,0.4,190.45,0,0.01,0.58,0.83,0.52,0.73,1.03,0.84,0.11,0.35,8.87,0.62,1.62,3.46,2.25,0.01,3.34,0.21
08/31/1939,0.00,0.01,20.84,0.06,1.60,0.09,1.13,0.26,0.00,0.00,0.00,0.73,0.11,3.26,10.82,1.16,1.22,0.00,0.00,0.03,1.11,0.24,0.12,1.03,0.70,0.01,0.16,0.01,0.22,0.25,0.06,4.31,2.22,0.31,0.01,0.00,0.00,0.00,0.00,0.02,0.18,0.00,0.00,0.65,0.21,0.03,0.11,0.08,0.16,0.00,0.02,0.02,0.54,0.00,0.02,0.07,0.04,0.43,0.13,1.01,0.14,0.83,0.10,7.06,1.04,1.20,4.76,3.77,10.26,1.66,0.05,0.72,1.10,0.00,6.40,0.00,0.22,0.00,0.07,21.78,0.02,0.01,0.18,0.01,0.1,0.08,3.26,0,0.21,0.43,0.25,0.42,0.66,0.1,0.21,0.12,0.06,0.304411765,1.35,0,4.92,0,0.1,178.77,0,0,0.14,0.5,0.36,0.51,1.17,0,0.05,0.02,4.43,0.21,1.47,3.14,2.04,0.01,0.19,0.15
09/30/1939,0.00,0.01,20.23,0.14,1.60,0.03,1.14,0.32,0.00,1.40,0.00,0.18,0.09,3.62,12.91,1.17,0.62,0.30,0.00,0.01,4.50,0.06,0.03,1.19,0.70,0.01,0.15,0.05,0.27,0.31,0.05,4.31,1.95,0.43,0.00,0.00,0.20,0.00,3.18,0.02,0.54,0.29,0.00,0.50,0.67,0.02,0.16,0.08,0.08,0.59,0.01,0.01,0.38,0.00,0.04,0.22,0.10,0.94,0.39,0.00,0.30,1.72,0.29,4.82,1.36,1.20,4.84,3.77,9.97,1.58,0.03,0.48,0.74,19.32,5.96,0.01,0.79,0.00,0.08,1.53,0.05,0.01,0.16,0.03,0.22,0.49,2.93,0,0.69,0.44,0.31,0.25,2.88,0.51,0.55,0.32,0.08,0.225490196,1,0,0,2.39,0,178.24,0,0.01,0.37,0.41,0.29,0.41,1.34,2.25,0.14,0,4.17,0.26,1.48,3.16,2.06,0.03,0.05,0.04
10/31/1939,0.01,0.05,20.03,0.39,2.10,0.15,1.38,0.71,0.00,2.07,0.03,1.22,0.22,3.95,12.23,1.68,0.90,0.57,0.06,0.07,2.69,0.40,0.21,4.83,0.92,0.02,0.27,0.38,0.30,0.34,0.79,4.94,6.29,0.53,0.04,0.00,0.30,0.00,3.57,0.13,1.75,0.42,0.42,0.88,2.80,0.36,0.98,0.06,0.36,0.78,0.07,0.08,0.72,0.03,0.05,0.62,0.42,0.67,0.93,0.00,0.00,0.00,0.89,10.11,1.30,2.33,5.62,4.95,9.87,4.54,0.11,1.51,2.40,11.32,7.84,0.04,2.75,0.03,0.45,0.00,0.28,0.09,0.27,0.48,0.62,1.43,1.74,0,2.33,0.46,0.34,0.32,1.47,0.96,1.15,0.67,0.09,0.108235294,0.48,0.28,0,2.56,0,191.63,0.47,0.07,0.77,1.12,0.69,0.97,1.52,2.71,0.7,0.13,7.01,2.02,1.57,3.35,2.18,0.39,0.41,0.25
11/30/1939,0.01,0.06,19.03,0.11,1.90,0.20,1.37,0.65,0.00,0.96,0.04,0.97,0.11,3.69,10.96,1.36,0.88,0.19,0.19,0.10,3.97,0.32,0.17,5.70,1.54,0.01,0.26,0.19,0.03,0.03,0.74,4.61,6.14,0.38,0.06,13.53,0.00,0.00,0.76,0.13,0.72,0.20,0.27,0.84,1.46,0.33,0.43,0.14,0.22,0.58,0.07,0.08,0.74,0.03,0.08,0.22,0.19,0.70,0.87,0.00,0.23,1.34,0.30,9.58,1.28,1.64,5.19,4.48,9.37,3.75,0.08,1.08,1.75,11.38,6.46,0.03,1.36,0.03,0.33,6.65,0.07,0.04,0.86,0.44,0.18,0.64,1.43,0,0.67,0.25,0.03,0.53,0.88,1.45,0.42,0.25,0.01,0.038333333,0.17,0.18,2.29,1.13,0.9,188.1,0,0.06,0.28,0.92,0.36,0.51,1.41,1.46,0.18,0.2,7.28,0.74,0.84,1.79,1.17,0.5,0.6,0.2
12/31/1939,0.04,0.21,25.86,0.20,3.90,0.36,3.15,2.57,2.33,1.91,0.21,1.43,0.13,7.71,19.21,2.15,2.78,0.11,0.54,3.06,11.35,0.47,0.24,20.98,10.25,0.02,0.51,0.36,0.00,0.00,1.90,9.04,15.19,0.35,3.15,7.58,0.10,0.80,1.52,0.30,1.42,0.39,0.52,1.58,2.91,0.86,0.68,0.64,0.43,1.16,0.73,0.86,2.15,0.03,0.15,0.43,0.33,2.37,1.97,0.00,0.00,0.00,0.61,21.59,2.66,2.67,10.59,9.20,12.74,6.87,0.13,1.90,3.02,25.90,9.22,0.06,2.66,0.03,0.46,0.00,0.14,0.1,2.33,2.39,0.32,0.94,2.17,0,1.31,0.65,0,6.68,0,1.52,0.96,0.56,0,0,0,0.35,2.05,2.23,4.4,342.75,0.01,0.12,0.64,2.46,0.41,0.58,2.06,2.92,0.35,10.16,85.25,2.12,2.2,4.7,3.06,0.75,18.8,0.3
01/31/1940,0.87,4.88,51.79,1.09,18.40,2.37,32.79,13.25,57.09,11.70,11.30,22.56,2.18,53.69,64.14,4.36,12.87,1.25,13.53,9.92,117.69,7.42,3.83,128.73,54.04,0.42,4.20,3.84,7.57,8.65,16.75,42.61,105.03,0.79,16.59,5.37,19.90,33.80,7.32,2.44,13.63,2.40,6.42,8.18,24.74,7.56,4.49,31.13,6.69,7.90,6.61,7.77,12.70,1.31,3.92,3.45,1.69,6.53,17.87,19.16,7.13,41.35,8.06,118.20,21.60,39.53,42.49,43.41,25.51,70.22,2.63,37.15,61.11,109.20,73.91,0.73,30.35,1.35,9.45,79.32,1.64,1.82,137.01,18.91,1.76,12.3,34.84,0,8.6,4.15,8.65,34.5,13.61,16.98,7.14,4.19,2.16,4.766862745,21.14,4.3,32.4,14.88,44.1,1004.54,2.01,1.32,4.79,23.22,6.9,9.69,12.86,18.66,4.13,50.15,193.3,23.89,14.05,30.01,19.54,17.63,60.97,4.67
02/29/1940,1.08,6.03,67.13,0.74,42.30,5.63,51.35,29.90,120.21,10.29,29.78,35.93,3.68,98.32,96.02,11.63,19.08,0.90,46.37,20.41,248.26,11.82,6.10,200.37,170.21,0.61,7.72,3.18,10.75,12.29,33.41,98.07,195.83,0.66,36.50,29.69,44.70,28.96,6.25,5.67,12.57,2.11,6.50,11.92,21.65,15.07,3.85,77.83,7.00,7.84,13.84,16.27,19.70,0.77,5.35,2.63,1.18,10.83,27.05,45.93,11.37,65.99,9.47,222.45,41.90,66.44,65.46,99.79,33.07,128.58,4.05,57.18,90.16,254.24,108.77,0.87,38.83,0.80,18.69,110.32,1.87,2.06,303.23,35.15,1.19,16.67,63.08,0,6,7.53,12.29,111.18,19.9,22.83,7.74,4.54,3.07,9.294705882,41.22,4.35,73.6,13.94,80.4,1675.62,1.42,1.57,5.19,36.34,11.66,16.37,23.07,18.92,4.72,97.5,321.45,23.81,25.48,54.42,35.44,28.25,125.36,7.44
03/31/1940,1.71,9.55,91.59,1.20,33.80,12.76,39.47,21.60,64.07,22.41,13.67,33.05,4.28,91.76,79.65,18.42,24.95,1.54,26.67,14.19,122.15,10.87,5.61,130.16,136.95,0.83,13.18,6.11,10.80,12.34,23.51,78.40,280.00,0.90,22.37,0.00,16.80,16.51,17.92,11.54,24.66,4.59,13.68,15.83,40.08,10.60,9.84,45.24,17.70,21.36,10.27,12.07,26.38,3.23,6.84,5.03,2.58,7.80,26.35,65.15,11.43,66.35,17.66,312.41,45.86,84.12,55.39,79.73,45.11,154.38,5.17,73.04,122.15,218.94,155.87,1.63,66.81,3.32,19.97,192.03,3.17,2.4,142.88,14.78,1.92,16.45,67.93,0,10.55,7.53,12.34,78.08,28,28.16,18.72,10.99,3.09,8.620490196,38.23,9.16,53.8,42.12,48.1,1376.63,2.55,2.94,12.55,52.46,13.54,19.01,25.97,36.06,7.97,68.44,315.57,47.68,25.49,54.45,35.45,27.15,87.19,6.84
04/30/1940,1.32,7.36,88.98,1.83,18.80,16.31,16.93,5.49,32.54,14.99,5.40,9.61,2.76,56.20,41.78,13.32,26.50,2.97,11.92,5.99,47.73,3.16,1.63,42.81,70.55,0.55,10.28,6.82,3.83,4.38,6.07,43.77,160.73,1.45,9.05,15.80,9.00,11.20,19.37,8.90,26.33,3.07,13.12,13.20,43.11,2.74,13.63,10.52,21.13,13.83,2.82,3.32,23.25,2.12,4.78,5.65,4.00,7.65,6.15,18.14,8.58,49.79,11.09,208.50,30.16,46.02,30.56,44.35,43.82,68.28,3.40,48.04,80.32,161.49,122.76,1.05,35.57,2.18,7.78,82.62,1.80,1.59,53.27,2.3,2.94,7.53,29.78,0,17.24,3.43,4.38,39.36,30.06,17.17,24.73,14.51,1.09,2.218823529,9.84,8.78,59.01,34.3,26.3,937.22,6.64,1.89,16.58,31.24,8.75,12.28,13.85,16.61,4.52,37.83,266.25,40.81,11.6,24.78,16.13,5.01,36.77,1.99
05/31/1940,0.45,2.52,69.35,4.59,6.80,7.35,3.89,2.69,9.28,21.83,0.88,2.55,1.03,18.49,36.67,7.21,16.69,13.78,2.59,2.89,22.40,0.84,0.43,23.66,16.47,0.40,3.08,9.26,0.91,1.04,0.81,15.72,57.18,5.62,3.43,18.77,4.30,0.00,36.87,2.81,36.88,4.47,12.88,6.70,66.73,0.37,24.29,4.17,33.28,17.89,0.40,0.47,10.94,1.56,2.19,5.98,7.70,8.62,1.23,0.00,0.00,0.00,8.37,102.04,15.47,21.18,26.53,16.04,34.16,42.70,2.50,35.37,59.16,95.02,115.47,0.82,24.11,1.61,1.54,17.51,1.21,0.65,10.12,0.93,7.36,4.53,10.62,0,34.93,1.56,1.04,12.5,0,2.25,37.33,21.91,0.26,0,0,8.62,0,50.17,6.7,417.71,14.46,1.47,25.03,20.49,3.25,4.56,6.07,21.04,3.04,15.48,226.45,47.37,5.29,11.3,7.36,1.62,17.76,0.53
06/30/1940,0.06,0.31,41.61,2.87,3.80,1.89,2.20,1.20,1.74,5.68,0.23,1.31,0.54,8.57,28.69,3.07,6.19,8.51,0.51,1.67,7.89,0.43,0.22,8.92,4.80,0.11,1.34,2.36,0.23,0.26,0.29,8.56,17.12,3.59,1.14,11.79,0.40,0.00,12.01,0.79,12.23,1.16,2.55,2.36,23.20,0.13,9.34,0.17,8.77,3.99,0.11,0.13,3.14,0.42,0.66,1.65,3.24,5.08,0.36,3.46,0.43,2.48,2.48,37.59,6.93,5.63,18.29,8.96,20.49,14.80,0.67,9.51,15.89,47.67,41.92,0.17,6.34,0.43,0.60,10.60,0.47,0.11,3.08,0.27,4.61,2.41,6.22,0,16.79,0.66,0.26,2.75,6.76,1.21,13.34,7.83,0.07,0.220980392,0.98,1.71,5.08,12.52,3.1,270.12,5.85,0.31,8.94,4.81,1.72,2.41,3.14,5.59,1.18,4.13,84.18,14.17,2.25,4.81,3.13,0.35,10.23,0.27
07/31/1940,0.01,0.04,33.43,0.60,2.80,0.55,1.66,0.55,0.00,2.04,0.08,0.97,0.36,5.57,17.28,2.23,2.08,1.25,0.12,1.27,0.54,0.32,0.17,2.78,0.85,0.03,0.84,0.20,0.00,0.00,0.14,6.54,7.45,0.79,0.26,0.00,0.20,0.00,4.63,0.22,2.03,0.42,0.06,1.00,2.84,0.06,1.54,0.09,0.75,1.06,0.03,0.04,0.93,0.01,0.14,0.47,0.45,1.83,0.85,1.05,0.65,3.79,0.76,17.08,3.04,2.71,9.09,6.61,16.47,6.53,0.17,2.42,3.74,26.63,14.88,0.03,2.40,0.01,0.22,0.00,0.19,0.02,0.61,0.05,0.96,1.07,5.92,0,2.52,0.49,0,0.25,5.97,1.09,2.32,1.36,0,0.311176471,1.38,0.04,0,3.67,0.7,223.37,0,0.05,1.56,1.22,1.14,1.6,2.34,2.74,0.47,0.6,20.24,1.61,1.65,3.52,2.29,0.11,7.8,0.2
08/31/1940,0.00,0.01,29.75,0.16,2.40,0.01,1.39,0.43,0.00,0.47,0.05,0.00,0.22,4.72,13.62,1.95,0.93,0.78,0.08,0.28,5.03,0.00,0.00,1.96,0.42,0.01,0.56,0.06,0.05,0.06,0.10,5.61,5.58,0.61,0.09,1.49,0.00,0.00,0.78,0.15,0.68,0.10,0.00,0.67,0.79,0.05,0.21,0.10,0.15,0.14,0.02,0.02,0.52,0.13,0.05,0.21,0.10,1.07,0.80,0.00,0.25,1.44,0.37,11.09,1.95,2.01,6.39,5.66,14.65,4.63,0.07,1.03,1.98,20.85,9.75,0.01,1.19,0.14,0.12,0.00,0.09,0.02,0.55,0.05,0.25,0.74,6.82,0,0.73,0.56,0.06,0.12,2.63,0.37,0.53,0.31,0.01,0.299901961,1.33,0,3.14,0.64,0.9,203.91,0,0.02,0.36,0.7,0.69,0.97,2.08,0.97,0.23,0.18,8.83,0.35,1.89,4.04,2.63,0.07,1.72,0
09/30/1940,0.00,0.01,25.86,0.06,2.50,0.04,1.41,0.51,0.00,0.88,0.05,0.30,0.22,4.83,14.90,2.09,0.86,0.01,0.13,0.39,1.99,0.10,0.05,2.52,0.21,0.01,0.11,0.04,0.12,0.14,0.12,5.71,5.31,0.31,0.12,3.03,0.00,0.00,2.62,0.17,0.44,0.18,0.01,0.55,0.55,0.05,0.17,0.11,0.20,0.25,0.03,0.04,0.52,0.05,0.06,0.14,0.05,2.55,0.32,0.00,0.57,3.31,0.27,9.99,1.85,1.86,6.58,5.90,12.74,3.87,0.07,0.93,1.59,18.10,9.16,0.01,0.81,0.05,0.15,6.69,0.06,0.05,0.64,0.1,0.1,0.91,4.36,0,0.5,0.49,0.14,0.06,4.52,0.3,0.61,0.36,0.03,0.24127451,1.07,0.01,0.72,1.36,0.5,198.97,0,0.01,0.41,0.66,0.71,1,1.9,1.41,0.16,0.25,9.23,0.3,1.66,3.55,2.31,0.15,2.43,0.06
10/31/1940,0.00,0.03,28.74,0.09,2.56,0.26,1.64,0.91,0.00,0.00,0.09,1.09,0.29,5.57,19.50,2.42,1.32,0.17,0.15,0.40,3.90,0.36,0.19,6.37,1.76,0.01,0.36,0.08,0.34,0.39,1.16,6.31,9.43,0.38,0.25,0.09,0.10,0.00,0.00,0.18,0.35,0.00,0.07,1.27,0.50,0.52,0.16,0.13,0.29,0.00,0.11,0.13,1.05,0.01,0.07,0.14,0.07,1.45,1.34,0.00,0.46,2.69,0.18,15.29,1.73,2.00,7.17,6.04,14.16,3.43,0.08,1.20,1.86,15.50,9.48,0.01,0.60,0.01,0.24,2.60,0.06,0.01,0.69,0.64,0.14,0.85,1.58,0,0.54,0.55,0.39,0.62,1.74,0.75,0.29,0.17,0.1,0.133039216,0.59,0.05,9.94,0,1.4,217.46,0,0.01,0.19,1.36,0.92,1.29,2.22,0,0.16,0.79,14.6,0.44,1.86,3.97,2.59,0.21,2.43,0.23
11/30/1940,0.01,0.06,29.82,0.24,3.46,0.72,2.50,1.13,0.00,5.69,0.30,2.95,0.23,6.57,26.16,2.75,2.95,0.08,0.63,0.59,7.42,0.97,0.50,13.00,2.27,0.05,0.71,0.23,0.75,0.86,1.38,7.81,17.47,0.34,0.88,0.00,0.30,0.00,6.55,0.40,1.08,1.17,0.25,1.92,1.73,0.62,0.51,0.12,1.23,2.96,0.27,0.32,2.34,0.00,0.35,0.38,0.28,1.89,1.63,0.12,1.20,6.94,0.56,24.93,3.61,4.69,8.88,8.16,14.69,7.69,0.36,5.13,7.88,29.89,18.12,0.02,1.63,0.00,0.75,19.53,0.17,0.06,2.72,1.12,0.39,1.56,4.43,0,1.46,0.6,0.86,0.8,5.58,1.63,0.92,0.54,0.21,0,0,0.17,0,6.79,3,247.31,0.07,0.03,0.62,4.16,0.74,1.04,2.78,8.21,0.43,2.74,27.09,2,2.04,4.36,2.84,1,3.63,0.61
12/31/1940,0.27,1.51,50.79,0.59,26.75,2.89,33.36,11.47,81.50,7.36,14.68,19.76,0.98,58.69,53.70,5.30,12.96,0.84,18.31,15.15,168.79,6.50,3.36,104.50,116.60,0.31,3.82,1.11,6.01,6.87,18.12,46.45,102.91,0.63,15.75,0.00,25.00,0.00,4.65,2.19,4.20,1.51,1.61,8.17,8.49,8.18,1.29,34.25,4.38,4.90,6.79,7.98,12.32,0.03,2.57,1.27,0.90,4.13,21.59,6.83,7.86,45.61,1.87,119.41,19.02,31.85,37.78,63.10,25.01,79.04,2.07,29.25,44.99,124.72,60.90,0.18,7.47,0.03,8.39,50.13,0.42,0.37,177.61,14.51,0.94,6.39,30.73,0,3.8,4.14,6.87,75.86,26.42,7.06,2.1,1.23,1.72,4.173823529,18.51,1.08,37.06,9.3,65.6,1062.98,0.91,0.33,1.41,19.1,3.1,4.35,12.45,11.3,1.06,48.22,154.14,7.46,14.03,29.97,19.51,8.29,93.07,4.09
01/31/1941,0.31,1.75,41.07,0.39,29.74,2.11,43.26,13.45,136.83,6.91,22.60,30.67,1.18,81.17,58.25,4.00,11.03,0.49,30.85,21.63,218.11,10.09,5.21,119.39,170.55,0.41,3.84,1.58,9.44,10.79,29.76,51.79,107.98,0.50,19.39,57.42,29.50,25.44,4.13,2.67,5.42,1.42,2.55,6.86,9.95,13.42,1.41,54.62,3.01,4.87,12.49,14.68,11.63,0.38,3.69,1.40,0.74,8.45,18.37,0.00,9.94,57.67,3.04,125.65,21.50,38.08,36.12,70.16,20.23,82.82,2.72,38.43,60.16,106.94,59.34,0.27,11.00,0.39,12.67,133.40,0.60,0.56,231.85,19.76,0.63,9.28,52.21,0,3.21,4.5,10.79,115.9,35.75,10.74,2.98,1.75,2.7,5.143431373,22.81,1.71,32.14,9,109,1411.11,0.09,0.49,2,19.56,3.73,5.24,12.77,12.08,1.52,53.03,231.29,7.55,15.24,32.55,21.2,15.16,132.89,6.35
02/28/1941,0.72,4.00,80.60,0.57,45.72,5.30,41.11,28.14,146.94,7.31,21.26,29.64,2.26,96.88,90.19,10.86,16.96,0.37,34.90,19.47,165.21,9.75,5.03,191.64,186.51,0.52,6.30,2.27,9.45,10.80,31.84,75.14,192.19,0.45,33.30,32.10,28.80,21.24,4.46,4.90,8.42,1.50,4.29,10.39,14.93,14.36,2.39,46.23,5.70,5.64,13.32,15.66,17.37,0.57,4.47,1.99,0.81,12.04,32.44,24.72,10.95,63.52,5.85,217.42,32.66,59.52,60.92,107.85,39.70,124.48,3.44,48.54,76.29,195.31,87.58,0.54,23.26,0.59,16.29,80.11,1.17,1.6,207.51,34.82,0.92,12.6,54.64,0,4.62,6.49,10.8,120.46,33.11,14.43,4.81,2.82,2.7,7.998137255,35.47,2.87,61.41,9.96,115.3,1262.64,1.29,0.97,3.22,29.62,7.16,10.05,20.94,13.43,2.94,85.36,256.48,15.74,21.99,46.97,30.58,20.95,119.6,6.13
03/31/1941,0.93,5.18,65.73,0.74,28.88,7.69,31.68,17.86,132.66,10.28,15.34,19.33,2.21,66.89,66.59,17.10,14.06,0.46,33.24,22.34,141.11,6.36,3.28,114.64,169.25,0.46,6.42,3.34,6.23,7.12,18.71,60.20,182.39,0.49,35.88,22.50,25.70,26.71,6.69,6.35,13.39,2.11,6.93,9.33,22.46,8.44,3.75,36.10,7.52,9.23,8.50,9.99,15.67,2.31,3.46,2.70,1.29,11.04,21.32,14.29,4.69,27.19,10.39,204.48,27.88,42.59,41.33,68.13,32.37,95.51,2.78,39.32,67.53,148.47,82.82,0.91,40.05,2.38,10.25,98.69,1.93,1.75,156.94,14.15,1.18,9.28,40.46,0,6.22,4.72,7.12,96.35,21.2,14.35,8.79,5.16,1.78,6.126568627,27.17,4.64,37.92,16.21,101.3,1205.6,1.49,1.64,5.89,29.17,7,9.83,16.65,18.9,4.87,94.14,365.02,20.44,15.98,34.13,22.23,17.1,137.22,4
04/30/1941,0.94,5.26,55.07,0.84,31.19,7.17,35.26,13.30,100.83,12.24,15.54,16.78,1.77,74.53,61.49,17.08,17.25,0.94,30.08,20.25,130.42,5.52,2.85,82.47,145.31,0.42,9.92,4.24,5.45,6.23,11.30,62.60,164.80,0.67,22.09,19.59,22.10,18.95,10.72,7.86,16.96,2.51,9.63,9.98,27.73,5.10,5.89,36.65,10.77,12.02,4.85,5.70,17.05,0.60,2.96,3.65,1.88,10.07,10.14,4.94,3.18,18.45,11.65,184.53,22.39,39.09,42.48,73.58,27.13,89.57,2.76,38.97,61.67,96.20,83.66,1.09,44.45,0.62,8.73,93.17,2.06,1.46,154.56,7.62,1.35,6.83,45.85,0,7.31,4.83,6.23,79.37,27.82,13.23,13.06,7.67,1.56,5.932647059,26.31,6.45,26.53,25.04,79.1,1225.15,2.52,1.97,8.76,26.07,5.62,7.89,13.5,18.07,5.17,71.29,357.13,24.36,16.36,34.94,22.75,7.44,124.4,3.47
05/31/1941,1.35,7.54,126.76,4.11,15.33,9.93,7.78,5.65,33.47,30.79,2.65,4.07,1.57,42.94,60.12,23.55,32.27,13.49,6.49,6.40,21.72,1.34,0.69,47.22,44.31,0.65,9.71,11.90,2.68,3.06,2.35,38.61,173.81,5.50,12.05,6.95,4.30,0.00,41.89,8.81,45.96,6.31,20.23,14.80,77.98,1.06,25.64,12.08,41.12,27.71,1.31,1.54,26.40,0.50,3.81,9.24,8.03,16.43,3.63,0.00,0.00,0.00,15.43,232.23,32.58,42.68,39.17,36.16,62.44,93.82,4.34,61.27,95.59,150.52,177.64,1.47,48.50,0.51,6.39,27.99,2.34,1.86,25.82,2.17,6.59,7.05,17.22,0,34.37,4.62,3.06,31.17,7.48,10.2,41.08,24.11,0.77,5.080294118,22.53,13.54,23.77,70.82,30.9,781.34,15.42,2.65,27.54,40.65,4.97,6.98,14.05,32.49,5.9,50.52,517.22,58.15,15.63,33.39,21.74,2.99,39.34,0.84
06/30/1941,0.21,1.16,69.68,3.46,4.99,2.81,3.41,2.03,11.10,12.36,0.55,2.10,0.78,17.95,39.30,7.80,15.10,10.74,1.78,2.38,13.45,0.69,0.36,18.20,15.20,0.21,2.07,4.46,0.63,0.72,0.66,15.14,47.16,4.45,4.42,0.00,1.70,0.00,24.56,1.87,18.95,2.53,5.36,5.53,37.34,0.30,12.20,0.92,17.05,9.43,0.28,0.33,8.53,0.63,0.82,2.45,4.87,13.72,0.88,0.00,0.00,0.00,3.47,90.55,13.34,14.39,27.38,11.77,34.32,26.73,1.30,18.36,30.15,98.30,77.06,0.31,8.56,0.64,1.45,1.46,0.55,0.2,7.64,0.64,5.54,2.61,10.06,0,23.14,2.03,0.72,12.02,0,3.72,20.08,11.79,0.18,0.906470588,4.02,3.59,5.22,27.86,12.9,465.82,10.04,0.55,13.46,10.26,2.46,3.45,5.36,11.81,1.39,18.9,327.12,20.39,6.88,14.7,9.57,0.49,14.64,0.43
07/31/1941,0.04,0.21,50.72,1.42,3.06,1.13,2.29,1.12,0.00,5.58,0.22,0.91,0.62,7.78,29.99,3.81,4.30,5.06,0.50,1.08,9.61,0.30,0.15,6.21,4.34,0.05,1.38,0.62,0.29,0.33,0.19,9.54,13.54,2.26,1.40,29.30,0.80,0.00,12.25,0.40,4.90,1.14,0.55,1.73,8.20,0.09,3.69,0.15,2.69,3.39,0.04,0.05,1.77,0.36,0.27,0.90,1.35,9.66,1.33,0.00,0.59,3.43,1.25,31.83,5.10,5.61,18.87,7.22,24.98,9.32,0.32,4.54,8.07,43.65,26.57,0.06,3.48,0.37,0.63,1.78,0.29,0.05,2.91,0.13,2.29,1.52,6.61,0,7.64,0.88,0.33,2.23,7.43,0,5.03,2.95,0.08,0.48254902,2.14,0.37,0,11.16,3.3,319.82,1.72,0.11,3.37,2.33,1.95,2.74,3.56,6.52,0.72,4.79,148.91,4.35,2.99,6.39,4.16,0.14,6.66,0.19
08/31/1941,0.01,0.03,39.73,0.31,2.67,0.52,1.91,0.68,0.00,0.78,0.17,0.00,0.24,6.14,22.61,2.91,1.31,0.89,0.25,0.56,1.28,0.00,0.00,3.16,1.46,0.02,0.82,0.10,0.28,0.32,0.14,8.04,7.53,0.65,0.51,0.64,0.30,0.00,1.77,0.20,1.23,0.16,0.00,0.96,1.35,0.06,0.50,0.13,0.55,0.23,0.03,0.04,0.72,0.04,0.09,0.37,0.21,3.71,0.93,0.00,0.44,2.55,0.62,16.30,2.68,3.19,10.18,6.30,19.57,4.68,0.14,2.01,3.21,28.72,14.09,0.02,1.87,0.04,0.32,4.16,0.15,0.02,1.36,0.07,0.5,0.98,8.03,0,1.26,0.53,0.32,0.42,5.1,1.27,1.14,0.67,0.08,0.306666667,1.36,0,2.99,1.15,1,263.4,0,0.03,0.76,1.01,0.77,1.08,2.95,1.48,0.4,1.25,34.9,0.68,1.78,3.8,2.48,0.09,3.44,0
09/30/1941,0.00,0.02,30.69,0.09,2.38,0.21,1.77,0.62,0.00,0.48,0.11,0.46,0.21,5.44,19.15,2.64,1.16,0.18,0.24,0.42,0.00,0.15,0.08,3.16,1.20,0.02,0.14,0.05,0.22,0.25,0.14,7.03,7.27,0.38,0.41,4.24,0.10,0.00,1.54,0.20,0.57,0.10,0.03,0.74,0.72,0.06,0.21,0.09,0.33,0.13,0.04,0.05,0.71,0.10,0.07,0.18,0.07,4.34,0.37,0.00,0.67,3.90,0.34,14.22,2.20,2.37,7.97,5.61,15.11,3.94,0.09,1.34,2.38,27.37,10.50,0.01,1.03,0.11,0.27,6.40,0.08,0.05,1.31,0.13,0.15,1.07,4.2,0,0.64,0.51,0.25,0.34,6.2,0.6,0.7,0.41,0.06,0.24127451,1.07,0.02,4.41,0.74,1.1,241.09,0,0.01,0.47,0.76,0.65,0.91,2.59,0.68,0.2,0.82,16.48,0.44,1.72,3.67,2.39,0.17,2.61,0.09
10/31/1941,0.01,0.03,28.94,0.14,2.55,0.30,1.83,0.98,0.00,0.00,0.19,2.40,0.20,5.60,20.20,2.83,1.38,0.03,0.33,0.50,5.07,0.79,0.41,6.77,2.23,0.02,0.40,0.12,0.31,0.35,1.13,7.51,9.92,0.32,0.26,4.30,0.40,0.00,0.00,0.20,0.56,0.00,0.12,1.33,0.80,0.51,0.17,0.21,0.36,0.00,0.11,0.13,1.10,0.00,0.07,0.21,0.11,1.44,1.33,0.00,0.38,2.20,0.31,15.94,1.94,2.38,7.69,6.02,14.26,4.41,0.12,1.65,2.53,14.76,9.89,0.01,1.00,0.00,0.31,0.00,0.11,0.03,1.53,0.68,0.22,1.02,3.53,0,0.84,0.54,0.35,0.77,2.49,1.04,0.58,0.34,0.09,0.209705882,0.93,0.08,10.6,0,1.7,248.56,0,0.02,0.39,1.42,0.63,0.88,2.32,0,0.27,0.85,14.86,0.54,1.83,3.91,2.55,0.26,3.07,0.5
11/30/1941,0.02,0.14,32.23,0.47,3.55,0.50,2.51,1.58,2.18,5.07,0.20,3.07,0.17,7.42,24.23,3.16,2.67,0.62,0.67,0.66,11.40,1.01,0.52,16.49,3.92,0.04,0.58,0.62,0.63,0.72,1.69,8.76,16.12,0.55,0.85,10.39,0.80,0.00,6.21,0.33,2.66,1.04,0.81,1.75,4.84,0.76,1.67,0.19,0.66,2.55,0.49,0.58,2.12,0.09,0.18,0.83,0.66,1.34,1.86,0.00,0.00,0.00,1.26,23.22,2.92,3.86,10.03,8.37,15.87,6.01,0.25,3.60,5.81,18.03,13.03,0.09,4.53,0.09,0.63,2.42,0.35,0.16,2.83,1.59,0.76,1.82,4.74,0,2.91,0.61,0.72,2.59,0.74,2.9,1.69,0.99,0.18,0.072156863,0.32,0.54,0,6.08,2.9,261.15,0.42,0.16,1.13,2.65,0.55,0.77,2.56,7.21,0.88,2.76,34.24,3.49,2.08,4.44,2.89,1.15,4.04,0.64
12/31/1941,0.21,1.15,72.03,1.22,26.37,3.15,31.76,16.84,54.47,13.76,10.91,19.91,1.24,64.51,63.55,9.20,15.83,3.05,13.07,8.98,150.48,6.55,3.38,160.65,84.22,0.36,4.39,3.98,6.30,7.20,20.29,55.90,129.17,1.49,18.95,0.00,14.10,1.40,8.71,2.55,14.04,2.82,6.32,9.83,25.98,9.15,4.37,38.28,8.60,9.28,8.01,9.42,15.27,0.33,2.05,3.59,1.91,8.46,21.14,12.08,0.56,3.24,7.66,150.78,21.95,35.58,54.14,62.21,35.48,83.23,2.41,34.00,53.20,131.89,78.27,0.72,29.70,0.34,8.47,81.83,1.60,1.56,133.04,23.51,1.95,8.59,31.03,0,9.26,5.71,7.2,54,19.17,2.51,6.11,3.59,1.8,3.869411765,17.16,4.23,26.49,17.45,47.2,1052.96,3.17,1.3,4.1,24.27,3.94,5.53,15.43,21.92,4.04,57.63,267.38,15.53,19.34,41.31,26.9,11.41,55.15,4.12
01/31/1942,0.95,5.28,57.62,0.89,28.25,3.54,37.54,20.19,82.13,11.50,13.13,27.79,2.81,66.66,68.31,9.01,13.97,1.48,18.04,12.54,151.28,9.14,4.72,142.63,82.05,0.59,5.21,3.68,7.45,8.51,23.85,61.55,142.49,0.88,21.13,29.15,24.90,40.98,7.01,3.71,14.42,2.35,7.45,8.74,24.93,10.76,3.75,42.17,7.13,8.79,9.77,11.49,14.64,1.37,4.73,3.03,1.29,8.51,15.46,22.47,8.85,51.38,10.67,164.44,28.86,56.15,44.09,66.64,28.38,109.90,3.83,54.08,87.24,142.55,98.01,1.02,43.57,1.40,15.26,141.20,2.22,2.77,138.18,25.47,1.43,16.07,47.25,0,7.2,4.98,8.51,54.44,23.55,22.5,8.28,4.86,2.13,5.659803922,25.1,4.99,51.24,15.59,60.5,1112.33,1.98,1.83,5.55,32.51,8.89,12.48,16.61,21.12,5.6,56.48,206.15,19.71,16.86,36.01,23.45,27.59,77.05,5.75
02/28/1942,0.68,3.79,49.11,0.43,38.13,5.05,47.29,22.46,108.40,7.30,24.38,33.29,2.65,90.60,78.59,9.21,16.15,0.35,43.48,17.65,200.43,10.95,5.65,141.74,132.81,0.57,6.55,2.23,11.37,12.99,27.64,72.09,193.29,0.45,22.77,49.50,35.20,50.59,4.74,5.49,9.16,1.50,4.72,10.03,14.67,12.47,2.83,58.08,4.40,6.51,11.87,13.96,16.72,0.18,5.28,1.63,0.84,6.30,30.81,12.30,14.08,81.70,7.35,215.95,32.07,55.29,48.76,89.95,24.19,126.46,3.81,53.85,83.21,178.02,88.69,0.65,28.17,0.19,16.27,157.40,1.36,1.2,245.41,23.12,0.69,14.31,60.73,0,3.97,6.35,12.99,78.9,31.62,29.27,6.25,3.67,3.25,6.870686275,30.47,3.16,62.2,11.44,73.5,1538.3,0.93,1.16,4.19,30.54,8.4,11.79,19.86,13.35,3.43,61.48,228.4,15.18,21.49,45.9,29.89,25.72,108.42,6.89
03/31/1942,0.63,3.51,46.63,0.52,8.38,3.73,7.24,7.12,28.59,4.92,5.10,12.49,2.15,23.12,39.44,7.63,7.15,0.43,9.68,3.40,37.40,4.11,2.12,49.63,26.19,0.24,3.28,2.55,3.21,3.67,6.49,20.34,92.73,0.48,8.09,22.07,12.20,9.13,3.31,3.25,10.33,1.01,5.75,4.74,16.47,2.93,3.14,4.75,4.06,4.69,2.93,3.44,7.97,0.05,1.92,2.02,1.00,2.69,7.27,25.08,1.02,5.93,7.59,104.45,14.12,24.71,18.05,19.77,22.97,38.79,1.62,22.93,35.33,77.41,49.98,0.72,30.53,0.05,5.87,41.34,1.41,1.14,53.77,5.23,0.83,6.04,25.93,0,4.34,1.93,3.67,14.43,1.87,10.63,7.65,4.49,0.92,2.203039216,9.77,3.85,29.79,8.26,15.9,555.46,1.35,1.3,5.13,17.67,6.8,9.55,8.47,9.11,3.56,22.6,102.7,10.45,6.55,13.99,9.11,13.74,20.89,2.59
04/30/1942,1.68,9.39,93.13,1.42,22.89,14.86,22.58,12.12,61.38,14.45,8.20,20.73,2.56,55.08,58.84,18.63,20.57,2.73,15.87,8.92,106.76,6.82,3.52,73.66,53.12,0.56,11.91,6.77,6.54,7.47,9.52,52.35,206.37,1.36,10.33,20.54,15.40,37.01,13.77,9.86,27.02,2.96,14.68,12.18,43.39,4.29,9.58,12.35,13.85,14.36,4.02,4.73,20.77,0.40,4.37,5.61,3.23,5.92,8.84,21.04,2.41,13.98,15.76,232.45,30.78,54.71,37.83,54.00,45.87,102.26,3.74,52.78,82.27,174.64,114.90,1.52,58.06,0.42,11.70,79.13,2.71,2.4,82.89,6.92,2.28,10.72,48.7,0,13.4,4.49,7.47,27.95,15.93,10.01,22.91,13.45,1.87,4.205392157,18.65,9.83,49.67,31.01,47.3,892.74,4.26,2.73,15.36,36.47,8.1,11.37,17.58,19.86,6.82,37,233.05,39.48,15.19,32.45,21.13,11.5,54.81,4.29
05/31/1942,1.64,9.16,93.26,2.96,17.06,12.56,15.50,5.37,23.76,21.62,2.46,10.12,3.12,35.37,56.80,18.86,27.17,7.53,5.58,4.65,30.98,3.33,1.72,43.15,28.60,0.61,8.68,8.97,3.93,4.49,2.09,43.83,154.03,3.21,7.39,15.19,4.10,14.29,29.72,7.82,34.78,4.43,15.00,12.69,58.63,0.94,17.77,8.07,26.52,19.41,1.23,1.45,22.81,0.79,5.40,6.50,5.84,10.77,3.31,7.87,8.76,50.85,11.02,204.49,27.13,50.74,35.43,40.24,45.94,90.61,4.02,56.71,89.51,139.86,137.98,1.09,32.72,0.82,9.87,52.99,1.74,1.01,23.96,2.06,4.74,7.89,34.29,0,26.06,3.8,4.49,17.95,25.83,13.9,34.47,20.23,1.12,3.105,13.77,10.04,33.39,49.85,21.3,696.69,9.21,1.97,23.11,32.56,9.88,13.87,12.47,22.48,4.37,32.23,346.6,47.71,12.87,27.49,17.9,4.07,28.55,2.09
06/30/1942,0.63,3.53,80.27,5.15,9.07,6.96,5.39,2.20,10.37,19.48,0.65,3.07,1.86,23.48,46.62,11.33,21.32,14.42,1.98,2.19,19.84,1.01,0.52,21.00,11.55,0.40,3.81,8.28,1.17,1.34,0.96,23.71,72.58,5.86,3.18,0.00,2.00,8.04,34.88,3.51,34.31,3.99,10.83,8.22,64.18,0.43,24.34,4.23,27.22,15.62,0.44,0.52,13.34,1.54,2.51,4.76,7.54,9.74,1.39,0.00,1.52,8.83,7.21,131.35,19.74,30.00,29.70,21.40,39.53,41.44,2.46,34.74,58.10,131.73,128.23,0.68,19.47,1.58,3.31,10.79,1.10,0.5,7.9,0.69,8.27,5.09,14.21,0,36.12,2.41,1.34,9.05,1.78,4,36.59,21.47,0.33,1.019215686,4.52,7.25,23.83,44.47,10.5,468.6,15.26,1.23,24.53,20.93,5.89,8.27,7.69,18.63,2.77,14.17,223.34,45.01,8.15,17.41,11.34,1.5,13.46,0.64
07/31/1942,0.07,0.39,48.44,2.22,3.78,1.90,2.59,1.08,0.63,4.83,0.18,1.09,0.83,8.85,32.35,4.06,5.29,7.42,0.40,0.87,12.03,0.36,0.19,5.93,2.73,0.09,1.63,1.27,0.40,0.46,0.25,11.26,15.17,3.17,0.83,0.00,0.40,0.00,10.34,0.62,8.57,0.99,1.22,2.12,14.85,0.11,6.39,0.13,3.78,3.35,0.07,0.08,2.26,0.56,0.53,1.36,2.18,4.80,0.87,0.00,1.35,7.83,2.10,36.94,6.75,7.85,18.23,8.92,23.86,11.29,0.52,7.28,12.90,58.64,38.89,0.12,5.89,0.57,0.92,3.83,0.48,0.08,2.43,0.12,3.56,2.41,7.7,0,12.31,0.89,0.46,1.48,13.43,0,9.09,5.33,0.11,0.441960784,1.96,0.82,2.74,10.56,2.3,302.75,3.64,0.21,6.09,3.75,2.63,3.69,4.01,4.72,1.17,2.8,58.1,9,3.02,6.45,4.2,0.28,5.34,0.23
08/31/1942,0.01,0.03,36.72,0.37,3.20,0.43,2.12,0.62,0.00,1.21,0.12,0.00,0.32,6.08,24.20,3.06,1.38,1.36,0.19,0.43,7.20,0.00,0.00,2.88,0.88,0.03,0.93,0.12,0.37,0.42,0.13,8.70,8.07,0.83,0.30,0.84,0.10,0.00,2.86,0.23,1.56,0.25,0.00,1.01,1.73,0.06,0.68,0.10,0.46,0.65,0.02,0.02,0.76,0.09,0.14,0.45,0.24,2.07,1.09,0.00,0.79,4.61,0.82,16.81,3.05,3.42,9.32,7.55,18.08,3.91,0.16,2.22,3.71,36.31,16.72,0.02,2.49,0.10,0.42,0.00,0.20,0.03,0.95,0.06,0.6,1.46,7.17,0,1.56,0.56,0.42,0.29,7.17,2.7,1.38,0.81,0.11,0.32245098,1.43,0,1.61,2.52,1,253.73,0,0.04,0.93,1.2,1.01,1.42,3.1,1.27,0.53,0.69,16.25,0.86,1.91,4.08,2.66,0.15,2.64,0
09/30/1942,0.00,0.01,30.02,0.09,2.92,0.05,1.84,0.58,0.00,2.60,0.10,0.30,0.26,5.41,20.68,2.48,1.16,0.15,0.20,0.34,3.34,0.10,0.05,2.96,0.80,0.02,0.13,0.06,0.36,0.41,0.13,7.59,7.47,0.37,0.21,0.00,0.20,0.00,6.20,0.21,0.64,0.53,0.03,0.73,0.80,0.06,0.15,0.10,0.24,0.99,0.04,0.05,0.71,0.06,0.07,0.19,0.07,2.54,0.36,0.00,0.69,4.01,0.37,14.21,2.26,2.59,7.55,6.89,14.78,3.53,0.10,1.41,2.36,33.55,11.57,0.01,1.19,0.06,0.28,0.00,0.09,0.07,1.17,0.12,0.14,1.16,5.78,0,0.7,0.51,0.41,0.22,5.54,1.03,0.83,0.49,0.1,0.254803922,1.13,0.02,0,3.85,1.3,237.64,0,0.02,0.56,0.83,0.81,1.14,2.59,4.58,0.24,0.42,8.47,0.44,1.73,3.7,2.41,0.19,2.1,0.06
10/31/1942,0.01,0.03,28.88,0.12,2.96,0.24,1.83,0.94,0.00,1.57,0.15,1.67,0.21,5.61,21.96,2.93,1.42,0.16,0.30,0.39,6.50,0.55,0.28,6.38,1.67,0.01,0.38,0.10,0.18,0.21,1.06,7.45,9.83,0.37,0.12,0.00,0.10,0.00,2.90,0.19,0.48,0.32,0.10,1.38,0.67,0.48,0.11,0.13,0.32,0.46,0.10,0.12,1.13,0.00,0.07,0.18,0.10,0.90,1.28,0.20,0.42,2.42,0.25,16.02,1.88,2.49,7.49,6.98,14.22,5.23,0.10,1.37,2.09,23.42,10.31,0.01,0.84,0.00,0.30,0.00,0.09,0.02,1.48,0.63,0.19,0.97,2.45,0,0.72,0.42,0.21,0.68,1.87,1.28,0.43,0.25,0.05,0.214215686,0.95,0.07,5.2,1.4,0.9,251.2,0,0.02,0.29,1.48,0.66,0.93,2.37,0,0.23,0.41,9.8,0.43,1.43,3.05,1.99,0.25,2.38,0.35
11/30/1942,0.28,1.55,35.51,0.89,3.28,1.13,3.00,1.91,4.76,4.20,0.36,6.41,1.03,8.96,25.46,4.28,4.61,0.79,0.77,0.91,14.15,2.11,1.09,17.41,7.48,0.12,1.21,1.39,1.27,1.45,2.11,10.54,25.23,0.62,2.58,21.39,0.60,5.86,3.68,0.72,5.67,0.86,1.91,2.75,11.06,0.95,2.26,0.83,1.98,2.03,0.80,0.94,3.62,0.34,1.01,1.72,1.26,1.10,2.22,2.41,1.82,10.58,2.54,34.52,6.35,14.56,9.89,7.74,17.49,21.47,0.80,11.23,18.30,33.42,31.55,0.23,10.23,0.35,3.07,33.97,0.65,0.47,6.48,1.76,1.43,4.74,9.86,0,5.67,0.83,1.45,4.67,6.52,3.45,3.51,2.06,0.36,0.536666667,2.38,1.28,20.64,4.71,7.2,306.4,1.02,0.41,2.35,7.78,3.25,4.56,3.69,4.69,1.64,8.75,42.64,9.22,2.82,6.02,3.92,4.02,5.58,1.33
12/31/1942,0.57,3.20,40.60,0.86,7.49,1.93,6.28,5.15,23.61,9.29,1.65,11.28,1.55,17.43,37.03,5.30,7.72,0.83,1.75,2.06,61.80,3.71,1.92,45.64,24.19,0.25,2.73,3.42,3.29,3.76,4.98,16.82,63.57,0.63,8.45,12.44,4.80,18.39,5.77,1.51,11.89,1.90,5.71,5.08,21.06,2.25,4.67,17.91,3.89,4.88,1.85,2.18,7.70,0.58,1.85,2.90,1.37,1.52,6.56,12.67,0.26,1.50,7.13,70.26,13.51,31.57,17.20,17.67,20.00,47.93,1.64,23.10,37.25,51.75,59.64,0.64,26.64,0.59,8.00,69.91,1.44,1.49,22.22,6.08,1.38,7.31,17.6,0,7.04,1.58,3.76,14.92,0,4.23,6.38,3.74,0.94,2.09254902,9.28,3.82,33.52,9.7,22.4,436.94,1.21,1.15,4.28,19.48,4.92,6.91,7.82,12.26,3.64,27.53,82.53,16.76,5.36,11.45,7.45,10.89,12.64,2.33
01/31/1943,1.36,7.58,53.73,0.97,29.05,4.27,33.92,15.79,82.71,11.81,16.03,39.22,3.64,54.88,74.03,6.72,15.91,1.40,22.57,6.18,221.80,12.90,6.66,135.02,85.54,0.69,6.14,4.23,11.66,13.33,18.06,50.68,153.90,0.85,20.96,51.37,25.00,55.75,7.14,4.39,16.79,2.42,8.68,10.03,28.62,8.15,5.16,57.58,9.95,7.46,7.40,8.70,16.70,0.28,5.60,3.41,1.54,4.96,13.21,30.20,10.18,59.09,12.71,174.53,34.44,63.43,42.86,68.53,26.47,126.19,4.61,65.05,100.71,147.96,108.03,1.19,51.71,0.29,19.23,192.76,2.55,2.88,180.37,21.59,1.55,19.07,66.77,0,7.98,4.9,13.33,54.13,14.84,30.3,10.52,6.17,3.33,6.419705882,28.47,5.81,72.05,13.82,65,895.95,1.34,2.14,7.05,36.04,11.52,16.17,18.56,19.04,6.43,58.89,116.23,25.87,16.6,35.46,23.09,32.78,37.97,8.11
02/28/1943,0.81,4.49,39.87,0.57,14.58,3.55,14.83,11.15,28.29,6.89,3.15,17.60,2.21,33.06,53.00,5.09,9.03,0.25,6.70,5.05,68.35,5.79,2.99,74.41,45.57,0.35,3.96,2.81,5.17,5.91,10.07,29.22,99.87,0.41,11.33,17.41,7.70,32.32,4.42,3.23,11.38,1.41,6.14,5.57,18.19,4.54,3.55,17.57,4.40,3.90,4.22,4.96,9.13,1.36,2.54,2.16,1.08,3.59,10.26,17.30,2.95,17.12,8.66,111.01,19.59,33.94,24.49,34.39,19.64,66.16,2.18,30.78,51.48,103.49,61.20,0.80,34.01,1.40,9.04,85.40,1.63,1.41,36.18,13.17,0.91,9.3,32.55,0,4.92,2.53,5.91,26.17,0,18.47,8.25,4.84,1.48,3.589803922,15.92,4.11,43.97,7.22,22.1,719.09,1.29,1.44,5.53,21.14,7,9.83,11.24,9.13,4.09,32.67,136.97,15.78,8.55,18.26,11.89,17.49,31.05,3.64
03/31/1943,1.92,10.70,86.63,1.05,29.46,13.45,23.48,21.66,36.07,11.91,3.62,33.77,5.90,60.73,87.44,16.13,19.30,1.29,6.22,4.53,50.30,11.11,5.74,135.40,43.01,0.76,10.37,5.39,11.03,12.61,16.03,65.79,217.69,0.81,10.27,27.38,10.90,115.30,9.24,9.08,21.63,2.44,11.98,12.40,34.96,7.23,9.35,11.46,11.41,10.09,6.97,8.19,20.64,0.00,9.17,4.50,2.48,3.95,19.01,0.00,22.13,128.42,13.59,248.18,35.09,69.31,48.97,69.50,42.67,127.97,5.19,73.28,112.44,191.83,124.51,1.30,50.39,0.00,19.25,124.33,2.36,1.82,40.49,19.82,1.68,16.96,74.6,0,9.95,5.14,12.61,22.7,30.97,49.42,18.72,10.99,3.15,5.666568627,25.13,8.02,86.32,20.32,27.2,962.57,1.57,2.34,12.55,41.43,18.68,26.22,20.35,19.64,5.94,35.14,188.75,40.8,17.4,37.17,24.2,25.31,27.81,6.99
04/30/1943,1.15,6.41,87.97,2.21,19.45,15.50,10.62,11.53,15.26,19.40,1.46,7.14,2.26,37.01,64.86,16.14,21.99,5.79,3.00,2.68,32.08,2.35,1.21,71.30,23.15,0.49,9.47,7.77,3.01,3.44,5.39,47.04,149.88,2.54,4.80,6.32,4.60,16.59,23.51,8.13,30.10,3.97,14.09,11.64,49.83,2.43,16.66,7.21,30.63,18.22,2.27,2.67,20.35,0.21,3.96,6.01,4.74,5.26,4.68,11.05,4.42,25.64,11.28,190.73,26.74,38.61,37.46,45.88,43.33,62.86,3.26,46.09,71.41,145.38,130.25,1.09,35.13,0.22,6.28,57.70,1.82,1.39,15.26,6.27,3.55,6.57,22.53,0,20.91,3.4,3.44,12.03,11.65,14.57,28.2,16.55,0.86,2.893039216,12.83,9.43,35.76,45.89,12.5,742.81,8.8,1.97,18.91,33.1,7.17,10.07,13.23,25.97,4.58,21.2,229.43,44.05,11.52,24.61,16.02,3.04,16.48,1.48
05/31/1943,0.49,2.73,71.76,3.77,10.32,7.09,6.13,4.28,10.36,21.14,0.71,3.74,1.02,20.76,50.43,9.13,17.64,11.68,1.66,1.62,19.62,1.23,0.64,34.80,11.18,0.31,3.83,7.88,1.29,1.47,1.14,26.86,74.11,4.81,2.33,9.06,2.20,0.00,34.53,3.42,31.29,4.33,11.11,7.57,55.97,0.51,20.41,3.79,26.11,15.06,0.65,0.76,12.98,1.21,2.12,5.04,6.25,4.76,1.87,0.00,0.00,0.00,7.25,113.12,15.98,25.41,29.82,24.34,35.34,30.03,1.94,27.38,45.76,85.62,107.54,0.72,20.89,1.24,2.61,9.90,1.05,0.58,7.62,1.56,6.05,3.97,15.7,0,28.71,2,1.47,7.3,0,12.14,31.23,18.33,0.37,0.791470588,3.51,7.44,4.6,44.4,9.6,491.86,12.4,1.29,20.94,19.91,3.22,4.52,6.6,15.55,2.66,11.28,152.04,37.19,6.77,14.46,9.42,1.53,9.94,0.77
06/30/1943,0.12,0.68,59.50,3.04,5.57,3.38,3.37,1.68,3.12,7.88,0.16,1.85,1.18,11.76,37.94,5.56,10.51,8.65,0.50,0.93,13.39,0.61,0.31,14.54,4.67,0.15,1.57,3.18,1.05,1.20,0.45,16.27,29.99,3.64,1.04,6.35,0.70,11.66,16.36,1.22,14.66,1.61,3.59,3.91,28.76,0.20,9.58,0.22,9.09,4.41,0.22,0.26,5.88,0.57,0.97,1.69,3.73,3.37,0.68,0.00,1.69,9.78,2.72,61.89,9.49,12.87,23.10,13.14,29.30,23.04,0.92,12.94,21.64,59.60,57.03,0.22,7.04,0.59,2.13,15.37,0.47,0.13,2.53,0.5,4.88,2.52,9.55,0,18.79,1.27,1.2,3.78,4.46,7.17,16.98,9.97,0.3,0.683235294,3.03,2.4,17.24,15.33,3.5,360.69,6.04,0.4,11.38,7.1,3.75,5.26,3.91,3.45,1.18,4.39,73.99,17.59,4.29,9.16,5.97,0.48,5.73,0.38
07/31/1943,0.03,0.17,42.75,1.44,3.38,1.18,2.07,0.77,0.95,2.38,0.05,0.40,0.62,6.72,26.08,2.86,3.36,4.31,0.12,0.40,16.40,0.13,0.07,4.23,1.59,0.04,1.01,0.55,0.47,0.54,0.21,9.83,9.97,1.97,0.35,0.00,0.30,0.00,5.62,0.28,4.90,0.49,0.40,1.37,7.84,0.09,3.26,0.20,1.51,0.81,0.07,0.08,1.39,0.21,0.29,0.93,1.22,2.06,0.26,0.00,0.83,4.81,1.43,24.78,3.73,4.66,13.31,7.97,21.05,9.02,0.25,3.54,6.09,34.75,21.29,0.06,4.05,0.21,0.66,3.57,0.34,0.05,0.82,0.09,2.3,1.8,6.08,0,7.13,0.61,0.54,0.93,9.48,0,5.37,3.15,0.13,0.345,1.53,0.27,5.28,3.43,1.3,270.57,1.14,0.11,3.6,1.81,1.97,2.77,2.81,0.11,0.85,1.03,25.61,3.58,2.06,4.4,2.87,0.17,2.43,0.08
08/31/1943,0.01,0.04,34.04,0.27,2.85,0.22,1.92,0.55,0.00,0.98,0.05,0.00,0.32,5.30,20.96,2.51,1.13,0.81,0.07,0.22,0.90,0.00,0.00,2.44,0.82,0.02,0.69,0.09,0.45,0.51,0.11,7.91,6.47,0.62,0.11,0.00,0.10,0.00,1.74,0.17,1.16,0.20,0.00,0.84,1.29,0.05,0.55,0.11,0.36,0.64,0.02,0.02,0.62,0.04,0.11,0.34,0.18,1.14,1.03,0.00,0.72,4.17,0.61,13.67,2.29,2.91,8.47,6.72,16.76,5.61,0.11,1.60,2.59,27.18,12.66,0.02,1.89,0.04,0.33,1.04,0.15,0.02,0.42,0.04,0.44,1.3,6.42,0,1.18,0.59,0.51,0.3,5.69,1.49,1.12,0.66,0.13,0.304411765,1.35,0,0,2.82,1.4,233.71,0,0.03,0.75,0.91,1.01,1.42,2.53,4.15,0.39,0.24,9.99,0.5,2,4.27,2.78,0.12,1.37,0
09/30/1943,0.00,0.03,28.27,0.08,2.64,0.04,1.61,0.55,0.00,0.73,0.04,0.61,0.24,4.85,18.82,2.44,1.01,0.18,0.08,0.17,9.41,0.20,0.10,2.72,0.68,0.01,0.11,0.06,0.33,0.38,0.11,6.87,6.26,0.38,0.05,0.00,0.00,0.00,2.34,0.18,0.58,0.15,0.03,0.65,0.73,0.05,0.12,0.11,0.21,0.07,0.03,0.04,0.62,0.00,0.07,0.18,0.07,1.65,0.35,0.00,0.74,4.27,0.34,12.01,1.99,2.15,7.16,6.23,13.93,4.18,0.08,1.20,1.83,26.23,9.44,0.01,1.09,0.00,0.22,0.00,0.08,0.07,0.53,0.11,0.13,1.17,2.72,0,0.64,0.44,0.38,0.18,5.71,0.43,0.74,0.43,0.09,0.245784314,1.09,0.02,3.92,0.42,0.8,223.45,0,0.02,0.5,0.68,0.76,1.07,2.25,0,0.22,0.11,5.61,0.3,1.49,3.18,2.07,0.19,1.07,0.13
10/31/1943,0.00,0.02,26.73,0.16,2.83,0.27,1.83,1.00,0.35,1.64,0.07,2.01,0.25,5.12,21.55,2.98,1.50,0.06,0.11,0.29,0.28,0.66,0.34,7.84,1.73,0.01,0.31,0.13,0.26,0.30,0.83,7.27,7.31,0.33,0.09,0.00,0.10,0.35,0.54,0.13,0.56,0.34,0.12,1.33,0.79,0.37,0.13,0.16,0.42,0.16,0.19,0.22,1.23,0.02,0.09,0.26,0.15,0.71,1.07,0.23,0.29,1.66,0.28,12.31,1.96,2.55,7.69,6.68,13.17,2.99,0.09,1.25,1.98,13.21,10.26,0.01,0.88,0.02,0.32,2.93,0.09,0.02,0.69,0.64,0.26,0.73,2.8,0,0.94,0.38,0.3,0.82,1.42,1.64,0.48,0.28,0.07,0.236764706,1.05,0.08,8.94,0.51,1.49,229.32,0.13,0.02,0.32,1.81,0.79,1.11,1.92,0.32,0.22,0.47,14.11,0.39,1.29,2.76,1.79,0.14,1.8,0.42
11/30/1943,0.01,0.05,27.14,0.14,2.99,0.47,2.06,2.10,0.89,1.40,0.04,1.73,0.26,5.81,20.81,2.83,2.36,0.00,0.23,0.48,6.77,0.57,0.29,14.78,2.99,0.02,0.35,0.18,0.07,0.08,1.13,7.31,10.87,0.31,0.21,0.48,0.00,3.19,0.46,0.17,0.74,0.29,0.24,1.54,1.50,0.51,0.24,0.13,0.39,0.14,0.41,0.48,1.98,0.00,0.19,0.27,0.25,0.29,1.46,0.00,0.30,1.73,0.33,16.72,2.34,2.76,7.65,7.05,13.37,3.20,0.10,1.46,2.25,16.51,10.23,0.02,1.07,0.00,0.39,7.10,0.07,0.04,1.31,1.58,0.23,0.62,2.45,0,0.82,0.36,0.08,1.56,0.5,1.75,0.52,0.31,0.02,0.085686275,0.38,0.16,10.6,0.43,1.59,253.28,0,0.04,0.35,2.72,0.81,1.14,1.85,0.29,0.18,1.1,28.51,0.74,1.23,2.63,1.71,0.27,2.97,0.36
12/31/1943,0.02,0.09,25.19,0.23,3.29,0.40,2.48,2.37,1.71,0.71,0.06,2.92,0.30,6.63,22.07,3.01,2.29,0.18,0.14,0.47,8.21,0.96,0.50,19.77,3.04,0.02,0.51,0.36,0.53,0.61,1.58,7.71,14.92,0.38,0.29,13.36,0.30,2.07,0.26,0.22,1.38,0.14,0.51,1.65,2.99,0.71,0.37,0.71,0.40,0.08,0.57,0.67,2.37,0.00,0.17,0.50,0.37,0.20,2.45,0.00,0.06,0.37,0.56,18.84,3.16,3.56,8.01,7.76,12.41,4.52,0.15,2.13,3.26,16.68,10.90,0.05,2.33,0.00,0.59,6.11,0.12,0.11,2.15,2.46,0.37,0.66,4.19,0,1.41,0.41,0.61,1.57,0,2.1,0.6,0.35,0.15,0,0,0.34,12.63,0.24,2.29,248.45,0.59,0.1,0.4,3.5,0.94,1.32,2.35,0.16,0.29,1.54,22.18,1.29,1.38,2.95,1.92,0.57,2.91,0.6
01/31/1944,0.03,0.16,30.69,0.26,4.51,0.53,5.13,3.01,7.12,0.77,0.81,5.81,0.37,9.39,25.25,2.81,2.95,0.60,0.84,1.03,29.67,1.91,0.99,25.18,7.83,0.05,0.53,0.80,1.17,1.34,2.30,9.36,19.97,0.54,0.96,16.41,2.30,5.02,0.36,0.24,2.70,0.16,1.24,2.05,5.15,1.04,0.55,2.61,0.41,0.16,0.94,1.11,3.13,0.00,0.40,0.83,0.49,0.43,2.24,0.00,0.11,0.66,1.42,26.51,3.39,6.92,9.79,10.64,15.11,10.31,0.33,4.62,7.10,18.32,14.38,0.10,4.30,0.00,1.64,37.33,0.26,0.23,13.18,3.37,0.42,1.25,8.38,0,1.95,0.55,1.34,4.08,0.01,3.53,0.93,0.55,0.33,0,0,0.83,16.46,0.43,7.47,283.87,0.9,0.19,0.62,4.61,1.18,1.66,3.12,0.39,0.65,5.04,29.09,2.25,1.85,3.95,2.57,2.71,6.35,1.2
02/29/1944,0.06,0.32,28.27,0.24,9.89,0.68,10.75,6.95,14.85,2.54,4.74,15.47,0.46,18.12,27.53,2.46,3.98,0.59,5.47,3.46,52.20,5.09,2.63,41.76,19.32,0.12,0.89,0.86,5.05,5.77,4.81,16.87,29.23,0.54,1.70,28.40,5.60,23.71,0.47,0.49,2.86,0.52,1.39,2.78,5.46,2.17,0.69,2.07,0.46,0.43,1.91,2.25,4.26,0.13,1.32,0.87,0.36,2.25,3.44,0.00,2.11,12.24,1.66,40.16,6.35,12.19,16.23,23.33,13.93,22.48,0.82,11.64,18.26,37.57,20.48,0.14,6.50,0.14,3.67,35.81,0.29,0.3,62.3,6.26,0.39,3.31,24.96,0,1.84,1.09,5.77,10.39,10.46,5.21,1.21,0.71,1.44,0.915490196,4.06,0.93,19.47,0.9,14.04,477.7,0.57,0.25,0.81,6.62,1.47,2.06,4.61,1.08,0.73,7.97,62.06,2.85,3.69,7.88,5.13,13.13,21.27,3.2
03/31/1944,0.26,1.45,39.33,0.44,8.87,2.11,15.22,8.59,23.17,4.22,6.62,15.44,0.77,27.50,26.50,3.89,6.34,0.16,10.59,3.21,75.86,5.08,2.62,46.68,18.53,0.25,1.93,1.57,4.68,5.35,6.41,23.25,52.26,0.37,3.92,34.67,9.90,24.59,2.89,1.15,5.95,0.87,3.09,4.26,11.11,2.89,1.41,17.50,1.34,3.00,2.61,3.07,6.60,0.24,1.74,1.57,0.68,1.36,7.78,9.04,2.16,12.55,4.23,65.43,13.24,21.11,19.99,20.92,19.37,40.94,1.65,23.26,36.46,73.34,35.68,0.35,15.90,0.25,6.01,63.55,0.77,0.94,81.36,6.71,0.71,5.41,27.78,0,3.32,1.89,5.35,9.03,12.22,8.63,3.42,2.01,1.34,2.155686275,9.56,2.07,20.42,6,19.82,516.58,1.04,0.62,2.29,11.76,2.44,3.43,7.75,7.9,1.93,17.21,93.39,7.23,6.4,13.67,8.9,13.28,19.72,3.2
04/30/1944,0.58,3.23,50.59,0.68,4.53,6.46,6.40,6.51,13.38,0.00,0.81,5.93,1.29,20.53,25.13,8.00,7.25,1.32,1.55,1.43,14.57,1.95,1.01,35.10,8.56,0.22,2.46,3.00,2.26,2.58,4.04,18.89,66.43,0.82,2.84,0.00,7.50,0.00,5.48,1.86,11.83,0.00,6.44,5.32,20.23,1.82,3.27,5.39,5.07,6.76,1.78,2.09,8.21,0.40,0.74,2.80,1.44,1.19,5.49,0.00,0.00,0.00,8.66,87.22,14.58,20.18,17.60,10.69,24.92,43.00,1.47,20.71,33.02,109.98,47.66,0.68,31.02,0.41,5.14,41.47,1.37,1.06,9.65,3.34,1.1,3.82,12.94,0,5.61,1.83,2.58,3.85,0,5.64,8.03,4.71,0.65,1.882843137,8.35,4.31,19.57,12.68,9.16,405.38,1.47,1.22,5.38,16.33,4.08,5.73,8.53,17.13,3.44,13.01,102.89,15.39,6.2,13.24,8.62,2.55,8.8,1.23
05/31/1944,1.03,5.72,59.50,3.09,6.37,8.29,3.31,4.90,12.34,27.83,0.47,3.59,1.09,20.84,29.77,9.33,14.28,9.02,0.95,1.12,16.62,1.18,0.61,28.25,8.79,0.42,5.76,8.40,1.09,1.25,2.26,17.91,82.66,3.78,2.26,0.00,6.60,0.00,25.03,3.85,31.75,5.70,14.49,8.57,55.89,1.02,18.20,2.36,26.48,18.90,0.94,1.11,13.80,1.43,2.59,7.57,6.38,2.51,2.29,0.00,0.00,0.00,11.27,109.48,21.66,30.77,22.60,15.03,29.30,53.43,2.62,36.94,61.14,113.37,107.36,0.98,34.96,1.47,3.75,41.36,1.62,1.21,5.57,1.76,4.96,5.08,9.9,0,24.77,2.71,1.25,3.78,0,7.61,26.7,15.67,0.31,3.413921569,15.14,9.7,0,47.11,9.66,355.96,11.48,1.76,17.9,28.17,3.45,4.84,9.43,26.39,4.06,14.22,167.81,42.84,9.18,19.61,12.77,0.68,6.87,0.74
06/30/1944,0.18,1.02,41.27,2.40,3.35,1.83,2.20,1.37,3.60,10.37,0.10,1.61,0.55,9.69,22.81,3.83,9.31,6.50,0.29,0.88,12.82,0.53,0.27,10.41,6.16,0.15,1.41,2.69,0.48,0.55,0.41,8.64,32.25,2.81,0.61,4.88,0.80,0.00,11.97,1.01,11.22,2.12,3.12,4.42,22.81,0.18,8.63,0.24,9.99,4.38,0.23,0.27,7.13,0.57,0.91,1.68,3.49,2.19,0.75,4.24,0.80,4.63,1.86,51.55,8.58,10.64,14.89,7.90,20.33,15.37,0.90,12.78,21.38,46.59,47.58,0.15,4.56,0.58,1.03,15.04,0.29,0.1,1.63,0.35,3.85,1.49,5.94,0,15.28,1.27,0.55,3.08,2.27,3.61,12.16,7.14,0.14,0.432941176,1.92,2.09,13.96,14.3,4.18,294.32,4.81,0.27,8.15,7.59,1.73,2.43,3.46,4.85,0.72,4.56,78.62,16.3,4.3,9.18,5.98,0.2,5.42,0.33
07/31/1944,0.03,0.15,32.03,0.92,2.25,0.55,1.64,0.47,0.80,0.51,0.03,0.97,0.31,5.55,17.67,2.25,6.70,2.55,0.06,0.33,8.20,0.32,0.17,2.88,1.57,0.03,0.43,0.32,0.03,0.03,0.16,6.07,15.98,1.29,0.19,0.00,0.20,0.00,3.28,0.21,2.72,0.10,0.25,2.74,4.56,0.07,1.84,0.13,1.32,0.91,0.08,0.09,3.74,0.41,0.15,0.61,0.88,1.30,0.28,0.00,0.19,1.09,0.71,38.03,2.89,3.28,7.79,5.31,15.77,5.01,0.15,2.11,4.51,92.59,16.43,0.03,1.85,0.42,0.32,0.00,0.15,0.02,0.52,0.07,1.48,0.61,4.11,0,4.58,0.56,0.03,1.01,1.88,1.48,3.1,1.82,0.01,0,0,0.17,8.51,3.31,1.1,233.42,0.08,0.05,2.08,1.78,0.97,1.36,2.7,1.24,0.37,1.19,23.97,2.42,1.89,4.04,2.63,0.03,2.01,0.2
08/31/1944,0.00,0.03,26.93,0.19,2.01,0.20,1.29,0.34,0.43,0.56,0.03,0.46,0.20,4.46,16.30,1.87,1.51,0.27,0.05,0.17,0.84,0.15,0.08,1.43,0.88,0.01,0.38,0.05,0.11,0.13,0.10,5.39,4.41,0.41,0.06,0.00,0.00,0.00,2.44,0.08,0.64,0.12,0.00,0.81,0.73,0.04,0.18,0.35,0.28,0.47,0.03,0.04,0.69,0.14,0.06,0.23,0.13,0.78,0.29,0.29,0.22,1.25,0.32,11.37,1.71,1.98,5.88,4.74,13.27,2.67,0.08,1.07,2.07,24.83,9.68,0.01,0.91,0.14,0.16,0.00,0.07,0.01,0.37,0.02,0.3,0.4,3.35,0,0.73,0.57,0.13,0.51,2.66,0,0.66,0.39,0.03,0.324705882,1.44,0,1.08,2,1.29,207.8,0,0.01,0.44,0.76,0.63,0.88,1.77,1,0.18,0.23,9.31,0.39,1.92,4.1,2.67,0.03,1.06,0.09
09/30/1944,0.00,0.01,22.85,0.06,1.91,0.02,0.99,0.37,0.00,2.40,0.03,0.12,0.12,4.12,15.13,1.75,0.76,0.00,0.05,0.11,1.79,0.04,0.02,1.55,0.55,0.01,0.20,0.03,0.17,0.19,0.07,5.04,3.60,0.31,0.00,5.90,0.90,0.00,1.78,0.08,0.33,0.49,0.01,0.56,0.43,0.03,0.05,0.28,0.06,0.23,0.02,0.02,0.46,0.10,0.04,0.12,0.05,1.17,0.45,0.00,0.23,1.31,0.19,7.59,1.55,1.60,5.31,4.51,11.25,2.11,0.02,0.34,0.85,16.81,7.66,0.00,0.55,0.10,0.13,0.00,0.04,0.03,0.38,0.05,0.1,0.51,4,0,0.41,0.49,0.19,0.18,2.21,0.74,0.45,0.26,0.05,0.35627451,1.58,0.01,0,1.08,0,189.47,0,0.01,0.3,0.54,0.39,0.55,1.68,0.47,0.1,0.01,5.49,0.25,1.66,3.55,2.31,0.03,0.67,0.03
10/31/1944,0.01,0.04,23.32,0.17,2.16,0.17,1.87,0.75,0.11,0.85,0.06,1.64,0.12,5.21,16.85,2.30,1.08,0.32,0.09,0.34,4.36,0.54,0.28,4.75,1.32,0.01,0.25,0.15,0.29,0.33,0.92,5.88,6.60,0.43,0.06,6.53,0.10,0.00,0.56,0.11,0.67,0.17,0.15,1.11,0.95,0.41,0.08,0.21,0.28,0.17,0.13,0.15,0.87,0.21,0.03,0.26,0.14,0.74,1.17,0.00,0.00,0.00,0.35,11.39,1.35,1.89,6.12,5.10,11.48,2.08,0.05,0.64,1.65,13.49,8.55,0.01,1.16,0.22,0.22,2.28,0.12,0.03,0.53,0.44,0.27,0.58,2.35,0,1.03,0.5,0.33,0.59,0,1.13,0.5,0.29,0.08,0.286372549,1.27,0.1,7.19,0.52,1.29,223.06,0.14,0.02,0.34,1.21,0.39,0.55,1.8,0.35,0.31,0.22,8.18,0.61,1.7,3.63,2.36,0.1,2.12,0.34
11/30/1944,0.23,1.27,33.30,0.79,5.74,0.88,5.64,2.92,4.81,4.08,0.52,8.88,0.58,12.29,24.36,3.15,4.61,0.75,0.73,1.77,11.45,2.92,1.51,23.11,10.36,0.10,1.08,1.34,2.06,2.35,2.89,12.23,25.52,0.60,2.19,10.15,0.60,8.06,2.16,0.60,5.27,0.84,1.90,2.93,10.31,1.30,1.79,1.13,1.26,0.86,1.08,1.27,3.95,0.23,0.68,1.60,1.16,1.27,3.39,1.57,0.17,0.97,2.41,34.10,6.20,8.97,12.13,13.54,16.40,19.96,0.62,8.77,14.19,40.21,21.08,0.21,9.11,0.24,1.81,13.57,0.57,0.45,8.72,2.4,1.26,3.41,13.28,0,5.03,1.08,2.35,6.14,0,7.35,2.91,1.71,0.59,0.381078431,1.69,1.27,15.29,2.36,6.47,378.22,1.16,0.37,1.95,5.36,1.85,2.6,3.81,2.01,1.44,8.34,50.2,5.71,3.66,7.82,5.09,3.5,10.85,1.84
12/31/1944,0.32,1.80,33.23,0.52,10.50,0.90,9.27,5.62,14.81,5.22,1.30,7.33,0.61,17.92,31.54,3.37,5.59,0.68,1.45,2.70,22.36,2.41,1.24,51.25,21.12,0.12,1.60,2.10,1.71,1.95,5.13,18.18,42.28,0.57,4.46,5.79,8.40,0.00,3.45,0.82,7.20,1.07,3.39,3.78,13.22,2.31,1.48,8.26,2.53,3.28,1.97,2.32,5.81,0.00,0.55,1.84,0.90,2.11,6.28,0.00,0.00,0.00,4.07,49.31,8.80,12.69,18.50,24.77,16.37,29.94,0.80,11.32,17.37,59.50,33.54,0.37,15.36,0.00,2.75,22.29,0.81,0.77,19.17,6.93,0.83,3.05,11.05,0,4.22,1.52,1.95,12.59,0,3.38,3.39,1.99,0.49,1.237941176,5.49,2.27,15.43,6.73,10.45,497.44,1.4,0.67,2.27,10.9,1.94,2.72,5.82,8.75,2.04,16,96.7,7.48,5.13,10.96,7.13,2.53,16.6,1.52
01/31/1945,0.21,1.15,29.75,0.37,5.10,0.60,4.92,4.05,12.60,4.07,0.87,4.38,0.58,12.80,23.62,2.67,3.41,0.37,1.00,1.96,14.78,1.44,0.74,32.15,12.17,0.09,0.90,1.46,0.84,0.96,3.98,11.61,28.69,0.45,2.95,11.54,10.20,0.00,1.66,0.58,5.49,0.83,2.84,2.29,9.49,1.80,0.98,4.05,2.02,1.91,1.69,1.99,3.63,0.13,0.25,1.27,0.53,3.43,2.66,0.00,0.00,0.00,3.95,37.10,5.60,8.36,10.97,12.03,14.65,15.27,0.58,8.16,12.92,35.75,23.56,0.36,15.33,0.13,2.05,18.24,0.79,1.12,13.06,5.11,0.59,2.53,7.1,0,3.05,0.89,0.96,7.63,0,1.85,2.79,1.64,0.24,1.005686275,4.46,1.9,11.99,3.65,5.37,389.7,1.63,0.65,1.87,7.7,1.85,2.6,3.98,5.32,2,9.46,76.14,6.01,3.03,6.47,4.21,1.57,12.06,0.91
02/28/1945,1.40,7.78,39.40,0.97,20.43,3.70,29.13,13.85,35.32,9.74,8.96,32.07,2.66,58.99,43.03,5.28,12.21,1.41,12.92,8.49,58.77,10.55,5.45,86.97,48.66,0.56,4.83,4.41,9.28,10.61,17.35,41.59,115.51,0.85,10.79,13.22,16.50,38.35,5.54,3.41,17.56,2.00,9.17,8.02,29.38,7.83,4.39,27.26,7.89,6.60,7.08,8.32,12.76,1.91,3.56,3.55,1.69,4.46,16.23,44.44,1.03,5.99,13.45,133.35,28.25,47.00,31.29,48.19,19.40,113.72,3.55,50.07,82.77,139.82,81.42,1.21,53.14,1.96,14.11,131.59,2.58,2.49,106.75,14.4,1.56,14.43,55.78,0,8.19,4.45,10.61,28.81,0,27.27,11.17,6.56,2.65,7.093921569,31.46,6.14,48.16,12.21,25.87,913.82,2.17,2.19,7.49,27.18,8.43,11.83,14.82,17.62,6.51,34.21,178.26,22.76,15.07,32.19,20.96,23.64,52.16,6.64
03/31/1945,0.47,2.62,37.32,0.40,12.07,2.02,11.83,8.44,14.01,7.03,3.00,13.83,1.36,27.32,33.79,4.02,5.89,0.91,5.12,4.28,36.81,4.55,2.35,47.40,27.58,0.24,2.64,2.00,3.87,4.42,6.68,21.72,65.19,0.66,3.30,25.37,9.30,31.85,2.27,2.41,8.12,1.44,4.59,4.16,13.27,3.02,2.34,11.09,3.26,2.86,2.98,3.50,6.65,0.24,1.93,1.71,0.85,1.58,7.98,15.03,0.76,4.43,5.78,75.27,12.93,19.55,19.09,28.47,18.38,43.68,1.59,22.47,35.22,35.83,38.64,0.52,22.22,0.24,4.82,86.58,0.97,0.67,36.66,6.53,0.65,5.19,27.84,0,3.28,1.88,4.42,14.12,0,12.91,5.86,3.44,1.11,2.018137255,8.95,3.07,22.78,5.39,7.07,510.9,1.22,0.94,3.93,13.52,4.32,6.06,6.92,7.33,2.45,10.99,78.05,9.91,6.35,13.56,8.83,12.08,26.28,2.86
04/30/1945,1.17,6.54,46.43,1.29,7.16,6.53,7.44,7.34,14.70,8.37,1.19,6.93,1.91,24.23,31.03,8.25,10.26,2.99,2.33,2.97,13.27,2.28,1.18,42.71,20.06,0.36,5.50,5.61,2.65,3.03,4.03,20.74,87.00,1.46,6.07,0.00,2.90,2.99,12.09,4.16,22.10,1.71,11.86,6.48,35.85,1.82,8.81,8.38,13.59,12.83,1.71,2.01,10.49,0.94,2.39,4.86,2.92,3.56,4.32,10.96,0.00,0.00,12.02,102.74,16.50,27.97,20.85,16.89,22.87,55.48,2.29,32.39,52.64,76.19,73.37,1.13,43.26,0.97,6.21,50.86,2.00,1.92,13.59,4.04,2.07,6.68,18.69,0,11.91,2.05,3.03,9.87,0,13.99,18.06,10.6,0.76,2.902058824,12.87,7.94,10.27,27.97,15.23,471.29,5.56,2.04,12.11,23.43,6.05,8.49,8.73,23.19,5.02,24.11,182.92,29.71,6.95,14.84,9.67,4.65,18.27,1.43
05/31/1945,1.17,6.50,72.23,3.50,7.44,7.14,4.38,5.38,6.12,21.21,0.47,3.37,1.33,23.42,37.32,9.87,18.05,10.57,1.06,1.85,0.00,1.11,0.57,35.59,11.79,0.44,6.25,9.14,1.31,1.50,1.96,20.16,89.75,4.38,2.55,0.00,1.60,0.00,29.45,5.08,35.22,4.34,14.31,9.09,60.81,0.88,20.48,1.74,30.58,17.90,0.94,1.11,15.49,1.72,3.43,6.64,6.55,6.21,2.32,14.33,0.19,1.10,9.70,119.22,21.76,30.93,26.82,17.55,35.57,59.83,2.75,38.88,65.02,84.49,122.79,0.96,27.79,1.77,3.23,61.01,1.45,0.7,5.56,2.16,5.61,5.41,11.1,0,28.41,2.42,1.5,6.62,0,11.5,33.67,19.76,0.37,3.134313725,13.9,9.58,21.61,48.38,6.37,498.73,11.19,1.72,22.57,28.6,4.2,5.9,8.49,22.25,3.65,13.71,222.58,47.15,8.2,17.51,11.4,1.08,11.37,0.7
06/30/1945,0.46,2.58,45.23,3.69,4.18,2.28,2.71,1.69,1.39,9.21,0.10,2.16,0.82,12.05,27.59,4.38,9.37,9.22,0.25,1.02,131.04,0.71,0.37,14.13,5.20,0.18,1.32,4.51,0.65,0.74,0.50,10.79,25.99,3.86,0.95,6.64,0.50,0.00,18.03,1.15,19.63,1.89,5.30,3.82,38.60,0.23,13.39,0.48,11.81,6.23,0.26,0.31,5.82,0.68,0.98,2.48,5.09,3.70,0.82,0.00,0.00,0.00,3.58,50.88,9.21,14.60,18.87,9.86,22.28,20.61,1.10,15.48,25.89,42.66,58.13,0.30,8.81,0.70,1.41,36.51,0.60,0.2,1.65,0.5,5.91,2.5,8.7,0,24.7,1,0.74,3.71,0,6.43,22.7,13.32,0.19,0.604313725,2.68,3.55,8.66,20.86,2.39,344.07,9.41,0.55,15.22,7.79,2.6,3.65,3.34,7.56,1.5,4.79,84.13,25.52,3.39,7.24,4.71,0.36,6.24,0.45
07/31/1945,0.07,0.36,31.62,1.33,2.51,0.62,1.68,0.68,0.00,3.79,0.02,1.09,0.42,6.19,19.39,2.00,3.67,3.95,0.04,0.39,2.94,0.36,0.19,4.30,1.08,0.04,0.75,0.50,0.02,0.02,0.19,6.83,9.14,1.83,0.26,0.67,0.30,0.00,5.57,0.28,4.45,0.78,0.37,1.49,7.17,0.09,2.89,0.23,1.09,1.27,0.08,0.09,1.79,0.55,0.20,0.87,1.17,1.97,0.27,0.00,0.08,0.44,1.28,21.79,3.55,4.48,11.29,5.92,15.58,7.81,0.18,2.57,5.67,29.21,18.78,0.06,3.53,0.57,0.39,5.57,0.30,0.04,0.28,0.11,2.13,1.27,5.34,0,6.65,0.54,0.02,0.57,0,1.77,4.79,2.81,0.01,0.390098039,1.73,0.25,0,4.96,0.5,228.85,1.18,0.1,3.21,1.65,1.32,1.85,2.09,2.2,0.74,0.85,24.78,3.46,1.84,3.93,2.56,0.04,2.38,0.23
08/31/1945,0.01,0.08,28.14,0.25,2.15,0.15,1.17,0.42,0.56,1.70,0.02,0.24,0.24,4.77,15.85,1.83,1.36,0.48,0.03,0.19,0.53,0.08,0.04,1.84,0.37,0.01,0.57,0.08,0.24,0.27,0.10,5.53,5.26,0.50,0.07,3.74,0.00,0.00,3.63,0.13,1.02,0.35,0.00,0.82,1.15,0.05,0.28,0.17,0.44,0.57,0.02,0.02,0.66,0.00,0.05,0.31,0.16,1.08,0.73,0.14,0.04,0.22,0.54,12.05,2.15,2.48,6.98,5.07,13.86,4.36,0.09,1.29,1.97,23.50,10.86,0.01,1.63,0.00,0.17,0.00,0.13,0.02,0.25,0.03,0.4,0.82,4.15,0,1.06,0.56,0.27,0.12,0,0.07,1.07,0.63,0.07,0.426176471,1.89,0,0,2.47,0.3,207.08,0,0.03,0.72,0.78,0.76,1.07,2.04,1.37,0.34,0.16,9.43,0.52,1.88,4.02,2.61,0.01,1.16,0.05
09/30/1945,0.01,0.03,22.24,0.07,2.13,0.02,1.21,0.44,0.00,0.39,0.02,0.06,0.18,4.26,14.55,1.84,0.83,0.00,0.04,0.13,1.28,0.02,0.01,2.00,0.37,0.01,0.16,0.05,0.24,0.27,0.09,5.18,4.52,0.31,0.01,3.74,0.00,0.00,0.85,0.13,0.48,0.08,0.03,0.58,0.60,0.04,0.07,0.16,0.23,0.09,0.02,0.02,0.51,0.09,0.03,0.15,0.06,1.54,0.35,0.49,0.08,0.44,0.28,9.05,1.67,1.82,5.94,5.02,10.96,4.54,0.05,0.70,1.37,20.81,8.13,0.01,0.88,0.10,0.14,0.00,0.07,0.05,0.26,0.07,0.11,0.63,5.16,0,0.54,0.49,0.27,0.1,0,0.19,0.67,0.39,0.07,0.47127451,2.09,0.02,4.46,0.5,0,195.9,0,0.01,0.45,0.58,0.56,0.79,1.85,0.19,0.17,0.02,5.25,0.31,1.65,3.52,2.29,0.03,0.82,0.01
10/31/1945,0.05,0.27,31.09,0.52,3.26,0.34,2.72,1.04,1.39,1.13,0.11,3.16,0.27,6.70,17.15,2.91,1.82,1.08,0.19,0.89,11.47,1.04,0.54,7.99,1.40,0.03,0.47,0.60,0.40,0.46,1.26,8.63,10.88,0.73,0.38,0.00,0.90,0.00,1.28,0.22,2.62,0.23,0.76,1.61,4.61,0.57,0.92,0.36,0.57,0.39,0.24,0.28,1.48,0.11,0.01,0.89,0.66,1.83,1.53,0.00,0.00,0.00,1.26,17.22,2.48,3.88,8.46,7.69,15.31,6.85,0.19,2.62,4.36,19.39,11.95,0.08,4.39,0.11,0.39,16.25,0.36,0.14,1.03,0.65,0.83,1.57,4.63,0,3.13,0.6,0.46,0.47,0.18,1.69,1.33,0.78,0.11,0.261568627,1.16,0.51,8.89,1.19,3.09,283.42,0.9,0.14,0.89,1.72,0.84,1.18,2.53,0.81,0.9,1.29,26.88,2.29,2.02,4.31,2.81,0.77,5.45,0.65
11/30/1945,0.18,1.01,33.70,0.74,6.87,1.24,5.88,3.57,10.23,5.19,1.05,6.54,0.64,12.74,24.59,3.23,4.69,1.55,1.33,2.88,33.20,2.15,1.11,28.96,15.59,0.11,1.03,2.08,1.32,1.51,3.11,13.23,27.46,0.91,4.00,3.81,5.20,10.75,2.43,0.60,7.43,1.06,3.23,2.94,14.08,1.40,2.92,1.79,1.77,1.46,1.16,1.36,4.05,0.00,0.69,2.02,1.25,1.60,3.75,0.00,0.00,0.00,3.82,37.00,5.76,11.40,13.65,16.21,16.60,19.90,0.78,10.95,16.79,42.98,23.30,0.34,13.65,0.00,2.32,29.35,0.80,0.75,15.76,3.37,1.18,3.78,9.86,0,5.39,0.95,1.51,9.76,1.05,5.33,3.23,1.9,0.38,0,0,2.16,13.86,3.43,7.78,474.07,1.8,0.62,2.17,6.34,2.03,2.85,3.91,3.69,2.02,13.47,71.95,6.46,3.22,6.88,4.48,2.8,17.71,1.35
12/31/1945,0.82,4.58,45.83,0.86,35.82,3.54,38.95,17.85,88.45,7.21,13.71,33.59,3.21,67.66,58.69,7.00,14.46,1.65,18.91,13.23,190.56,11.05,5.71,142.03,109.70,0.53,4.51,3.46,10.06,11.50,20.61,61.14,122.32,0.95,22.36,24.93,26.50,55.08,4.97,2.73,12.85,1.48,6.48,9.56,22.96,9.30,4.06,58.71,4.46,5.18,8.35,9.82,15.20,0.03,4.68,3.00,1.23,7.41,17.74,4.92,9.59,55.66,8.81,146.31,26.06,55.00,47.99,84.50,22.57,122.13,3.59,50.65,77.82,174.43,84.61,0.82,35.72,0.03,18.33,128.17,1.78,2.29,160.14,22.04,1.38,14.31,55.23,0,6.89,5.31,11.5,69.56,7.41,28.18,6.89,4.04,2.87,6.268627451,27.8,4.34,64.87,10.26,72.86,1323.66,1.78,1.48,4.62,27.67,10.17,14.28,16.21,14.18,4.47,65.91,202.64,14.04,17.98,38.4,25.01,24.19,81.28,6.95
01/31/1946,0.59,3.28,35.04,0.57,12.88,2.43,12.11,9.46,38.55,7.14,3.24,12.89,1.86,32.31,40.23,5.10,7.54,1.11,6.36,7.01,70.15,4.24,2.19,58.71,68.45,0.27,2.76,2.68,3.88,4.43,8.81,24.69,75.80,0.74,13.10,21.38,6.70,46.93,2.62,2.01,10.81,1.46,5.59,4.77,17.79,3.98,3.20,26.30,4.30,3.09,3.69,4.34,7.65,0.23,1.79,2.11,1.03,4.69,10.41,2.75,0.62,3.61,8.49,88.19,15.58,29.13,21.08,30.38,17.26,51.79,1.83,25.86,40.40,86.92,51.77,0.74,32.68,0.23,7.51,82.35,1.57,1.35,38.86,10.1,0.92,8.06,23.11,0,4.95,2.28,4.43,38.95,0,15.1,6.85,4.02,1.11,3.183921569,14.12,3.74,37.25,5.69,34.63,776.69,1.24,1.34,4.59,17.41,5.89,8.27,9.35,8.17,3.96,37.06,144.66,11.47,7.71,16.47,10.72,7.43,43.04,2.67
02/28/1946,0.24,1.33,32.09,0.32,5.64,1.15,6.89,5.09,11.29,3.22,1.34,7.30,0.97,16.79,23.24,2.86,3.74,0.69,2.21,2.66,31.41,2.40,1.24,29.42,15.81,0.14,1.31,1.49,2.12,2.42,4.16,13.41,43.22,0.58,3.85,29.25,2.80,18.82,1.62,1.12,5.95,0.66,3.32,2.60,9.54,1.87,1.89,7.16,2.29,1.93,1.86,2.19,4.18,1.02,0.86,1.22,0.61,1.96,4.94,0.00,0.04,0.21,4.32,51.29,6.69,13.30,11.39,13.30,15.81,23.74,0.78,11.03,20.11,27.90,26.30,0.41,17.60,1.05,3.13,33.98,0.80,0.68,16,4.24,0.51,3.15,14.52,0,2.63,1.16,2.42,8.5,0,7.27,4.29,2.52,0.61,1.233431373,5.47,2.22,17.33,3.57,9.78,423.21,0.55,0.73,2.88,9.02,3.08,4.32,4.42,5.15,2.02,11.35,75.73,7.59,3.94,8.42,5.48,4.44,16.33,1.51
03/31/1946,0.73,4.07,48.91,0.59,7.13,5.13,7.51,7.23,10.96,6.28,1.12,12.43,1.97,20.11,27.64,6.67,7.01,0.49,2.40,3.17,19.49,4.09,2.11,44.21,20.10,0.31,3.12,3.12,3.64,4.16,3.78,21.07,78.12,0.50,6.87,8.43,4.30,23.34,4.58,2.90,12.58,1.29,7.17,4.79,20.64,1.71,4.30,2.82,5.06,5.80,1.65,1.94,7.75,1.27,2.36,2.68,1.39,3.47,4.48,10.98,1.88,10.90,8.63,91.18,14.89,27.25,17.59,16.82,24.09,50.39,1.95,27.56,46.23,74.30,49.05,0.81,31.91,1.31,6.65,44.61,1.50,0.97,12.89,4.98,0.94,6.75,26.47,0,5.23,1.53,4.16,10.33,0,18.94,10.02,5.88,1.04,2.17372549,9.64,4.8,19.09,11.02,8.28,597.01,1.51,1.46,6.72,17.22,6.25,8.77,8.11,14.71,3.79,22.34,145.27,17.28,5.19,11.09,7.22,10.89,19.46,2.57
04/30/1946,1.15,6.41,63.11,1.83,8.66,12.01,6.44,8.23,9.94,13.35,0.99,7.11,2.01,23.35,32.00,10.53,14.22,5.13,2.09,3.44,22.73,2.34,1.21,47.78,22.65,0.47,7.91,6.77,2.24,2.56,2.86,25.31,107.99,2.29,6.79,0.00,2.40,0.00,16.14,6.19,26.12,2.73,12.98,8.65,42.90,1.29,12.08,2.69,17.46,15.76,1.23,1.45,14.47,1.19,3.87,5.64,4.02,5.95,2.62,21.84,2.57,14.93,10.95,133.64,21.88,38.47,26.37,20.43,31.09,62.73,3.03,42.76,69.35,106.48,94.49,1.03,35.07,1.23,6.73,67.46,1.76,1.56,10.69,4.18,2.94,7,20.54,0,17.22,2.21,2.56,12.39,0,20.56,23.52,13.8,0.64,2.96745098,13.16,8.69,15.11,35.43,9.18,593.94,6.76,1.85,15.77,29.31,6.38,8.96,10.72,26.43,4.43,28.18,255.51,38.98,7.49,16,10.42,5.71,21.13,1.47
05/31/1946,0.74,4.16,73.63,4.14,7.10,6.56,2.84,3.83,3.91,20.21,0.18,2.28,1.13,16.42,37.32,8.55,19.09,10.86,0.54,1.57,9.16,0.75,0.39,30.05,10.64,0.44,5.05,8.53,0.98,1.12,0.82,17.61,78.56,4.49,3.28,4.95,1.10,0.00,35.05,4.20,33.82,4.14,11.92,8.59,61.08,0.37,23.80,0.96,31.73,18.23,0.46,0.54,14.55,1.72,3.08,5.60,7.08,9.15,1.38,7.09,2.16,12.54,7.71,112.45,20.10,33.30,28.63,16.75,36.27,36.37,2.76,38.93,65.08,85.63,128.69,0.75,22.24,1.77,2.21,24.24,1.11,0.6,2.65,1.28,6.64,4.69,9.17,0,31.83,1.88,1.12,7.32,0,15.29,35.09,20.59,0.28,2.112843137,9.37,7.98,19.82,51.96,4.19,465.29,12.42,1.35,23.53,26.42,3.57,5.01,7.16,22.1,2.78,15.94,283.29,50.52,6.36,13.58,8.85,0.96,9.62,0.47
06/30/1946,0.13,0.70,38.53,2.73,2.99,1.49,1.84,1.13,0.14,5.72,0.05,1.43,0.66,7.42,23.65,3.30,7.75,6.92,0.11,0.73,1.72,0.47,0.24,9.22,3.89,0.13,1.10,2.46,0.42,0.48,0.26,8.38,21.58,2.98,1.00,1.21,0.30,0.00,12.17,0.90,12.10,1.17,2.70,2.95,23.33,0.12,9.58,0.50,8.53,4.03,0.13,0.15,4.45,0.13,0.70,1.57,3.23,4.89,0.41,1.04,0.76,4.39,2.35,42.06,7.56,10.57,16.07,7.05,18.98,10.96,0.89,12.53,19.63,40.21,51.29,0.17,6.03,0.14,0.68,16.59,0.43,0.11,0.8,0.3,4.39,2.11,6.13,0,16.36,0.67,0.48,2.96,0,6.01,14.35,8.42,0.12,0.347254902,1.54,1.81,20.34,13.84,1.3,286.57,4.55,0.31,9.62,6.66,2.1,2.95,2.71,5.11,1.08,4.09,104.77,16.56,2.28,4.87,3.17,0.31,4.5,0.3
07/31/1946,0.03,0.17,33.23,0.89,2.39,0.50,1.58,0.54,0.00,3.03,0.02,0.91,0.33,5.47,17.79,2.29,2.92,2.35,0.04,0.34,8.37,0.30,0.15,2.83,1.21,0.03,0.78,0.30,0.12,0.14,0.16,6.87,7.76,1.22,0.32,2.88,0.10,0.00,4.59,0.21,2.84,0.62,0.15,1.20,4.27,0.07,1.78,0.19,1.22,0.92,0.06,0.07,1.24,0.26,0.15,0.61,0.68,3.06,0.21,0.00,0.42,2.44,0.94,19.05,3.08,3.73,9.43,5.64,16.37,5.23,0.17,2.47,4.61,26.19,18.29,0.04,2.80,0.27,0.30,8.64,0.23,0.03,0.23,0.06,1.43,1.03,4.55,0,3.88,0.49,0.14,0.67,1.99,1.99,3.15,1.85,0.03,0.331470588,1.47,0.1,1.99,3.86,0.8,250.85,0,0.07,2.11,1.6,1.03,1.45,2.13,1.79,0.57,0.85,36.72,2.3,1.67,3.57,2.32,0.12,2.06,0.19
08/31/1946,0.01,0.05,28.74,0.16,2.22,0.12,1.32,0.40,1.44,1.39,0.03,0.30,0.20,4.41,15.26,1.72,1.13,0.17,0.04,0.19,1.00,0.10,0.05,1.70,0.64,0.02,0.51,0.05,0.05,0.06,0.09,5.86,5.23,0.38,0.06,6.29,0.00,0.00,2.19,0.11,0.64,0.29,0.00,0.77,0.73,0.04,0.22,0.20,0.23,0.39,0.01,0.01,0.59,0.28,0.05,0.19,0.10,1.49,0.82,0.00,0.35,2.01,0.35,11.92,1.83,2.25,6.37,5.24,14.16,3.54,0.07,0.92,2.29,25.99,10.94,0.01,1.09,0.29,0.15,0.00,0.08,0.01,0.29,0.03,0.25,0.76,4.85,0,0.68,0.58,0.06,0.22,1.31,0.56,0.74,0.43,0.01,0.376568627,1.67,0,0,1.55,0.3,228.55,0,0.02,0.5,0.78,0.62,0.87,2.09,1.02,0.21,0.13,12.59,0.52,1.96,4.19,2.73,0.06,1.16,0.06
09/30/1946,0.01,0.03,23.92,0.08,2.15,0.03,1.25,0.45,0.00,0.00,0.02,0.06,0.16,3.98,14.73,1.77,0.85,0.00,0.05,0.17,0.00,0.02,0.01,2.15,0.61,0.01,0.13,0.05,0.00,0.00,0.09,5.52,4.80,0.31,0.04,4.77,0.00,0.00,2.18,0.13,0.52,0.00,0.03,0.57,0.65,0.04,0.15,0.22,0.08,0.23,0.02,0.02,0.52,0.00,0.05,0.16,0.06,2.10,0.28,0.00,0.44,2.56,0.30,9.52,1.62,2.10,5.99,5.07,11.78,3.14,0.07,1.05,1.62,20.28,8.88,0.01,0.95,0.00,0.15,0.00,0.07,0.06,0.27,0.08,0.12,0.82,5.56,0,0.58,0.46,0,0.17,1.68,0.69,0.72,0.42,0,0.374313725,1.66,0.02,3.09,1.27,0,202.86,0,0.01,0.48,0.64,0.5,0.7,1.88,0.49,0.19,0.08,7.06,0.39,1.57,3.35,2.18,0.03,1.02,0.01
10/31/1946,0.01,0.06,23.38,0.33,2.27,0.26,1.58,0.73,0.00,5.72,0.03,2.83,0.20,4.61,15.61,2.16,1.31,0.38,0.04,0.25,3.59,0.93,0.48,5.55,1.58,0.01,0.22,0.33,0.04,0.05,0.73,5.96,5.85,0.46,0.04,12.18,0.10,0.00,1.25,0.08,1.40,1.17,0.40,1.20,2.55,0.33,0.50,0.33,0.09,0.39,0.15,0.18,1.08,0.10,0.02,0.57,0.44,0.77,0.96,0.00,0.00,0.00,0.65,10.58,1.45,2.08,6.23,5.35,11.52,2.79,0.08,1.13,2.06,12.67,9.25,0.03,2.10,0.11,0.24,5.51,0.16,0.06,0.33,0.4,0.52,0.69,3.88,0,1.86,0.4,0.05,0.76,0,1.93,0.85,0.5,0.01,0.257058824,1.14,0.27,0.97,1.19,0.58,213.29,0.24,0.06,0.57,1.6,0.63,0.88,1.68,0.77,0.41,0.2,10.3,0.91,1.34,2.86,1.86,0.24,1.53,0.59
11/30/1946,0.21,1.15,32.90,0.46,4.28,1.02,3.92,2.96,3.30,3.13,0.39,5.32,0.50,10.00,19.03,3.28,4.22,0.52,0.46,0.96,11.04,1.75,0.90,21.79,4.39,0.08,0.84,1.11,1.17,1.34,2.10,10.78,21.29,0.51,1.15,0.00,0.50,1.04,1.71,0.36,3.87,0.64,1.69,2.96,7.74,0.95,0.83,0.89,1.44,1.41,0.77,0.91,3.97,0.00,0.54,1.28,0.81,0.52,2.93,4.16,0.41,2.40,1.90,29.87,5.70,8.26,11.01,10.10,16.20,15.13,0.52,7.30,11.20,45.37,22.92,0.15,6.30,0.00,1.43,12.82,0.35,0.32,7.4,2.39,0.74,1.97,7.54,0,3.16,0.95,1.34,2.47,1.33,3.76,2.02,1.19,0.33,0,0,1.13,16.6,3.04,5.02,294.57,0.3,0.27,1.35,6.78,1.57,2.2,3.8,3.55,0.89,5.3,41.43,4.6,3.2,6.84,4.45,1.76,5.88,1.1
12/31/1946,0.20,1.09,29.88,0.35,7.65,0.88,5.58,4.19,6.22,2.81,0.90,6.29,0.51,11.85,24.33,3.08,3.80,0.24,0.91,1.33,10.61,2.07,1.07,35.24,10.13,0.08,0.91,1.21,1.41,1.61,2.87,14.21,24.10,0.40,1.53,19.00,3.80,1.81,1.18,0.43,4.21,0.57,2.11,2.70,7.94,1.29,1.17,0.77,1.49,1.23,1.14,1.34,4.07,0.03,0.44,1.24,0.51,0.52,3.22,0.30,0.00,0.00,2.64,31.79,6.67,8.23,14.15,18.05,14.72,14.47,0.54,7.67,11.85,37.79,20.98,0.21,9.83,0.03,1.99,26.51,0.46,0.56,15.62,4.5,0.56,1.94,9.35,0,2.69,0.97,1.61,5.64,0,3.4,2.39,1.4,0.4,0.399117647,1.77,1.41,15.04,2.47,5.51,306.21,0.3,0.39,1.6,6.74,1.62,2.27,4.13,3.28,1.16,7,45.35,5.53,3.27,6.98,4.55,2.07,8.2,1.3
01/31/1947,0.09,0.48,23.99,0.22,2.58,0.36,1.90,3.01,2.23,2.81,0.18,2.64,0.30,6.50,17.20,2.29,1.89,0.27,0.24,0.57,9.25,0.87,0.45,18.29,3.25,0.04,0.33,0.78,0.19,0.22,1.72,6.86,12.76,0.41,0.56,10.26,2.50,0.00,0.62,0.17,2.96,0.58,1.54,1.36,5.65,0.78,0.86,0.19,0.86,0.72,0.70,0.82,2.04,0.18,0.10,0.79,0.35,0.94,1.23,0.00,0.00,0.00,2.09,18.81,2.52,3.89,7.08,6.09,11.81,4.86,0.26,3.71,6.25,18.04,12.68,0.17,7.99,0.18,0.64,5.98,0.37,0.47,4.07,2.68,0.35,1.15,4.15,0,1.6,0.48,0.22,1.81,0,2.41,1.77,1.04,0.05,0.286372549,1.27,1.03,7.64,1.39,0.77,233.17,0.16,0.31,1.19,4.09,0.96,1.35,2.19,1.96,0.94,2.27,25.31,3.78,1.62,3.46,2.25,0.97,3.49,0.55
02/28/1947,0.39,2.17,35.18,0.37,8.46,2.37,10.26,7.59,14.30,6.38,2.88,10.34,0.77,20.83,24.28,4.10,5.73,0.42,3.16,2.53,47.80,3.40,1.76,43.22,24.85,0.20,1.62,1.52,2.16,2.47,5.31,20.63,42.47,0.47,4.66,0.00,8.70,0.75,3.36,0.90,5.98,1.31,3.11,3.95,10.41,2.39,1.33,3.49,3.45,4.04,2.11,2.48,6.01,1.02,1.03,1.41,0.71,2.56,4.49,13.84,0.80,4.66,4.57,56.09,11.72,17.40,17.76,19.96,17.33,38.59,1.18,16.65,28.72,80.64,36.23,0.34,16.15,1.05,3.87,40.26,0.73,0.61,40.48,6.47,0.6,3.94,16.74,0,3.04,1.77,2.47,14.47,2.79,5.82,3.79,2.22,0.62,1.772352941,7.86,2.08,13.12,7.5,11.79,436.75,0.73,0.62,2.54,11.96,2.45,3.44,6.95,10.46,1.85,18.01,80.47,8.64,5.99,12.79,8.33,5.39,15.57,2.14
03/31/1947,0.71,3.95,47.03,0.56,8.12,4.21,10.89,8.37,20.84,8.13,3.26,14.26,1.49,27.93,26.91,6.43,8.22,1.01,5.06,4.89,63.37,4.69,2.42,43.94,38.67,0.31,3.44,2.48,4.19,4.79,6.17,22.23,68.62,0.70,6.75,7.82,13.90,16.23,4.58,2.25,9.69,1.66,5.53,6.00,16.73,2.78,3.50,23.51,6.25,6.03,2.57,3.02,9.10,1.62,2.17,2.48,1.29,2.21,8.03,18.19,2.88,16.70,6.56,86.68,18.02,28.03,20.01,19.16,23.17,68.16,1.85,26.13,45.14,94.68,58.59,0.53,23.22,1.66,7.84,62.53,1.02,0.7,45.01,5.36,0.89,5.78,25.77,0,4.56,2.6,4.79,19.98,3.46,13.12,6.91,4.06,1.2,3.722843137,16.51,3.7,29.59,11.75,15.07,717.61,1.78,0.96,4.63,19.55,4.73,6.64,9.18,13.92,2.57,27.45,143.83,17.91,8.81,18.82,12.25,9,30.04,2.95
04/30/1947,0.57,3.16,40.07,1.22,8.81,4.89,9.54,5.93,7.28,8.57,1.15,4.23,1.23,26.42,35.46,6.29,9.76,3.15,1.81,2.13,28.37,1.39,0.72,31.88,13.17,0.26,3.07,3.92,1.78,2.03,4.04,20.30,53.05,1.52,2.16,0.00,6.50,8.34,12.15,1.94,14.70,1.75,7.27,6.09,25.40,1.82,8.39,5.31,12.99,9.60,1.71,2.01,9.70,1.29,2.28,3.82,2.82,2.01,4.77,4.94,2.12,12.30,5.78,75.79,12.61,19.84,20.22,20.78,19.73,48.56,1.59,22.42,38.43,74.51,59.41,0.48,17.43,1.32,4.65,55.67,0.82,0.71,15.33,2.35,1.96,3.57,11,0,10.88,1.93,2.03,6.13,1.53,10.6,12.25,7.19,0.51,2.042941176,9.06,4.87,12.93,23.52,4.35,444.7,5.49,0.86,8.21,15.51,3.89,5.46,6.5,12.28,2.07,12.42,143.42,22.07,6.52,13.93,9.07,5.15,13.1,0.87
05/31/1947,0.17,0.97,33.30,3.16,2.79,1.48,2.16,2.05,1.39,9.11,0.18,1.16,0.57,9.18,20.67,3.31,7.24,9.97,0.36,0.76,7.13,0.38,0.20,13.89,5.44,0.18,1.03,5.14,0.32,0.37,0.48,7.73,25.44,4.15,0.62,8.09,1.40,0.00,16.39,0.68,20.02,1.87,6.86,3.57,38.18,0.21,12.42,0.31,14.24,8.32,0.25,0.29,5.80,0.74,1.24,3.86,5.34,2.26,0.78,0.00,0.00,0.00,4.07,40.27,5.32,8.73,14.75,6.58,16.40,11.96,1.09,15.43,25.99,33.33,46.45,0.36,11.31,0.76,0.79,22.18,0.54,0.27,2.46,0.54,5.07,1.93,3.54,0,21.86,0.75,0.37,2.62,0,5.13,19.11,11.22,0.09,0.002254902,0.01,4.59,0,24.24,1.35,271.47,7.56,0.64,12.81,8.94,1.79,2.51,2.7,9.44,1.37,4.19,108.79,22.95,2.55,5.45,3.55,0.34,4.65,0.24
06/30/1947,0.05,0.26,31.22,1.35,2.54,1.01,1.67,0.77,0.00,5.08,0.07,1.12,0.35,7.46,19.04,2.12,5.69,3.90,0.19,1.54,6.78,0.37,0.19,6.03,5.94,0.07,0.54,0.89,0.46,0.53,0.29,6.74,12.74,1.81,0.48,11.00,0.20,0.00,6.39,0.36,4.73,1.04,0.93,2.48,9.09,0.13,3.39,0.24,3.62,2.18,0.16,0.19,3.58,0.57,0.35,0.82,1.57,2.69,0.53,1.54,0.96,5.59,0.91,28.18,4.72,5.92,11.15,5.99,15.38,10.84,0.40,5.58,10.35,33.54,26.73,0.06,2.28,0.59,0.81,19.46,0.17,0.04,1.32,0.17,2.17,0.87,4.03,0,7.44,0.68,0.53,3.65,4.91,2.62,5.15,3.02,0.13,0.299901961,1.33,0.62,8.75,7.51,1.45,378.3,1.25,0.1,3.45,3.5,1.12,1.57,2.01,2.5,0.41,2.83,82.1,6.42,2.29,4.89,3.18,0.15,9.47,0.23
07/31/1947,0.01,0.06,23.92,0.37,2.03,0.23,1.29,0.34,0.00,0.69,0.02,0.73,0.17,5.05,13.69,1.43,2.69,0.71,0.03,0.37,5.36,0.24,0.12,1.87,1.13,0.02,0.28,0.11,0.15,0.17,0.14,5.27,5.62,0.58,0.10,3.12,0.20,0.00,3.43,0.09,1.02,0.14,0.04,1.15,1.51,0.06,0.46,0.32,0.57,0.85,0.07,0.08,1.42,0.15,0.06,0.28,0.29,1.29,0.24,0.49,0.18,1.06,0.35,14.49,1.68,2.15,6.03,4.79,11.78,5.23,0.09,1.26,2.40,20.51,10.37,0.01,1.02,0.16,0.23,4.53,0.08,0.01,0.33,0.04,0.59,0.32,2.91,0,1.46,0.53,0.17,0.81,1.84,0.19,1.08,0.63,0.04,0.270588235,1.2,0.03,0.3,3.22,0,223.19,0,0.02,0.72,0.9,0.54,0.76,1.28,1.28,0.19,0.37,18.39,0.78,1.78,3.8,2.48,0,2.27,0.15
08/31/1947,0.00,0.02,22.85,0.13,1.89,0.10,1.32,0.32,0.46,1.66,0.01,0.61,0.15,3.80,12.91,1.39,1.27,0.16,0.02,0.24,4.68,0.20,0.10,1.30,0.69,0.01,0.28,0.04,0.13,0.15,0.08,4.85,3.45,0.37,0.02,6.99,0.10,0.00,1.63,0.05,0.47,0.34,0.00,0.70,0.55,0.04,0.08,0.29,0.25,0.31,0.02,0.02,0.58,0.12,0.03,0.17,0.09,0.80,0.32,0.00,0.17,1.01,0.25,9.19,1.33,1.49,5.48,4.46,11.25,3.16,0.04,0.58,1.27,22.46,7.30,0.01,0.71,0.13,0.12,0.00,0.05,0.01,0.19,0.02,0.2,0.36,3.9,0,0.56,0.5,0.15,0.35,1.68,0,0.51,0.3,0.04,0.390098039,1.73,0,0,1.3,0,199.48,0,0.01,0.34,0.54,0.47,0.66,1.47,0.7,0.13,0.05,9.1,0.3,1.7,3.63,2.36,0,1.48,0.13
09/30/1947,0.00,0.02,20.10,0.04,1.73,0.01,1.18,0.35,0.00,1.50,0.02,0.12,0.13,3.78,12.65,1.32,0.70,0.00,0.03,0.18,4.09,0.04,0.02,1.44,0.55,0.01,0.16,0.02,0.20,0.23,0.06,4.54,3.03,0.31,0.00,6.40,0.20,0.00,1.72,0.06,0.21,0.31,0.01,0.52,0.27,0.03,0.03,0.17,0.11,0.21,0.01,0.01,0.42,0.13,0.04,0.08,0.03,1.31,0.39,0.00,0.27,1.55,0.12,6.65,1.37,1.37,4.99,4.08,9.90,2.28,0.03,0.40,1.03,20.03,6.04,0.00,0.34,0.13,0.10,0.00,0.02,0.02,0.27,0.04,0.06,0.4,3.32,0,0.26,0.41,0.23,0.15,1.83,0.07,0.28,0.16,0.06,0.405882353,1.8,0.01,0,1.04,0,188.39,0,0,0.19,0.42,0.4,0.56,1.53,0.43,0.06,0,6.01,0.23,1.39,2.97,1.93,0,1.13,0.03
10/31/1947,0.03,0.17,29.15,0.52,3.73,0.26,3.30,1.30,1.16,1.61,0.08,3.50,0.24,8.91,19.97,2.14,2.33,0.58,0.17,1.10,11.48,1.15,0.59,11.44,3.01,0.03,0.57,0.63,0.42,0.48,1.78,8.52,13.02,0.53,1.58,0.00,0.50,0.00,2.64,0.28,2.65,0.33,0.81,1.89,4.84,0.80,1.72,0.54,0.06,1.00,0.42,0.49,1.88,0.00,0.16,0.93,0.71,2.11,2.07,0.00,0.00,0.00,1.23,20.06,3.09,4.36,10.47,8.80,14.36,9.73,0.22,3.10,4.75,23.72,12.80,0.08,4.42,0.00,0.73,10.19,0.33,0.14,1.19,0.98,0.83,1.77,5,0,3.12,0.83,0.48,1.59,0,1.18,1.6,0.94,0.12,0.257058824,1.14,0.54,4.63,2.8,2.6,289.48,0.66,0.15,1.07,2.17,0.75,1.05,2.81,2.28,0.83,5.79,51.5,4.37,2.81,6,3.91,0.53,6.77,0.72
11/30/1947,0.04,0.21,21.24,0.33,5.16,0.38,3.10,2.82,1.75,4.59,0.11,2.80,0.15,7.61,20.04,1.93,2.65,0.31,0.17,0.75,1.27,0.92,0.48,20.28,3.98,0.03,0.52,0.66,0.12,0.14,1.78,8.60,14.10,0.43,0.93,4.14,0.40,0.20,1.10,0.30,2.43,0.94,0.97,1.64,4.86,0.80,1.43,0.29,0.65,1.00,0.67,0.79,2.18,0.00,0.20,0.74,0.46,0.69,1.89,0.00,0.00,0.00,1.12,19.80,3.01,3.28,10.17,12.17,10.46,5.68,0.22,3.11,4.77,23.25,12.10,0.10,4.12,0.00,0.60,6.68,0.24,0.25,2.95,2.26,0.52,1.08,4.09,0,2.16,0.69,0.14,2.36,0,1.46,1.47,0.86,0.03,0.281862745,1.25,0.65,3.84,2.07,2.3,237.79,0,0.18,0.99,3.2,0.49,0.69,2.06,2.59,0.61,3.38,34.72,3.49,2.34,5,3.25,0.87,4.61,0.58
12/31/1947,0.01,0.04,19.43,0.16,2.89,0.28,2.01,2.17,1.74,2.16,0.11,2.31,0.13,5.02,19.90,1.71,1.86,0.19,0.13,0.70,5.16,0.76,0.39,20.98,3.44,0.02,0.48,0.64,0.00,0.00,1.43,6.18,14.07,0.38,0.46,14.63,0.10,0.00,0.62,0.26,2.17,0.44,1.02,1.28,3.96,0.64,0.80,0.26,0.52,0.56,0.53,0.62,1.90,0.03,0.04,0.58,0.34,0.49,2.06,0.00,0.00,0.00,1.21,16.61,2.65,2.22,7.23,6.82,9.57,5.79,0.15,2.12,3.33,14.93,9.19,0.10,3.48,0.03,0.38,5.95,0.24,0.2,2.93,2.96,0.26,0.67,3.42,0,1.34,0.42,0,2.03,0,1.8,0.96,0.56,0,0.124019608,0.55,0.68,5.57,1.16,2.2,237.17,0.56,0.17,0.64,2.83,0.41,0.58,1.92,1.45,0.59,1.66,25.03,2.18,1.41,3.01,1.96,0.55,4.28,0.48
01/31/1948,0.17,0.94,36.85,0.48,8.69,0.78,9.38,6.65,12.70,7.87,1.01,6.38,0.45,20.54,36.33,4.27,7.18,0.58,1.05,5.04,21.25,2.10,1.08,63.47,25.97,0.19,2.33,1.83,2.15,2.46,6.05,20.41,57.62,0.53,9.97,0.00,5.50,7.87,5.43,1.32,6.41,1.61,3.15,4.81,11.60,2.73,4.12,10.68,5.17,6.04,2.41,2.83,7.53,0.82,1.16,1.67,0.71,7.76,6.73,11.55,0.93,5.38,4.00,66.56,13.40,17.30,21.41,20.50,18.15,40.26,1.15,16.26,27.49,61.24,45.83,0.36,15.89,0.84,5.06,54.60,0.77,0.91,17.49,9.22,0.76,4.19,9.41,0,3.85,2.52,2.46,15.58,0,2.97,3.17,1.86,0.61,1.722745098,7.64,2.11,10.08,11.6,11.08,742.01,1.3,0.65,2.13,14.9,1.44,2.02,7.79,16.39,1.94,32.45,209.84,10.24,8.52,18.2,11.85,1.33,30.93,1.32
02/29/1948,0.06,0.33,23.45,0.22,2.92,0.34,2.30,3.41,4.81,1.86,0.26,4.13,0.28,7.85,19.54,2.15,2.23,0.31,0.29,1.14,12.85,1.36,0.70,24.85,5.95,0.07,0.52,0.86,0.52,0.59,2.56,7.42,19.00,0.43,2.00,14.29,4.60,2.03,1.07,0.34,3.33,0.38,1.72,1.49,6.08,1.16,1.44,0.25,1.46,1.27,1.07,1.26,2.37,0.63,0.30,0.77,0.34,1.08,1.65,0.00,0.00,0.00,2.42,25.04,3.18,5.31,8.05,6.89,11.55,9.00,0.37,5.29,10.06,25.61,15.06,0.22,9.70,0.64,1.14,10.11,0.48,0.7,4.76,4.19,0.35,1.9,6.71,0,1.66,0.69,0.59,3.73,0,2.16,1.73,1.02,0.15,0.44872549,1.99,1.15,8.24,2.34,1.5,271.06,0.83,0.4,1.16,4.92,0.89,1.25,2.6,3.34,1.2,6.13,43.35,4.29,2.35,5.02,3.27,1.8,7.02,0.86
03/31/1948,0.14,0.78,33.57,0.26,19.85,0.70,17.43,10.70,8.44,2.16,1.66,10.00,0.65,26.76,35.83,2.25,4.29,0.51,1.89,2.76,50.52,3.29,1.70,70.95,13.44,0.14,1.16,1.02,4.05,4.63,8.74,26.15,39.70,0.51,2.50,22.26,6.30,19.45,1.26,0.76,3.95,0.44,2.06,2.81,7.07,3.94,0.92,7.75,1.49,1.53,3.52,4.14,4.53,0.19,1.09,0.92,0.39,1.46,5.64,1.54,1.64,9.49,2.89,48.93,7.14,10.97,23.84,46.83,16.53,20.97,0.96,13.49,21.29,38.46,20.95,0.26,11.72,0.19,3.05,34.60,0.57,0.54,23.57,12.11,0.42,3.76,16.33,0,1.99,1.89,4.63,8.42,0,7.25,2.25,1.32,1.16,0.967352941,4.29,1.38,13.47,2.82,4.39,530.7,0.47,0.47,1.51,6.89,2.07,2.91,5.16,4.09,1.44,7.51,58.73,5.4,6.41,13.69,8.92,9.68,16.97,2.07
04/30/1948,1.19,6.66,68.34,0.93,27.04,5.82,29.26,19.07,35.19,6.48,4.62,20.55,2.91,64.54,66.59,11.68,14.25,1.73,6.59,8.29,115.76,6.76,3.49,115.48,55.45,0.59,6.80,4.47,6.29,7.19,17.79,60.75,150.65,0.98,12.82,0.57,15.30,10.40,8.11,5.63,17.99,1.33,9.80,9.65,29.66,8.02,4.40,43.24,11.16,10.35,7.55,8.88,15.40,0.88,3.44,3.78,1.91,4.71,20.05,38.69,3.07,17.81,13.39,168.52,35.61,55.03,43.32,63.79,33.66,113.20,3.84,54.30,86.08,176.58,96.46,1.16,50.42,0.91,16.00,97.15,2.31,1.81,62.06,16.96,1.49,12.09,37.24,0,7.9,4.85,7.19,31.02,0,30.17,12.26,7.2,1.8,6.442254902,28.57,6.56,51.35,20.12,27.76,1132.09,2.8,2.08,8.22,33.21,9.21,12.93,17.14,23.72,5.81,39.82,214.86,23.93,16.41,35.05,22.82,14.43,50.92,4.25
05/31/1948,1.65,9.21,78.32,2.61,15.70,7.10,13.42,10.38,16.57,22.45,1.32,10.06,2.57,47.77,55.79,14.96,18.92,7.16,2.09,4.88,31.09,3.31,1.71,63.64,29.35,0.55,9.18,8.79,2.68,3.06,7.90,43.55,136.54,3.07,7.06,21.02,10.40,9.65,24.02,7.12,33.84,4.60,16.21,11.01,57.06,3.56,16.60,11.69,23.61,17.12,3.43,4.03,18.32,2.13,4.42,7.39,5.68,6.15,8.43,14.88,1.63,9.45,13.60,163.80,27.40,41.99,35.82,37.04,38.58,86.75,3.41,48.11,80.46,130.23,121.07,1.27,43.88,2.19,7.85,68.97,2.15,1.71,17.45,5.24,4.18,8.72,23.24,0,23.45,4.18,3.06,14.64,0,18.59,30.63,17.98,0.77,5.06,22.44,10.85,26.76,43.69,10.08,799.87,8.64,2.29,20.54,32.81,8.14,11.43,13.09,22.73,5.4,29.86,252.1,53.06,14.14,30.2,19.67,3.89,29.98,2.08
06/30/1948,0.64,3.59,79.19,4.44,13.02,4.52,5.58,3.96,8.13,21.02,0.23,3.62,0.65,22.50,53.11,9.14,17.99,11.79,0.51,2.31,17.81,1.19,0.61,32.07,14.28,0.31,3.27,6.74,0.00,0.00,1.10,23.77,65.36,4.85,2.23,19.21,7.50,0.00,28.37,2.73,27.42,4.30,8.77,7.83,52.03,0.50,21.78,2.91,16.38,12.15,0.61,0.72,12.76,1.19,2.26,4.26,6.64,7.36,1.81,0.00,1.60,9.26,5.60,105.26,16.06,19.34,34.83,30.71,39.01,31.45,1.91,26.97,45.11,92.34,89.73,0.52,15.33,1.23,1.98,24.93,0.82,0.38,3.42,1.31,7.12,3.73,11.93,0,29.93,2.52,0,8.16,0,11.04,28.77,16.89,0,1.274019608,5.65,5.87,0,37.41,3.2,511.36,11.11,0.93,19.29,15.54,2.06,2.89,6.61,14.74,2.07,11.66,207.03,45.12,8.52,18.2,11.85,0.84,14.18,0.75
07/31/1948,0.07,0.38,37.79,1.38,3.22,0.79,2.28,0.91,1.45,4.08,0.02,1.37,0.40,8.43,26.08,2.88,4.84,3.25,0.04,0.85,5.11,0.45,0.23,6.03,2.96,0.06,0.86,0.58,0.09,0.10,0.28,8.54,12.51,1.56,0.41,0.00,1.60,0.00,3.66,0.39,4.64,0.84,0.46,1.94,7.62,0.13,4.18,0.14,2.02,0.95,0.12,0.14,2.43,0.26,0.30,0.92,1.30,2.78,0.40,0.00,0.84,4.90,1.25,28.83,4.41,4.76,14.62,7.60,18.61,7.64,0.34,4.83,8.23,41.89,24.22,0.06,3.47,0.27,0.57,0.00,0.29,0.04,0.4,0.16,2.22,1.24,5.68,0,7.19,0.72,0.1,2.28,0,2.97,5.65,3.32,0.03,0.281862745,1.25,0.31,10.49,3.49,0.9,253.44,0.76,0.1,3.79,2.52,1.28,1.8,2.57,1.47,0.72,1.8,41.56,5.72,2.43,5.19,3.38,0.06,5.24,0.28
08/31/1948,0.01,0.08,29.75,0.21,2.32,0.20,1.61,0.52,0.00,5.19,0.01,0.67,0.23,5.71,17.68,2.10,1.30,0.30,0.02,0.38,0.00,0.22,0.11,2.32,1.00,0.02,0.60,0.07,0.00,0.00,0.13,6.60,5.21,0.43,0.12,0.00,0.60,0.00,3.18,0.14,0.86,1.06,0.00,0.81,0.98,0.06,0.53,0.13,0.45,0.62,0.03,0.04,0.65,0.09,0.08,0.27,0.14,1.45,0.80,0.00,0.41,2.38,0.45,11.79,2.27,2.53,8.39,5.47,14.65,5.49,0.09,1.31,2.30,23.07,11.90,0.01,1.36,0.09,0.24,0.60,0.10,0.02,0.14,0.03,0.34,0.7,4.9,0,0.93,0.54,0,0.56,0,0.43,0.96,0.56,0,0.317941176,1.41,0,0,2.64,0,204.86,0,0.02,0.64,0.9,0.73,1.02,2.06,1.26,0.28,0.43,15.58,0.86,1.84,3.93,2.56,0.02,2.33,0.14
09/30/1948,0.00,0.03,18.96,0.06,2.16,0.02,1.37,0.51,0.00,0.00,0.02,0.12,0.20,4.92,16.39,1.82,0.84,0.00,0.03,0.30,1.15,0.04,0.02,2.42,0.92,0.01,0.20,0.04,0.08,0.09,0.11,5.69,4.59,0.31,0.22,0.00,0.20,0.00,3.36,0.14,0.36,0.00,0.01,0.57,0.46,0.05,0.11,0.08,0.25,0.45,0.03,0.04,0.51,0.10,0.04,0.12,0.05,2.37,0.44,0.00,0.48,2.76,0.21,8.95,1.80,1.85,6.74,5.10,9.34,4.14,0.05,0.69,1.37,27.57,8.56,0.01,0.65,0.10,0.17,0.00,0.05,0.04,0.32,0.09,0.09,0.73,4.63,0,0.42,0.53,0.09,0.28,0,0.37,0.5,0.29,0.02,0.374313725,1.66,0.01,0,2.07,0.4,206.07,0,0.01,0.34,0.61,0.62,0.87,1.85,1.1,0.13,0.56,10.96,0.48,1.78,3.8,2.48,0.14,1.84,0.03
10/31/1948,0.01,0.03,23.65,0.15,2.35,0.16,1.51,0.80,0.00,0.32,0.05,2.22,0.20,4.88,19.01,2.12,1.27,0.37,0.08,0.49,6.11,0.73,0.38,6.43,1.66,0.01,0.24,0.12,0.00,0.00,0.79,5.98,5.91,0.45,0.18,7.65,0.30,0.00,0.93,0.10,0.52,0.07,0.12,1.17,0.75,0.36,0.10,0.11,0.27,0.28,0.17,0.20,1.05,0.16,0.05,0.24,0.13,1.27,1.03,0.00,0.17,1.01,0.27,10.36,1.49,1.83,6.79,5.54,11.65,2.09,0.05,0.71,1.59,16.74,8.57,0.01,0.85,0.16,0.19,0.00,0.09,0.02,0.52,0.49,0.24,0.67,3.12,0,0.87,0.4,0,0.76,1.17,0.71,0.37,0.22,0,0.119509804,0.53,0.08,7.38,0.87,0.5,214.7,0,0.02,0.25,1.38,0.62,0.87,1.67,0.57,0.22,0.66,16.93,0.47,1.36,2.9,1.89,0.18,3.01,0.46
11/30/1948,0.02,0.11,26.47,0.36,2.68,0.42,1.89,2.19,1.15,0.83,0.07,2.74,0.24,6.34,20.35,2.69,2.44,0.16,0.33,0.57,0.00,0.90,0.46,15.14,2.69,0.02,0.42,0.50,0.11,0.13,1.25,6.92,10.87,0.37,0.36,8.12,1.00,0.23,1.08,0.21,2.00,0.17,0.69,1.63,4.10,0.56,0.77,0.19,0.59,0.53,0.46,0.54,2.09,0.00,0.15,0.71,0.58,0.49,1.58,0.00,0.00,0.00,0.86,16.36,2.82,3.52,8.09,6.32,13.04,3.46,0.14,2.01,3.08,18.79,11.91,0.07,3.24,0.00,0.57,7.18,0.19,0.12,1.8,1.6,0.57,1.02,3.96,0,2.13,0.44,0.13,1.63,0.06,1.39,0.99,0.58,0.03,0.083431373,0.37,0.46,10.96,1.36,1.1,239.53,0.81,0.13,0.66,3.17,0.75,1.05,1.95,1.27,0.48,4.15,25.09,2.38,1.48,3.16,2.06,0.4,3.48,0.57
12/31/1948,0.02,0.14,28.07,0.26,3.54,0.40,3.25,2.47,3.45,1.38,0.40,5.44,0.32,8.64,22.25,2.86,2.67,0.54,0.41,0.85,19.71,1.79,0.92,20.45,5.69,0.04,0.63,0.66,3.55,4.06,2.10,7.88,16.34,0.52,1.21,26.84,3.30,5.00,0.25,0.28,2.33,0.28,1.02,1.96,4.50,0.95,0.34,0.31,0.48,0.23,0.76,0.89,2.77,0.00,0.35,0.72,0.43,0.50,3.22,0.00,0.32,1.86,1.17,20.81,3.88,4.73,8.35,8.35,13.83,8.13,0.30,4.25,6.52,17.43,10.98,0.08,3.43,0.00,0.92,8.58,0.22,0.21,7.55,2.52,0.42,1.23,7.98,0,1.88,0.52,4.06,3.46,2.36,1.65,0.93,0.55,1.01,0.045098039,0.2,0.68,11.47,0.48,1.7,266.62,0.59,0.15,0.62,3.52,1,1.4,2.73,0.6,0.57,7.62,26.55,1.81,1.75,3.74,2.43,1.59,5.24,1.13
01/31/1949,0.03,0.17,24.25,0.13,2.69,0.24,2.37,2.13,4.75,0.09,0.71,4.35,0.27,6.79,19.57,2.31,1.85,0.00,0.85,0.68,8.41,1.43,0.74,18.31,4.64,0.04,0.31,0.49,1.11,1.27,1.67,6.57,12.00,0.31,0.93,31.72,4.00,5.71,0.27,0.13,1.64,0.02,0.78,1.28,3.13,0.76,0.34,0.30,0.46,0.25,0.70,0.82,2.00,0.08,0.38,0.48,0.28,0.35,1.46,0.00,0.50,2.89,0.90,16.61,1.86,3.53,7.21,6.35,11.95,2.11,0.25,3.56,5.71,10.32,9.08,0.08,3.39,0.08,0.60,7.86,0.17,0.15,11.42,2.36,0.21,1.1,6.42,0,1.01,0.38,1.27,2.79,1.55,1.65,0.67,0.39,0.32,0.015784314,0.07,0.52,10.34,0.52,1.9,218.05,0.67,0.14,0.45,2.91,0.87,1.22,1.97,0.65,0.42,3.05,19.27,1.82,1.27,2.71,1.77,2.55,4.18,0.9
02/28/1949,0.03,0.17,26.80,0.17,4.26,0.38,4.80,3.53,9.93,1.12,2.77,7.11,0.21,10.00,18.77,2.51,2.36,0.38,3.21,2.21,42.80,2.34,1.21,22.65,11.43,0.08,0.38,0.65,2.76,3.15,2.70,9.02,16.26,0.46,2.40,35.18,6.50,7.76,0.40,0.20,2.14,0.23,1.03,1.68,4.13,1.22,0.49,6.85,0.43,0.36,1.10,1.29,2.54,0.08,0.80,0.63,0.23,0.97,1.92,0.00,1.56,9.03,1.20,24.23,2.65,7.33,8.70,10.05,13.20,6.85,0.52,7.39,11.58,24.88,10.31,0.11,4.93,0.08,1.51,16.93,0.22,0.22,37.25,3.34,0.28,2.1,11.61,0,1.33,0.68,3.15,6.9,5.49,3.43,0.91,0.53,0.79,0.108235294,0.48,0.69,9.59,0.76,5.8,371.44,0.45,0.19,0.61,3.32,0.68,0.95,2.73,0.91,0.55,8.43,53.62,2.6,2.31,4.93,3.21,8.55,13.56,1.47
03/31/1949,0.13,0.74,42.28,0.27,24.82,2.10,25.63,12.28,63.58,1.64,9.78,29.37,0.52,39.68,44.69,3.95,7.23,0.52,15.10,17.16,170.46,9.66,4.99,68.34,115.44,0.33,2.15,0.95,5.53,6.32,9.70,37.83,54.80,0.51,28.89,65.28,23.80,61.54,0.99,1.27,3.57,0.34,1.84,4.99,6.45,4.37,2.28,38.04,0.64,0.92,3.91,4.60,7.59,0.13,3.64,0.92,0.40,7.92,10.38,0.00,9.54,55.38,2.53,70.67,14.94,27.13,28.69,58.55,20.82,42.19,2.24,31.57,48.84,74.38,32.16,0.21,9.35,0.13,7.64,84.19,0.47,0.66,118.15,9.93,0.43,8.66,52.4,0,2.09,2.57,6.32,68.29,28.4,16.78,1.85,1.09,1.58,1.612254902,7.15,1.23,32.68,1.91,50.4,1140.92,0.61,0.38,1.24,10.42,1.66,2.33,8.74,2.35,1.18,37.46,228.56,6.22,8.71,18.6,12.11,30.2,105.44,6.08
04/30/1949,1.31,7.30,51.86,1.69,6.13,6.44,6.55,8.41,27.15,16.26,1.03,5.62,2.74,28.42,30.87,11.47,10.92,3.74,2.01,5.48,16.38,1.85,0.96,43.67,33.86,0.49,5.09,7.07,6.27,7.17,5.05,24.62,86.28,1.75,10.65,0.00,5.20,0.00,13.36,3.58,27.60,3.33,14.89,7.75,47.14,2.28,10.12,7.84,6.80,15.70,2.19,2.57,11.87,1.63,2.31,6.64,3.58,6.05,6.41,0.00,0.00,0.00,18.05,105.33,25.52,47.12,23.44,14.46,25.54,70.83,3.11,43.96,72.53,129.48,88.72,1.51,65.33,1.67,10.41,71.52,2.96,2.58,11.93,4.09,2.71,9.3,13.98,0,14.24,2.84,7.17,17.15,0,20.2,19.25,11.3,1.79,4.751078431,21.07,9.97,1.34,31.19,26.1,612.25,5.47,2.71,12.91,29.57,8.67,12.17,11.08,35.63,7.43,46.99,294.45,36.7,9.6,20.51,13.35,3.15,33.67,1.16
05/31/1949,1.20,6.71,52.46,3.50,5.37,4.66,2.64,3.60,10.14,17.70,0.26,3.62,1.62,17.90,30.23,7.75,14.33,9.74,0.66,2.13,4.43,1.19,0.61,23.59,13.35,0.44,4.96,7.83,1.12,1.28,1.47,13.86,62.66,4.06,4.11,0.00,2.70,0.00,27.80,3.48,29.93,3.62,11.97,7.85,54.05,0.66,20.23,2.46,31.03,16.57,0.66,0.78,12.71,1.97,3.65,6.26,6.68,7.04,1.70,19.42,3.14,18.21,7.93,85.43,19.45,27.42,21.46,12.67,25.84,41.77,2.73,38.60,65.36,74.99,100.41,0.72,22.40,2.02,3.74,63.87,1.13,0.63,3.56,1.11,5.62,5.11,11.41,0,27.46,2.27,1.28,7.96,0,12.39,28.28,16.6,0.32,3.249313725,14.41,8.01,6.99,45.08,9.7,449.83,11.1,1.29,18.96,23.98,5.13,7.2,7.14,20.01,2.85,18.69,259.38,50.52,7.67,16.38,10.67,0.82,13.06,0.75
06/30/1949,0.20,1.09,28.34,2.29,2.49,0.79,1.67,0.79,2.44,7.92,0.03,1.40,0.58,7.52,19.42,2.68,6.16,6.48,0.06,0.96,4.27,0.46,0.24,6.29,4.53,0.11,0.74,1.89,0.17,0.19,0.28,7.49,14.50,2.81,1.16,10.24,0.60,0.25,7.19,0.55,9.08,1.62,2.03,2.67,17.93,0.13,6.66,0.37,6.82,2.44,0.15,0.18,3.89,0.23,0.61,1.34,2.81,4.08,0.51,0.00,1.14,6.62,1.65,29.67,6.03,8.13,11.41,5.87,13.96,13.63,0.71,10.04,16.12,38.42,34.63,0.12,4.17,0.24,0.72,15.02,0.29,0.07,0.49,0.18,3.68,1.52,5.5,0,13.18,0.7,0.19,3.49,3.4,5.39,9.39,5.51,0.05,0.489313725,2.17,1.36,13.64,8.42,2.7,248.14,4.54,0.21,6.3,4.58,1.83,2.57,2.18,2.88,0.72,4.65,92.02,12.79,2.37,5.06,3.3,0.11,5.88,0.29
07/31/1949,0.03,0.18,24.12,0.50,1.76,0.19,1.34,0.36,1.23,0.00,0.02,0.82,0.24,4.44,14.70,1.87,2.75,1.07,0.03,0.38,5.62,0.27,0.14,1.99,1.38,0.02,0.39,0.15,0.18,0.21,0.13,5.24,5.87,0.72,0.30,0.11,0.20,0.00,2.48,0.14,1.42,0.00,0.07,1.17,2.16,0.06,0.86,0.14,0.51,0.75,0.06,0.07,1.41,0.31,0.09,0.35,0.40,1.93,0.20,0.55,0.40,2.31,0.47,14.60,2.19,2.99,6.36,4.15,11.88,4.87,0.10,1.39,3.08,23.79,12.21,0.02,1.34,0.31,0.23,3.60,0.10,0.01,0.2,0.04,0.81,0.53,3.9,0,2.08,0.48,0.21,0.8,2.32,1.65,1.55,0.91,0.05,0.290882353,1.29,0.05,5.36,2.62,1.8,195.98,0,0.03,1.04,1.14,0.76,1.07,1.41,0.97,0.25,0.69,24.14,1.37,1.63,3.48,2.27,0.02,2.33,0.17
08/31/1949,0.01,0.07,22.78,0.15,1.83,0.08,1.20,0.32,0.00,0.09,0.02,0.00,0.16,4.13,13.97,1.77,1.14,0.40,0.02,0.22,3.16,0.00,0.00,1.30,0.60,0.01,0.35,0.05,0.00,0.00,0.08,4.85,3.40,0.47,0.10,1.31,0.10,0.00,2.73,0.07,0.58,0.02,0.00,0.67,0.68,0.04,0.20,0.09,0.26,0.54,0.02,0.02,0.54,0.13,0.06,0.20,0.10,1.13,0.41,0.00,0.36,2.08,0.30,8.53,1.56,2.01,5.44,4.32,11.22,2.37,0.06,0.79,1.63,21.72,8.52,0.01,0.89,0.14,0.14,7.67,0.07,0.01,0.18,0.02,0.24,0.54,4.43,0,0.66,0.54,0,0.21,2.61,0.76,0.55,0.32,0,0.423921569,1.88,0,0,2.32,0.5,186.56,0,0.01,0.37,0.65,0.52,0.73,1.5,1.03,0.17,0.19,10.49,0.53,1.82,3.89,2.53,0.02,1.37,0
09/30/1949,0.01,0.03,20.50,0.04,1.76,0.02,1.20,0.35,0.00,0.00,0.01,0.24,0.12,3.40,13.70,1.75,0.64,0.00,0.03,0.18,0.00,0.08,0.04,1.47,0.52,0.01,0.17,0.03,0.14,0.16,0.06,4.47,2.83,0.31,0.04,0.00,0.00,0.00,2.87,0.08,0.27,0.00,0.01,0.47,0.34,0.03,0.10,0.09,0.17,0.41,0.01,0.01,0.39,0.04,0.04,0.10,0.04,1.73,0.31,0.00,0.40,2.33,0.15,5.91,1.45,1.54,5.03,4.15,10.10,1.55,0.05,0.68,1.16,14.08,6.78,0.00,0.45,0.04,0.12,0.00,0.03,0.03,0.24,0.05,0.07,0.59,2.01,0,0.32,0.43,0.16,0.14,2.38,0.91,0.34,0.2,0.04,0.421666667,1.87,0.01,0,1.86,0.9,173.38,0.05,0.01,0.23,0.48,0.39,0.55,1.4,0.96,0.09,0.06,6.43,0.35,1.47,3.14,2.04,0.01,1.13,0.05
10/31/1949,0.01,0.05,18.09,0.08,1.90,0.09,1.28,0.66,0.00,0.00,0.02,1.64,0.12,4.28,14.70,2.10,0.79,0.10,0.03,0.22,0.00,0.54,0.28,2.08,0.95,0.01,0.21,0.07,0.09,0.10,0.74,4.78,4.89,0.35,0.09,0.00,0.20,0.00,0.26,0.10,0.30,0.00,0.07,0.80,0.43,0.33,0.13,0.13,0.17,0.08,0.07,0.08,0.64,0.06,0.05,0.12,0.06,0.77,0.94,0.69,0.13,0.77,0.16,8.17,1.12,1.45,5.42,4.48,8.91,1.29,0.05,0.67,1.22,8.49,6.85,0.01,0.52,0.06,0.15,0.00,0.06,0.01,0.22,0.04,0.12,0.63,2.32,0,0.46,0.34,0.1,0.4,0,1.36,0.27,0.16,0.03,0.261568627,1.16,0.05,6.75,0.24,0.1,190.11,0,0.01,0.18,0.97,0.39,0.55,1.31,0.16,0.14,0.15,8.82,0.46,1.15,2.46,1.6,0.03,1.37,0.34
11/30/1949,0.02,0.10,21.84,0.19,2.11,0.33,1.54,1.09,0.67,1.50,0.05,2.04,0.15,4.99,16.63,2.13,1.55,0.06,0.20,0.37,12.42,0.67,0.35,5.32,1.82,0.02,0.33,0.17,0.73,0.83,1.08,5.34,7.98,0.33,0.32,4.48,0.60,2.41,0.54,0.17,0.75,0.31,0.16,1.09,1.05,0.49,0.48,0.13,0.28,0.16,0.41,0.48,1.25,0.00,0.14,0.30,0.18,0.35,1.18,0.20,0.24,1.42,0.40,12.14,1.80,2.13,5.91,4.98,10.76,3.52,0.12,1.69,2.61,13.19,8.41,0.02,1.32,0.00,0.30,3.19,0.14,0.04,1.17,0.09,0.31,0.95,2.99,0,1.16,0.35,0.83,1.04,0,1.93,0.7,0.41,0.21,0,0,0.11,6.66,0.5,1.2,207.08,0.16,0.03,0.47,1.68,0.47,0.66,1.5,0.34,0.35,1.08,15.12,1.59,1.17,2.5,1.63,0.41,2.25,0.42
12/31/1949,0.01,0.06,20.44,0.15,2.37,0.30,1.76,1.73,1.21,7.26,0.08,2.58,0.12,5.15,17.82,2.03,1.76,0.21,0.25,0.40,0.82,0.85,0.44,6.26,1.68,0.02,0.38,0.19,0.58,0.66,1.14,5.22,8.46,0.39,0.38,28.97,1.00,3.07,0.36,0.23,0.87,1.49,0.25,1.05,1.71,0.52,0.47,0.22,0.30,0.11,0.43,0.51,1.38,0.03,0.22,0.26,0.23,0.24,1.33,0.11,0.16,0.94,0.40,12.12,2.19,2.28,6.14,5.59,10.07,3.32,0.14,1.97,3.11,11.86,8.09,0.02,1.25,0.03,0.36,1.81,0.10,0.05,2.72,0.54,0.24,0.79,3.82,0,0.86,0.34,0.66,0.96,0,1.54,0.48,0.28,0.17,0.038333333,0.17,0.17,0.98,0.34,1.1,206.15,0.08,0.04,0.32,2.14,0.38,0.53,1.3,0.23,0.24,0.97,14.95,1.27,1.15,2.46,1.6,0.63,2.49,0.53
01/31/1950,0.29,1.63,37.45,0.65,11.00,1.28,8.69,5.47,15.89,5.67,3.55,17.69,1.04,17.62,35.11,3.77,6.42,0.85,3.90,2.25,53.05,5.82,3.00,70.24,18.64,0.30,1.92,1.46,6.30,7.20,4.91,18.83,47.11,0.64,4.52,30.77,10.10,45.48,5.36,1.01,5.41,1.16,2.20,4.41,10.52,2.21,1.91,6.22,2.44,3.96,1.85,2.18,6.47,0.28,3.14,1.54,1.03,0.75,6.34,39.43,3.89,22.55,2.58,55.03,10.23,25.02,18.08,25.95,18.45,38.01,1.97,27.76,43.50,43.88,38.55,0.23,9.26,0.29,6.02,50.69,0.56,0.51,50.2,13.96,1.04,7.6,27.53,0,4.51,1.5,7.2,10.62,0,12.84,3.06,1.8,1.8,0.541176471,2.4,1.47,14.67,8.73,10.98,477.59,0.34,0.41,2.05,12.06,3.28,4.6,6.47,10.35,1.42,16.2,51.45,14.32,5.09,10.87,7.08,10.59,13.8,3.66
02/28/1950,0.68,3.77,32.83,0.59,19.92,2.02,24.87,11.43,27.02,12.31,7.37,22.47,1.73,42.74,44.47,4.15,9.13,0.34,11.20,3.70,80.90,7.39,3.82,94.55,34.22,0.36,3.28,2.33,7.64,8.73,12.87,36.50,78.85,0.44,6.24,57.97,17.60,32.98,2.90,2.13,8.09,2.52,3.91,6.00,14.59,5.80,2.39,24.18,3.28,3.32,5.28,6.21,9.75,0.62,2.92,2.04,0.92,2.54,9.39,33.02,2.51,14.58,4.88,93.33,19.89,33.49,27.68,46.99,16.17,64.85,2.36,33.30,53.04,105.39,55.38,0.46,19.32,0.64,9.10,95.11,0.97,1.03,90.63,20.04,0.94,8.82,38.62,0,4.72,3.15,8.73,20.08,0,18.28,4.66,2.73,2.18,4.076862745,18.08,2.62,30.83,6.35,16.58,576.58,0.37,0.82,3.12,18.13,5.48,7.69,10.67,9.31,2.43,20.27,76.66,12.1,10.66,22.77,14.83,13.67,22.73,4.65
03/31/1950,0.92,5.15,45.63,0.77,7.86,3.43,12.49,8.43,17.76,7.98,1.60,13.89,2.28,30.33,33.83,7.47,8.63,0.73,2.48,3.39,42.36,4.57,2.36,62.75,28.59,0.32,3.57,3.23,4.67,5.34,8.08,27.52,86.25,0.59,5.30,18.94,10.40,20.13,4.66,2.71,12.69,1.64,6.56,5.65,22.02,3.65,3.32,21.97,4.98,5.52,3.36,3.95,8.97,0.58,1.80,2.71,1.20,3.68,9.70,19.79,0.00,0.00,9.47,99.46,19.59,29.27,19.06,18.54,22.47,59.26,2.08,29.38,46.91,94.82,59.54,0.88,38.46,0.60,8.69,77.76,1.89,2.19,20.23,6.28,1.24,8.36,26.92,0,6.24,2.49,5.34,14.99,0,16.8,7.88,4.62,1.33,3.380098039,14.99,4.39,28.69,10.18,11.38,651.32,1.27,1.58,5.28,20.06,7.23,10.15,10.58,14.73,4.75,37.73,143.4,17.6,8.43,18.01,11.72,6.41,20.83,2.87
04/30/1950,1.92,10.69,67.94,1.64,9.99,8.81,13.57,11.51,16.46,14.45,1.20,5.78,3.13,40.74,38.78,14.14,14.52,3.71,2.33,3.50,32.56,1.90,0.98,37.12,18.41,0.54,8.47,7.97,3.69,4.22,8.21,42.03,138.58,1.74,4.28,0.00,3.20,0.00,14.49,6.94,31.93,2.96,17.42,9.55,51.88,3.70,13.03,9.52,17.48,16.52,3.59,4.22,15.42,1.78,2.41,6.65,3.60,3.37,9.59,0.00,0.00,0.00,21.30,157.25,29.90,45.10,29.54,23.57,33.46,82.42,3.40,48.06,79.28,133.70,112.34,1.96,79.68,1.83,9.92,103.26,3.73,3.09,14.19,2.99,2.63,10.42,25.46,0,14.86,3.46,4.22,8.89,0,25.39,24,14.09,1.05,5.125392157,22.73,11.66,26.87,34.05,17.28,616.76,5.26,3.52,16.09,37.49,9.9,13.9,14.23,34.61,9.4,33.61,202.63,45.8,11.7,24.99,16.27,5.88,21.49,1.2
05/31/1950,1.40,7.81,75.24,3.81,7.75,8.62,4.02,6.16,8.13,23.36,0.24,1.37,2.09,25.81,34.75,11.86,19.82,10.51,0.61,1.25,10.45,0.45,0.23,25.21,10.15,0.50,7.05,10.67,1.43,1.63,2.20,24.62,103.54,4.36,1.47,12.77,1.20,0.00,32.43,5.81,41.22,4.79,17.63,10.11,70.21,0.99,23.86,1.79,34.57,20.84,1.04,1.22,17.22,0.89,3.31,8.01,7.28,4.49,2.55,0.00,0.00,0.00,12.95,136.72,23.67,33.04,29.02,18.28,37.06,43.24,3.23,45.63,72.79,99.96,130.29,1.26,39.58,0.91,4.14,71.98,1.97,1.34,3.44,0.44,6.11,6.23,11.88,0,31.54,2.9,1.63,5.05,0,15.66,38.27,22.46,0.41,2.755490196,12.22,11.8,10.63,55.3,9.49,407.98,14.23,2.26,25.66,31.48,6.62,9.29,9.76,26.97,4.96,15.81,201.8,57.8,9.82,20.98,13.66,1.33,7.67,0.28
06/30/1950,0.33,1.82,49.65,3.96,3.36,2.48,2.04,1.62,1.84,6.96,0.03,1.12,0.77,10.05,23.98,4.71,10.79,11.85,0.06,0.56,0.33,0.37,0.19,9.25,4.35,0.21,1.63,5.10,0.23,0.26,0.39,10.60,30.57,4.87,0.44,0.00,0.40,0.00,24.58,1.43,21.94,1.43,6.14,4.37,42.68,0.18,16.07,0.42,17.68,9.10,0.19,0.22,6.67,0.82,1.25,2.86,5.52,2.97,0.64,0.00,0.00,0.00,4.12,58.38,10.98,13.46,18.46,7.93,24.45,16.84,1.32,18.63,31.15,56.27,74.38,0.36,10.39,0.85,0.95,26.21,0.68,0.24,0.44,0.04,6.35,2.87,6.32,0,26.67,1.1,0.26,2.64,0,8.53,24.94,14.64,0.07,0.487058824,2.16,4.11,10.89,29.42,3,239.48,8.42,0.65,16.72,11.09,2.44,3.43,3.84,11.13,1.7,3.94,78.43,27.9,3.72,7.95,5.17,0.27,3.43,0.23
07/31/1950,0.05,0.27,32.29,1.35,2.00,0.46,1.52,0.63,0.00,2.30,0.01,1.73,0.52,5.13,17.00,2.49,3.18,3.34,0.02,0.21,1.48,0.57,0.29,2.07,1.46,0.04,0.82,0.52,0.32,0.37,0.15,6.50,7.93,1.60,0.05,0.00,0.20,2.65,5.66,0.24,4.57,0.47,0.39,1.31,7.37,0.07,3.38,0.23,2.15,1.27,0.06,0.07,1.42,0.31,0.27,0.89,1.20,1.65,0.21,0.94,0.33,1.94,1.30,19.57,3.43,3.79,10.56,4.72,15.91,7.37,0.24,3.41,6.20,28.53,21.98,0.06,3.62,0.32,0.33,9.72,0.31,0.04,0.14,0.02,2.17,1.38,5.43,0,6.83,0.52,0.37,1.08,0,2.2,5.67,3.33,0.09,0.284117647,1.26,0.26,3.61,4.96,0.3,195.72,0.3,0.1,3.8,1.98,1.65,2.32,2.12,2.25,0.76,0.47,21.65,4.2,1.75,3.74,2.43,0.07,1.27,0.36
08/31/1950,0.01,0.07,28.01,0.24,1.83,0.17,1.31,0.39,0.24,0.00,0.01,0.40,0.24,4.36,14.23,2.17,1.05,0.41,0.02,0.12,4.27,0.13,0.07,1.10,1.22,0.01,0.52,0.08,0.00,0.00,0.09,5.36,4.64,0.47,0.00,0.00,0.10,0.00,2.49,0.11,0.97,0.00,0.00,0.73,1.09,0.04,0.42,0.19,0.43,0.46,0.02,0.02,0.55,0.09,0.09,0.29,0.16,0.80,0.65,0.00,0.18,1.06,0.50,10.54,1.93,2.17,6.49,4.32,13.79,2.36,0.07,0.99,1.80,22.22,11.34,0.01,1.55,0.09,0.17,0.47,0.12,0.02,0.2,0,0.38,0.88,4.24,0,1,0.52,0,0.8,0,0.67,1.05,0.62,0,0.414901961,1.84,0,1.08,1.91,0.3,185.5,0,0.02,0.7,0.82,0.77,1.08,1.94,1.17,0.32,0.1,8.43,0.6,1.75,3.74,2.43,0,0.74,0.08
09/30/1950,0.01,0.04,23.92,0.08,1.72,0.03,1.23,0.42,0.00,9.68,0.01,0.43,0.20,4.12,13.85,2.21,0.78,0.10,0.02,0.14,0.00,0.14,0.07,1.47,1.00,0.01,0.15,0.05,0.00,0.00,0.08,5.09,4.27,0.35,0.02,13.06,0.00,0.00,2.94,0.14,0.56,1.98,0.03,0.53,0.69,0.04,0.23,0.12,0.09,0.35,0.02,0.02,0.48,0.20,0.05,0.17,0.07,1.57,0.36,0.00,0.15,0.88,0.33,8.29,1.68,1.79,5.69,4.06,11.78,1.96,0.04,0.50,1.38,12.65,8.81,0.01,1.02,0.20,0.14,5.69,0.08,0.06,0.16,0.01,0.14,0.76,4.76,0,0.63,0.45,0,0.38,0,0.35,0.72,0.42,0,0.48254902,2.14,0.02,0,1.74,0,178.56,0.02,0.01,0.48,0.63,0.63,0.88,1.72,0.76,0.2,0.06,7.12,0.38,1.53,3.27,2.13,0,0.87,0.09
10/31/1950,0.05,0.25,33.77,0.34,3.28,0.59,4.29,1.22,3.39,10.68,0.25,2.16,0.33,9.25,18.58,3.97,2.76,0.69,0.62,3.21,12.86,0.71,0.37,11.21,11.26,0.04,0.12,0.31,0.53,0.61,0.26,9.78,15.38,0.58,2.59,16.79,1.50,0.00,3.55,0.39,1.41,2.19,0.31,2.27,1.97,0.12,0.68,1.11,0.92,1.09,0.36,0.42,2.22,0.31,0.16,0.52,0.30,4.42,2.20,3.10,0.53,3.10,0.76,26.85,4.42,4.21,9.81,7.74,16.63,9.25,0.21,2.95,5.48,49.45,15.61,0.03,2.55,0.31,0.54,0.00,0.27,0.08,2.91,0.73,0.55,2.1,6.97,0,2.1,1.08,0.61,6.68,2.45,1.82,1.08,0.63,0.15,0.191666667,0.85,0.21,0,3.34,5.86,529.75,0.28,0.05,0.72,2.24,1.04,1.46,3.65,2.44,0.69,11.89,129.25,2.36,3.66,7.82,5.09,0.47,19.72,0.45
11/30/1950,1.58,8.81,45.83,3.51,10.72,3.37,13.96,7.50,19.29,27.74,3.67,32.53,4.54,32.70,31.65,8.07,14.87,9.78,4.28,3.56,54.39,10.70,5.52,38.32,16.73,0.83,6.66,13.50,9.17,10.48,18.24,30.34,113.91,4.08,3.34,40.88,10.90,0.14,22.61,3.20,52.18,5.68,25.78,9.33,89.65,8.23,19.46,9.40,25.86,25.91,3.50,4.11,14.30,2.21,3.23,11.14,5.68,4.18,11.77,0.00,0.00,0.00,35.69,129.16,26.51,63.81,26.49,25.29,22.57,84.92,5.28,74.57,121.32,96.94,141.62,3.37,142.74,2.27,12.71,148.03,7.27,7.42,48.4,6.89,5.63,27.36,54.6,0,28.01,3.89,10.48,10.47,0,26.65,28.16,16.53,2.62,4.586470588,20.34,17.26,0,49.82,11.53,593.19,9.22,6.06,18.88,44.38,14.39,20.2,14.42,68.66,18.31,18.07,130.36,60.75,13.16,28.11,18.3,27.96,21.85,6.73
12/31/1950,2.13,11.88,64.52,2.39,19.10,5.72,22.22,15.09,59.37,21.12,12.66,38.40,4.57,52.85,56.79,12.21,17.06,5.82,16.30,8.44,130.34,12.63,6.52,113.02,72.35,0.94,10.74,10.98,11.90,13.60,24.58,47.39,191.66,2.55,11.09,57.80,25.90,104.36,19.54,5.01,43.92,4.33,23.66,10.68,69.98,11.09,18.75,41.68,25.83,18.86,7.49,8.81,17.66,1.07,7.10,8.93,5.20,10.23,11.98,9.19,1.05,6.10,25.16,198.89,32.73,84.40,39.46,45.06,31.78,110.20,6.25,88.27,138.79,149.79,178.31,2.43,89.53,1.10,21.68,199.02,4.32,3.52,140.27,17.08,3.83,26.59,80.48,0,22.11,5.12,13.6,46.88,0,48.78,37.41,21.96,3.4,7.892156863,35,15.84,78.8,42.76,38.76,954.71,6.17,4.38,25.08,61.16,14.47,20.31,20.56,31.7,10.86,37.62,266.34,65.16,17.34,37.04,24.12,31.24,51.87,7.94
01/31/1951,0.62,3.44,40.07,0.78,19.82,3.36,23.74,13.24,53.83,5.99,8.03,40.22,2.47,44.97,49.28,6.00,10.07,1.27,15.36,6.94,125.21,13.23,6.83,101.98,72.32,0.54,2.79,2.65,9.21,10.53,25.71,39.11,101.41,0.80,12.01,55.44,17.80,47.23,5.41,4.26,9.97,1.23,4.41,6.54,16.99,11.60,5.16,41.65,3.85,3.59,5.89,6.92,10.80,0.00,7.24,1.88,1.74,2.79,13.93,37.01,15.79,91.63,2.64,135.68,22.02,46.35,29.18,46.76,19.73,73.84,3.69,52.06,79.88,90.66,76.12,0.28,7.65,0.00,14.06,120.36,0.48,0.21,86.34,19.78,1.25,10.79,64.35,0,7.9,3.57,10.53,45.19,9.19,49.04,11.52,6.76,2.63,4.868333333,21.59,2.95,63.65,8.64,38.66,731.28,1.25,0.5,7.72,25.75,7.81,10.96,12.18,3.94,1.22,42.65,106.04,19.6,12.1,25.85,16.83,28.72,42.62,8.32
02/28/1951,0.90,5.02,47.17,0.81,16.72,6.84,23.88,14.15,50.65,7.75,3.97,17.94,2.35,53.67,47.77,9.54,12.90,0.83,7.56,10.00,84.50,5.90,3.05,92.88,74.40,0.39,5.84,2.44,5.17,5.91,12.79,45.46,135.50,0.63,12.82,11.81,14.80,50.17,5.77,5.91,9.57,1.59,3.60,8.17,16.48,5.77,4.72,31.93,5.45,3.27,6.48,7.62,13.59,0.04,5.18,1.59,1.70,5.72,17.05,1.47,11.54,66.97,2.41,163.40,22.77,42.98,32.26,39.44,23.23,70.85,2.65,37.40,57.51,129.38,83.31,0.25,7.46,0.04,12.18,85.65,0.34,0.21,44.61,12.16,1.3,6.43,44.65,0,7.7,3.85,5.91,40.68,12.08,20.39,11.38,6.68,1.48,5.109607843,22.66,2.41,72.05,9.21,37.07,982.56,1.17,0.45,7.63,25.39,7.45,10.46,13.19,4.21,0.85,55.22,229.65,20.74,13.04,27.85,18.14,12.55,61.42,3.71
03/31/1951,0.62,3.48,41.67,0.93,6.67,5.63,15.19,6.43,24.83,7.81,3.78,21.31,2.20,36.70,30.85,7.58,10.82,0.79,7.31,4.29,39.18,7.01,3.62,53.45,26.95,0.38,4.00,2.16,5.06,5.78,8.55,29.63,85.19,0.62,4.96,20.42,9.30,33.51,6.20,4.60,8.47,1.60,3.18,6.36,14.58,3.86,4.24,9.69,5.13,3.51,2.91,3.42,10.86,0.05,4.43,1.41,1.51,3.16,6.96,10.40,13.10,76.00,2.14,114.64,14.47,30.56,18.72,15.73,20.53,54.32,2.56,36.10,55.56,80.30,65.67,0.22,6.60,0.05,7.95,50.44,0.30,0.18,40.36,2.99,1.5,4.55,37.88,0,6.81,2.52,5.78,13.77,22.22,28.83,9.84,5.78,1.45,3.537941176,15.69,2.13,49.68,9.9,17.29,663.1,0.93,0.39,6.6,15.54,6.98,9.8,8.31,4.52,0.76,18.32,130.51,17.8,8.53,18.22,11.86,17.48,26.33,4.41
04/30/1951,0.86,4.80,67.34,2.08,6.62,8.26,5.41,5.93,10.76,16.47,0.91,1.37,1.89,25.86,30.43,11.84,18.11,4.44,1.94,2.21,14.89,0.45,0.23,25.21,13.37,0.37,4.17,4.78,1.84,2.10,1.45,30.26,90.28,2.02,3.25,0.00,3.20,15.74,18.25,4.76,18.49,3.37,7.04,8.49,32.01,0.65,11.37,0.61,8.35,10.34,1.21,1.42,15.18,1.42,3.28,3.12,3.36,6.83,2.77,9.84,6.72,39.02,4.51,130.79,19.00,37.21,26.09,15.62,33.17,50.80,2.27,32.11,53.71,87.31,92.83,0.46,12.94,1.46,4.52,40.02,0.66,0.39,9.23,0.96,3.33,3.83,17.76,0,15.47,2.49,2.1,7.47,6.89,20.59,19.02,11.16,0.53,3.709313725,16.45,4.71,30.26,29.16,8.65,503.22,5.89,0.83,12.75,19.97,6,8.42,8.02,13.32,1.66,16.6,226.37,31.7,8.43,18.01,11.72,3.43,13.56,0.28
05/31/1951,0.81,4.53,67.00,3.47,7.19,7.29,6.51,3.20,13.66,17.32,0.64,6.99,1.30,22.33,30.96,9.62,18.28,8.86,1.74,3.69,22.96,2.30,1.19,24.57,15.04,0.35,3.42,4.35,2.31,2.64,1.49,27.28,77.62,3.72,4.55,26.49,3.20,0.00,27.96,3.49,19.37,3.55,4.96,7.40,38.45,0.67,14.08,0.31,22.73,10.03,0.61,0.72,12.20,1.38,2.22,2.05,4.73,8.62,1.78,21.99,6.50,37.71,3.53,110.54,18.71,26.80,27.42,16.96,33.00,44.82,2.21,31.15,52.07,79.88,100.78,0.31,8.89,1.41,3.83,39.89,0.57,0.18,7.9,0.7,5.56,4.32,15.19,0,23.76,2.18,2.64,10.35,9.04,20.81,23.73,13.93,0.66,2.956176471,13.11,3.32,20.08,32.66,12.62,501.87,8.18,0.55,15.91,14.9,4.12,5.78,6.68,12.54,1.45,15.7,221.59,34.9,7.38,15.76,10.26,4.05,22.69,1.45
06/30/1951,0.12,0.65,40.67,2.22,3.03,1.92,2.58,1.14,1.81,4.37,0.07,2.64,0.53,9.28,21.67,3.92,6.30,6.81,0.12,0.94,6.28,0.87,0.45,5.52,4.18,0.09,0.29,1.43,0.33,0.38,0.12,10.49,16.97,2.93,0.99,8.15,0.70,0.00,7.94,0.74,9.02,0.90,1.46,2.40,16.03,0.06,5.18,0.08,5.48,2.08,0.15,0.18,3.20,0.13,0.51,1.33,2.26,4.67,0.47,0.00,0.76,4.42,2.08,38.92,7.58,8.27,16.74,7.15,20.03,14.34,0.61,8.68,13.74,43.19,38.67,0.13,5.45,0.14,0.96,21.07,0.46,0.09,0.7,0.1,3.57,2.42,5.51,0,12.91,0.76,0.38,3.21,1.3,8.6,10.49,6.16,0.09,0.500588235,2.22,0.98,11.44,7.64,2.88,262.85,3.25,0.23,7.03,3.88,1.69,2.37,3.19,3.3,1.14,3.59,75.13,12,2.56,5.47,3.56,0.44,5.78,0.55
07/31/1951,0.03,0.19,31.76,0.62,2.09,0.51,1.83,0.52,0.00,1.05,0.03,0.76,0.29,6.07,17.15,2.59,2.09,1.97,0.05,0.39,2.10,0.25,0.13,2.22,1.40,0.03,0.05,0.21,0.31,0.35,0.01,7.56,5.78,1.07,0.29,0.41,0.20,0.00,4.16,0.21,2.33,0.21,0.00,1.01,3.00,0.01,1.11,0.14,0.76,0.79,0.05,0.06,0.93,0.15,0.17,0.55,0.44,2.07,0.58,0.09,0.58,3.39,0.99,17.49,3.68,3.47,8.89,4.93,15.64,6.62,0.18,2.60,4.48,31.47,15.97,0.03,3.25,0.16,0.48,6.07,0.25,0.03,0.35,0.01,0.99,1.43,4.38,0,2.54,0.5,0.35,0.79,3.07,3.69,2.3,1.35,0.09,0.286372549,1.27,0,0,3.36,1.89,206.79,0,0.06,1.54,1.22,0.91,1.28,2.38,1.78,0.64,0.76,22.28,1.9,1.68,3.59,2.34,0.08,2.38,0.16
08/31/1951,0.01,0.05,28.94,0.15,1.94,0.03,1.59,0.46,0.63,2.17,0.02,0.64,0.21,4.70,15.24,2.56,0.93,0.31,0.04,0.21,0.47,0.21,0.11,1.37,0.78,0.02,0.03,0.06,0.00,0.00,0.00,6.54,3.83,0.43,0.06,5.08,0.00,0.00,2.71,0.16,0.72,0.45,0.00,0.67,0.84,0.00,0.20,0.10,0.28,0.42,0.02,0.02,0.53,0.23,0.08,0.21,0.10,1.55,0.87,0.00,0.50,2.93,0.42,11.01,2.56,2.31,6.99,4.58,14.26,3.44,0.08,1.16,2.50,22.44,10.44,0.01,1.36,0.23,0.23,0.00,0.10,0.03,0.24,0,0.24,1.15,4.36,0,0.77,0.49,0,0.27,2.99,0.36,0.81,0.48,0,0.272843137,1.21,0,0,1.7,0.7,198.74,0,0.02,0.54,0.75,0.68,0.95,2.09,1.04,0.26,0.13,10.07,0.46,1.66,3.55,2.31,0,1.27,0.13
09/30/1951,0.00,0.03,24.05,0.07,1.97,0.03,1.45,0.46,0.00,0.52,0.01,0.40,0.18,4.49,14.39,2.74,0.84,0.28,0.04,0.17,3.61,0.13,0.07,1.63,0.71,0.01,0.04,0.05,0.00,0.00,0.00,5.86,3.90,0.42,0.04,6.78,0.10,0.00,2.00,0.16,0.52,0.11,0.03,0.54,0.65,0.00,0.08,0.10,0.25,0.20,0.03,0.04,0.51,0.13,0.06,0.15,0.06,1.88,0.29,0.00,0.40,2.32,0.31,9.79,1.84,2.06,6.06,4.65,11.85,2.08,0.07,0.99,1.94,23.87,8.18,0.01,0.98,0.14,0.18,0.00,0.07,0.06,0.19,0,0.12,0.93,4.24,0,0.56,0.33,0,0.2,2.42,0,0.6,0.35,0,0.320196078,1.42,0.02,2,1.15,0,186.75,0,0.01,0.4,0.59,0.56,0.79,1.86,0.47,0.2,0.07,6.28,0.33,1.13,2.41,1.57,0.06,1.02,0.08
10/31/1951,0.02,0.11,26.60,0.23,2.62,0.40,1.87,0.93,0.00,1.52,0.01,0.00,0.26,6.12,18.18,4.50,1.41,0.07,0.03,0.41,5.48,0.00,0.00,5.75,1.94,0.02,0.17,0.21,0.60,0.69,0.18,7.40,9.49,0.34,0.29,8.93,0.20,0.00,1.51,0.28,0.98,0.31,0.22,1.33,1.38,0.08,0.35,0.14,0.58,0.45,0.12,0.14,1.12,0.00,0.12,0.35,0.19,1.65,1.46,0.71,0.46,2.69,0.54,13.76,2.86,4.35,7.34,6.18,13.10,7.64,0.14,1.97,3.03,17.74,11.94,0.02,1.78,0.00,0.68,5.22,0.19,0.05,0.13,0.42,0.37,1.77,7.65,0,1.44,0.46,0.69,0.67,1.51,2.91,0.99,0.58,0.17,0.405882353,1.8,0.15,7.42,1.39,0.5,237.18,0.08,0.04,0.66,1.72,0.83,1.17,2.37,0.98,0.49,0.93,17.04,1.44,1.56,3.33,2.17,0.48,2.54,0
11/30/1951,0.04,0.24,31.62,0.44,6.01,0.81,4.92,2.16,3.15,6.27,0.55,6.35,0.43,10.73,22.42,3.79,3.56,0.48,1.69,2.12,20.02,2.09,1.08,33.20,5.96,0.09,0.34,0.58,1.66,1.90,1.70,11.94,20.34,0.50,1.18,21.99,2.30,6.73,2.77,0.60,2.56,1.28,0.76,2.37,4.63,0.77,1.31,0.31,1.16,1.07,0.83,0.98,2.81,0.03,0.79,0.75,0.61,1.64,2.72,1.08,1.89,10.94,1.22,27.44,5.66,9.28,12.25,14.18,15.58,23.53,0.63,8.94,13.80,42.53,16.94,0.08,4.31,0.03,2.02,7.25,0.34,0.16,7.72,4.23,0.71,3.31,12.56,0,2.71,0.84,1.9,3.79,4.37,4.78,1.6,0.94,0.47,0.446470588,1.98,0.51,4.01,2.98,4.5,388.56,0.55,0.15,1.07,3.59,1.37,1.92,3.57,2.6,0.86,7.18,52.09,5.18,2.86,6.11,3.98,2.07,13.05,1.31
12/31/1951,0.30,1.68,46.30,0.67,30.91,3.35,34.28,10.84,59.64,6.93,9.83,17.05,1.66,51.47,55.00,6.46,12.75,0.88,11.12,10.17,145.67,5.61,2.90,152.86,93.39,0.36,0.80,1.36,6.75,7.71,17.68,47.99,119.19,0.65,17.52,41.93,26.30,25.45,2.56,2.26,5.27,1.42,2.00,7.83,10.47,7.97,1.35,37.80,2.59,2.30,6.16,7.24,11.83,0.08,3.33,1.43,0.97,3.86,18.47,9.55,7.92,45.95,2.38,99.20,20.78,35.14,35.15,72.92,22.80,79.13,2.40,33.84,52.19,94.56,52.70,0.25,9.94,0.08,11.28,98.54,0.56,0.55,118.96,21.24,1.08,8.33,36.34,0,4.52,3.83,7.71,60.2,10.7,17.36,2.92,1.71,1.93,3.551470588,15.75,1.34,44.15,4.77,39.8,1060.32,0.88,0.45,1.96,15.79,5.26,7.38,11.96,6.12,1.42,41.22,162.41,8.89,12.96,27.68,18.02,17.99,62.5,3.53
01/31/1952,0.21,1.17,39.33,0.34,27.36,1.45,27.65,11.55,78.54,6.75,23.07,60.47,1.22,52.23,53.37,4.54,9.21,0.91,34.58,8.69,196.82,19.89,10.27,151.62,92.19,0.49,0.61,1.47,13.12,14.99,40.76,39.91,59.74,0.66,17.33,118.34,31.90,107.85,1.46,1.29,5.10,1.38,2.39,5.65,8.92,18.38,1.23,31.56,1.64,1.31,8.04,9.45,9.57,0.18,6.49,1.18,0.67,3.56,11.71,0.00,15.54,90.18,2.92,58.35,12.12,25.93,30.73,64.54,19.37,57.92,3.31,46.68,72.18,63.52,33.68,0.25,8.92,0.18,8.77,168.03,0.61,0.52,238.06,28.23,0.55,15.16,48.26,0,2.99,3.54,14.99,60.89,31.5,26.32,2.59,1.52,3.75,3.919019608,17.38,1.6,26.16,2.72,49.9,748.34,0.18,0.44,1.74,11.08,3.86,5.42,10.15,3.51,1.54,27.37,74.65,8.7,11.98,25.59,16.66,47.7,53.41,12.51
02/29/1952,0.52,2.90,35.24,0.58,25.19,3.89,42.16,19.60,75.88,5.25,8.89,42.90,2.70,71.02,54.59,8.82,12.96,0.40,19.05,11.07,111.95,14.11,7.29,128.00,81.74,0.60,3.53,2.45,10.70,12.23,19.01,60.34,173.96,0.47,17.90,81.59,16.60,53.11,2.64,3.46,8.49,1.08,4.09,7.98,15.06,8.58,1.32,58.47,4.12,2.82,9.81,11.53,13.57,0.33,5.66,1.99,0.82,8.38,22.01,40.91,11.34,65.78,5.15,141.03,26.90,49.91,42.57,59.42,17.36,115.86,4.04,56.99,88.50,113.11,74.37,0.51,22.16,0.34,18.06,156.39,1.06,1.12,94.32,19.1,0.92,15.41,68.49,0,4.72,5.04,12.23,50.41,12.74,37.63,5.03,2.95,3.06,6.512156863,28.88,2.74,65.59,5.54,59.9,1140.39,0.12,0.92,3.37,24.61,8.55,12,15.44,8.02,2.66,67.99,192.61,13.34,17.07,36.46,23.74,22.59,68.02,8.88
03/31/1952,0.48,2.68,49.11,0.65,19.20,4.04,53.86,13.78,52.80,6.94,7.98,34.11,2.02,50.56,42.09,7.43,10.45,0.72,15.08,8.68,90.84,11.22,5.79,82.51,78.28,0.49,2.87,2.80,9.00,10.29,23.90,42.24,151.34,0.59,16.89,71.30,14.90,67.95,3.07,2.87,11.04,1.42,5.68,6.19,19.03,10.78,1.60,24.29,4.25,3.51,6.45,7.58,10.42,0.13,4.33,2.22,0.95,5.14,16.64,14.99,6.97,40.45,8.15,109.41,20.55,33.89,29.91,45.29,24.19,67.27,3.29,46.41,71.65,63.07,53.60,0.80,33.43,0.14,9.59,124.25,1.75,2.62,82.81,15.45,1.05,12.21,51.2,0,5.41,3.34,10.29,43.24,16.98,25.55,6.93,4.07,2.57,3.689019608,16.36,3.8,34.38,6.67,37.3,923.12,0.54,1.44,4.65,18.01,6.41,9,13.03,9.89,4.41,48.06,181.04,12.19,11.3,24.14,15.72,29.07,53.3,7.06
04/30/1952,2.56,14.26,122.74,1.95,16.16,25.53,21.50,16.35,39.71,16.34,2.11,4.83,4.10,66.27,52.53,30.02,28.94,2.67,4.70,6.91,24.03,1.59,0.82,48.10,53.88,0.80,29.94,10.11,7.19,8.22,3.48,64.62,535.65,1.34,14.12,11.41,7.00,0.00,13.86,19.50,41.25,3.35,22.30,18.11,66.10,1.57,12.85,10.61,23.57,17.00,6.42,7.55,30.73,0.78,3.15,7.65,3.71,9.54,15.40,0.00,0.00,0.00,31.18,518.82,75.22,65.16,41.95,38.12,60.46,118.34,5.29,74.72,117.10,83.74,150.90,2.96,124.48,0.81,19.57,110.43,5.93,4.71,20.73,3.72,3.13,15.98,53.55,0,17.09,5.22,8.22,28.38,0,51.65,28.89,16.96,2.05,4.816470588,21.36,14.93,61.77,31.92,34.6,1302.34,5.37,5.32,19.37,52.63,12.99,18.24,32.11,44.49,14.94,72.54,369.92,52.64,17.66,37.72,24.56,4.85,42.42,1
05/31/1952,3.32,18.52,149.48,5.14,18.97,29.28,10.82,11.23,23.67,33.03,0.59,0.06,3.18,59.04,59.40,34.41,43.62,12.97,1.76,4.22,14.78,0.02,0.01,50.48,29.84,0.95,26.89,17.76,4.05,4.63,1.20,62.59,347.39,5.30,7.38,26.89,1.60,0.00,39.69,18.87,69.70,6.77,32.30,21.65,114.43,0.54,32.65,5.09,46.81,32.34,2.61,3.07,38.82,2.41,6.44,12.97,10.31,12.14,6.14,7.34,0.00,0.00,27.03,391.16,48.23,73.21,51.99,44.75,73.62,102.41,6.10,86.12,139.64,166.44,239.43,2.73,89.17,2.47,12.78,123.93,4.50,3.64,7.17,1.66,8.25,13.81,31.01,0,46.58,6.15,4.63,18.67,0,42.28,66.95,39.29,1.16,7.799705882,34.59,21.62,72.55,76.98,24.1,826.89,16.12,4.91,44.89,69.37,10.07,14.14,24.43,50.61,11.32,40.63,397.61,99.77,20.81,44.45,28.94,1.89,25.91,0.01
06/30/1952,1.09,6.07,96.61,5.46,8.04,9.65,3.76,2.88,5.93,25.78,0.14,1.43,0.93,20.88,41.42,14.12,27.35,13.59,0.31,1.69,7.74,0.47,0.24,19.24,11.71,0.52,5.47,9.12,1.81,2.07,0.37,25.78,104.36,5.54,2.35,0.00,1.40,0.00,42.64,5.75,37.97,5.28,11.97,10.51,70.57,0.17,24.87,0.24,41.87,20.10,0.38,0.45,17.42,2.02,3.41,5.04,7.96,8.52,1.15,24.91,3.61,20.92,8.06,169.47,29.50,35.87,33.07,18.97,47.59,34.68,3.23,45.59,76.26,133.71,180.89,0.77,21.73,2.07,2.69,47.87,1.25,0.57,1.9,0.64,8.76,6.23,6.4,0,39.24,2.82,2.07,9.22,0.94,23.34,43.13,25.31,0.52,3.639411765,16.14,8.01,53.98,59.39,6.5,398.62,14.28,1.39,28.92,33.66,2.95,4.14,9.92,25.63,3.15,10.88,194.63,57.5,9.56,20.42,13.3,0.63,10.39,0.3
07/31/1952,0.14,0.78,61.64,2.96,3.28,3.18,2.67,1.22,0.00,8.26,0.09,1.85,0.71,9.42,27.57,5.52,6.90,9.16,0.14,0.86,10.51,0.61,0.31,6.60,4.17,0.17,0.83,2.06,0.68,0.78,0.07,13.56,29.09,3.84,1.12,2.17,0.40,0.00,18.17,1.03,12.40,1.69,2.15,2.77,22.28,0.03,8.12,0.11,14.89,5.54,0.08,0.09,3.01,0.67,0.89,1.73,3.02,5.37,1.01,9.47,2.07,12.03,2.80,58.69,12.24,13.34,20.13,7.74,30.36,13.66,1.07,15.13,25.30,60.41,75.32,0.18,7.35,0.69,0.92,14.29,0.60,0.13,0.73,0.19,4.75,3.35,5.39,0,17.23,1.07,0.78,2.58,7.22,8.14,13.83,8.12,0.19,1.028235294,4.56,1.44,20.14,19.44,1.7,301.09,5.81,0.32,9.27,8.53,2.24,3.14,5.37,7.81,1.51,3.4,73.83,18.2,3.62,7.73,5.03,0.28,5.29,0.38
08/31/1952,0.03,0.16,41.47,0.65,2.55,1.79,2.02,0.66,0.00,1.47,0.05,1.34,0.31,6.21,19.31,3.72,1.60,1.84,0.09,0.40,0.00,0.44,0.23,3.17,1.16,0.03,0.23,0.22,0.00,0.00,0.00,10.13,12.46,1.02,0.41,15.93,0.30,0.00,7.39,0.32,2.67,0.30,0.00,1.14,3.18,0.00,1.41,0.08,1.63,1.38,0.03,0.04,0.89,0.10,0.23,0.67,0.44,2.24,1.06,0.00,0.95,5.54,1.28,22.08,4.75,4.39,10.05,6.02,20.43,5.85,0.21,2.97,4.86,42.60,21.63,0.04,4.32,0.10,0.41,0.00,0.33,0.04,0.61,0.13,1.04,2.14,5.58,0,2.67,0.57,0,0.4,6.45,3.02,2.69,1.58,0,0.290882353,1.29,0,0,5.67,0.6,231.96,0,0.07,1.8,1.58,0.99,1.39,3.61,3.22,0.83,0.93,20.02,2.98,1.92,4.1,2.67,0.02,2.49,0.28
09/30/1952,0.01,0.08,35.04,0.13,2.33,0.32,1.73,0.62,0.00,0.79,0.03,1.61,0.21,5.23,16.95,3.60,1.24,0.43,0.08,0.29,1.76,0.53,0.27,3.46,0.95,0.02,0.14,0.09,0.00,0.00,0.00,7.72,10.08,0.48,0.23,24.58,0.10,0.00,3.20,0.27,0.90,0.16,0.04,0.77,1.11,0.00,0.45,0.04,0.57,0.33,0.04,0.05,0.75,0.26,0.10,0.26,0.10,2.80,0.35,0.00,0.70,4.05,0.53,13.10,2.74,3.02,7.99,5.50,17.26,3.85,0.08,1.15,2.59,33.16,13.48,0.01,1.72,0.27,0.29,0.00,0.13,0.1,0.43,0.23,0.21,1.62,5.66,0,0.97,0.45,0,0.26,3.69,2.26,1.06,0.62,0,0,0,0.03,3.73,1.84,0.7,227.69,0,0.03,0.71,0.98,0.65,0.91,2.76,0.76,0.35,0.4,9.58,1,1.51,3.23,2.1,0.09,1.79,0.33
10/31/1952,0.01,0.07,28.27,0.14,2.36,0.42,1.73,0.95,0.00,3.13,0.04,0.00,0.19,5.02,18.01,3.63,1.40,0.00,0.08,0.29,3.67,0.00,0.00,4.75,1.46,0.01,0.14,0.12,0.12,0.14,0.00,7.65,10.95,0.31,0.22,3.83,0.00,0.00,1.15,0.20,0.53,0.64,0.12,1.38,0.75,0.00,0.17,0.03,0.23,0.35,0.09,0.11,1.12,0.13,0.08,0.22,0.12,0.94,1.16,0.57,0.40,2.33,0.28,11.50,2.13,2.52,7.62,5.57,13.93,1.32,0.08,1.16,2.18,27.31,11.10,0.01,0.92,0.13,0.29,0.00,0.10,0.02,0.38,0.19,0.22,1.03,3.91,0,0.84,0.4,0.14,0.5,1.19,1.59,0.53,0.31,0.03,0.121764706,0.54,0.08,5.75,1.07,0.5,237.75,0.08,0.02,0.36,1.58,0.59,0.83,2.35,0.74,0.25,0.4,9.82,0.58,1.37,2.93,1.91,0.08,1.8,0
11/30/1952,0.02,0.12,28.88,0.22,2.55,0.63,2.04,1.40,0.39,1.01,0.10,0.00,0.21,5.67,18.23,3.55,2.35,0.08,0.34,0.57,4.47,0.00,0.00,8.48,3.68,0.02,0.22,0.23,0.52,0.59,0.30,7.66,15.95,0.34,1.21,0.00,0.80,3.77,0.18,0.30,1.06,0.21,0.27,1.43,1.84,0.14,0.31,0.04,0.28,0.05,0.43,0.51,1.86,0.09,0.23,0.36,0.29,1.00,1.40,0.00,0.34,1.98,0.52,14.77,2.74,3.11,7.58,6.02,14.22,3.14,0.13,1.85,3.10,19.97,11.61,0.02,1.57,0.09,0.47,0.00,0.15,0.06,1.61,0.28,0.35,0.95,5.15,0,1.3,0.34,0.59,2.27,0.33,2.19,0.84,0.49,0.15,0.214215686,0.95,0.18,13.32,0.16,1.8,236.06,0.04,0.04,0.56,2.83,0.67,0.94,1.9,0.12,0.37,1.32,13.1,1.17,1.16,2.48,1.61,0.43,3.48,0
12/31/1952,0.04,0.24,43.68,0.26,22.75,1.29,17.73,7.78,63.29,2.55,11.53,5.81,0.40,25.44,45.96,3.57,5.56,0.40,14.42,7.51,144.83,1.91,0.99,114.20,89.92,0.11,0.19,0.45,3.58,4.09,5.63,32.18,38.67,0.47,20.60,23.53,24.50,4.40,0.49,0.64,1.74,0.52,0.64,3.51,3.59,2.54,0.86,20.38,0.43,0.15,2.69,3.16,5.08,0.00,0.90,0.55,0.44,1.40,9.06,7.65,2.35,13.62,0.73,31.36,5.80,10.71,25.67,53.67,21.52,19.26,0.72,10.14,15.56,47.32,23.33,0.08,3.21,0.00,2.75,35.71,0.17,0.11,137.89,23.02,0.41,2.52,13.27,0,1.64,1.47,4.09,57.84,2.63,7.76,1.05,0.62,1.02,0.859117647,3.81,0.43,26.26,0.46,46.78,639.26,0,0.14,0.7,6.79,1.26,1.77,5.04,0.32,0.42,19.29,58.36,3.05,4.98,10.64,6.93,3.03,46.11,1.2
01/31/1953,0.38,2.14,74.30,0.74,30.42,6.26,48.62,25.91,118.98,11.49,17.52,32.01,1.74,88.31,64.57,11.86,20.79,0.61,30.07,16.95,218.34,10.53,5.44,165.53,148.68,0.54,5.05,2.43,9.37,10.71,21.73,81.53,226.04,0.55,26.38,0.00,27.60,27.84,6.58,4.75,8.46,2.35,3.84,13.26,15.95,9.80,3.32,96.27,4.74,5.92,11.95,14.05,21.62,1.17,4.66,2.28,1.20,11.99,23.14,43.55,9.00,52.21,4.54,215.90,39.96,53.04,62.10,71.76,36.60,150.34,3.53,49.83,80.10,186.42,110.74,0.41,16.92,1.20,17.42,190.97,0.92,0.9,186.09,22.39,1.19,11.76,45.93,0,5.61,7.24,10.71,92.57,10.97,22.02,4.7,2.76,2.68,9.678039216,42.92,2.57,85.21,12.24,96.06,1677.31,0.49,0.73,3.15,36.43,5.52,7.75,23.98,16,2.31,100.35,319.55,14.43,24.53,52.4,34.12,17.24,104.12,6.62
02/28/1953,0.27,1.49,33.57,0.41,5.60,2.28,5.75,6.29,18.87,4.15,1.70,1.12,0.97,19.16,28.35,6.65,5.45,0.22,3.00,4.00,11.86,0.37,0.19,25.68,29.64,0.15,2.22,1.61,1.33,1.52,1.59,17.42,59.03,0.40,6.25,8.46,3.50,3.27,2.32,1.49,6.03,0.85,3.11,3.37,10.54,0.72,1.67,7.72,2.65,2.70,2.37,2.79,5.51,0.92,0.84,1.42,0.59,3.87,6.64,3.46,0.00,0.00,4.32,58.53,10.55,13.68,13.86,13.21,16.53,32.84,0.87,12.26,21.68,72.95,35.33,0.39,16.77,0.95,3.06,32.18,0.85,1.2,19.5,2.72,0.66,4.09,10.92,0,3.35,1.55,1.52,16.24,0,6.24,3.73,2.19,0.38,2.218823529,9.84,2.08,22.14,5.06,15.49,496.94,0.45,0.7,2.5,12.01,3.08,4.32,6.8,7.35,2.15,28.55,138.08,8.38,5.26,11.24,7.32,1.83,24.6,0.23
03/31/1953,0.45,2.51,48.17,0.54,7.58,3.28,13.37,7.84,24.31,3.63,3.89,8.72,1.38,29.13,26.57,8.23,6.59,0.60,7.31,6.47,49.79,2.87,1.48,36.54,25.52,0.23,4.41,2.31,4.16,4.75,4.63,24.75,82.25,0.54,5.20,26.95,5.80,2.64,3.47,2.47,9.12,0.74,4.72,4.47,15.62,2.09,2.52,12.26,5.85,4.13,3.49,4.10,7.36,0.88,0.98,1.93,0.89,3.73,9.05,3.09,0.00,0.00,6.94,71.39,12.08,16.94,17.32,17.88,23.73,46.66,1.43,20.22,33.78,66.05,41.50,0.62,27.73,0.91,4.54,50.80,1.32,1.28,41.78,2.73,0.87,5.45,21.12,0,4.4,2.22,4.75,13.98,0,11.64,5.85,3.43,1.19,2.360882353,10.47,3.16,21.98,7.61,18.69,663.22,0.72,1.11,3.92,14.38,4.36,6.12,7.79,11.05,3.33,20.87,144.82,13.04,7.52,16.06,10.46,4.3,39.77,1.81
04/30/1953,1.37,7.66,71.89,1.33,11.26,8.45,11.98,9.75,21.89,14.95,1.62,8.12,1.89,37.12,34.71,16.36,12.96,3.53,3.33,4.44,28.55,2.67,1.38,46.07,27.54,0.45,14.12,6.46,3.08,3.52,4.56,34.20,137.87,1.67,6.33,0.00,3.00,0.00,11.18,5.51,25.76,3.06,14.15,8.14,42.18,2.06,9.76,6.07,17.65,13.56,3.54,4.16,13.52,0.26,1.89,5.53,2.98,5.96,9.11,0.00,0.00,0.00,17.14,142.35,22.16,29.41,28.01,26.56,35.41,69.77,3.01,42.49,66.01,112.52,87.47,1.56,63.69,0.26,6.72,51.08,2.97,2.39,15.99,2.81,2.14,9.08,23.85,0,12.03,3.51,3.52,14.26,0,18.78,18.52,10.87,0.88,3.964117647,17.58,9.47,13.17,27.01,20.69,629.81,5.51,2.8,12.42,29.37,5.98,8.4,12.53,29.99,7.46,35.31,241.52,35.89,11.9,25.42,16.55,5.49,27.28,1.68
05/31/1953,1.15,6.42,84.69,1.96,11.85,11.14,9.17,5.68,17.10,16.64,0.79,6.32,1.58,36.37,47.44,15.19,20.01,4.95,2.20,3.57,12.45,2.08,1.07,50.20,24.69,0.45,6.74,6.43,2.68,3.06,1.81,35.84,126.53,2.22,4.70,0.00,2.00,3.06,17.08,6.75,24.68,3.41,11.41,10.53,41.58,0.82,13.53,6.33,32.36,13.10,1.90,2.23,18.34,1.74,3.87,5.20,4.22,7.07,4.06,18.40,2.79,16.21,8.88,156.75,22.84,23.73,29.05,27.95,41.71,72.04,2.79,39.35,65.82,116.04,105.08,0.84,27.19,1.79,5.97,49.87,1.38,1.03,9.11,3.02,3.14,6.31,19.49,0,17.96,3.55,3.06,13.76,0,18.27,23.43,13.75,0.77,3.628137255,16.09,7.64,39.33,32.27,16.69,664.95,6.53,1.51,15.71,28.17,5,7.02,11.65,17.92,3.48,25.27,250.19,38.44,12.02,25.67,16.72,2.76,21.94,1.31
06/30/1953,0.66,3.67,79.06,4.13,7.77,6.80,4.69,2.73,9.61,20.53,0.20,1.82,0.79,21.93,42.91,10.26,20.77,11.20,0.39,2.41,11.74,0.60,0.31,34.17,17.78,0.41,2.99,7.05,1.24,1.42,0.52,22.52,69.48,4.62,2.61,0.04,1.10,1.75,35.08,3.94,28.37,4.20,9.49,8.66,52.66,0.24,20.83,3.49,32.15,16.95,0.57,0.67,14.42,1.60,2.98,4.52,6.43,9.06,1.69,0.00,3.40,19.72,6.09,119.00,20.13,25.32,27.34,18.33,38.94,40.80,2.56,36.16,60.47,117.71,121.09,0.58,17.00,1.64,2.78,56.81,0.89,0.44,2.54,0.87,6.62,4.35,11.08,0,29.04,2.78,1.42,12.53,1.7,19.85,29.59,17.37,0.35,2.135392157,9.47,6.35,10.45,49.94,10.5,538.25,10.73,1.04,19.84,22.5,2.51,3.52,7.64,21,2.23,14.89,245.14,43.94,9.42,20.12,13.1,1.3,14.79,0.38
07/31/1953,0.08,0.45,50.45,2.18,3.22,1.79,2.65,1.06,0.53,6.36,0.04,0.43,0.68,9.27,26.40,4.58,6.83,6.64,0.06,0.93,4.67,0.14,0.07,6.82,5.10,0.11,0.43,1.52,0.07,0.08,0.06,11.05,18.11,2.87,0.79,0.00,0.70,0.00,11.73,0.69,8.52,1.30,1.60,2.63,15.80,0.02,5.96,0.08,7.95,3.58,0.13,0.15,3.43,0.31,0.61,1.28,2.36,5.89,0.43,3.65,1.32,7.67,1.80,36.48,6.73,9.41,16.92,7.60,24.85,13.62,0.73,10.25,16.70,52.78,46.70,0.11,4.60,0.32,0.83,5.86,0.36,0.08,0.38,0.13,3.5,1.95,5.49,0,12.33,0.98,0.08,3.74,4.49,2.81,9.79,5.75,0.02,0.387843137,1.72,1.07,11.71,12.59,2.1,295.58,2.29,0.21,6.56,5.44,2.14,3,3.57,4.89,0.9,4.25,99.38,10.56,3.32,7.09,4.62,0.15,5.71,0.09
08/31/1953,0.02,0.10,36.45,0.41,2.44,0.60,2.03,0.59,0.00,2.81,0.02,0.82,0.30,6.76,18.80,3.47,1.75,0.94,0.05,0.52,4.11,0.27,0.14,3.65,1.49,0.03,0.10,0.13,0.00,0.00,0.00,8.58,7.68,0.67,0.32,0.00,0.10,0.00,4.45,0.19,1.49,0.58,0.00,1.04,1.84,0.00,0.74,0.06,0.75,0.85,0.03,0.04,0.86,0.09,0.11,0.41,0.29,2.38,1.10,0.00,0.47,2.72,0.66,16.02,2.86,3.70,9.34,5.76,17.95,5.81,0.16,2.28,3.80,31.47,17.52,0.02,2.17,0.10,0.39,0.00,0.16,0.02,0.3,0.01,0.66,0.95,4.23,0,1.62,0.58,0,0.72,2.71,0,1.52,0.89,0,0.326960784,1.45,0,0,3.55,1.2,232.73,0,0.04,1.02,1.37,0.94,1.32,2.73,1.94,0.41,0.91,24.06,1.14,1.97,4.21,2.74,0.1,3.17,0.17
09/30/1953,0.01,0.05,31.22,0.13,2.30,0.18,1.61,0.55,0.00,1.84,0.02,1.00,0.22,5.70,17.15,3.07,1.16,0.28,0.04,0.38,4.85,0.33,0.17,3.07,1.15,0.02,0.09,0.07,0.00,0.00,0.00,7.15,7.22,0.42,0.21,8.89,0.10,0.00,2.94,0.18,0.70,0.38,0.03,0.77,0.88,0.00,0.24,0.08,0.25,0.35,0.03,0.04,0.70,0.15,0.06,0.22,0.09,2.92,0.47,0.00,0.40,2.30,0.41,10.26,2.09,2.56,7.22,5.43,15.38,3.01,0.09,1.32,2.49,29.72,12.05,0.01,1.26,0.15,0.26,0.55,0.09,0.05,0.23,0.02,0.2,1.01,4.27,0,0.79,0.48,0,0.32,2.09,0,0.81,0.48,0,0.200686275,0.89,0.02,1.42,1.74,0,228.72,0,0.02,0.54,0.87,0.71,1,2.57,0.76,0.24,0.52,12.19,0.57,1.64,3.5,2.28,0.07,2.35,0.21
10/31/1953,0.01,0.05,28.07,0.18,2.79,0.43,1.62,0.95,0.00,0.82,0.03,2.13,0.22,6.70,19.03,3.66,1.51,0.18,0.05,0.46,2.47,0.70,0.36,5.14,2.31,0.02,0.39,0.14,0.29,0.33,0.17,7.43,10.58,0.38,0.27,10.81,0.10,0.00,1.39,0.18,0.62,0.17,0.13,1.43,0.90,0.08,0.25,0.31,0.31,0.42,0.18,0.21,1.24,0.11,0.06,0.28,0.15,1.58,1.55,1.02,0.27,1.58,0.33,11.15,2.11,2.75,7.68,6.58,13.83,2.99,0.10,1.47,2.61,11.99,11.47,0.01,1.01,0.11,0.41,14.97,0.10,0.03,0.28,0.14,0.28,0.78,3.06,0,1.03,0.49,0.33,0.82,1.18,1.58,0.56,0.33,0.08,0.223235294,0.99,0.09,8.79,1.3,0.2,246.68,0,0.02,0.38,1.85,0.69,0.97,2.32,0.86,0.26,0.57,16.56,0.68,1.65,3.52,2.29,0.19,2.86,0.44
11/30/1953,0.02,0.10,36.25,0.28,3.97,0.76,3.47,2.65,3.55,0.90,0.34,3.28,0.26,10.44,22.35,4.83,4.21,0.29,0.83,2.25,13.53,1.08,0.56,19.71,7.50,0.04,0.76,0.40,1.27,1.45,0.74,11.66,19.64,0.42,2.21,1.61,3.00,0.75,1.43,0.44,1.62,0.18,0.55,2.57,3.31,0.33,0.83,1.18,0.81,0.93,0.95,1.12,3.47,0.08,0.41,0.56,0.50,2.51,2.59,0.00,1.21,7.03,0.70,23.48,4.44,5.51,11.30,9.37,17.85,12.41,0.28,3.91,6.25,35.18,17.56,0.06,2.60,0.09,1.06,20.99,0.15,0.08,5.99,0.97,0.45,1.47,4.87,0,1.69,0.95,1.45,4.92,4.47,2.66,0.93,0.55,0.36,0.311176471,1.38,0.37,15.66,2.14,3.9,393.28,0.17,0.1,0.62,4.78,0.82,1.15,3.31,2.34,0.39,7.49,99.07,2.42,3.23,6.9,4.49,0.72,13.82,0.68
12/31/1953,0.02,0.13,29.75,0.25,3.16,0.56,2.72,2.93,5.60,0.31,0.31,4.77,0.27,9.54,21.26,3.92,3.22,0.39,0.32,1.73,10.73,1.57,0.81,19.19,8.11,0.05,0.77,0.51,1.22,1.39,0.76,9.47,17.73,0.46,0.98,14.70,5.20,7.54,0.90,0.39,1.87,0.06,0.76,2.19,3.74,0.34,0.92,0.90,0.85,0.82,1.01,1.19,3.28,0.00,0.55,0.60,0.37,1.60,3.68,0.00,1.41,8.17,0.87,22.10,4.15,5.65,9.81,7.45,14.65,10.54,0.31,4.44,6.82,27.30,16.01,0.07,2.97,0.00,1.34,18.39,0.17,0.18,5.63,1.87,0.41,1.5,7.15,0,1.7,0.77,1.39,5.16,2.99,3.2,1.03,0.6,0.35,0.417156863,1.85,0.51,15.25,1.71,1.6,349.51,0,0.12,0.69,5.19,0.86,1.21,3.32,2.12,0.44,7.9,71.32,2.74,2.61,5.57,3.63,1.04,10.63,0.99
01/31/1954,0.09,0.50,36.65,0.28,13.53,1.01,19.34,6.35,51.16,4.47,6.18,14.29,0.52,29.56,32.05,4.32,5.67,0.43,7.43,11.13,116.81,4.70,2.43,86.00,82.23,0.13,1.41,1.03,4.98,5.69,7.27,29.13,44.18,0.48,23.67,20.85,18.80,6.04,1.19,0.79,3.46,0.92,1.63,3.72,6.59,3.28,1.11,33.29,1.00,1.14,3.77,4.43,5.95,0.13,1.11,1.00,0.53,4.27,8.92,0.00,2.57,14.94,1.90,43.63,8.28,13.74,20.39,31.92,18.05,30.19,0.89,12.60,19.73,52.11,27.52,0.16,6.74,0.13,4.76,48.84,0.35,0.32,77.69,9.22,0.44,2.98,22.55,0,2.15,2.16,5.69,53.12,7.26,5.66,1.45,0.85,1.42,1.443137255,6.4,1.09,22.46,2.35,38.97,951.53,0.9,0.29,0.97,8.94,1.65,2.32,6.17,3.06,0.88,40.59,99.52,3.94,7.31,15.61,10.17,4.46,68.37,2.96
02/28/1954,0.29,1.62,40.94,0.35,20.15,1.98,26.91,12.40,41.43,4.03,7.24,15.96,1.10,46.65,42.02,5.71,7.96,0.39,10.10,12.00,79.47,5.25,2.71,66.65,82.08,0.24,2.39,1.27,5.00,5.71,11.70,42.64,81.88,0.46,17.41,17.54,14.30,8.79,2.37,1.58,4.58,0.83,2.33,5.19,8.36,5.28,1.44,32.21,1.51,2.74,6.30,7.41,8.39,0.28,1.83,1.23,0.50,8.32,10.90,2.64,4.59,26.65,3.09,78.22,14.83,23.43,28.48,47.53,20.16,56.66,1.57,22.16,34.86,90.94,43.37,0.26,11.65,0.28,6.64,56.51,0.57,0.75,80.72,16.23,0.56,5.25,27.19,0,2.75,3.2,5.71,52.85,9.58,9.28,2.61,1.53,1.43,3.574019608,15.85,1.56,31.85,5.23,30.68,1055.47,0.4,0.47,1.75,14.24,3.48,4.89,9.48,7.5,1.43,56.31,222.94,7.74,10.84,23.15,15.08,10.02,73.74,3.3
03/31/1954,0.83,4.65,60.23,0.90,17.62,5.00,19.63,15.17,36.68,8.16,4.69,19.24,1.76,46.99,49.87,10.76,11.72,1.60,9.57,8.70,72.58,6.33,3.27,85.94,82.91,0.47,4.83,3.75,5.51,6.30,11.59,44.47,139.25,0.93,14.00,0.00,9.60,18.13,7.25,3.91,14.71,1.67,7.84,7.74,25.40,5.23,5.10,19.67,4.04,9.03,5.73,6.74,12.46,1.47,3.05,3.39,1.65,6.49,15.61,20.43,3.79,22.00,10.88,143.52,25.75,45.84,33.63,41.57,29.67,75.95,2.98,42.04,69.09,110.88,83.62,0.90,40.83,1.51,9.85,89.48,1.87,1.69,53.3,14.02,1.44,9.99,36.38,0,7.15,3.78,6.3,47.99,12.22,18.47,8.47,4.97,1.57,5.114117647,22.68,5.25,41.41,17.03,29.28,959.48,3.95,1.62,5.68,28.75,5.58,7.83,14.21,22.81,4.72,47.91,252.92,23.19,12.8,27.34,17.8,14.82,53.46,3.98
04/30/1954,1.36,7.58,96.08,1.72,19.99,11.30,24.22,16.32,36.90,23.58,4.55,9.58,1.62,67.70,55.29,19.88,19.36,4.37,8.19,8.63,56.46,3.15,1.63,68.57,72.32,0.52,8.69,6.33,3.77,4.31,9.29,60.69,156.92,1.99,15.13,0.00,7.70,6.16,16.22,6.79,24.23,4.83,12.55,12.20,41.18,4.19,11.60,19.03,12.34,14.35,5.86,6.89,20.22,1.93,4.01,5.91,3.97,9.44,14.36,9.58,5.01,29.08,11.58,180.05,27.78,48.59,44.74,47.16,47.32,93.64,3.27,46.16,76.85,153.20,106.04,1.01,37.73,1.99,9.86,126.07,1.79,1.37,50.27,6.73,2.75,7.54,23.23,0,15.42,5.39,4.31,38.46,10.78,21.96,19.75,11.59,1.08,6.379117647,28.29,8.4,27.74,33.3,32.78,1036.51,7.44,1.81,13.24,30.35,5.14,7.22,16.88,21.86,4.49,52.26,361.09,36.76,18.26,39,25.4,7.04,53.02,1.98
05/31/1954,0.53,2.98,76.65,3.51,7.35,4.69,5.95,4.26,9.55,14.00,0.56,3.25,0.54,24.29,38.99,10.69,18.74,10.08,1.48,3.00,14.17,1.07,0.55,20.08,23.49,0.29,3.66,6.06,1.01,1.15,1.54,23.83,52.67,4.19,3.81,21.03,2.60,0.00,26.69,2.98,23.82,2.87,8.19,8.49,44.67,0.69,15.25,1.72,25.34,13.06,0.75,0.88,14.47,1.14,1.93,4.33,5.89,9.22,2.15,0.00,0.44,2.56,5.02,93.04,15.71,17.95,29.58,17.34,37.75,29.70,1.82,25.75,43.05,104.72,88.30,0.46,14.12,1.17,2.35,53.11,0.69,0.35,6.94,1.01,5.62,2.94,10.25,0,24.9,2.53,1.15,14.63,0,11.33,23.37,13.72,0.29,1.02372549,4.54,5.48,6.61,38.47,8.49,479.66,9.65,0.82,15.67,16.7,1.71,2.4,7.05,15.6,1.74,16.04,260.84,30.16,8.56,18.28,11.91,1.42,18.4,0.67
06/30/1954,0.08,0.43,47.37,1.52,3.65,1.52,2.95,1.33,3.01,6.61,0.08,1.79,0.47,10.85,25.43,4.53,8.19,4.43,0.16,1.37,7.79,0.59,0.30,8.88,9.04,0.07,0.83,1.12,0.51,0.58,0.30,11.68,16.37,2.02,1.92,8.80,0.60,0.00,6.90,0.67,5.80,1.35,1.18,3.11,11.15,0.14,4.46,0.14,4.31,2.30,0.20,0.24,4.70,0.28,0.44,0.91,1.79,4.40,0.62,0.00,1.41,8.16,1.12,30.88,5.92,6.47,18.29,8.61,23.33,13.05,0.46,6.49,10.83,45.96,30.73,0.07,2.85,0.29,1.02,34.02,0.21,0.05,1.06,0.28,2.44,1.08,7.07,0,8.67,0.99,0.58,6.94,4.66,3.99,6.31,3.7,0.15,0.275098039,1.22,0.79,9.2,7.92,3.5,324.71,2.12,0.13,4.23,3.89,1.5,2.11,2.87,2.83,0.52,5.51,91.4,8.67,3.35,7.16,4.66,0.36,8.39,0.37
07/31/1954,0.02,0.12,38.66,0.51,2.65,0.37,1.96,0.63,0.19,1.06,0.02,1.22,0.19,6.70,19.14,3.23,3.37,1.56,0.03,0.57,5.43,0.40,0.21,2.54,2.93,0.02,0.65,0.16,0.00,0.00,0.03,8.24,6.22,0.91,0.60,4.32,0.20,0.00,3.67,0.17,1.46,0.22,0.07,1.37,2.22,0.01,0.80,0.14,0.87,0.75,0.07,0.08,1.52,0.29,0.11,0.36,0.40,2.80,0.25,0.00,0.73,4.25,0.48,14.48,2.66,3.01,10.75,6.25,19.04,6.16,0.12,1.65,3.42,29.02,13.08,0.02,1.40,0.30,0.44,12.61,0.11,0.01,0.23,0.04,0.82,0.62,5.65,0,2.12,0.64,0,2.13,5.86,1.78,1.4,0.82,0,0.286372549,1.27,0.05,2.08,3.1,1.2,256.55,0,0.03,0.94,1.15,0.59,0.83,2.22,1.4,0.27,1.29,33.05,1.22,2.16,4.61,3,0.05,3.49,0.25
08/31/1954,0.01,0.04,32.36,0.12,2.41,0.32,1.76,0.51,0.00,1.54,0.01,0.43,0.16,5.30,16.65,2.83,1.25,0.20,0.03,0.46,4.38,0.14,0.07,2.65,1.86,0.01,0.46,0.04,0.00,0.00,0.00,7.34,4.44,0.39,0.36,6.11,0.10,0.00,2.09,0.10,0.44,0.32,0.00,0.80,0.49,0.00,0.12,0.11,0.21,0.38,0.01,0.01,0.63,0.12,0.06,0.15,0.08,1.86,1.06,0.00,0.60,3.48,0.22,9.58,1.74,2.24,8.18,5.69,15.94,3.12,0.07,1.01,1.90,20.16,9.32,0.01,0.66,0.12,0.28,3.09,0.05,0.01,0.21,0.09,0.19,0.54,4.63,0,0.49,0.6,0,0.99,4.85,0.41,0.45,0.26,0,0.286372549,1.27,0,0,1.5,1.2,252.42,0,0.01,0.3,0.67,0.51,0.72,2.09,0.91,0.13,0.64,18.31,0.39,2.04,4.36,2.84,0.01,2.8,0.09
09/30/1954,0.00,0.02,28.01,0.07,2.29,0.03,1.74,0.57,0.00,1.14,0.01,0.06,0.14,4.77,16.27,2.78,0.93,0.17,0.03,0.40,4.73,0.02,0.01,3.31,1.48,0.01,0.14,0.04,0.04,0.05,0.00,6.63,5.13,0.38,0.31,58.62,0.10,0.00,1.60,0.12,0.41,0.23,0.01,0.63,0.51,0.00,0.07,0.08,0.17,0.17,0.03,0.04,0.57,0.08,0.04,0.14,0.06,2.97,0.33,0.00,0.50,2.90,0.23,7.59,1.56,1.94,7.64,5.40,13.79,2.19,0.06,0.81,1.49,19.26,7.92,0.01,0.69,0.08,0.24,8.76,0.05,0.03,0.19,0.13,0.12,0.67,4.87,0,0.49,0.57,0.05,0.45,4.09,0.74,0.42,0.25,0.01,0.25254902,1.12,0.01,1.98,0.94,0,234.02,0.11,0.01,0.28,0.56,0.43,0.6,2.06,0.36,0.13,0.5,12.74,0.3,1.92,4.1,2.67,0.02,2.46,0.01
10/31/1954,0.01,0.04,25.93,0.12,2.34,0.20,1.88,0.97,0.07,0.43,0.01,2.61,0.14,5.11,16.98,2.98,1.50,0.36,0.02,0.43,0.14,0.86,0.44,4.68,2.90,0.01,0.06,0.09,1.41,1.61,0.01,6.76,6.78,0.45,0.32,0.00,0.00,0.00,0.26,0.09,0.39,0.09,0.09,1.32,0.56,0.00,0.08,0.21,0.23,0.08,0.19,0.22,1.23,0.00,0.04,0.18,0.10,0.82,1.07,0.37,0.20,1.18,0.20,7.91,1.75,2.00,7.66,5.52,12.77,1.43,0.07,0.97,1.48,15.55,8.02,0.01,0.62,0.00,0.27,2.52,0.06,0.01,0.21,0.17,0.18,0.54,3.62,0,0.66,0.47,1.61,1.52,1.21,1.31,0.23,0.13,0.4,0.216470588,0.96,0.06,7.78,0.25,0.82,241.45,0,0.01,0.15,1.3,0.43,0.6,1.8,0.16,0.16,0.54,14.37,0.33,1.59,3.4,2.21,0.11,2.64,0.54
11/30/1954,0.02,0.11,33.03,0.19,6.00,0.48,3.16,3.39,5.47,2.20,0.49,2.74,0.15,8.58,23.50,3.49,3.09,0.09,0.45,1.97,16.76,0.90,0.46,35.90,15.29,0.03,0.17,0.21,0.77,0.88,0.75,10.40,13.35,0.35,3.54,0.00,2.70,1.06,0.88,0.19,0.90,0.45,0.27,2.16,1.71,0.34,0.20,0.97,0.59,0.27,0.65,0.76,2.86,0.18,0.22,0.34,0.29,0.83,2.48,0.00,0.48,2.79,0.42,15.71,3.41,3.67,11.97,14.15,16.27,7.01,0.15,2.14,3.84,32.64,11.23,0.02,1.32,0.18,0.55,6.53,0.10,0.04,10.65,4.99,0.31,0.79,3.89,0,1.1,0.72,0.88,8.94,2.25,1.79,0.54,0.32,0.22,0.117254902,0.52,0.18,9.3,0.83,5.73,349.77,0.24,0.04,0.36,2.99,0.46,0.65,2.72,0.53,0.25,8.56,68.55,0.93,2.43,5.19,3.38,0.59,12.08,0.57
12/31/1954,0.15,0.82,33.43,0.37,10.86,0.56,6.93,5.17,13.59,3.84,1.53,9.33,0.42,14.34,30.47,3.37,4.03,0.48,1.39,4.09,52.30,3.07,1.59,60.56,29.00,0.12,0.20,0.72,2.53,2.89,3.69,16.61,21.84,0.50,6.06,7.01,9.10,8.64,1.32,0.32,2.60,0.79,1.05,2.90,5.28,1.67,0.80,3.48,0.83,0.92,1.38,1.62,4.29,0.13,1.06,0.88,0.60,2.40,3.83,0.00,2.52,14.65,1.17,27.40,6.06,9.40,16.17,25.62,16.47,22.88,0.78,11.00,17.27,45.61,20.74,0.09,4.10,0.13,2.02,25.98,0.23,0.21,27.8,11.21,0.6,2.51,13.74,0,2.45,1.08,2.89,17.64,8.47,5.21,1.32,0.77,0.72,0.403627451,1.79,0.7,15.21,2.09,10.18,500.16,0.33,0.17,0.88,6.63,1.32,1.85,4.29,2.31,0.59,15.98,72.86,3.55,3.66,7.82,5.09,7.26,25.12,1.93
01/31/1955,0.10,0.53,26.73,0.26,7.85,0.41,6.46,5.25,8.67,0.40,0.86,13.16,0.61,14.21,26.08,3.11,3.03,0.45,0.84,2.43,39.05,4.33,2.24,38.91,25.20,0.12,0.27,0.92,2.77,3.17,5.47,12.51,17.86,0.48,2.84,8.71,8.20,28.75,0.92,0.28,3.10,0.08,1.46,2.18,6.02,2.47,0.46,2.82,0.73,0.84,1.51,1.78,3.27,0.13,1.20,0.93,0.48,1.19,2.69,0.00,2.44,14.17,1.69,21.54,4.63,9.06,12.25,18.52,13.17,21.11,0.81,11.42,17.91,27.63,17.23,0.14,6.07,0.13,2.56,38.88,0.30,0.28,15.22,8.7,0.41,3.13,21.28,0,1.93,1.01,3.17,14.76,8.24,6.34,1.43,0.84,0.79,0.899705882,3.99,0.98,14.55,1.75,3.91,338.88,0.42,0.25,0.96,5.54,1.93,2.71,3.5,2.13,0.76,11.21,42.03,3.97,3.43,7.33,4.77,10.78,14.91,2.72
02/28/1955,0.19,1.06,25.53,0.30,4.43,0.46,4.85,4.08,5.59,2.41,0.48,5.62,0.51,10.32,20.05,2.73,2.54,0.28,0.72,1.76,18.37,1.85,0.96,19.67,13.55,0.10,0.28,1.07,2.03,2.32,2.92,9.17,18.20,0.42,1.77,4.74,6.30,9.16,1.13,0.26,3.84,0.49,1.96,1.75,7.05,1.32,0.44,1.24,0.77,1.22,1.00,1.18,2.68,0.13,0.62,1.06,0.43,0.87,2.39,0.84,0.28,1.61,2.59,19.79,4.22,7.81,9.46,10.45,12.57,17.94,0.65,9.11,14.39,25.27,15.35,0.21,9.55,0.13,2.23,26.25,0.46,0.61,8.76,3.21,0.49,2.42,9.49,0,2.36,0.72,2.32,7.66,0.7,5.27,2.13,1.25,0.58,0.617843137,2.74,1.31,7.87,2.42,1.55,328.78,0.49,0.38,1.43,4.94,1.6,2.25,3.09,3.31,1.17,8.81,51,5.03,2.44,5.21,3.39,5.16,10.84,1.16
03/31/1955,0.38,2.13,41.07,0.42,4.31,1.67,6.25,5.47,6.21,4.18,0.57,5.50,0.73,13.66,22.50,5.15,4.35,0.23,0.87,1.45,18.58,1.81,0.93,14.58,10.49,0.15,1.16,1.62,1.63,1.86,2.14,14.90,43.43,0.40,1.81,6.03,6.70,7.52,2.62,0.69,6.24,0.86,3.24,3.08,11.23,0.97,1.48,1.32,1.64,3.09,1.29,1.52,4.63,0.13,0.76,1.53,0.71,0.91,4.13,4.76,0.00,0.00,4.61,45.89,9.18,11.95,12.70,10.17,20.23,30.24,1.02,14.37,22.45,38.36,24.15,0.37,17.50,0.14,3.21,24.68,0.80,0.8,9.82,1.71,0.68,3.64,10.29,0,3.26,1.04,1.86,5.31,0,6.99,3.85,2.26,0.47,1.296568627,5.75,2.17,6.2,5.8,1.82,375.76,0.81,0.67,2.58,8.02,2.32,3.26,5.26,8.14,2.02,9.89,61.5,9.28,3.52,7.52,4.9,3.46,8.88,1.14
04/30/1955,0.62,3.44,35.91,0.71,6.61,2.85,11.20,6.47,8.11,7.51,1.13,6.51,0.81,21.80,22.63,6.54,5.47,0.99,1.42,3.85,34.48,2.14,1.10,33.32,17.19,0.25,6.33,3.24,1.10,1.26,3.64,21.33,52.42,0.69,5.29,5.90,3.40,0.00,4.59,1.27,12.74,1.54,7.11,4.05,21.84,1.64,3.87,4.27,5.16,5.83,1.94,2.28,6.11,0.73,0.91,3.08,1.58,1.25,5.92,0.00,0.00,0.00,9.04,61.57,7.19,17.46,17.20,15.59,17.69,38.01,1.56,22.04,36.10,57.97,39.27,0.73,32.03,0.75,4.25,45.23,1.44,1.04,18.64,2.58,1.14,4.34,13.16,0,5.85,1.44,1.26,8.7,0,9.74,8.87,5.21,0.31,2.223333333,9.86,4.76,6.13,11.07,7.55,574.7,2.33,1.32,5.95,13.43,2.58,3.62,6.17,14.34,3.61,12.57,89.61,17.31,4.89,10.44,6.8,5.32,23.64,1.35
05/31/1955,0.89,4.95,51.32,2.74,6.86,5.39,5.95,5.45,5.55,14.04,0.43,4.50,0.80,24.66,29.88,9.38,13.55,7.56,0.67,3.11,17.73,1.48,0.76,24.45,21.61,0.45,3.86,7.32,2.60,2.97,1.09,20.14,64.95,3.22,4.33,8.40,2.40,0.00,22.17,2.81,27.62,2.88,12.37,8.07,48.48,0.49,16.17,6.24,20.50,16.87,1.23,1.45,12.84,2.80,3.32,6.52,5.64,3.52,3.37,7.22,1.76,10.23,9.10,111.72,20.17,29.66,24.47,16.18,25.28,57.30,2.62,36.96,65.46,99.35,95.74,0.80,27.64,2.88,4.77,36.66,1.29,1.02,6.91,1.26,4.39,5.33,12.39,0,22.18,2.39,2.97,10.63,1.16,14.76,23.89,14.02,0.74,3.253823529,14.43,8.28,9.13,41.89,9.45,506.94,10.32,1.44,16.02,25.32,2.54,3.57,8.08,23.41,3.24,22.36,197.97,40.82,8.1,17.3,11.27,2.96,19.09,0.93
06/30/1955,0.19,1.05,36.38,2.89,2.92,1.07,2.17,1.39,0.87,17.23,0.02,1.43,0.41,9.26,20.95,3.19,7.93,9.52,0.04,0.90,3.44,0.47,0.24,4.89,6.43,0.17,0.34,3.33,0.66,0.75,0.16,7.60,15.00,3.98,0.92,5.51,0.30,0.00,16.78,0.71,14.09,3.53,3.97,3.71,27.97,0.07,9.82,0.25,12.62,6.82,0.22,0.26,5.69,0.23,1.00,2.25,4.20,2.69,0.73,0.00,0.42,2.42,2.53,37.90,8.06,10.40,15.14,6.89,17.92,15.57,1.10,15.54,24.59,51.60,49.18,0.20,6.40,0.24,0.82,18.36,0.39,0.14,0.53,0.16,4.63,1.73,5.18,0,18.54,0.86,0.75,4.01,1.92,3.77,14.18,8.32,0.19,0.234509804,1.04,2.66,0,21.49,1.73,270.19,6.17,0.37,9.51,7.96,1.29,1.81,2.88,7.76,0.98,4.35,83.06,17.96,2.9,6.19,4.03,0.28,5.53,0.3
07/31/1955,0.03,0.16,29.01,0.76,2.05,0.32,1.69,0.47,0.06,1.77,0.01,0.88,0.22,5.63,15.03,2.13,3.65,1.84,0.01,0.41,6.47,0.29,0.15,1.31,2.20,0.03,0.04,0.25,0.00,0.00,0.01,5.90,5.42,1.02,0.32,0.00,0.10,0.00,3.31,0.15,2.12,0.36,0.18,1.54,3.49,0.00,1.23,0.16,1.27,0.82,0.08,0.09,2.03,0.31,0.15,0.48,0.67,1.37,0.28,0.00,0.46,2.68,0.57,12.73,2.87,3.34,7.85,4.84,14.29,5.78,0.17,2.44,4.70,20.09,13.54,0.02,1.54,0.32,0.31,13.01,0.12,0.02,0.14,0.01,1.21,0.54,3.73,0,3.47,0.55,0,1.67,4.7,0.8,2.41,1.41,0,0.202941176,0.9,0.12,3.68,3.11,0.27,219,0,0.04,1.62,1.41,0.7,0.98,1.49,1.25,0.3,0.98,20.59,1.97,1.85,3.95,2.57,0.09,2.54,0.18
08/31/1955,0.01,0.03,25.19,0.16,1.84,0.14,1.43,0.34,0.00,2.35,0.00,0.36,0.16,4.46,13.42,1.91,1.44,0.30,0.00,0.19,2.27,0.12,0.06,0.54,1.25,0.01,0.01,0.04,0.00,0.00,0.00,5.04,3.40,0.43,0.06,3.16,0.00,0.00,1.46,0.05,0.54,0.48,0.00,0.75,0.61,0.00,0.14,0.30,0.41,0.29,0.03,0.04,0.64,0.03,0.07,0.19,0.10,0.73,0.25,0.00,0.55,3.21,0.27,7.44,1.73,2.39,5.95,4.34,12.41,1.89,0.07,1.01,1.64,16.67,8.31,0.01,0.75,0.03,0.14,3.94,0.06,0.01,0.03,0,0.25,0.38,2.92,0,0.6,0.56,0,0.77,5.61,0.02,0.52,0.31,0,0.383333333,1.7,0,0.24,1.22,0,198.23,0,0.01,0.35,0.65,0.52,0.73,1.5,0.58,0.15,0.15,8.49,0.46,1.9,4.06,2.64,0,1.16,0.08
09/30/1955,0.00,0.02,21.44,0.09,1.86,0.01,1.32,0.38,0.00,0.13,0.01,0.12,0.12,4.42,13.24,2.21,0.75,0.00,0.02,0.17,0.24,0.04,0.02,1.18,0.91,0.01,0.02,0.04,0.00,0.00,0.00,4.94,3.10,0.31,0.05,0.00,0.00,0.00,2.32,0.06,0.42,0.03,0.01,0.57,0.54,0.00,0.08,0.11,0.16,0.31,0.02,0.02,0.45,0.09,0.05,0.16,0.07,1.40,0.50,0.00,0.49,2.82,0.24,6.12,1.39,2.25,5.53,4.39,10.56,2.53,0.05,0.69,1.34,17.63,7.27,0.01,0.71,0.09,0.13,6.19,0.05,0.03,0.22,0.15,0.14,0.73,3.7,0,0.52,0.51,0,0.3,4.95,0.63,0.55,0.32,0,0.326960784,1.45,0.01,0.64,1.45,0,206.39,0.02,0.01,0.37,0.51,0.39,0.55,1.65,0.72,0.13,0.07,6.81,0.33,1.72,3.67,2.39,0.02,1.02,0.03
10/31/1955,0.01,0.05,21.11,0.15,1.91,0.12,1.62,0.74,0.00,0.63,0.01,1.61,0.12,4.71,14.42,2.58,0.97,0.34,0.02,0.22,0.00,0.53,0.27,2.51,1.54,0.01,0.05,0.14,0.00,0.00,0.00,5.32,5.03,0.44,0.11,0.00,0.20,0.00,1.52,0.14,0.62,0.13,0.13,0.91,0.88,0.00,0.09,0.04,0.19,0.46,0.09,0.11,0.77,0.00,0.05,0.23,0.12,0.84,1.13,0.00,0.04,0.21,0.33,6.85,1.46,1.93,5.82,4.51,10.40,1.11,0.05,0.74,1.13,10.63,7.29,0.01,1.13,0.00,0.19,5.58,0.12,0.03,0.09,0.21,0.24,0.77,2.4,0,0.92,0.38,0,0.54,1.13,0,0.52,0.31,0,0.223235294,0.99,0.09,3.06,1.4,0.2,205.61,0,0.02,0.35,1.05,0.38,0.53,1.62,1,0.31,0.19,8.63,0.36,1.3,2.78,1.81,0.05,1.37,0.33
11/30/1955,0.01,0.08,26.26,0.17,2.96,0.37,2.34,1.04,0.00,0.94,0.03,1.82,0.15,6.81,20.53,2.67,1.45,0.00,0.26,0.97,14.01,0.60,0.31,32.08,7.16,0.02,0.11,0.15,0.93,1.06,0.35,7.10,9.63,0.31,1.05,3.33,0.80,0.00,0.65,0.23,0.70,0.19,0.16,1.37,0.99,0.16,0.30,0.21,0.42,0.19,0.25,0.29,1.19,0.08,0.12,0.25,0.13,1.91,1.67,0.00,0.77,4.48,0.38,11.42,2.40,3.32,8.18,6.98,12.94,7.53,0.15,2.16,3.55,22.01,9.79,0.02,1.27,0.08,0.61,9.32,0.14,0.03,1.19,1.81,0.27,1.38,2.78,0,1.03,0.47,1.06,4.3,3.08,1.63,0.74,0.43,0.27,0.081176471,0.36,0.11,7.82,0.6,1.9,293.52,0.01,0.03,0.5,1.41,0.48,0.67,2.41,0.41,0.35,4.59,30.29,0.99,1.58,3.37,2.2,0.56,5.94,0.38
12/31/1955,2.80,15.64,108.47,2.95,41.66,10.41,62.04,25.63,116.45,28.90,27.69,65.15,5.55,123.72,86.88,17.62,35.01,4.14,36.22,20.11,257.83,21.43,11.06,181.62,150.67,1.33,11.52,10.12,21.84,24.96,40.27,112.21,328.57,1.90,37.27,166.82,39.90,63.69,22.03,9.45,38.19,5.92,18.04,21.42,67.87,18.16,13.22,71.72,26.69,22.83,16.93,19.90,34.34,3.04,9.53,8.67,4.46,10.22,35.99,57.17,12.65,73.42,24.29,395.91,74.16,123.76,78.58,98.28,53.43,251.56,8.56,120.94,195.07,232.69,196.27,2.34,97.92,3.12,28.28,318.78,5.23,5.74,309.79,29.24,4.74,34.74,108.26,0,22.68,9.4,24.96,98.9,9.78,52.16,22.34,13.11,6.24,12.75372549,56.56,12.08,59.04,44.29,86.3,1869.58,2.89,4.21,14.98,62.64,17.58,24.68,36.38,62.55,13.18,124.2,316.83,59.48,31.84,68.01,44.28,46.44,123.53,13.48
01/31/1956,1.76,9.82,75.91,1.15,46.87,7.17,56.81,32.09,124.72,11.73,22.54,47.03,4.88,108.84,107.91,13.98,20.91,2.26,35.81,20.10,272.74,15.47,7.99,245.79,164.94,0.94,6.15,6.01,15.96,18.24,39.54,96.66,215.42,1.18,34.59,87.18,33.40,63.23,7.67,8.27,24.60,2.40,13.22,12.67,38.90,17.84,10.02,75.33,10.05,10.02,14.93,17.55,21.50,0.63,7.77,4.43,2.21,12.96,35.02,53.49,12.82,74.40,18.90,249.71,45.58,84.09,69.30,110.57,37.39,158.11,6.27,88.52,137.80,166.14,134.78,1.77,75.20,0.64,26.66,238.22,3.58,3.02,223.38,40.81,1.85,22.67,91.97,0,10.22,7.78,18.24,107.17,4.62,59.06,17.09,10.03,4.56,10.32294118,45.78,8.85,89.36,19.69,92.5,1758.22,2.87,3.19,11.46,46.77,15.44,21.68,25.84,23.6,9.03,98.01,339.61,39.78,26.34,56.26,36.63,38.64,123.47,9.73
02/29/1956,0.52,2.88,48.78,0.46,30.82,4.07,42.19,17.58,88.78,7.45,22.11,16.05,1.76,75.54,56.00,7.46,11.05,0.71,44.69,14.62,195.49,5.28,2.73,66.76,99.82,0.31,1.52,2.73,6.48,7.41,19.76,56.16,119.54,0.58,25.37,24.42,28.70,31.30,3.13,4.10,11.23,1.53,6.33,7.21,18.01,8.92,3.97,50.43,3.94,3.71,8.83,10.38,12.26,0.00,2.41,2.15,1.07,3.98,22.34,0.00,2.45,14.21,8.10,103.61,19.27,33.16,40.55,72.70,24.02,63.86,2.12,29.91,45.91,122.09,58.96,0.77,31.18,0.00,7.41,123.00,1.43,0.9,227.44,18.18,0.74,6.05,37.75,0,4.2,4.77,7.41,56.49,0.72,20.9,8.3,4.87,1.85,5.023921569,22.28,4.24,42.35,7.36,58.2,1208.65,2.04,1.38,5.56,20.67,5.57,7.82,13.1,6.78,3.61,52.83,145.58,15.13,16.15,34.5,22.46,11.44,89.83,3.32
03/31/1956,0.64,3.60,54.07,0.65,10.51,8.38,14.88,7.89,34.02,0.56,4.79,8.57,1.72,36.61,40.73,9.39,13.34,1.19,10.56,6.25,29.55,2.82,1.46,37.06,59.72,0.30,6.52,3.23,3.40,3.89,4.84,32.74,168.46,0.77,10.89,1.07,9.70,6.72,5.23,7.37,12.80,0.11,6.92,7.84,20.26,2.18,4.98,14.55,3.91,4.60,2.70,3.17,13.41,0.05,2.25,2.61,1.57,4.53,4.80,5.36,2.56,14.88,6.76,157.16,23.87,30.44,22.49,24.79,26.63,60.27,2.00,28.25,43.51,82.69,57.44,0.70,24.61,0.05,7.42,74.91,1.23,1.24,46.57,4.9,1.05,4.62,25.75,0,6.84,2.57,3.89,32.68,0.19,15.11,11.82,6.94,0.97,2.906568627,12.89,4.63,44.36,11.03,25.5,888.51,1.61,1.27,7.92,17.52,5.46,7.67,11.95,7.07,3.08,40.4,167.76,20.14,8.71,18.6,12.11,5.82,38.39,1.77
04/30/1956,0.98,5.44,104.79,1.56,9.09,20.21,7.19,7.17,22.47,19.85,1.53,3.22,1.77,31.09,39.90,19.39,19.41,3.67,3.89,3.89,24.83,1.06,0.55,28.95,49.15,0.33,18.10,6.18,1.99,2.27,1.71,34.77,224.11,1.72,12.80,7.74,6.40,8.14,13.12,8.88,23.99,4.07,12.64,10.83,38.05,0.77,10.35,1.89,11.16,11.05,1.31,1.54,19.31,0.06,2.47,4.95,3.18,7.55,3.23,0.00,0.00,0.00,11.03,179.86,16.24,28.60,27.40,21.44,51.61,61.67,2.26,31.94,49.19,94.37,80.75,1.08,34.97,0.06,4.98,55.68,1.91,1.55,15.21,1.92,2.5,5.69,12.11,0,14.37,2.64,2.27,25.91,0,9.63,21.98,12.9,0.57,2.401470588,10.65,8.46,14.52,26.52,17.3,735.04,4.67,1.94,14.74,23.35,5.6,7.86,13.95,16.34,4.81,51.58,289.08,34.03,8.95,19.12,12.45,3.17,23.9,0.67
05/31/1956,1.57,8.74,134.34,4.37,14.41,21.38,7.31,5.68,19.47,28.65,0.64,4.71,2.22,36.06,59.64,22.32,35.10,10.71,1.96,3.08,17.39,1.55,0.80,63.09,36.09,0.60,11.42,11.40,2.10,2.40,2.45,44.73,200.41,4.43,9.47,21.88,4.20,0.00,37.20,8.74,44.84,5.87,16.83,14.75,76.87,1.11,22.63,4.33,37.00,21.46,1.01,1.19,26.21,2.35,4.66,7.32,7.80,12.87,2.86,17.21,4.00,23.22,11.37,219.23,32.52,40.60,41.53,33.99,66.17,72.20,3.76,53.04,88.70,138.52,154.83,1.17,34.90,2.41,5.59,47.05,1.61,0.98,8.68,4.46,7.01,6.69,20.92,0,35.71,3.96,2.4,24.42,0,29.41,45.51,26.71,0.6,4.149019608,18.4,11.27,24.27,59.3,17.3,729.93,14.76,2.11,30.51,32.98,7.03,9.87,13.23,27.35,4.05,44.44,379.54,62.82,13.42,28.66,18.66,5.23,18.93,0.98
06/30/1956,0.26,1.44,86.50,5.02,6.21,6.50,2.99,2.18,4.58,20.43,0.17,1.40,0.83,14.91,40.69,8.71,16.16,14.62,0.33,1.13,5.06,0.46,0.24,16.86,10.58,0.28,2.09,6.63,0.81,0.93,0.40,20.23,63.18,5.94,2.45,5.21,1.40,0.00,36.36,2.06,28.91,4.19,7.87,5.85,56.32,0.18,17.49,0.08,25.47,13.20,0.21,0.25,8.84,1.07,1.29,3.26,6.77,9.86,0.68,0.00,0.00,0.00,5.38,84.21,16.09,16.86,30.52,14.65,42.60,23.15,1.72,24.25,40.55,100.33,101.87,0.48,13.43,1.10,1.23,21.94,0.91,0.31,1.81,0.51,8.05,4.14,7.42,0,34.62,1.87,0.93,8.58,0,12.24,33.43,19.62,0.23,0.288627451,1.28,5.27,0,42.85,5.3,383.52,13.96,0.86,22.41,13.45,2.62,3.68,6.4,16.76,2.29,13.78,195.19,34.78,6.34,13.54,8.82,0.55,6.96,0.29
07/31/1956,0.04,0.24,53.67,1.97,2.98,2.05,2.15,0.94,0.00,4.19,0.07,0.43,0.26,7.16,24.34,4.37,4.39,6.37,0.10,0.54,6.97,0.14,0.07,5.09,3.33,0.06,0.18,0.83,0.62,0.71,0.05,10.56,16.30,2.76,0.85,0.00,0.10,0.00,6.87,0.38,7.25,0.86,0.69,1.93,11.85,0.02,4.86,0.09,4.00,1.45,0.03,0.04,1.89,0.26,0.39,1.24,1.76,4.47,1.39,0.00,0.82,4.73,2.00,27.31,6.00,6.72,15.70,7.03,26.43,7.07,0.38,5.38,9.08,69.85,32.18,0.10,5.60,0.27,0.55,0.00,0.49,0.08,0.53,0.11,3.15,2.36,6.29,0,10.6,0.79,0.71,1.87,4.54,7.27,8.1,4.75,0.18,0.013529412,0.06,0.46,5.72,5.77,2,278.58,2.31,0.17,5.43,2.77,0.83,1.17,4.51,2.78,1.2,2.91,50.56,6.59,2.67,5.7,3.71,0.15,3.33,0.09
08/31/1956,0.01,0.07,34.30,0.43,2.43,0.85,1.76,0.65,0.00,2.39,0.05,0.00,0.24,5.56,17.97,3.67,1.30,1.22,0.11,0.27,2.37,0.00,0.00,2.84,1.32,0.02,0.06,0.14,0.00,0.00,0.01,7.72,7.60,0.78,0.34,2.32,0.00,0.00,4.70,0.24,1.84,0.49,0.00,0.91,2.04,0.01,0.80,0.11,0.70,0.87,0.03,0.04,0.73,0.14,0.14,0.51,0.27,2.26,0.78,0.00,0.63,3.67,0.97,14.90,3.28,2.94,9.68,5.73,16.90,4.09,0.11,1.61,2.90,26.19,14.53,0.03,2.98,0.14,0.30,18.72,0.24,0.03,0.67,0.03,0.69,1.66,5.44,0,1.8,0.6,0,0.45,4.38,1.76,1.82,1.07,0,0.250294118,1.11,0,0,3.58,0.5,247.53,0,0.05,1.22,1.05,0.76,1.07,2.93,2.24,0.64,0.7,16.07,1.11,2.04,4.36,2.84,0.15,1.64,0
09/30/1956,0.01,0.04,30.55,0.13,2.39,0.13,1.67,0.63,0.00,2.07,0.05,0.27,0.20,5.00,16.48,3.65,1.16,0.40,0.12,0.21,3.61,0.09,0.05,3.07,1.19,0.01,0.06,0.08,0.00,0.00,0.02,7.24,8.19,0.47,0.26,0.00,0.10,0.00,3.91,0.21,0.87,0.42,0.04,0.72,1.09,0.01,0.27,0.06,0.36,0.44,0.03,0.04,0.70,0.15,0.09,0.25,0.09,2.59,0.34,0.00,0.66,3.83,0.52,10.44,2.24,2.55,8.13,5.64,15.05,3.28,0.08,1.06,2.07,20.42,11.78,0.01,1.66,0.15,0.27,16.59,0.13,0.09,0.6,0.09,0.2,1.41,6.91,0,0.93,0.56,0,0.33,3.67,0.84,1.03,0.6,0,0.279607843,1.24,0.03,0,2.26,1.3,232.09,0,0.02,0.69,0.85,0.64,0.9,2.58,0.92,0.33,0.44,8.6,0.62,1.89,4.04,2.63,0.33,1.28,0.06
10/31/1956,0.01,0.07,35.64,0.35,2.69,0.63,2.21,1.02,1.94,0.97,0.06,3.10,0.28,6.59,18.62,4.56,2.43,0.44,0.08,0.47,0.26,1.02,0.53,9.10,3.81,0.02,0.21,0.35,0.76,0.87,0.24,8.58,14.10,0.48,0.61,0.00,0.30,0.00,2.38,0.27,1.55,0.20,0.40,1.94,3.55,0.11,0.58,0.40,0.51,0.82,0.27,0.32,1.96,0.00,0.13,0.57,0.41,1.23,1.47,0.00,0.06,0.35,0.77,15.96,3.36,4.29,8.36,6.35,17.56,9.23,0.16,2.32,3.57,12.01,14.76,0.04,2.42,0.01,0.77,25.95,0.23,0.08,0.57,0.17,0.57,1.3,4.44,0,1.11,0.68,0.87,2.07,0.32,1.7,1.02,0.6,0.22,0.288627451,1.28,0.27,9.32,2.41,4.2,288.42,0.35,0.06,0.68,2.64,0.9,1.26,2.82,1.85,0.57,2.18,15.07,1.75,2.3,4.91,3.2,0.61,2.91,0.64
11/30/1956,0.02,0.11,29.08,0.41,2.55,0.66,1.92,2.02,1.83,4.59,0.11,2.28,0.18,6.26,18.87,3.68,2.86,0.41,0.30,0.48,3.65,0.75,0.39,8.02,4.34,0.03,0.29,0.71,0.72,0.82,0.28,7.84,16.72,0.47,0.60,2.56,1.30,0.00,0.96,0.31,2.73,0.94,1.02,1.84,6.52,0.13,1.07,0.20,0.65,0.87,0.50,0.59,2.49,0.00,0.01,0.88,0.64,0.47,1.47,0.00,0.00,0.00,1.14,16.82,3.44,3.55,7.61,6.02,14.32,5.52,0.20,2.78,4.28,16.83,13.79,0.12,4.97,0.00,0.54,17.88,0.26,0.24,3.11,0.51,0.65,0.85,3.31,0,1.84,0.44,0.82,2.61,0,2.01,1.5,0.88,0.21,0.124019608,0.55,0.68,7.06,1.81,1.3,259.7,0.56,0.21,1.01,3.65,0.58,0.81,2.39,2.26,0.65,2.15,23.93,3.07,1.49,3.18,2.07,0.47,2.97,0.47
12/31/1956,0.03,0.16,27.60,0.29,2.70,0.52,1.96,2.14,2.01,1.14,0.09,2.58,0.20,6.21,18.46,3.43,2.39,0.38,0.14,0.42,5.00,0.85,0.44,7.77,3.22,0.04,0.35,1.05,0.23,0.26,0.57,7.54,15.57,0.46,0.54,0.00,1.50,0.00,1.20,0.28,3.56,0.23,1.67,1.66,6.47,0.26,0.86,0.21,0.74,1.09,0.60,0.71,2.45,0.03,0.10,0.96,0.55,0.50,2.44,0.00,0.00,0.00,1.98,15.99,3.21,3.96,7.29,6.37,13.60,5.93,0.25,3.50,5.47,17.64,13.58,0.16,6.09,0.03,0.61,14.84,0.39,0.33,3.08,0.55,0.46,1.15,3.83,0,2.26,0.35,0.26,1.93,0,2.63,1.81,1.06,0.07,0.038333333,0.17,1.12,9.09,2.28,1,262.4,0.26,0.28,1.21,4.41,0.62,0.87,2.46,2.84,0.97,1.7,26.31,3.54,1.18,2.52,1.64,0.68,2.59,0.53
01/31/1957,0.06,0.32,30.75,0.23,4.62,0.53,4.19,2.78,9.23,1.57,0.85,4.20,0.25,8.32,20.46,3.22,2.96,0.36,0.95,1.64,30.43,1.38,0.71,18.30,8.47,0.05,0.19,0.90,1.62,1.85,1.79,10.08,20.12,0.45,2.52,0.94,4.20,1.93,0.71,0.30,3.06,0.32,1.45,1.98,6.72,0.81,0.80,1.22,0.62,0.67,0.83,0.98,3.06,0.03,0.27,0.83,0.34,0.43,3.11,0.00,0.00,0.00,1.73,17.59,3.74,5.69,9.09,10.90,15.15,11.28,0.33,4.68,7.29,20.04,14.81,0.16,7.32,0.03,1.31,23.44,0.33,0.34,14.67,1.64,0.37,1.37,6.22,0,0.88,0.48,1.85,5.07,0,2.18,1.62,0.95,0.46,0.099215686,0.44,0.97,13,1.39,7.3,312.21,0.11,0.29,1.09,4.81,0.8,1.12,3.07,1.8,0.84,3.65,23.92,3.46,1.63,3.48,2.27,2.17,10.05,0.87
02/28/1957,0.47,2.62,56.55,0.63,11.49,3.73,15.94,11.09,39.10,6.22,5.29,13.53,1.32,30.80,33.17,8.02,10.29,0.90,6.27,8.81,99.95,4.45,2.30,45.66,38.87,0.32,5.16,2.43,4.93,5.63,9.49,33.24,113.95,0.66,14.86,14.98,13.60,10.62,4.76,2.50,9.25,1.27,4.77,6.84,15.18,4.28,3.67,18.21,4.09,5.55,3.78,4.44,10.90,0.52,1.87,2.19,0.93,6.28,6.24,25.78,0.99,5.76,6.64,125.91,22.60,27.16,28.14,27.10,27.85,81.34,2.06,29.14,46.35,103.18,61.70,0.60,26.16,0.54,7.79,45.10,1.30,1.65,70.69,4.86,1.01,7.12,21.65,0,6.32,3.14,5.63,24.19,0.71,10.1,5.48,3.22,1.41,4.446666667,19.72,3.19,34.37,10.44,33,854.59,0.67,1.07,3.67,20.18,4.19,5.88,12.25,15,3.29,38.46,172.55,14.9,10.63,22.71,14.78,6.78,54.11,2.8
03/31/1957,1.03,5.73,59.43,0.77,13.93,5.74,14.87,13.21,30.08,8.28,2.31,16.66,2.42,37.38,49.57,10.64,10.80,0.90,4.07,8.58,71.22,5.48,2.83,88.87,47.34,0.44,7.34,3.55,4.96,5.67,6.41,38.05,116.56,0.66,8.92,7.55,12.10,28.90,5.52,4.11,14.23,1.70,7.66,7.41,24.88,2.89,4.61,22.05,7.90,6.92,4.09,4.81,11.75,1.07,2.86,2.97,1.50,4.37,11.15,33.74,1.58,9.19,10.76,146.00,23.63,41.39,29.85,32.86,29.27,79.67,2.81,39.63,64.16,111.08,82.82,0.93,40.91,1.10,11.93,70.26,1.89,1.56,29.35,9.17,1.23,10.37,28.57,0,4.94,3.38,5.67,28.1,0,20.57,10.03,5.89,1.42,5.292254902,23.47,5.13,52.46,13.08,22.4,1001.92,1.37,1.67,6.72,28.42,7.67,10.77,12.95,17.63,4.76,37.16,194.48,24.96,11.44,24.44,15.91,13.99,52.72,3.45
04/30/1957,0.70,3.89,46.63,1.11,7.13,5.54,6.99,7.13,14.51,7.41,1.05,7.02,0.85,21.32,32.57,8.32,8.57,2.16,1.32,4.01,29.11,2.31,1.19,29.66,24.55,0.29,4.62,4.84,2.19,2.50,2.51,19.42,70.74,1.14,5.33,4.68,4.30,0.00,8.96,3.30,19.04,1.52,10.32,5.46,31.21,1.13,7.91,4.17,13.63,9.48,2.21,2.60,8.80,1.93,1.30,4.38,2.58,3.18,6.07,0.00,0.00,0.00,10.73,86.87,12.96,21.62,18.24,16.82,22.97,35.41,1.68,23.72,42.40,64.12,61.47,0.97,38.19,1.98,3.93,47.77,1.74,1.56,12.16,2.17,1.79,5.42,13.54,0,10.29,1.83,2.5,12.75,0,8.67,14.78,8.67,0.63,2.597647059,11.52,6.91,15.8,20.68,12.1,615.78,5.92,1.75,9.91,19.86,2.68,3.76,7.45,16.82,4.37,20.37,157.18,26.49,6.21,13.26,8.64,3.65,24.61,1.45
05/31/1957,0.84,4.71,70.69,2.89,10.81,8.78,12.36,7.76,15.93,17.92,1.50,13.77,1.17,35.87,46.15,9.97,17.86,8.23,2.38,6.65,36.08,4.53,2.34,38.41,33.86,0.54,4.00,7.50,4.71,5.38,4.05,26.07,86.22,3.48,4.29,20.27,3.80,13.88,27.32,4.79,28.70,3.67,11.89,9.25,48.12,1.83,16.54,13.05,28.14,17.24,2.01,2.36,15.65,2.10,4.36,5.77,5.56,6.83,5.11,20.42,3.05,17.71,8.13,132.20,22.97,42.74,32.04,25.50,34.82,63.14,3.36,47.43,79.32,92.84,120.27,0.78,23.50,2.15,7.78,56.17,1.20,0.63,17.42,1.94,4.64,6.09,32.2,0,25.2,3.62,5.38,16.98,3.07,14.26,26.02,15.27,1.35,3.210980392,14.24,7.96,27.95,46.21,15.6,705.27,11.66,1.4,17.44,29.03,3.71,5.21,8.94,21.65,3.01,26.3,275.15,44.24,12.27,26.21,17.07,7.96,40.88,2.85
06/30/1957,0.18,1.01,46.90,3.64,3.83,2.94,3.04,1.94,3.98,16.68,0.00,2.28,0.57,12.17,29.07,4.42,9.85,12.22,0.45,1.95,10.15,0.75,0.39,9.98,10.28,0.19,0.52,4.35,1.06,1.21,0.32,10.17,28.23,5.02,1.48,7.85,1.30,0.00,18.55,1.19,19.04,3.42,5.20,4.10,36.26,0.15,12.08,1.02,13.41,6.53,0.30,0.35,6.33,0.13,1.18,2.69,5.10,4.52,0.95,0.00,0.00,0.00,3.58,50.40,10.40,14.40,19.14,9.03,23.10,17.11,1.29,18.19,28.33,43.70,65.69,0.30,8.98,0.14,1.70,34.67,0.59,0.2,2.65,0.24,5.84,2.46,8.71,0,24.93,1.08,1.21,6.37,0,8.84,19.81,11.63,0.3,0.419411765,1.86,3.48,8.98,21.58,3.7,333.23,9.26,0.53,13.28,9.75,1.82,2.56,3.53,7.74,1.48,6.65,112.23,22.97,3.65,7.8,5.08,0.77,11.97,0.47
07/31/1957,0.03,0.15,32.23,0.97,2.39,0.50,1.90,0.64,1.50,1.79,0.30,1.31,0.26,6.43,18.05,2.99,3.67,2.89,0.04,0.70,0.00,0.43,0.22,2.94,2.86,0.04,0.10,0.33,0.15,0.17,0.00,6.72,6.63,1.42,0.43,0.00,0.00,0.00,3.45,0.24,2.96,0.37,0.21,1.48,4.43,0.00,1.84,0.27,1.15,0.79,0.10,0.12,1.85,0.36,0.17,0.64,0.79,2.03,0.33,1.88,0.26,1.53,0.89,17.14,3.78,3.40,9.82,5.64,15.87,7.64,0.21,3.02,5.77,25.13,19.32,0.04,2.54,0.37,0.50,14.07,0.21,0.03,0.22,0,1.56,0.94,5.72,0,4.58,0.66,0.17,2.22,0.9,2.88,3.18,1.87,0.04,0.340490196,1.51,0.14,7.98,3.04,2.2,255.92,0,0.06,2.13,1.81,0.81,1.14,1.93,1.35,0.52,1.27,26.38,2.56,2.23,4.76,3.1,0.11,4.28,0.27
08/31/1957,0.01,0.05,29.75,0.16,2.13,0.33,1.60,0.40,0.56,2.31,0.21,0.40,0.22,5.11,14.97,2.84,1.49,0.42,0.01,0.35,0.00,0.13,0.07,1.85,1.66,0.02,0.06,0.05,0.00,0.00,0.00,5.86,4.07,0.47,0.18,0.00,0.20,0.00,2.83,0.11,0.64,0.47,0.00,0.82,1.10,0.00,0.23,0.11,0.34,0.54,0.04,0.05,0.69,0.13,0.08,0.21,0.11,1.00,0.41,0.70,0.31,1.80,0.34,10.22,2.29,2.88,7.03,5.02,14.65,5.39,0.09,1.28,2.39,16.79,11.33,0.01,1.03,0.14,0.27,3.62,0.08,0.01,0,0.01,0.26,0.81,4.05,0,0.33,0.64,0,1.12,0.9,1,0.63,0.37,0,0.347254902,1.54,0,0,2.28,0.9,223.21,0,0.02,0.42,0.85,0.69,0.97,1.92,1.2,0.21,0.4,11.23,0.57,2.17,4.64,3.02,0.17,2.17,0.08
09/30/1957,0.01,0.03,26.67,0.06,4.27,0.15,1.99,0.66,0.00,1.31,0.14,0.09,0.17,5.24,17.23,2.99,0.94,0.13,0.07,0.75,11.92,0.03,0.02,4.95,1.39,0.01,0.08,0.04,0.00,0.00,0.00,7.95,5.22,0.36,0.29,0.00,0.20,0.00,2.68,0.13,0.41,0.27,0.01,0.67,0.89,0.00,0.13,0.22,0.19,0.34,0.02,0.02,0.57,0.24,0.02,0.14,0.05,2.32,0.59,1.58,0.09,0.53,0.24,8.49,1.83,2.54,9.58,10.07,13.13,4.09,0.06,0.80,1.97,15.72,9.34,0.01,0.74,0.25,0.22,11.86,0.05,0.04,0.57,0.79,0.1,0.49,4.4,0,0.12,0.59,0,0.54,0.18,0.79,0.33,0.19,0,0.33372549,1.48,0.01,0.41,1.62,1.2,256.09,0.42,0.01,0.22,0.67,0.54,0.76,2.09,0.76,0.14,0.88,11.6,0.42,2,4.27,2.78,0.32,4.61,0.02
10/31/1957,0.01,0.05,28.94,0.20,6.52,0.57,3.81,1.78,8.65,1.14,0.57,3.25,0.19,7.79,27.53,4.17,2.01,0.33,2.72,2.85,27.25,1.07,0.55,20.52,22.95,0.02,0.23,0.17,0.51,0.58,0.31,10.88,13.95,0.44,6.25,0.00,3.40,0.00,1.95,0.30,0.80,0.23,0.18,1.91,1.51,0.14,0.38,2.43,0.69,0.59,0.15,0.18,1.60,0.10,0.08,0.30,0.16,5.42,1.87,0.24,0.31,1.77,0.43,15.71,3.25,3.88,13.96,15.38,14.26,8.55,0.13,1.86,3.14,26.04,13.54,0.02,1.42,0.10,0.59,24.05,0.15,0.04,13.96,3.7,0.31,1.25,4.85,0,0.82,0.81,0.58,13.9,2.35,1.37,0.61,0.36,0.15,0,0,0.12,8.17,1.8,13.6,394.29,0.21,0.03,0.41,1.94,0.59,0.83,3.37,1.26,0.39,17.52,111.83,1.2,2.74,5.85,3.81,0.47,17.5,0.67
11/30/1957,0.04,0.22,26.53,0.26,3.71,0.64,3.98,3.22,6.16,2.27,0.24,2.49,0.20,10.53,23.45,4.22,3.88,0.36,0.31,2.77,6.41,0.82,0.42,33.80,19.85,0.04,0.30,0.29,0.65,0.74,0.57,10.82,16.18,0.45,1.95,0.00,3.50,0.00,2.27,0.49,1.35,0.46,0.36,2.22,1.77,0.26,1.07,1.51,1.05,1.10,0.91,1.07,3.04,0.00,0.22,0.42,0.34,2.54,2.70,2.27,0.57,3.28,0.68,22.62,4.65,5.56,12.88,8.75,13.07,10.45,0.26,3.73,5.74,35.28,17.37,0.03,2.06,0.00,1.20,22.98,0.19,0.08,4.66,0.7,0.42,1.37,3.87,0,2.15,1.01,0.74,12.94,1.67,2.07,0.9,0.53,0.19,0.038333333,0.17,0.24,10.21,2.8,4.2,377.09,0.17,0.06,0.6,4.23,0.64,0.9,2.97,2.77,0.49,16.04,95.23,3.02,3.41,7.28,4.74,0.82,17.04,0.52
12/31/1957,0.10,0.57,38.86,0.34,9.01,1.49,12.51,6.29,25.70,5.08,2.44,6.44,0.06,25.77,32.72,4.83,6.73,0.53,2.61,5.47,58.17,2.12,1.09,59.88,41.83,0.10,0.43,0.62,2.75,3.14,5.85,22.62,41.43,0.52,8.25,6.45,10.10,2.35,2.49,1.08,2.44,1.04,0.90,4.19,4.30,2.64,1.72,16.49,1.74,2.24,2.85,3.35,6.27,0.03,0.82,0.71,0.57,3.06,9.05,0.00,2.25,13.03,1.05,49.09,10.29,12.94,20.45,21.25,19.14,31.39,0.70,9.89,15.28,67.42,28.61,0.11,4.65,0.03,3.58,37.23,0.25,0.17,32.45,6.48,0.54,2.82,10.02,0,2.85,2.05,3.14,27.06,9.46,4.06,1.51,0.89,0.79,1.837745098,8.15,0.6,15.33,4.64,17.1,634.46,0,0.21,1.01,8.43,0.19,0.27,6.3,5.94,0.62,29.3,116.78,6.06,6.95,14.84,9.67,2.67,33.63,1.33
01/31/1958,0.14,0.81,35.04,0.33,21.94,1.40,21.96,9.16,62.69,2.51,6.89,13.56,0.65,36.74,47.34,4.75,7.42,0.36,8.44,10.17,129.33,4.46,2.30,118.81,91.93,0.17,0.30,0.71,4.71,5.38,10.45,32.23,47.14,0.45,18.80,13.46,22.20,11.11,1.64,1.15,2.66,0.51,1.06,4.65,6.08,4.72,0.80,35.35,1.52,1.51,4.98,5.86,7.49,0.23,1.73,0.74,0.44,8.18,12.47,0.00,4.98,28.92,1.26,54.58,11.67,17.97,28.63,51.76,17.26,42.29,1.12,15.84,25.01,66.56,32.53,0.12,4.73,0.23,6.71,74.61,0.28,0.32,83.81,20.45,0.54,4.22,21.26,0,1.38,2.72,5.38,60.77,13.43,6.9,1.53,0.9,1.35,2.266176471,10.05,0.71,27.47,3.13,43.1,888.37,0.21,0.21,1.03,10.67,2.07,2.91,7.72,4.1,0.72,51.35,169.03,4.46,9.22,19.69,12.82,9.64,62.5,2.81
02/28/1958,0.90,5.02,76.92,0.70,52.95,7.31,60.92,32.43,214.90,10.37,32.72,36.97,2.65,113.06,88.36,15.30,22.38,0.67,45.34,44.73,344.41,12.16,6.28,232.32,307.79,0.70,6.34,2.92,12.03,13.75,29.45,94.86,246.27,0.57,90.86,46.68,63.50,20.53,6.82,6.66,10.01,2.12,4.77,13.77,18.38,13.28,2.78,108.85,7.31,7.85,16.59,19.51,23.23,1.02,6.21,2.46,1.16,22.68,30.55,25.17,15.24,88.41,5.83,267.86,51.36,69.57,71.31,124.91,37.88,180.52,4.60,64.97,102.88,258.65,125.01,0.54,22.40,1.05,23.25,154.13,1.18,1.13,335.28,39.99,1.12,16.15,63.68,0,5.36,8.86,13.75,199.17,38.06,24.9,5.52,3.24,3.44,11.13019608,49.36,3.19,87.34,14.78,150.8,2480.47,0.63,0.98,3.7,41.58,8.4,11.79,26.99,21.79,2.98,163.67,625.67,17.53,30.01,64.1,41.74,27,274.77,7.65
03/31/1958,0.65,3.61,59.56,0.56,31.25,5.38,38.79,18.71,96.49,7.90,14.50,30.67,2.75,75.60,63.98,8.46,12.78,0.69,31.84,17.59,174.82,10.09,5.21,118.98,120.74,0.57,3.41,2.32,9.55,10.91,20.46,62.29,149.57,0.58,34.00,51.08,17.60,41.23,2.77,5.04,9.08,1.62,4.68,8.16,18.08,9.23,2.21,36.06,4.69,3.27,9.80,11.52,13.68,1.12,5.34,1.92,0.82,6.47,25.17,12.96,12.81,74.34,6.65,150.41,27.69,41.07,40.48,73.72,29.34,95.36,3.67,51.86,83.09,130.67,72.74,0.63,26.81,1.15,13.45,126.95,1.39,2.07,146.93,23.77,0.9,15.17,58.34,0,2.31,4.85,10.91,67.79,28.18,32.29,5.54,3.25,2.73,5.644019608,25.03,3.13,58.05,6.02,75.2,1319.26,0.64,1.14,3.71,25.08,8.72,12.24,15.48,8.83,3.51,44.71,224.17,13.62,16.43,35.09,22.85,43.59,108.03,6.35
04/30/1958,1.32,7.38,78.19,1.33,27.54,15.21,34.16,15.73,79.98,7.17,17.19,34.14,3.64,74.36,59.78,17.33,20.20,2.18,33.38,18.34,160.01,11.23,5.80,95.97,125.38,0.80,15.67,6.47,12.03,13.75,23.24,68.85,253.69,1.15,29.59,66.21,16.70,71.85,7.69,10.66,26.20,1.47,14.01,12.31,45.28,10.48,6.37,36.16,8.45,9.74,6.60,7.76,20.92,1.09,6.42,5.04,2.44,8.38,15.01,5.02,7.80,45.24,19.90,247.51,33.14,60.49,44.21,64.97,38.51,121.74,5.26,74.31,117.44,140.84,105.08,1.84,79.05,1.12,16.70,119.91,3.76,3.13,173.08,19.98,2.14,16.84,85.06,0,8.62,4.81,13.75,69.19,30.38,53.32,16.95,9.95,3.44,6.656470588,29.52,9.38,61.41,18.57,64.2,1395.78,4.99,3.32,11.36,36.14,11.54,16.2,19.33,24.75,9.48,67.24,299.62,29.62,16.3,34.82,22.67,46,112.68,7.06
05/31/1958,2.74,15.26,140.97,4.82,17.16,20.21,6.37,8.63,28.85,30.68,1.58,4.50,4.33,47.64,60.39,34.88,35.04,13.32,4.29,4.38,28.63,1.48,0.76,39.12,33.51,0.88,15.14,16.48,2.03,2.32,1.85,48.50,220.51,5.44,10.19,6.66,6.00,14.09,43.99,12.11,64.59,6.28,30.38,16.95,108.58,0.84,28.16,5.93,45.42,33.71,1.75,2.06,30.32,0.64,5.57,12.55,9.75,18.44,4.66,0.00,0.00,0.00,26.64,269.85,37.59,63.68,49.63,40.48,69.43,95.01,5.89,83.20,129.66,177.69,217.24,2.61,89.49,0.66,7.73,60.06,4.39,3.36,16.77,2.78,7.73,12.46,19.22,0,41.01,4.98,2.32,23.84,3.74,0,59.04,34.65,0.58,5.445588235,24.15,20.34,37.72,82.45,24.4,800.89,16.12,4.69,39.58,55.5,13.7,19.23,17.9,50.97,11.03,46.66,538.76,89,16.86,36.01,23.45,2.19,26.92,0.93
06/30/1958,0.60,3.35,99.96,4.76,10.78,6.76,3.84,2.68,9.98,32.43,0.43,1.98,1.33,23.02,46.70,12.06,22.20,13.61,1.11,2.02,14.07,0.65,0.34,25.00,12.51,0.41,1.51,7.20,0.84,0.96,0.73,23.83,68.81,5.55,3.16,32.07,2.20,0.00,39.81,3.36,30.15,6.64,9.19,8.49,60.95,0.33,20.17,0.43,27.70,16.75,0.43,0.51,13.75,1.60,2.46,4.01,6.83,13.62,1.29,12.85,3.53,20.48,6.11,114.01,22.53,28.05,36.65,25.43,49.24,27.71,2.55,36.07,60.34,109.74,124.24,0.57,16.05,1.64,1.84,55.08,0.95,0.41,5.68,2.65,7.63,4.96,10.51,0,29.28,3.12,0.96,9.87,6.31,11.93,32.74,19.22,0.24,1.231176471,5.46,6.15,0,51.6,10.2,523.22,13.5,1.02,21.95,19.51,4.22,5.92,7.99,21.2,2.39,14.37,283.07,47.81,10.58,22.6,14.71,0.99,12.44,0.41
07/31/1958,0.07,0.38,58.16,1.81,4.45,2.08,2.56,1.05,0.00,5.76,0.22,0.18,0.63,9.83,28.18,5.35,5.19,6.01,0.44,0.87,13.27,0.06,0.03,8.36,3.93,0.08,0.29,1.01,0.11,0.13,0.16,11.68,17.32,2.62,1.37,0.00,0.30,0.00,8.74,0.46,6.92,1.18,0.99,2.13,11.45,0.07,5.90,0.13,4.51,2.25,0.09,0.11,2.16,0.31,0.45,1.10,1.79,7.25,0.94,0.00,1.31,7.63,1.66,32.59,7.08,6.89,17.52,10.50,28.64,10.36,0.51,7.17,11.96,43.12,35.12,0.09,4.33,0.32,0.62,31.39,0.37,0.07,1.99,0.47,2.9,2.14,5.93,0,10.89,0.92,0.13,2.08,4.74,6.56,7.7,4.52,0.03,0.261568627,1.16,0.66,2.06,8.33,3.2,344.62,2.59,0.17,5.16,3.13,2.01,2.82,4.32,3.62,0.94,3.68,86.03,9.19,3.1,6.62,4.31,0.42,5.34,0.04
08/31/1958,0.02,0.11,43.75,0.57,3.22,1.10,2.13,0.68,0.00,1.74,0.02,0.00,0.32,7.08,20.27,3.92,1.46,1.86,0.19,0.44,0.00,0.00,0.00,4.35,1.56,0.02,0.15,0.19,0.00,0.00,0.01,8.82,8.68,1.03,0.54,0.00,0.20,0.00,5.20,0.23,2.17,0.36,0.00,1.04,2.72,0.00,1.35,0.10,0.64,0.96,0.03,0.04,0.81,0.19,0.15,0.55,0.39,3.80,1.28,0.00,0.56,3.23,0.98,17.12,3.73,3.29,10.01,7.60,21.55,5.80,0.13,1.84,3.41,24.89,16.27,0.03,3.26,0.19,0.29,14.31,0.25,0.03,0.24,0.08,0.91,1.54,5.41,0,2.27,0.67,0,0.49,6.28,2.38,2.05,1.2,0,0.173627451,0.77,0,0,3.92,2,281.24,0,0.05,1.37,1.17,1,1.4,3.27,2.31,0.62,1.25,28.67,1.81,2.26,4.83,3.14,0.31,2.7,0
09/30/1958,0.01,0.06,31.29,0.14,2.97,0.27,1.92,0.61,0.00,2.89,0.00,0.52,0.24,5.94,18.22,3.57,1.08,0.49,0.00,0.35,1.88,0.17,0.09,3.95,1.18,0.02,0.10,0.08,0.00,0.00,0.00,7.57,7.73,0.50,0.28,20.30,0.40,0.00,2.99,0.23,0.84,0.59,0.04,0.68,1.67,0.00,0.24,0.09,0.32,0.31,0.04,0.05,0.65,0.15,0.09,0.25,0.10,3.48,0.40,0.00,0.66,3.81,0.50,11.54,2.44,2.43,7.87,7.01,15.41,5.13,0.10,1.39,2.61,15.08,11.09,0.01,1.57,0.15,0.26,17.14,0.12,0.08,0,0.01,0.22,1.35,4.07,0,0.29,0.57,0,0.33,6.25,1.44,0.93,0.55,0,0.216470588,0.96,0.03,0,1.73,0.2,260.22,0,0.02,0.62,0.8,0.76,1.07,2.39,0.69,0.31,0.57,11.46,0.6,1.94,4.14,2.7,0.39,2.15,0.11
10/31/1958,0.01,0.04,28.01,0.11,3.10,0.42,1.84,0.90,0.25,0.62,0.13,1.88,0.22,5.91,19.97,3.73,1.77,0.09,1.51,0.34,3.72,0.62,0.32,5.30,2.32,0.02,0.16,0.08,0.00,0.00,0.00,7.53,9.54,0.35,0.30,0.00,0.40,0.00,0.83,0.14,0.35,0.13,0.07,1.50,1.02,0.00,0.16,0.16,0.29,0.26,0.23,0.27,1.44,0.06,0.06,0.18,0.10,1.08,1.28,4.02,0.07,0.38,0.17,11.29,2.41,2.24,7.52,7.31,13.79,1.65,0.10,1.35,2.26,16.14,10.03,0.01,0.51,0.06,0.28,12.39,0.05,0.01,0,0.16,0.18,0.53,2.51,0,0.1,0.53,0,1.18,1.52,1.21,0.26,0.15,0,0.157843137,0.7,0.05,9.46,0.79,1.17,279.06,0.09,0.01,0.17,1.81,0.69,0.97,2.11,0.51,0.13,0.45,11.95,0.55,1.8,3.84,2.5,0.25,2.12,0.39
11/30/1958,0.01,0.05,29.48,0.19,3.22,0.48,2.03,2.09,1.30,0.89,0.14,2.01,0.23,6.11,20.59,3.78,2.52,0.49,0.92,0.45,0.00,0.66,0.34,7.81,3.30,0.02,0.16,0.21,0.65,0.74,0.11,7.85,12.24,0.50,0.50,0.00,0.20,2.41,0.30,0.19,0.85,0.18,0.27,1.68,2.35,0.05,0.23,0.27,0.38,0.09,0.46,0.54,2.22,0.00,0.17,0.35,0.30,0.40,1.52,1.16,0.01,0.07,0.37,13.80,2.97,2.58,7.80,7.60,14.52,3.92,0.13,1.80,2.76,24.60,10.91,0.02,1.20,0.00,0.41,2.77,0.08,0.04,0,0.43,0.3,0.54,2.74,0,0.4,0.48,0.74,1.97,0,2.2,0.37,0.22,0.19,0.045098039,0.2,0.18,13.02,0.28,1.95,259.71,0.04,0.04,0.25,2.99,0.72,1.01,2.1,0.19,0.2,1.61,18.64,1.07,1.62,3.46,2.25,0.51,2.76,0.42
12/31/1958,0.01,0.08,29.61,0.16,3.46,0.46,2.69,2.40,1.62,0.00,0.22,0.58,0.23,6.64,21.40,3.78,2.55,0.10,0.38,0.55,6.20,0.19,0.10,10.29,3.60,0.02,0.18,0.24,0.65,0.74,0.37,8.17,14.22,0.35,0.65,0.00,0.30,5.17,0.25,0.20,0.91,0.00,0.34,1.84,2.77,0.17,0.33,0.17,0.35,0.09,0.62,0.73,2.64,0.00,0.16,0.36,0.26,0.37,2.54,0.01,0.00,0.00,0.36,15.35,3.31,2.76,8.12,8.16,14.59,6.16,0.12,1.70,2.61,25.12,10.48,0.03,1.45,0.00,0.51,10.67,0.07,0.07,3.75,0.6,0.26,0.49,0.79,0,0.23,0.41,0.74,2.15,0,2.2,0.56,0.33,0.19,0,0,0.23,13.36,0.27,2.05,289.34,0.02,0.06,0.38,3.35,0.73,1.02,2.61,0.21,0.18,2.21,19.49,1.05,1.39,2.97,1.93,0.68,3.38,0.12
01/31/1959,0.18,0.99,50.79,0.48,13.47,1.36,13.38,10.09,25.35,6.32,2.51,9.36,0.61,24.37,34.94,6.27,6.98,0.49,7.49,9.64,81.47,3.08,1.59,67.93,41.42,0.15,2.18,1.46,3.42,3.91,4.59,27.87,51.78,0.50,9.03,4.11,12.60,11.01,3.12,0.94,4.87,1.30,2.32,4.86,8.13,2.07,1.78,8.45,2.35,3.19,2.72,3.20,7.49,0.33,1.17,1.62,0.81,6.29,5.62,13.28,0.19,1.08,2.69,65.98,12.74,15.21,27.31,31.78,25.01,39.43,0.96,13.54,21.80,82.01,45.16,0.20,9.06,0.34,4.69,36.60,0.45,0.44,46.06,10.13,0.77,3.16,13.49,0,4.89,2.17,3.91,25.31,7.25,5.26,2.64,1.55,0.98,1.918921569,8.51,1.55,30.01,6.43,19.16,951.82,0.07,0.35,1.77,14.54,1.94,2.72,7.9,8.3,1.12,32.08,194.41,7.38,7.34,15.68,10.21,3.31,59.22,1.94
02/28/1959,0.29,1.63,42.34,0.38,21.81,2.29,23.20,12.75,43.50,4.79,10.74,17.51,0.81,37.41,39.97,4.95,7.21,0.65,17.56,9.97,127.11,5.76,2.97,88.25,54.42,0.22,1.72,1.29,6.34,7.25,16.09,38.15,66.63,0.56,12.66,28.43,20.40,18.88,2.50,1.18,4.84,0.98,2.52,4.92,9.10,7.26,1.28,31.58,2.23,3.00,3.93,4.62,7.58,0.38,1.55,1.37,0.61,2.86,10.16,19.20,0.21,1.22,3.41,65.02,12.72,19.16,29.23,51.45,20.86,44.18,1.41,19.92,31.75,88.36,37.97,0.26,12.36,0.39,4.95,61.25,0.57,0.66,108.06,19.77,0.62,4.43,28.66,0,2.94,2.65,7.25,31.74,14.73,8.21,2.86,1.68,1.81,3.240294118,14.37,1.69,25.16,5.57,31.37,838.99,0.12,0.47,1.92,12.73,2.55,3.58,8.8,7.66,1.43,18.26,118.82,6.58,8.97,19.16,12.48,10.6,61.23,3.62
03/31/1959,0.53,2.94,43.42,0.62,5.93,4.58,7.22,6.29,17.58,5.82,1.32,5.65,1.04,24.18,28.07,7.48,6.76,0.61,7.33,4.86,24.48,1.86,0.96,27.44,29.66,0.19,5.01,2.59,1.94,2.22,1.64,18.04,73.51,0.55,5.79,1.13,6.20,8.73,3.95,1.81,10.08,1.19,5.53,4.86,17.88,0.74,3.32,6.77,4.34,5.17,2.35,2.76,7.48,0.39,0.89,2.61,1.35,3.07,6.70,0.00,0.00,0.00,7.21,74.17,11.00,17.91,16.64,13.99,21.38,33.89,1.21,17.06,27.41,73.38,45.04,0.52,24.62,0.40,4.64,41.05,1.05,0.78,13.07,1.89,0.99,3.39,11.56,0,4.85,1.84,2.22,15.25,0,5.33,6.82,4,0.55,2.385686275,10.58,3.7,21.71,10.02,14.86,609.46,1.86,0.94,4.57,14.96,3.29,4.62,7.56,12.04,2.63,28.99,151.39,14.3,6.24,13.33,8.68,1.93,29.82,1.17
04/30/1959,0.52,2.92,47.84,1.48,5.02,4.71,3.95,5.07,8.38,10.39,0.55,2.07,1.02,20.33,25.15,8.94,9.46,3.84,0.27,2.86,14.24,0.68,0.35,20.77,18.00,0.24,3.24,4.52,1.33,1.52,0.81,14.71,53.55,1.79,3.42,0.59,2.80,4.92,12.67,2.24,16.79,2.13,8.20,6.04,29.31,0.37,7.56,0.10,13.09,10.10,1.14,1.34,9.73,1.63,1.82,4.56,3.50,4.62,2.86,0.00,0.00,0.00,6.47,77.16,13.06,16.29,18.68,11.84,23.56,29.76,1.40,19.72,35.35,89.93,60.81,0.52,19.39,1.68,2.73,34.47,0.89,0.7,6.46,0.66,2.38,3.18,5.12,0,13.44,1.99,1.52,8.75,0,4.87,13.91,8.16,0.38,2.31127451,10.25,5.49,10.4,24.69,7.82,511.59,6.07,0.93,9.33,15.8,3.24,4.55,6.91,13.27,2.24,19.46,218.28,23.75,6.73,14.38,9.36,1.31,17.55,0.43
05/31/1959,0.23,1.27,43.95,2.11,3.86,2.20,2.61,2.24,0.00,9.02,0.26,1.34,0.52,12.62,23.16,5.97,10.22,5.62,0.00,1.34,4.07,0.44,0.23,12.77,8.80,0.17,1.04,3.34,0.50,0.57,0.29,9.95,28.14,2.47,1.18,9.34,1.40,1.19,14.91,1.15,12.78,1.85,4.44,4.93,25.81,0.13,8.42,0.12,12.49,7.30,0.35,0.41,8.15,0.74,1.13,2.68,3.63,4.69,1.09,0.50,0.00,0.00,2.51,48.15,9.38,10.03,16.34,9.11,21.65,12.61,1.03,14.52,24.58,61.22,47.86,0.21,6.90,0.76,1.04,27.32,0.32,0.16,1.28,0.23,3.38,1.43,4.4,0,13.21,1.35,0.57,5.36,5.43,4.12,12.18,7.15,0.14,0.358529412,1.59,2.97,2.17,21.59,2.83,368.97,5.03,0.38,8.17,9,1.64,2.3,3.83,8.1,0.82,7.71,160.46,16.6,4.56,9.74,6.34,0.56,8.25,0.28
06/30/1959,0.03,0.17,31.42,1.51,2.57,0.55,1.80,0.84,1.87,4.48,0.11,0.61,0.27,6.49,18.37,3.38,5.45,4.78,1.45,0.59,2.95,0.20,0.10,3.50,3.15,0.05,0.13,1.12,0.34,0.39,0.05,6.78,8.92,2.15,0.39,4.50,0.50,1.12,5.32,0.32,5.32,0.92,1.18,2.33,9.98,0.02,3.21,0.23,4.32,1.82,0.14,0.16,3.41,0.37,0.28,0.90,1.89,3.45,0.46,0.00,0.00,0.00,0.92,19.62,4.27,3.83,11.95,6.06,15.48,3.10,0.31,4.41,7.91,34.25,22.07,0.06,2.27,0.38,0.37,18.00,0.15,0.04,0.54,0.03,2.41,0.68,2.07,0,9.08,0.6,0.39,2.27,3.28,2.86,5.32,3.12,0.1,0,0,0.79,7.43,6.28,0.78,269.13,1.72,0.11,3.57,2.91,0.86,1.21,1.93,2.05,0.37,2.23,78.13,5.41,2.04,4.36,2.84,0.31,3.63,0.13
07/31/1959,0.01,0.05,28.54,0.38,2.18,0.22,1.49,0.42,0.00,0.47,0.05,0.18,0.15,5.01,15.21,2.43,3.56,0.92,4.64,0.26,0.00,0.06,0.03,0.66,1.36,0.02,0.03,0.11,0.08,0.09,0.00,5.62,4.34,0.67,0.08,0.09,0.10,0.00,2.15,0.10,0.89,0.10,0.09,1.47,2.36,0.00,0.68,0.15,0.46,0.46,0.07,0.08,1.93,0.24,0.04,0.21,0.32,1.58,0.26,0.98,0.03,0.19,0.21,9.28,2.10,1.83,7.27,5.14,14.06,2.28,0.07,0.95,2.21,35.50,9.72,0.01,0.59,0.25,0.17,6.25,0.04,0.01,0,0,0.61,0.27,0.74,0,0.78,0.52,0.09,1.07,2.04,0.41,0.91,0.53,0.02,0.119509804,0.53,0.06,3.75,1.85,0,234.33,0,0.02,0.61,0.88,0.49,0.69,1.57,0.78,0.1,0.38,19.82,0.54,1.77,3.78,2.46,0.24,1.59,0.04
08/31/1959,0.00,0.02,23.85,0.10,2.10,0.16,1.42,0.34,0.00,0.41,0.04,0.55,0.12,4.51,14.12,2.40,1.48,0.18,2.09,0.19,0.00,0.18,0.09,0.54,1.06,0.01,0.03,0.03,0.00,0.00,0.00,5.18,3.49,0.38,0.03,0.00,0.10,0.00,0.97,0.05,0.31,0.08,0.00,0.76,0.67,0.00,0.22,0.14,0.31,0.19,0.03,0.04,0.66,0.12,0.02,0.11,0.07,0.85,0.31,1.04,0.04,0.24,0.14,6.63,1.51,1.46,5.86,4.95,11.75,2.06,0.04,0.52,1.18,23.91,7.37,0.00,0.38,0.12,0.11,0.00,0.03,0,0,0.03,0.17,0.11,2.73,0,0.04,0.53,0,0.6,1.1,0.06,0.28,0.16,0,0.299901961,1.33,0,3.07,0.83,0,211.66,0,0.01,0.19,0.58,0.37,0.52,1.6,0.35,0.08,0.13,8.99,0.23,1.81,3.87,2.52,0.33,1.16,0.11
09/30/1959,0.01,0.04,25.80,0.16,2.24,0.32,1.58,0.45,0.00,1.06,0.08,0.18,0.12,4.85,14.80,2.56,0.86,0.48,0.44,0.41,6.14,0.06,0.03,2.68,1.00,0.01,0.03,0.06,0.34,0.39,0.01,5.40,4.84,0.50,0.28,2.13,0.20,0.00,2.20,0.08,0.63,0.22,0.00,0.64,0.85,0.00,0.17,1.25,0.31,0.31,0.02,0.02,0.51,0.08,0.06,0.25,0.12,2.11,0.55,0.16,0.03,0.17,0.33,7.80,1.76,1.82,6.43,5.28,12.71,2.68,0.06,0.90,1.63,14.19,7.95,0.01,0.92,0.08,0.22,3.36,0.06,0.02,0.51,0.14,0.26,0.63,3.48,0,0.71,0.51,0.39,0.31,5.33,0.68,0.45,0.26,0.1,0.33372549,1.48,0,0.21,1.41,0,261.49,0.29,0.01,0.3,0.56,0.39,0.55,1.89,0.7,0.17,0.66,10.2,0.48,1.74,3.72,2.42,0.6,2.51,0.04
10/31/1959,0.01,0.04,21.57,0.11,2.38,0.25,1.63,0.61,0.00,0.20,0.08,1.28,0.07,4.93,15.88,2.67,1.11,0.12,0.00,0.33,2.64,0.42,0.22,2.33,1.83,0.01,0.07,0.08,0.32,0.37,0.00,5.65,6.28,0.36,0.19,0.00,0.10,0.02,1.12,0.10,0.34,0.04,0.07,1.11,1.05,0.00,0.28,0.84,0.26,0.34,0.04,0.05,0.92,0.00,0.04,0.17,0.09,0.87,1.06,0.56,0.20,1.18,0.18,7.10,1.54,1.66,6.06,5.61,10.63,4.98,0.06,0.83,1.27,19.31,7.11,0.01,0.52,0.00,0.18,0.00,0.05,0.01,0,0.1,0.17,0.57,1.74,0,0.05,0.36,0.37,0.87,2.24,1.06,0.25,0.15,0.09,0.124019608,0.55,0.05,3.64,1.05,0,232.55,0.08,0.01,0.17,1,0.22,0.31,1.73,0.7,0.13,0.38,9.65,0.31,1.23,2.63,1.71,0.12,2.01,0.26
11/30/1959,0.01,0.05,20.23,0.06,2.33,0.30,1.51,0.74,0.00,0.06,0.08,1.09,0.09,4.84,15.39,2.32,1.65,0.00,0.10,0.32,0.84,0.36,0.19,3.25,2.56,0.01,0.06,0.05,0.25,0.29,0.07,5.47,7.30,0.31,0.21,0.00,0.10,2.70,0.81,0.12,0.20,0.01,0.04,1.01,0.61,0.03,0.09,0.14,0.19,0.28,0.06,0.07,1.30,0.03,0.09,0.10,0.07,0.36,1.09,0.43,0.21,1.22,0.10,7.26,1.57,1.52,5.66,5.50,9.97,0.91,0.05,0.77,1.28,13.13,6.46,0.00,0.30,0.03,0.19,5.08,0.03,0.01,0,0.18,0.1,0.37,1.59,0,0.03,0.31,0.29,1.54,1.68,0.89,0.2,0.12,0.07,0.036078431,0.16,0.03,2.02,0.84,0.1,224.18,0,0.01,0.13,1.52,0.27,0.38,1.22,0.65,0.08,0.3,9.22,0.35,1.04,2.22,1.45,0.22,2,0.23
12/31/1959,0.01,0.07,33.90,0.10,2.47,0.29,1.96,1.33,0.47,0.21,0.16,1.28,0.11,5.76,16.53,2.58,2.14,0.16,0.00,0.46,6.92,0.42,0.22,5.87,2.59,0.01,0.06,0.13,0.53,0.61,0.32,5.95,9.46,0.37,0.35,0.00,0.00,5.32,0.15,0.16,0.52,0.04,0.16,1.43,1.63,0.14,0.17,0.11,0.21,0.13,0.12,0.14,1.94,0.03,0.18,0.19,0.18,0.23,1.99,0.33,0.01,0.07,0.22,9.33,2.02,2.10,6.30,5.83,16.70,2.40,0.08,1.10,1.78,9.21,7.74,0.01,0.71,0.03,0.39,10.30,0.04,0.02,2.95,0.21,0.17,0.55,1.81,0,0.04,0.25,0.61,1.56,1.82,1.34,0.27,0.16,0.15,0,0,0.11,4.07,0.28,1.99,246.08,0,0.03,0.18,2.04,0.34,0.48,1.87,0.34,0.11,0.71,12.37,0.57,0.84,1.79,1.17,0.39,2.86,0.26
01/31/1960,0.03,0.19,19.16,0.19,4.77,0.46,6.26,3.70,8.39,0.83,0.73,6.75,0.23,12.15,19.11,2.85,2.96,0.26,1.94,1.95,31.91,2.22,1.15,31.81,6.51,0.06,0.14,0.29,2.44,2.79,2.73,10.59,19.38,0.41,2.00,23.46,5.10,10.91,0.23,0.31,1.09,0.17,0.40,2.09,3.32,1.23,0.29,2.09,0.23,0.21,1.11,1.31,3.04,0.03,0.59,0.42,0.32,0.59,3.78,1.45,0.88,5.09,0.44,19.32,4.19,7.45,10.48,11.25,9.44,15.93,0.38,5.43,8.44,24.85,15.02,0.04,1.78,0.03,3.00,27.70,0.09,0.07,32.78,2.33,0.3,1.41,9.79,0,0.22,0.79,2.79,3.9,7.01,3.51,0.62,0.36,0.7,0.033823529,0.15,0.27,11.65,0.44,6.07,401.92,0.01,0.07,0.42,4.71,0.74,1.04,3.04,0.56,0.22,4.18,32.31,1.45,2.68,5.72,3.73,1.43,11.95,1.4
02/29/1960,0.44,2.45,44.02,0.48,16.85,2.43,17.80,11.22,66.55,8.46,8.14,25.96,1.14,34.67,38.19,6.05,11.23,0.45,14.92,7.85,124.36,8.54,4.41,96.35,80.57,0.39,2.35,1.48,8.56,9.78,14.72,32.77,93.23,0.48,21.37,26.68,30.50,19.14,4.28,2.25,4.92,1.73,2.32,7.56,7.04,6.64,2.10,40.26,4.15,4.45,3.76,4.42,11.88,0.52,3.64,1.61,0.81,4.94,7.52,7.78,11.52,66.84,2.65,125.08,25.45,39.99,25.59,39.75,21.68,89.18,2.54,35.92,56.76,113.34,70.12,0.20,9.12,0.54,13.35,111.47,0.45,0.43,121.19,17.82,0.77,8.28,42.33,0,6.08,3.35,9.78,49.26,30.45,17.53,2.69,1.58,2.45,4.760098039,21.11,1.55,46.94,8.85,46.38,874.16,0.06,0.36,1.8,22.87,3.62,5.08,13.1,11.92,1.14,63.16,155.51,10.89,11.33,24.2,15.76,11.23,48.23,5.37
03/31/1960,1.01,5.62,49.71,0.90,10.05,5.53,16.28,9.85,41.05,11.67,2.37,11.55,1.44,39.76,33.73,10.61,11.75,0.72,6.37,6.73,75.04,3.80,1.96,56.56,47.46,0.44,8.40,3.39,4.65,5.31,13.55,32.93,109.94,0.59,10.64,18.27,17.20,13.64,8.53,3.94,13.02,2.39,6.90,8.19,21.24,6.11,6.27,33.00,9.01,10.77,2.86,3.36,12.77,1.62,3.32,3.37,1.63,5.14,11.66,0.00,9.86,57.21,9.42,146.20,22.79,40.89,26.90,23.71,24.49,99.25,2.73,38.59,64.27,126.87,84.73,0.71,33.60,1.66,12.14,104.84,1.51,1.48,49.6,6.57,1.44,8.61,21.95,0,9.12,3.79,5.31,25.44,4.47,25.13,8.72,5.12,1.33,5.982254902,26.53,4.62,24.72,20.51,28.07,873.42,0.8,1.28,5.85,29.04,4.55,6.39,13.76,26.48,3.8,50.98,210.19,28.84,12.83,27.4,17.84,12.07,41.35,2.39
04/30/1960,0.71,3.94,45.43,1.47,5.55,5.67,5.44,3.77,13.97,15.07,0.79,4.41,0.02,20.29,25.03,9.28,10.69,3.41,0.00,3.00,18.78,1.45,0.75,17.44,17.89,0.31,3.72,5.03,1.60,1.83,1.99,19.76,64.31,1.62,4.14,18.44,4.50,4.98,15.15,3.69,18.94,3.09,9.80,6.75,32.06,0.90,10.60,2.98,15.96,12.27,0.57,0.67,11.03,1.54,2.35,5.10,3.47,3.18,3.19,5.50,0.82,4.78,8.81,102.56,17.24,22.59,19.17,13.09,22.37,42.61,1.88,26.58,45.58,93.30,76.17,0.70,27.60,1.58,4.46,52.40,1.26,0.94,12.36,1.98,2.35,4.19,10.9,0,13.91,2.08,1.83,8.89,3.46,21.8,15.08,8.85,0.46,2.741960784,12.16,6.56,9.89,29.6,11.94,474.69,6.32,1.27,10.11,21.28,0.05,0.07,7.99,16.85,3.15,16.73,164.15,30.02,7.03,15.02,9.78,2.91,18.42,0.91
05/31/1960,0.32,1.80,48.78,2.32,4.61,2.49,3.95,2.76,8.39,17.75,0.41,3.04,0.00,15.74,25.70,7.02,12.83,6.86,0.00,2.69,15.61,1.00,0.52,17.12,13.60,0.23,0.92,4.11,1.07,1.22,0.91,13.64,32.37,2.95,2.44,3.82,2.50,0.00,20.72,2.01,15.68,3.64,5.57,6.07,28.53,0.41,10.63,3.21,15.91,10.45,0.50,0.59,10.18,0.90,1.66,3.28,4.21,4.90,1.41,6.40,1.86,10.77,3.22,67.50,13.29,16.90,20.80,10.87,24.02,28.54,1.43,20.26,33.89,81.77,70.10,0.28,9.01,0.92,2.90,29.64,0.42,0.22,5.91,1.79,3.73,2.19,8.79,0,17.94,1.73,1.22,7.52,8.08,16.88,14.61,8.57,0.31,1.481470588,6.57,3.73,10.47,30.43,7.56,453.15,6.49,0.5,9.79,14.03,0,0,4.82,12.32,1.05,13.47,205.08,24.01,5.86,12.52,8.15,0.72,16.5,0.63
06/30/1960,0.05,0.26,35.18,1.86,2.72,0.67,1.88,0.79,2.67,6.14,0.09,1.22,0.00,7.20,20.64,3.71,7.47,5.47,0.00,1.22,6.32,0.40,0.21,3.59,5.85,0.09,0.09,1.37,0.33,0.38,0.12,7.53,11.27,2.42,0.83,3.47,1.70,0.00,9.04,0.63,6.61,1.26,1.45,3.02,10.25,0.05,4.97,0.17,6.68,3.04,0.15,0.18,4.40,0.04,0.43,1.09,2.27,5.44,0.46,2.82,1.28,7.42,1.16,31.88,6.94,7.48,17.98,6.42,17.33,12.68,0.57,8.10,12.56,65.66,37.92,0.08,2.89,0.04,1.18,8.44,0.19,0.05,1.84,0.06,2.98,1.27,4.56,0,13.16,0.93,0.38,4.03,7.35,7.99,6.74,3.96,0.09,0.376568627,1.67,0.97,9.16,10.48,2.29,319.52,2.36,0.14,4.52,4.97,0,0,2.62,3.67,0.49,6.25,148.38,8.05,3.14,6.71,4.37,0.15,7.47,0.25
07/31/1960,0.01,0.03,25.13,0.37,2.05,0.26,1.36,0.36,0.00,2.56,0.01,1.00,0.15,4.83,14.33,2.42,2.68,0.71,0.00,0.47,1.20,0.33,0.17,0.50,1.82,0.02,0.01,0.10,0.00,0.00,0.00,5.45,4.14,0.58,0.21,0.37,0.30,0.00,3.66,0.13,0.96,0.53,0.04,1.13,1.67,0.00,0.69,0.13,0.55,0.76,0.01,0.01,1.23,0.15,0.08,0.26,0.30,2.06,0.21,0.00,0.45,2.60,0.31,12.13,2.78,3.07,8.25,4.84,12.38,4.07,0.10,1.41,2.64,45.76,13.25,0.01,0.88,0.16,0.54,0.00,0.06,0.01,0.46,0,0.59,0.57,4.07,0,1.27,0.51,0,1.35,3.73,1.4,1.02,0.6,0,0.243529412,1.08,0.03,2.32,3.1,1.69,223.51,0,0.02,0.68,1.16,0.47,0.66,1.73,1.39,0.16,0.89,26.1,0.76,1.74,3.72,2.42,0.04,2.91,0.21
08/31/1960,0.00,0.01,20.70,0.12,1.94,0.15,1.22,0.36,0.00,0.00,0.02,0.67,0.16,3.96,13.07,2.08,0.94,0.35,0.00,0.32,0.00,0.22,0.11,0.13,1.06,0.01,0.01,0.03,0.00,0.00,0.00,4.83,2.87,0.45,0.05,0.25,0.10,0.00,1.81,0.07,0.40,0.00,0.00,0.62,0.87,0.00,0.22,0.13,0.31,0.33,0.00,0.00,0.48,0.03,0.02,0.15,0.08,1.09,0.47,0.00,0.35,2.01,0.21,7.87,1.81,1.85,6.89,4.58,10.20,2.01,0.06,0.83,1.37,30.54,8.90,0.00,0.55,0.03,0.32,0.00,0.04,0.01,0,0.01,0.19,0.3,4.39,0,0.05,0.49,0,0.56,0.53,0,0.32,0.19,0,0.383333333,1.7,0,2.37,1.3,0,208.26,0,0.01,0.21,0.65,0.51,0.72,1.57,0.81,0.11,0.25,10.23,0.33,1.66,3.55,2.31,0.04,1.96,0.14
09/30/1960,0.00,0.01,18.16,0.06,1.93,0.02,1.21,0.38,0.00,0.00,0.05,0.12,0.17,3.66,12.98,2.23,0.73,0.04,0.00,0.26,5.68,0.04,0.02,0.53,0.81,0.01,0.01,0.03,0.00,0.00,0.00,4.69,3.17,0.33,0.05,0.00,0.00,0.00,1.58,0.09,0.29,0.00,0.01,0.51,0.74,0.00,0.00,0.09,0.12,0.17,0.00,0.00,0.44,0.13,0.01,0.12,0.05,1.60,0.34,0.00,0.28,1.65,0.16,6.38,1.43,1.42,5.90,4.55,8.94,2.14,0.03,0.49,1.16,21.66,7.21,0.00,0.47,0.13,0.25,0.00,0.03,0.02,0,0.01,0.09,0.25,4.37,0,0.01,0.43,0,0.24,0.28,0,0.37,0.22,0,0.372058824,1.65,0.01,2.85,0.93,0,201.95,0,0.01,0.25,0.51,0.53,0.74,1.6,0.34,0.09,0.13,5.9,0.29,1.44,3.08,2,0.03,1.59,0.03
10/31/1960,0.00,0.03,11.01,0.11,2.05,0.11,1.41,0.63,0.19,0.00,0.08,1.34,0.18,4.39,14.19,2.55,1.06,0.21,0.10,0.31,0.00,0.44,0.23,2.02,2.04,0.01,0.03,0.06,0.34,0.39,0.00,5.37,4.42,0.39,0.12,0.00,0.10,0.00,0.92,0.07,0.32,0.00,0.07,1.04,1.02,0.00,0.18,0.10,0.11,0.28,0.02,0.02,0.88,0.00,0.03,0.18,0.10,0.92,0.93,0.60,0.20,1.18,0.17,6.62,1.49,1.60,5.93,4.84,5.42,3.11,0.06,0.78,1.20,11.46,7.45,0.00,0.45,0.00,0.28,18.46,0.04,0.01,0,0.02,0.18,0.34,1.73,0,0.05,0.38,0.39,0.99,0.34,0.35,0.2,0.12,0.1,0.130784314,0.58,0.05,1.56,0.87,0,226.91,0.02,0.01,0.13,0.53,0.57,0.8,1.53,0.55,0.11,0.23,9.96,0.41,1.27,2.71,1.77,0.05,1.9,0.28
11/30/1960,0.01,0.04,33.28,0.18,6.94,0.51,4.15,3.98,1.47,1.97,0.20,3.62,0.14,9.17,21.72,3.33,3.16,0.28,0.13,0.91,15.86,1.19,0.61,24.29,3.65,0.03,0.10,0.24,1.04,1.19,1.20,12.09,13.09,0.42,0.65,1.86,0.40,7.70,0.75,0.17,0.83,0.40,0.27,2.13,2.19,0.54,0.56,0.81,0.29,0.46,0.53,0.62,2.77,0.03,0.42,0.36,0.33,1.03,2.50,1.53,0.28,1.64,0.32,14.63,3.24,4.38,12.35,16.37,16.39,8.47,0.19,2.72,4.26,40.11,11.13,0.02,1.12,0.03,2.02,0.00,0.06,0.03,5.11,5.23,0.3,1.03,4.89,0,0.57,0.71,1.19,2.22,2.57,2.52,0.4,0.23,0.3,0.051862745,0.23,0.18,7.85,1.09,4.22,318.61,0.09,0.04,0.27,2.38,0.44,0.62,2.61,1.1,0.16,3,33.68,1.17,2.42,5.17,3.37,0.56,5.58,0.75
12/31/1960,0.02,0.13,26.45,0.22,12.33,0.57,7.30,7.72,21.66,1.13,1.77,3.53,0.09,13.97,32.48,3.72,3.83,0.26,6.69,5.34,61.34,1.16,0.60,73.84,24.18,0.05,0.16,0.47,0.92,1.05,1.11,18.90,22.61,0.41,5.61,0.25,10.40,13.37,0.64,0.29,1.31,0.23,0.54,2.74,3.06,0.50,0.54,4.17,0.43,0.59,0.71,0.83,4.04,0.03,0.33,0.53,0.34,2.01,4.29,1.83,0.70,4.09,0.47,25.78,5.75,6.59,16.69,29.09,13.03,15.11,0.32,4.55,7.08,57.72,15.15,0.04,1.80,0.03,3.39,5.00,0.10,0.09,24.27,14.41,0.35,0.74,4.8,0,1.1,1.1,1.05,14.63,0.46,3.12,0.66,0.39,0.26,0.076666667,0.34,0.36,10.35,1.23,16.7,640.38,0.06,0.07,0.44,5.29,0.28,0.39,3.96,1.46,0.24,17.26,102.4,1.71,3.72,7.95,5.17,0.61,32.79,0.73
01/31/1961,0.03,0.15,24.19,0.13,6.38,0.34,5.12,4.35,14.27,0.67,1.93,2.68,0.20,11.59,21.78,3.32,2.58,0.24,3.66,2.84,35.01,0.88,0.45,33.81,20.96,0.03,0.29,0.39,0.87,0.99,1.92,12.36,16.25,0.40,6.20,0.00,7.40,4.21,0.61,0.26,1.40,0.14,0.67,1.84,3.09,0.87,0.44,4.69,0.34,0.57,1.55,1.82,2.78,0.03,0.21,0.50,0.30,2.06,2.26,0.00,0.00,0.00,0.77,21.03,4.50,3.51,12.90,15.05,11.92,4.10,0.18,2.54,4.00,41.44,11.56,0.05,2.20,0.03,1.50,10.55,0.11,0.09,36.62,4.65,0.22,0.63,3.95,0,0.73,0.98,0.99,13.19,0,1.81,0.66,0.39,0.25,0.243529412,1.08,0.45,4.45,1.18,9.73,404.3,0.08,0.09,0.44,4.24,0.62,0.87,2.99,1.41,0.28,12.54,52.51,1.66,3.33,7.11,4.63,0.48,17.45,0.55
02/28/1961,0.09,0.49,35.13,0.33,16.82,1.28,14.41,15.61,32.68,2.29,2.91,7.57,0.27,27.97,44.87,6.35,6.32,0.41,12.12,8.22,77.31,2.49,1.29,103.96,69.06,0.13,0.77,1.36,2.32,2.65,6.39,32.60,46.12,0.47,12.57,13.88,18.00,12.61,2.55,0.74,3.54,0.47,1.79,4.36,5.49,2.88,1.71,33.86,1.56,2.98,3.73,4.39,6.66,0.37,0.91,1.18,0.49,7.58,6.95,3.27,2.02,11.70,1.89,53.95,11.46,13.44,28.36,39.68,17.30,34.54,0.83,11.66,19.04,86.94,28.08,0.15,7.64,0.38,6.07,48.38,0.34,0.41,36.33,17.33,0.52,2.47,11.44,0,3.92,2.24,2.65,41.67,2.89,6.05,1.9,1.12,0.66,3.132058824,13.89,1.2,12.38,5.68,20.14,861.96,0.25,0.27,1.27,13.77,0.87,1.22,7.61,7.79,0.84,36.98,225.08,4.9,7.57,16.17,10.53,2.31,50.48,1.57
03/31/1961,0.18,1.01,36.73,0.39,12.01,1.93,12.33,13.99,20.68,9.30,1.27,7.84,0.43,25.29,34.62,5.61,5.54,0.55,5.87,7.13,68.14,2.58,1.33,62.42,35.11,0.17,1.76,1.13,2.93,3.35,7.77,25.56,50.11,0.52,6.05,9.76,14.50,12.76,2.53,0.94,5.27,1.90,2.75,4.06,9.70,3.50,2.57,22.04,1.93,3.12,2.48,2.92,6.18,0.73,0.99,1.49,0.73,3.14,7.30,2.82,1.55,9.02,4.11,50.92,9.53,17.44,20.28,28.33,18.09,35.55,1.05,14.76,24.93,58.32,30.91,0.25,12.76,0.75,7.42,62.03,0.54,0.48,31.04,11.49,0.63,2.97,12.71,0,3.19,1.79,3.35,18.4,1.73,9.38,2.9,1.7,0.84,2.750980392,12.2,1.84,18.37,5.79,9.04,718.32,1.17,0.45,1.94,12.91,1.36,1.91,6.57,7.99,1.37,24.14,142.31,8.22,6.05,12.92,8.41,2.8,43.78,1.62
04/30/1961,0.27,1.52,43.29,0.97,6.20,3.15,5.25,5.53,11.78,8.76,0.62,4.68,0.00,21.24,28.66,7.82,7.31,2.71,0.90,3.27,23.16,1.54,0.80,32.10,21.31,0.23,1.75,3.48,1.30,1.49,1.28,20.61,46.32,1.35,3.78,3.87,2.30,1.08,7.38,1.54,12.99,1.79,7.13,4.97,20.39,0.58,6.35,6.46,8.10,8.07,0.81,0.95,7.68,1.53,1.33,3.92,2.30,3.86,4.16,0.00,0.00,0.00,7.28,65.84,12.53,18.07,19.71,14.63,21.32,30.95,1.37,19.37,34.48,69.67,50.87,0.51,23.35,1.57,4.82,53.22,0.94,0.76,10.97,2.66,1.56,3.2,8.34,0,10.85,1.84,1.49,10.62,0,13.11,8.64,5.07,0.37,3.813039216,16.91,4.77,14.83,17.54,11.89,501.93,4.54,0.91,5.79,18.74,0,0,6.56,14.08,2.37,22.48,181.43,20.01,6.24,13.33,8.68,2.54,20.06,0.97
05/31/1961,0.27,1.53,54.09,2.16,5.35,3.24,3.40,3.29,8.47,11.50,0.30,3.34,0.19,16.95,27.36,6.90,11.21,6.33,0.58,1.97,7.62,1.10,0.57,21.83,11.79,0.23,0.84,3.62,0.76,0.87,0.42,15.51,37.85,2.75,1.76,4.37,1.60,1.49,17.56,1.68,15.33,2.36,6.09,6.21,28.17,0.19,9.86,4.37,14.59,10.43,0.28,0.33,10.09,0.59,1.82,3.94,4.29,6.01,1.62,2.22,1.91,11.06,4.02,70.07,14.32,17.67,20.78,12.62,26.64,28.32,1.48,20.91,33.92,69.25,62.84,0.27,8.97,0.60,3.22,48.45,0.43,0.19,2.41,1.04,3.46,2.09,7.15,0,16.81,1.77,0.87,6.83,3.6,11.65,13.33,7.82,0.22,3.321470588,14.73,4.08,14.41,28.55,9.04,472.19,6,0.49,8.94,16.91,0.6,0.84,5.77,11.62,1.07,14.55,218.31,22.72,5.98,12.77,8.32,0.56,12.11,0.69
06/30/1961,0.05,0.26,40.81,1.64,2.92,1.39,2.06,1.61,1.36,5.73,0.09,2.04,0.13,8.53,24.30,3.80,7.94,4.82,0.00,0.96,6.37,0.67,0.35,9.96,5.51,0.08,0.21,0.77,0.12,0.14,0.11,8.44,17.51,2.17,0.75,3.32,0.60,0.00,8.37,0.56,5.96,1.17,1.45,3.61,9.51,0.05,4.76,0.11,7.07,2.87,0.18,0.21,5.51,0.37,0.41,1.01,2.29,6.95,0.59,1.73,1.66,9.62,1.49,32.49,7.04,6.62,20.31,6.89,20.10,10.53,0.50,7.06,11.98,40.67,35.17,0.06,2.26,0.38,1.15,32.89,0.13,0.03,2.96,0.37,2.64,1.02,4.97,0,12.51,0.95,0.14,3.82,3.74,6.19,6.15,3.61,0.03,0.773431373,3.43,0.97,7.67,9.91,3.05,305.48,1.83,0.11,4.12,4.82,0.42,0.59,2.87,3.17,0.34,6.09,160.06,8.9,3.22,6.88,4.48,0.08,5.88,0.42
07/31/1961,0.01,0.04,22.46,0.35,1.86,0.15,1.44,0.47,0.00,0.00,0.04,1.34,1.23,4.79,16.42,2.27,3.44,0.81,0.00,0.42,2.74,0.44,0.23,1.60,1.91,0.02,0.01,0.09,0.00,0.00,0.00,5.63,3.84,0.62,0.15,0.00,0.10,0.00,2.94,0.13,0.82,0.00,0.09,1.44,2.12,0.00,0.00,0.11,0.45,0.66,0.00,0.00,1.87,0.29,0.01,0.21,0.33,2.17,0.22,0.10,0.42,2.43,0.20,11.21,2.55,2.28,9.09,4.39,11.06,3.38,0.08,1.14,2.65,32.33,11.14,0.01,0.42,0.30,0.50,4.99,0.03,0.01,0,0.08,0.57,0.23,4.4,0,0.91,0.69,0,1.51,0,0,0.88,0.52,0,0.304411765,1.35,0.06,1.36,2.61,0.39,220.2,0,0.01,0.59,1.17,3.9,5.48,1.49,1.06,0.09,0.69,25.44,0.95,2.32,4.96,3.23,0.01,2.59,0.28
08/31/1961,0.00,0.02,24.10,0.19,1.73,0.17,1.32,0.34,0.00,1.28,0.04,0.88,1.26,4.06,14.04,2.28,1.49,0.38,0.00,0.28,1.76,0.29,0.15,0.93,1.37,0.01,0.01,0.03,0.00,0.00,0.00,5.10,2.84,0.46,0.09,0.00,0.10,0.00,1.10,0.06,0.47,0.26,0.03,0.80,1.40,0.00,0.32,0.10,0.17,0.20,0.00,0.00,0.68,0.28,0.00,0.14,0.16,1.07,0.42,0.00,0.23,1.33,0.16,7.74,1.79,1.68,6.61,4.08,11.87,0.96,0.03,0.45,1.57,31.84,8.09,0.00,0.43,0.29,0.31,0.00,0.03,0,0,0,0.31,0,3.26,0,0.06,0.51,0,0.77,0,0,0.45,0.26,0,0.399117647,1.77,0.02,4,0.82,0,206.62,0,0.01,0.3,0.74,3.99,5.6,1.7,0.49,0.07,0.26,8.05,0.48,1.73,3.7,2.41,0,1.75,0.18
09/30/1961,0.00,0.03,18.98,0.18,1.78,0.11,1.29,0.31,0.00,1.24,0.06,0.36,0.81,3.75,12.97,2.09,0.70,0.29,0.00,0.27,0.96,0.12,0.06,1.42,1.06,0.01,0.01,0.03,0.00,0.00,0.11,4.70,3.11,0.42,0.08,0.00,0.00,0.00,1.23,0.06,0.62,0.25,0.00,0.52,1.28,0.05,0.00,0.07,0.16,0.14,0.00,0.00,0.43,0.05,0.00,0.27,0.13,1.58,0.36,0.00,0.03,0.15,0.35,6.07,1.39,1.35,5.54,4.20,9.35,2.07,0.04,0.50,0.92,15.54,6.28,0.01,0.82,0.05,0.25,4.67,0.06,0.02,0,0,0.29,0.23,4.32,0,0.28,0.39,0,0.32,0,0,0.5,0.29,0,0.432941176,1.92,0,2.59,0.73,0,196.18,0.27,0.01,0.34,0.49,2.58,3.62,1.54,0.25,0.15,0.21,5.37,0.47,1.31,2.8,1.82,0.02,1.69,0.08
10/31/1961,0.00,0.01,19.72,0.12,1.99,0.12,1.38,0.71,0.11,0.15,0.08,0.70,0.11,4.03,14.10,2.33,0.92,0.18,0.00,0.31,0.00,0.23,0.12,3.20,1.68,0.01,0.02,0.09,0.03,0.03,0.01,5.04,5.60,0.38,0.10,1.61,0.00,0.00,0.99,0.11,0.45,0.03,0.10,0.95,0.20,0.00,0.26,0.09,0.24,0.30,0.01,0.01,0.75,0.06,0.03,0.19,0.10,0.00,0.88,0.65,0.06,0.37,0.25,6.85,1.51,1.57,5.73,4.69,9.71,2.85,0.05,0.77,1.37,0.00,6.64,0.01,0.76,0.06,0.31,13.37,0.24,0.02,0,0.02,0.2,0.54,0.99,0,1.17,0.29,0.03,0.78,0.12,1.23,0.39,0.23,0.01,0.220980392,0.98,0.07,1.73,0.92,0,221.61,0,0.02,0.26,0.61,0.35,0.49,1.54,0.63,0.59,0.18,9.25,0.56,0.98,2.09,1.36,0.12,1.9,0.14
11/30/1961,0.00,0.01,20.83,0.13,3.74,0.31,2.42,2.71,0.97,1.65,0.12,1.34,0.09,5.79,16.53,2.26,2.01,0.00,0.00,1.25,21.48,0.44,0.23,16.02,3.84,0.01,0.04,0.11,0.49,0.56,0.05,7.18,9.82,0.31,0.96,0.00,0.40,0.00,1.51,0.16,0.53,0.34,0.10,1.30,1.00,0.02,0.35,0.48,0.26,0.64,0.17,0.20,1.61,0.00,0.06,0.20,0.15,0.70,1.37,1.23,0.11,0.61,0.28,9.43,2.07,2.39,7.72,8.82,10.26,3.82,0.08,1.10,1.68,11.33,7.60,0.01,0.81,0.00,0.60,14.42,0.12,0.03,4.85,1.2,0.21,0.48,1.94,0,0.6,0.41,0.56,2.32,0.04,1.97,0.5,0.29,0.14,0.110490196,0.49,0.07,0.49,1.72,3.25,332.68,0,0.02,0.34,0.83,0.3,0.42,1.66,1.52,0.31,1.63,25.7,0.8,1.4,2.99,1.95,0.23,7.68,0.28
12/31/1961,0.02,0.10,28.17,0.28,13.28,0.51,8.37,11.07,14.37,0.98,1.11,4.29,0.21,13.49,30.77,2.70,3.43,0.28,2.59,2.91,29.94,1.41,0.73,69.62,17.76,0.05,0.03,0.44,1.35,1.54,0.99,17.20,21.77,0.42,2.59,7.74,8.50,4.28,0.85,0.37,1.77,0.20,0.64,2.27,3.30,0.44,0.80,0.86,0.40,0.77,1.52,1.79,3.18,0.03,0.36,0.58,0.49,0.27,4.71,1.30,0.13,0.75,0.76,20.38,4.49,6.66,17.32,31.33,13.87,16.47,0.33,4.65,7.22,24.11,14.56,0.07,3.02,0.03,2.75,22.59,0.12,0.1,20.32,14.87,0.45,1.36,6.34,0,2.08,0.83,1.54,10.67,1.35,2.22,1.02,0.6,0.39,0.410392157,1.82,0.43,9.41,1.6,9.47,531.98,0.19,0.13,0.68,4.3,0.66,0.93,3.1,2.01,0.31,7.99,53.4,2.29,2.81,6,3.91,1.11,17.87,0.89
01/31/1962,0.02,0.09,21.95,0.25,5.87,0.34,5.53,5.11,6.58,0.83,0.28,5.32,0.23,9.89,20.62,2.40,2.55,0.24,0.00,1.45,12.32,1.75,0.90,26.99,9.33,0.05,0.05,0.35,1.79,2.05,2.34,10.00,18.93,0.40,1.32,5.21,5.40,7.16,0.87,0.25,1.80,0.17,0.70,1.77,4.36,1.06,0.66,0.95,0.38,0.79,1.27,1.49,2.62,0.03,0.32,0.56,0.34,2.42,3.15,0.08,0.00,0.00,0.95,14.39,3.16,4.89,10.74,13.85,10.81,9.25,0.32,4.59,7.15,15.31,12.11,0.07,3.04,0.03,1.97,24.98,0.41,0.19,9.67,4.15,0.41,1.1,7.94,0,0.92,0.62,2.05,5.6,0.91,0.43,0.98,0.58,0.51,0,0,0.47,7.1,1.64,2.47,323.23,0.22,0.13,0.66,2.64,0.73,1.02,2.63,2.03,1.03,5.12,35.8,2.33,2.09,4.46,2.91,1.22,8.88,1.1
02/28/1962,0.51,2.87,38.20,0.49,27.04,2.38,34.10,20.09,55.31,3.73,12.70,38.15,0.77,58.33,41.15,3.61,11.36,0.93,22.95,11.92,158.15,12.55,6.48,103.96,62.18,0.49,0.32,1.15,13.15,15.03,32.68,51.02,96.65,0.67,13.30,47.43,28.90,59.28,2.25,1.92,6.42,0.76,3.06,7.53,12.84,14.74,2.22,31.10,1.53,2.37,8.91,10.48,12.02,0.77,4.30,1.77,0.85,8.73,14.52,40.79,4.47,25.95,4.41,103.45,22.62,44.24,36.68,63.79,18.81,99.76,3.20,45.18,71.74,127.00,59.54,0.32,13.54,0.79,17.97,124.63,1.64,0.66,161.18,27.07,0.79,10.41,64.66,0,2.97,4,15.03,38.31,12.82,27.8,3.14,1.84,3.76,4.72627451,20.96,2.05,64.68,4.69,33.53,1252.57,0.69,0.57,2.11,28.85,2.44,3.43,13.2,6.48,4.12,21.63,144.3,7.57,13.55,28.94,18.85,15.32,73.22,7.89
03/31/1962,0.27,1.52,36.23,0.39,11.03,1.99,16.84,13.37,38.47,4.88,6.18,12.83,1.03,33.59,30.14,3.70,6.58,0.52,7.43,8.08,95.73,4.22,2.18,67.14,45.44,0.28,0.43,0.81,5.64,6.45,12.15,24.47,65.49,0.51,10.96,23.96,19.30,19.01,1.86,1.56,5.68,1.00,2.93,4.35,10.77,5.48,1.78,23.51,1.34,2.16,4.55,5.35,6.87,0.87,1.99,1.34,0.59,2.17,10.11,27.00,1.94,11.24,4.76,70.75,15.01,23.20,16.92,26.02,17.85,44.88,1.77,24.97,41.04,59.24,35.71,0.36,15.83,0.90,8.48,74.87,0.82,1.18,79.12,9.12,0.62,5.87,26.47,0,2.5,2.03,6.45,24.49,4.71,12.39,3.23,1.9,1.61,2.333823529,10.35,1.96,32.94,4.08,22.59,698.53,0.75,0.65,2.17,9.59,3.26,4.58,8.04,5.86,2.06,20.76,94.7,8.23,6.86,14.65,9.54,9.18,49.65,2.65
04/30/1962,1.57,8.75,72.35,2.01,7.23,13.00,6.12,3.79,22.76,17.84,0.82,5.47,4.58,30.96,29.97,16.78,15.34,4.20,0.25,3.47,17.28,1.80,0.93,27.08,25.29,0.50,15.29,7.28,2.10,2.40,1.21,31.03,137.72,1.93,6.78,19.70,3.00,0.00,16.50,6.62,34.49,3.65,18.57,10.11,56.01,0.55,12.46,6.50,15.92,18.65,0.74,0.87,16.26,2.08,1.75,7.78,4.26,6.70,5.49,0.00,0.00,0.00,23.76,197.08,25.44,41.53,22.35,17.06,35.63,66.48,3.08,43.45,73.16,159.89,106.75,1.95,82.20,2.14,8.57,64.09,1.64,3.25,8.35,1.47,3.22,9.18,15.22,0,18.86,2.82,2.4,12.64,0,0,24.88,14.6,0.6,1.914411765,8.49,12.43,9.79,38.14,22.78,595.22,7.42,3.52,16.68,39.69,14.49,20.34,14.76,39.87,4.14,41.05,258.7,51.59,9.55,20.4,13.28,11.92,21.34,1.13
05/31/1962,0.85,4.76,62.33,2.71,7.13,6.32,2.88,1.81,8.22,20.29,0.41,2.25,1.20,20.97,29.07,12.27,16.85,7.35,0.00,1.73,1.76,0.74,0.38,16.00,10.40,0.34,3.29,7.33,0.89,1.02,0.43,19.21,83.98,3.14,2.07,12.40,1.40,1.58,24.70,4.15,26.42,4.16,10.89,8.54,46.81,0.20,15.08,0.06,21.85,15.57,0.30,0.35,14.52,1.33,2.53,5.38,5.24,0.00,1.90,3.18,0.75,4.38,6.93,116.80,20.62,26.00,22.41,16.82,30.70,33.20,2.12,29.96,50.11,76.76,98.20,0.70,20.96,1.36,2.95,58.08,0.95,0.53,1.99,0.73,4.35,3.84,8.51,0,21.24,2.55,1.02,6.02,0.19,4.82,24.7,14.5,0.25,1.296568627,5.75,7.29,9.96,41.69,8.38,421.96,9.44,1.26,16.56,27.48,3.79,5.32,8,19.44,2.41,11.65,175.51,37.93,8.65,18.48,12.03,1.55,10.63,0.47
06/30/1962,0.19,1.08,37.93,3.36,3.56,1.97,1.93,0.87,2.25,12.75,0.13,1.16,0.79,9.85,22.94,5.67,10.79,11.85,0.00,0.81,4.98,0.38,0.20,5.28,5.27,0.18,0.46,3.53,0.34,0.39,0.17,9.45,31.55,4.87,0.67,1.78,1.00,0.00,21.70,1.33,17.56,2.61,4.90,4.44,35.37,0.08,12.18,0.09,15.55,7.94,0.12,0.14,6.81,0.69,0.84,2.50,4.77,0.00,0.57,0.00,0.00,0.00,3.80,56.27,11.73,13.03,17.31,8.40,18.68,15.20,1.11,15.72,26.26,60.68,68.37,0.27,8.16,0.71,0.93,36.51,0.16,0.18,0.85,0.21,5.39,2.46,4.74,0,21.23,1.42,0.39,3.62,0,0.19,17.55,10.3,0.1,0,0,3.28,0,25.77,3.75,282.27,9.18,0.49,11.77,18.62,2.49,3.5,3.86,9.56,0.42,4.18,111.89,25.66,4.82,10.3,6.7,0.38,4.96,0.24
07/31/1962,0.03,0.15,24.78,1.08,1.82,0.38,1.52,0.33,0.16,2.05,0.09,0.91,0.38,4.71,15.00,2.60,3.27,3.47,0.00,0.36,3.77,0.30,0.15,1.01,1.79,0.03,0.02,0.29,0.00,0.00,0.00,6.05,8.17,1.65,0.16,0.52,0.10,0.00,2.56,0.19,3.38,0.42,0.25,1.35,6.50,0.00,2.46,0.08,1.51,0.51,0.02,0.02,1.50,0.31,0.11,0.73,0.93,0.00,0.17,0.00,0.00,0.00,1.08,16.32,3.71,3.11,8.76,4.29,12.21,7.12,0.17,2.46,4.74,32.50,17.76,0.04,2.73,0.32,0.43,17.31,0.20,0.03,0,0,1.73,1.23,4.37,0,4.01,0.64,0,1.41,0,0,3.52,2.07,0,0.464509804,2.06,0.17,4.73,2.16,1.48,207.66,0.32,0.07,2.36,1.89,1.21,1.7,2.12,0.99,0.5,0.68,21.7,3.54,2.17,4.64,3.02,0.11,2.22,0.19
08/31/1962,0.01,0.04,21.29,0.17,1.63,0.16,1.38,0.34,0.00,3.15,0.06,0.21,0.19,3.93,12.02,2.19,0.97,0.72,0.00,0.30,1.06,0.07,0.04,0.77,1.43,0.01,0.01,0.07,0.00,0.00,0.00,5.09,4.25,0.59,0.14,0.00,0.00,0.00,0.65,0.07,0.73,0.65,0.00,0.68,1.37,0.00,0.46,0.06,0.37,0.13,0.00,0.00,0.51,0.19,0.00,0.24,0.12,0.00,0.74,0.11,0.00,0.00,0.38,7.47,1.71,2.19,6.25,3.85,10.49,3.77,0.06,0.91,1.97,32.03,10.27,0.01,1.18,0.19,0.29,0.00,0.19,0.02,0,0,0.28,0.25,4.14,0,0.28,0.56,0,0.77,0,0,0.61,0.36,0,0.559215686,2.48,0,6.38,0.55,0,205.25,0,0.02,0.41,0.8,0.59,0.83,1.82,0.24,0.49,0.46,13.76,0.52,1.88,4.02,2.61,0.04,1.85,0.04
09/30/1962,0.00,0.01,16.65,0.04,1.63,0.02,1.30,0.37,0.00,0.69,0.07,0.06,0.11,3.61,11.31,2.25,0.74,0.00,0.00,0.22,1.52,0.02,0.01,0.91,0.84,0.01,0.01,0.04,0.00,0.00,0.00,4.58,4.01,0.31,0.04,0.00,0.10,0.00,4.25,0.11,0.27,0.14,0.01,0.51,0.62,0.00,0.00,0.11,0.20,0.63,0.00,0.00,0.46,0.10,0.01,0.09,0.04,0.00,0.25,0.32,0.05,0.31,0.14,6.98,1.56,1.42,5.40,3.85,8.20,2.20,0.04,0.60,1.23,22.55,8.06,0.00,0.48,0.10,0.22,1.82,0.23,0.03,0,0,0.07,0.18,3.96,0,0.04,0.48,0,0.25,0,0.14,0.38,0.22,0,0.466764706,2.07,0.01,0.25,2.84,0,189.04,0,0.01,0.25,0.51,0.36,0.51,1.64,1.48,0.59,0.11,4.3,0.22,1.61,3.44,2.24,0.03,1.33,0.01
10/31/1962,0.20,1.09,74.28,0.85,14.30,5.74,20.62,5.24,13.52,18.10,4.52,27.06,0.77,45.43,36.20,9.46,16.15,1.72,8.53,2.62,51.07,8.90,4.60,59.49,13.81,0.45,5.31,3.14,8.42,9.62,37.24,47.64,118.05,0.97,2.31,46.83,5.00,0.00,14.42,3.09,4.98,3.71,3.17,10.69,1.89,16.80,2.30,3.58,14.28,12.43,5.13,6.03,14.68,1.15,3.38,8.55,1.15,0.00,15.18,22.16,8.66,50.27,0.34,148.21,27.21,38.30,42.06,33.73,36.58,67.56,2.89,40.81,66.22,143.43,86.51,0.18,8.85,1.18,9.87,117.87,0.68,0.36,79.9,6.07,1.36,9.72,41.79,0,12.84,3.86,9.62,8.29,41.11,12.2,2.36,1.39,2.41,2.602156863,11.54,2.12,21.99,25.58,14.66,658.42,1.87,0.33,1.58,26.89,2.43,3.41,16.34,33.59,1.71,19.05,123.91,6.52,13.06,27.9,18.16,10.58,16.1,5.6
11/30/1962,0.03,0.15,28.11,0.22,3.17,0.78,3.25,2.20,4.30,2.13,0.20,3.56,0.25,9.82,20.05,3.55,3.24,0.50,0.45,1.18,2.69,1.17,0.60,15.89,6.77,0.08,0.49,0.45,0.80,0.91,1.45,10.58,30.15,0.50,1.34,13.44,1.40,0.00,2.14,0.68,1.96,0.44,0.79,1.96,3.64,0.65,0.80,0.44,2.36,2.51,0.38,0.45,3.45,0.28,0.38,0.14,0.31,0.00,2.95,0.57,0.83,4.82,1.09,29.16,5.84,5.29,10.27,7.48,13.85,12.58,0.47,6.66,11.10,43.00,20.80,0.08,3.20,0.29,1.88,16.80,0.25,0.21,3.67,0.87,0.35,1.22,5.8,0,1.53,0.79,0.91,4.23,0,1.14,0.91,0.53,0.23,0,0,0.53,0.14,4.62,3.39,312.66,0.23,0.14,0.61,3.68,0.78,1.1,3.56,6.75,0.64,6.9,65.18,2.43,2.68,5.72,3.73,1.76,7.22,0.74
12/31/1962,0.12,0.68,46.98,0.42,15.49,1.77,18.47,11.47,17.72,9.03,1.34,11.16,0.63,32.90,36.89,8.34,7.67,0.55,4.32,3.21,42.17,3.67,1.89,75.36,21.89,0.22,2.16,2.28,2.77,3.17,6.92,32.18,74.80,0.52,4.04,10.89,11.80,0.00,6.33,2.11,6.02,1.85,3.73,4.86,8.33,3.12,2.73,10.64,8.19,7.77,3.47,4.08,8.03,0.68,1.45,1.91,0.79,1.30,7.25,10.97,2.77,16.08,2.88,90.89,17.57,20.81,32.39,36.54,23.14,50.03,1.40,19.76,32.43,95.46,57.38,0.31,12.72,0.69,7.97,42.81,0.29,0.65,49.8,9.95,0.68,4.85,19.32,0,6.12,2.79,3.17,13.7,9.42,2.34,2.86,1.68,0.79,1.993333333,8.84,2.5,6.51,14.47,7.98,633.71,1.16,0.57,1.92,16.45,2.01,2.82,9,20.87,0.72,26.08,184.3,6.84,9.43,20.14,13.12,7.53,19.73,2.31
01/31/1963,0.57,3.19,34.06,0.74,9.76,0.97,10.21,6.25,12.67,5.34,8.13,9.21,1.98,29.67,28.79,4.70,6.06,0.52,2.28,1.95,52.24,3.03,1.56,40.92,16.59,0.29,4.99,3.55,3.63,4.15,9.79,20.28,65.63,0.51,6.61,5.36,8.80,0.00,8.54,2.26,11.23,1.09,7.24,3.74,14.60,4.41,3.91,7.19,13.77,10.68,3.51,4.13,6.31,0.82,1.24,3.63,1.03,2.02,6.54,0.00,3.31,19.22,7.35,85.96,13.40,19.85,20.98,23.02,16.77,45.85,1.87,26.39,43.05,68.87,56.45,0.74,31.98,0.84,5.84,39.04,2.37,2.23,138.88,7.68,1.18,7.06,15.97,0,11.1,2.26,4.15,10.43,0,0,6.87,4.03,1.04,3.321470588,14.73,4.85,17.47,21.35,4.89,386.51,0.77,1.34,4.61,19.44,6.28,8.82,7.37,22.59,5.97,20.05,63.3,15.66,7.65,16.34,10.64,12.79,12.01,1.91
02/28/1963,1.40,7.83,71.29,1.63,15.08,9.87,19.03,10.92,84.44,19.43,8.05,23.56,4.85,47.78,44.47,11.94,16.42,5.08,33.12,7.29,117.04,7.75,4.00,68.93,73.89,0.69,8.87,5.29,6.23,7.12,8.18,39.91,192.65,2.27,22.54,59.30,25.30,3.54,13.15,8.04,32.93,3.98,12.04,10.37,48.62,3.69,12.48,35.45,17.54,11.58,5.17,6.08,17.24,1.71,2.90,5.28,3.28,2.28,16.48,38.53,0.00,0.00,27.14,234.84,39.52,61.37,36.95,35.57,35.11,105.28,4.42,62.46,101.18,175.58,129.62,2.25,94.06,1.76,15.10,172.61,1.30,3.45,108.74,8.35,2.62,17.67,42.85,0,19.24,3.72,7.12,48.03,0,0,21.01,12.33,1.78,3.801764706,16.86,8.06,46.89,27.79,63.84,908.21,6.91,4.05,14.09,32.34,15.37,21.58,20.04,17.66,3.28,67.98,299.1,47.7,12.61,26.93,17.54,32.65,44.81,4.88
03/31/1963,0.27,1.53,41.96,0.35,10.51,2.56,15.94,6.43,30.53,3.47,3.61,11.92,0.63,29.07,27.46,5.36,6.05,1.24,4.91,4.94,67.70,3.92,2.02,43.83,31.22,0.24,2.10,0.98,4.17,4.77,11.65,27.22,78.93,0.79,10.82,15.98,8.70,9.03,3.17,2.62,6.31,0.71,2.64,4.03,10.82,5.26,3.23,15.07,3.64,2.24,3.85,4.53,6.74,0.49,2.41,1.05,0.86,0.00,9.26,13.61,2.98,17.27,3.68,64.47,10.77,18.61,21.90,24.79,20.67,43.36,1.56,22.03,35.32,64.43,40.75,0.29,10.89,0.50,5.38,73.58,0.65,0.6,62.27,4.89,0.56,4.9,23.37,0,2.99,1.91,4.77,19.33,4.64,15.55,5.53,3.25,1.19,1.815196078,8.05,1.77,34.83,5.37,22.74,658.94,1.26,0.51,3.71,8.71,1.98,2.78,7.16,2.67,1.64,21.1,90.49,9.79,6.48,13.84,9.01,7.6,30.32,2.47
04/30/1963,1.15,6.40,80.64,0.90,33.71,18.27,39.53,23.67,68.14,10.27,7.92,28.82,1.37,77.59,64.32,17.67,26.81,1.75,34.79,15.72,135.60,9.48,4.89,164.05,99.24,0.64,10.48,2.98,10.22,11.68,21.04,72.42,231.28,0.98,18.51,37.18,15.80,21.58,8.67,10.48,13.43,2.10,9.49,15.26,22.99,9.49,5.24,48.58,6.75,5.22,9.85,11.58,26.40,2.50,7.20,3.21,1.84,6.27,16.21,20.12,17.53,101.75,6.93,224.55,32.99,58.70,50.82,79.52,39.72,121.80,4.00,56.48,94.45,237.64,105.86,0.61,22.07,2.57,19.12,173.51,2.73,1.01,127.91,23.32,1.44,10.13,69.25,0,6.39,6.08,11.68,54.38,46.78,54.75,12.37,7.26,2.92,5.813137255,25.78,6.35,85.39,13.85,54.66,1632.65,1.79,1.09,8.29,39.6,4.35,6.11,20.08,6.32,6.87,63.73,283.6,20.03,20.6,44,28.65,9.6,96.59,5.96
05/31/1963,1.88,10.47,83.27,4.18,13.21,14.28,7.85,7.53,21.74,31.68,1.85,6.08,2.28,35.43,46.60,14.98,30.09,10.14,7.02,4.29,30.45,2.00,1.03,48.12,33.33,0.63,8.59,10.06,2.85,3.26,4.28,29.42,126.87,4.21,7.13,2.66,4.50,0.00,41.34,5.47,40.41,6.49,18.96,12.62,74.06,1.93,21.45,7.00,32.10,20.24,1.69,1.99,21.75,2.46,4.83,8.05,7.63,11.95,3.06,5.61,10.01,58.11,10.65,149.37,21.83,51.47,34.89,31.16,41.02,67.79,3.93,55.55,92.89,164.94,157.29,1.03,28.88,2.52,7.59,141.19,1.98,0.81,26.12,2.86,6.7,6.87,23.74,0,30.34,3.5,3.26,18.88,27.31,12.01,41.04,24.09,0.81,4.043039216,17.93,12.69,57.67,59.15,19.65,751.63,13.22,1.85,27.51,37.73,7.23,10.15,11.21,25.66,4.99,36.46,320.7,57.94,11.86,25.33,16.49,3.03,26.35,1.26
06/30/1963,0.31,1.73,44.14,3.63,3.97,4.00,3.43,2.07,4.04,8.80,0.60,1.92,1.21,12.12,27.42,5.54,9.32,11.63,0.10,1.33,5.84,0.63,0.33,11.33,8.44,0.17,1.53,2.15,0.79,0.90,1.53,12.38,25.92,4.79,2.09,10.82,1.50,0.00,17.10,1.23,18.39,1.80,4.00,3.48,39.95,0.69,11.05,0.07,12.26,5.43,0.53,0.62,4.93,0.68,0.88,0.77,4.75,3.01,0.64,2.39,0.00,0.00,5.24,53.59,10.12,14.05,19.09,9.37,21.74,19.69,1.09,15.38,25.71,78.48,64.44,0.28,8.73,0.70,1.84,39.88,0.74,0.17,5.81,0.58,5.82,2.92,9.8,0,19.95,1.15,0.9,6.22,0,0,20.78,12.2,0.23,1.199607843,5.32,2.68,10.51,18.81,4.79,343.76,8.41,0.5,13.93,7.58,3.84,5.39,4.18,7.35,1.86,7.3,102.2,26.45,3.88,8.29,5.4,0.5,8.17,0.4
07/31/1963,0.06,0.35,32.37,1.22,2.73,1.41,2.16,1.01,0.00,1.28,0.20,0.40,0.45,7.14,18.77,3.33,2.66,4.44,0.00,1.23,5.94,0.13,0.07,4.51,3.46,0.04,0.05,0.24,0.13,0.15,0.44,8.21,8.83,2.02,0.85,0.84,0.60,0.00,5.03,0.28,4.01,0.26,0.55,1.23,6.92,0.20,2.89,0.07,1.63,0.99,0.21,0.25,1.17,0.16,0.19,0.09,1.02,1.82,0.65,2.39,0.34,1.98,1.36,21.08,4.74,4.90,9.99,6.44,15.94,11.08,0.27,3.80,6.33,52.76,22.49,0.05,3.28,0.17,0.86,24.26,0.48,0.04,1.84,0.1,1.96,1.31,5.24,0,5.43,0.69,0.15,2.48,0.18,3.81,4.1,2.41,0.04,0.428431373,1.9,0.37,3.81,4.19,1.5,267.28,0.6,0.09,2.75,1.75,1.41,1.98,2.87,2.03,1.21,1.94,27,4.27,2.32,4.96,3.23,0.13,7.54,0.08
08/31/1963,0.01,0.08,30.51,0.28,2.36,0.56,1.70,0.68,0.00,0.59,0.12,0.00,0.30,5.41,14.87,2.99,0.96,0.71,0.00,1.84,0.00,0.00,0.00,2.36,1.35,0.02,0.05,0.06,0.00,0.00,0.06,6.68,5.30,0.58,0.31,0.15,0.30,0.00,2.59,0.13,1.15,0.12,0.22,0.69,2.01,0.03,0.47,0.07,0.19,0.46,0.07,0.08,0.54,0.09,0.06,0.09,0.18,0.00,1.00,1.68,0.03,0.20,0.63,9.86,2.19,3.16,7.42,5.57,15.02,4.96,0.13,1.80,3.03,25.76,13.53,0.02,1.83,0.09,0.54,25.28,0.44,0.02,0.4,0.04,0.45,1,4.86,0,0.45,0.66,0,0.66,1.62,1.07,1.15,0.67,0,0.302156863,1.34,0.15,4.47,1.83,0,231.09,0,0.03,0.77,0.92,0.96,1.35,2.15,1.32,1.11,0.6,5.13,0.79,2.22,4.74,3.09,0.08,11.32,0
09/30/1963,0.01,0.04,26.94,0.10,2.23,0.26,1.54,0.68,0.00,0.00,0.10,0.27,0.23,4.92,14.58,3.12,1.01,0.31,0.00,1.69,7.18,0.09,0.05,2.42,0.99,0.02,0.11,0.04,0.00,0.00,0.05,6.10,6.21,0.43,0.21,0.00,0.30,0.00,3.34,0.21,0.63,0.00,0.13,0.64,1.36,0.02,0.36,0.04,0.17,0.37,0.06,0.07,0.62,0.09,0.06,0.09,0.07,1.33,0.32,1.13,0.10,0.60,0.39,10.82,2.28,2.47,6.58,5.26,13.27,3.76,0.12,1.68,2.87,20.87,10.90,0.01,1.16,0.10,0.41,35.36,0.06,0.06,0,0.01,0.15,1.1,5.3,0,0.13,0.52,0,0.28,4.38,0.95,0.73,0.43,0,0,0,0.09,4.46,1.93,0,217.81,0,0.02,0.49,0.72,0.72,1.01,2.25,0.78,0.16,0.38,6,0.5,1.77,3.78,2.46,0.18,10.39,0.06
10/31/1963,0.02,0.10,26.23,0.33,2.66,0.44,1.91,1.38,0.47,2.54,0.14,2.61,0.22,5.92,18.16,3.84,2.01,0.37,0.66,1.42,6.88,0.86,0.44,5.81,3.04,0.02,0.17,0.09,0.44,0.50,0.50,7.22,8.60,0.45,0.70,3.45,0.30,4.92,0.92,0.20,1.45,0.52,0.16,1.64,3.35,0.22,0.84,0.12,0.12,0.28,0.09,0.11,0.90,0.01,0.14,0.14,0.43,20.29,1.22,0.00,0.00,0.00,0.94,15.14,3.27,2.95,7.26,6.27,12.92,4.45,0.13,1.83,2.84,14.38,11.23,0.04,2.21,0.01,0.53,29.00,0.28,0.07,1.07,0.4,0.54,1.15,4.09,0,1.18,0.56,0.5,1.53,0.2,3.42,0.93,0.55,0.13,0.394607843,1.75,0.11,5.26,0.87,1.6,256.07,0.21,0.07,0.62,0.93,0.7,0.98,2.21,0.58,0.7,1.39,21.89,1.97,1.91,4.08,2.66,0.48,8.72,0.54
11/30/1963,0.22,1.24,37.87,0.94,6.72,0.16,4.86,6.05,7.94,10.87,0.81,9.33,1.17,14.75,26.03,4.77,6.10,1.57,1.43,4.45,34.73,3.07,1.59,40.63,16.41,0.18,0.62,1.74,3.07,3.51,5.16,14.98,36.20,0.92,5.46,14.56,5.20,12.88,5.80,0.71,9.93,2.23,2.97,4.32,16.02,2.33,4.60,1.33,2.03,5.22,1.17,1.38,7.46,0.18,1.05,1.62,1.53,8.08,4.48,0.00,0.34,1.95,6.84,50.81,10.88,17.86,16.05,15.85,18.65,32.10,1.20,16.91,26.51,47.20,38.38,0.47,20.95,0.18,4.11,56.25,0.70,1.19,28.78,4.14,1.52,4.63,14.93,0,9.93,1.63,3.51,8.84,0,5.09,4.65,2.73,0.88,1.666372549,7.39,1.99,28.47,10.78,9.57,487.61,2.02,0.85,3.12,13.19,3.69,5.18,5.97,13.81,1.77,18.64,131.25,12.86,5.51,11.77,7.66,5.12,27.32,1.93
12/31/1963,0.11,0.63,31.67,0.35,3.12,0.84,2.08,2.07,2.83,2.96,0.30,5.47,1.04,7.45,19.12,3.42,2.52,0.59,0.73,1.82,10.25,1.80,0.93,10.74,7.64,0.07,0.18,0.82,0.80,0.91,1.09,8.28,16.88,0.54,1.44,6.55,4.10,0.00,2.00,0.37,5.18,0.61,1.72,1.80,10.08,0.49,1.56,0.31,2.03,2.37,0.35,0.41,2.17,0.23,0.12,4.72,0.59,0.05,1.38,0.00,0.00,0.00,4.33,24.31,5.29,6.47,8.77,7.36,15.60,11.89,0.47,6.69,10.98,16.59,19.52,0.31,14.65,0.24,1.59,41.55,0.35,0.66,6.38,1.1,0.57,1.98,9.73,0,1.97,0.88,0.91,4.32,0,0,2.81,1.65,0.23,0.741862745,3.29,1.15,2.67,4.38,1,298.07,1.12,0.56,1.88,4,3.28,4.6,2.91,6.18,0.88,5.74,59.41,8.04,2.97,6.34,4.13,2.89,11.17,1.13
01/31/1964,0.10,0.55,34.49,0.22,10.29,0.96,11.81,7.42,10.59,1.91,3.27,14.96,0.53,20.42,27.33,3.57,4.25,0.46,2.59,5.54,66.82,4.92,2.54,46.43,20.91,0.14,0.29,0.85,3.97,4.54,10.65,21.04,31.71,0.49,3.86,16.64,8.40,26.83,1.38,0.60,3.92,0.39,1.28,2.96,7.15,4.80,1.60,17.22,1.61,1.67,1.99,2.34,3.89,0.18,1.21,1.56,0.44,0.00,4.17,7.68,0.99,5.74,3.18,36.86,7.97,12.63,19.07,24.27,16.99,31.10,0.93,13.17,20.76,36.81,22.75,0.23,10.39,0.18,4.26,71.36,0.29,0.42,58.69,8.29,0.35,3.73,27.62,0,1.42,1.5,4.54,11.18,5.57,7.6,2.41,1.41,1.13,1.896372549,8.41,0.86,10.47,3.09,10.17,595.36,0.59,0.41,1.62,6.42,1.67,2.34,5.09,4.4,0.74,12.51,88.92,5.77,5.09,10.87,7.08,5.15,34.02,3.09
02/29/1964,0.15,0.83,22.52,0.21,3.68,1.10,5.06,2.97,7.70,1.69,0.56,7.48,0.51,11.71,19.35,3.44,3.05,0.28,0.96,2.77,13.57,2.46,1.27,13.26,12.71,0.12,0.15,0.72,1.49,1.70,1.48,11.03,23.90,0.42,1.85,8.81,7.40,4.46,1.49,0.54,3.31,0.35,1.84,2.08,5.73,0.67,1.36,4.37,1.44,1.85,0.52,0.61,2.05,0.48,0.71,1.00,0.41,0.00,3.46,1.59,1.96,11.40,2.43,30.46,6.63,11.28,10.12,8.68,11.09,22.29,0.73,10.27,17.24,34.73,22.19,0.20,8.90,0.49,4.13,44.84,0.29,0.3,6.77,1.54,0.33,2.52,15.67,0,1.41,1.03,1.7,6.03,1.03,4.83,2.58,1.51,0.43,1.416078431,6.28,1.23,12.85,3.42,2.59,354.73,0,0.35,1.73,5.43,1.63,2.29,3.75,4.94,0.72,14.05,68.22,5.4,3.49,7.45,4.85,3.4,16.99,1.55
03/31/1964,0.21,1.19,32.12,0.27,3.84,2.07,4.46,2.87,4.34,2.49,0.50,2.31,0.43,11.84,19.55,4.43,3.66,0.50,0.14,1.96,17.66,0.76,0.39,11.30,7.35,0.13,0.45,0.89,1.74,1.99,1.68,10.88,32.13,0.50,1.39,11.55,3.70,0.00,2.10,1.04,5.27,0.51,2.57,2.75,8.99,0.76,2.03,0.34,2.24,2.76,0.34,0.40,3.01,0.73,0.73,1.62,0.66,7.11,3.22,1.91,1.34,7.76,4.10,45.09,9.35,12.11,9.94,9.06,15.82,23.25,0.80,11.29,19.60,41.05,24.67,0.29,12.83,0.75,3.88,33.82,0.50,0.34,10.7,0.83,0.43,2.31,4.91,0,2.36,1.17,1.99,3.39,0,10.46,3.69,2.17,0.5,1.143235294,5.07,1.72,12.9,5.38,3.29,355.9,1.11,0.53,2.47,6.67,1.37,1.92,4.28,6.4,1.26,7.92,59.67,7.03,3.97,8.48,5.52,4.17,12.03,0.48
04/30/1964,0.58,3.21,40.89,1.10,4.34,6.76,4.44,1.96,3.83,10.61,0.27,3.77,1.10,18.09,22.62,7.76,7.73,2.72,0.00,3.10,10.02,1.24,0.64,12.06,7.05,0.28,7.38,3.39,1.67,1.91,1.95,16.33,54.46,1.36,1.40,3.36,1.10,0.00,9.85,2.41,14.71,2.17,7.68,5.31,23.19,0.88,6.90,0.18,10.44,10.02,0.29,0.34,10.65,1.48,2.08,3.86,2.52,3.19,4.07,17.55,3.34,19.39,7.19,85.56,10.77,22.43,16.36,10.24,20.14,35.32,1.68,23.75,41.07,68.09,58.52,0.58,20.74,1.52,5.72,50.74,0.86,0.87,3.76,0.48,1.76,4.53,10.13,0,11.47,1.76,1.91,3.12,0,5.22,12.3,7.22,0.48,0.791470588,3.51,5.14,8.65,22.38,4.09,364.48,4.08,1.04,8.25,22.87,3.48,4.89,7.06,16.83,2.18,9.27,83.16,21.94,5.96,12.73,8.29,4.7,19.01,0.78
05/31/1964,0.56,3.11,45.49,2.58,4.33,5.34,2.59,1.35,2.77,19.08,0.20,4.47,0.62,14.61,23.04,7.38,11.32,7.36,0.00,1.23,7.36,1.47,0.76,10.80,6.22,0.35,3.54,7.04,0.74,0.85,0.59,13.83,48.34,3.14,0.86,2.92,0.50,0.00,23.92,2.43,20.13,3.91,9.55,6.26,34.48,0.27,13.37,0.12,19.85,14.04,0.14,0.16,13.03,0.89,3.09,4.87,4.81,5.48,1.45,12.09,5.20,30.20,2.69,84.84,14.42,24.80,17.38,10.21,22.41,27.18,2.26,31.99,51.84,78.31,85.84,0.41,12.79,0.91,3.07,40.47,0.61,0.33,3.55,0.26,4.13,3.67,15.47,0,22.04,1.7,0.85,2.79,9.03,13.09,19.14,11.23,0.21,0.076666667,0.34,6.39,14.55,38.36,2.59,300.47,7.72,0.73,12.83,19.81,1.96,2.75,5.76,16.63,1.55,5.82,93.83,29.71,5.75,12.28,8,1.63,7.58,0.92
06/30/1964,0.13,0.74,34.98,2.19,3.03,1.89,1.93,0.97,0.63,9.30,0.12,0.52,0.35,8.35,18.88,4.34,7.72,6.05,0.00,0.00,6.27,0.17,0.09,6.02,3.64,0.16,0.70,2.52,0.31,0.35,1.07,8.59,20.31,2.64,0.39,3.25,0.30,0.00,13.57,0.76,9.20,1.90,3.59,3.50,18.87,0.48,7.01,0.12,9.55,4.63,0.03,0.04,4.41,0.61,0.78,1.02,2.91,8.00,0.64,5.69,1.99,11.57,1.07,37.98,7.67,11.93,12.77,7.15,17.23,11.89,0.98,13.83,23.13,44.91,47.10,0.12,4.03,0.63,1.44,42.81,0.47,0.07,3.23,0.19,3.52,1.54,2.5,0,12.92,0.93,0.35,2.04,6.14,9.26,10.22,6,0.09,0.209705882,0.93,2.4,4.48,15.81,0.7,317.49,3.57,0.21,6.85,5.55,1.1,1.54,2.78,5.54,1.19,2.2,69.61,13.34,3.16,6.75,4.39,0.24,0,0.11
07/31/1964,0.03,0.16,23.18,0.68,2.00,0.41,1.42,0.33,0.00,1.53,0.08,5.53,0.08,5.10,13.55,2.64,3.55,1.48,0.00,0.00,1.72,1.82,0.94,1.02,1.42,0.04,0.05,0.24,0.00,0.00,0.64,5.95,7.57,0.88,0.06,1.48,0.10,0.00,3.00,0.17,1.82,0.31,0.57,1.50,4.13,0.29,2.24,0.32,1.09,0.69,0.00,0.00,2.76,0.21,0.12,0.00,0.55,10.51,0.25,0.36,0.36,2.08,0.49,13.71,3.08,3.76,7.40,4.72,11.41,4.34,0.21,2.94,5.15,42.37,15.64,0.02,1.46,0.21,0.57,23.24,0.36,0.02,1.81,0,1.09,0.65,4.02,0,1.67,0.51,0,0.93,2.05,3.94,2.02,1.19,0,0,0,0.38,5.36,2.67,0,201.24,0,0.04,1.35,1.39,0.25,0.35,1.72,1.16,0.91,0.46,25.91,1.93,1.73,3.7,2.41,0.05,0,1.14
08/31/1964,0.01,0.04,22.49,0.16,1.86,0.09,1.22,0.26,0.00,0.46,0.07,0.00,0.08,4.02,11.57,1.99,1.13,0.35,0.00,0.00,0.00,0.00,0.00,0.39,1.04,0.02,0.02,0.06,0.00,0.00,0.02,5.23,3.44,0.45,0.00,1.42,0.10,0.00,1.87,0.06,0.56,0.09,0.03,0.69,1.18,0.01,0.74,0.08,0.26,0.37,0.00,0.00,2.13,0.13,0.06,0.00,0.11,6.37,0.24,0.41,0.30,1.72,0.27,6.88,1.58,2.22,5.71,4.39,11.08,1.56,0.08,1.20,2.26,17.87,10.11,0.01,0.82,0.14,0.30,25.61,0.04,0.01,0,0,0.25,0.75,2.06,0,0.09,0.41,0,0.68,3.39,0.33,0.53,0.31,0,0,0,0.02,3.79,1.59,0,187.05,0,0.01,0.36,0.7,0.26,0.37,1.56,0.71,0.1,0.12,18.15,0.39,1.4,2.99,1.95,0.07,0,0
09/30/1964,0.01,0.04,19.08,0.05,2.05,0.06,1.30,0.38,0.00,0.03,0.05,0.00,0.10,3.95,12.17,2.15,0.58,0.00,0.00,0.00,3.10,0.00,0.00,0.95,0.84,0.01,0.03,0.02,0.00,0.00,0.02,5.18,2.55,0.31,0.02,0.00,0.00,0.00,2.94,0.08,0.32,0.01,0.00,0.43,0.77,0.01,0.25,0.06,0.22,0.40,0.00,0.00,1.38,0.09,0.00,0.00,0.05,5.23,0.43,0.66,0.27,1.57,0.20,6.82,1.53,1.77,5.58,4.84,9.40,1.25,0.06,0.91,1.67,12.72,8.06,0.00,0.53,0.10,0.23,31.98,0.24,0.03,0,0,0.09,0.11,2.25,0,0.02,0.33,0,0.31,0,0,0.43,0.25,0,0,0,0,3.19,1.84,0,186.99,0,0.01,0.29,0.58,0.32,0.45,1.28,0.99,0.59,0.08,13.95,0.26,1.11,2.37,1.54,0.01,0,0
10/31/1964,0.00,0.02,16.82,0.09,2.18,0.09,1.43,0.58,0.29,2.80,0.09,1.64,0.08,4.29,13.61,2.58,0.90,0.11,0.00,0.11,9.20,0.54,0.28,1.92,1.58,0.01,0.05,0.05,0.15,0.17,0.03,5.16,6.60,0.35,0.44,1.42,0.10,0.00,1.00,0.13,0.36,0.57,0.00,0.86,1.00,0.01,0.32,0.05,0.14,0.30,0.02,0.02,0.50,0.16,0.04,0.06,0.07,4.15,1.02,0.35,0.18,1.02,0.22,6.70,1.43,1.82,5.63,5.14,8.28,20.79,0.07,0.92,1.91,18.91,6.84,0.01,0.65,0.16,0.30,26.18,0.21,0.02,3.33,0.01,0.14,0.63,3.77,0,0.03,0.35,0.17,0.55,1.6,2.08,0.33,0.19,0.04,0.124019608,0.55,0,1.62,0.92,0,211.41,0,0.01,0.22,0.54,0.25,0.35,1.51,0.65,0.52,0.52,17.73,0.44,1.17,2.5,1.63,0.16,0.67,0.34
11/30/1964,0.04,0.24,23.85,0.34,9.50,0.53,5.94,4.99,10.46,1.77,0.69,5.87,0.32,10.69,24.96,3.32,2.56,0.43,0.41,2.50,33.45,1.93,1.00,34.80,14.57,0.05,0.14,0.34,1.56,1.78,0.73,13.98,16.49,0.48,6.72,3.16,4.40,7.81,1.18,0.38,1.53,0.36,0.69,1.91,2.82,0.33,1.04,1.52,1.31,0.36,0.83,0.98,2.76,0.00,0.44,0.74,0.34,2.60,2.67,0.31,1.04,6.01,0.80,18.97,4.04,6.25,14.51,22.41,11.75,13.98,0.37,5.24,8.03,36.54,12.93,0.03,2.57,0.00,2.10,27.26,0.29,0.09,14.64,6.6,0.54,2.62,8.26,0,1.58,0.75,1.78,9.21,0,7.14,1.15,0.67,0.45,0.865882353,3.84,0.46,9.96,1.09,9.9,322.19,0.42,0.06,0.77,3.87,1,1.4,3.01,0.77,0.74,8.88,53.34,2.13,2.55,5.45,3.55,1.46,15.36,1.21
12/31/1964,1.92,10.70,123.62,3.74,34.97,14.71,47.49,17.19,117.58,44.99,13.85,55.12,9.27,115.12,79.87,27.12,34.61,6.37,4.09,16.19,269.05,18.13,9.36,139.92,144.93,1.47,13.53,15.72,15.47,17.68,26.28,104.84,315.07,2.76,39.83,169.91,36.00,30.33,28.50,9.65,57.44,9.21,29.52,21.38,86.98,11.85,24.50,94.66,38.84,31.92,7.12,8.37,50.19,1.07,8.99,10.04,6.09,7.24,32.04,58.46,7.25,42.05,38.61,400.76,73.11,142.00,83.93,82.49,60.89,253.20,9.79,138.31,215.61,222.14,235.50,3.76,158.46,1.10,38.15,362.47,6.82,8.09,213,18.67,6,41.68,116.09,0,41.14,10.57,17.68,95.2,1.81,70.41,34.43,20.21,4.42,11.05803922,49.04,19.76,51.57,62.16,121,1611.63,7.63,6.77,23.08,92.38,29.35,41.2,37.46,83.05,17.2,177.02,536.55,80.47,35.79,76.45,49.78,68.09,99.45,11.4
01/31/1965,1.10,6.15,70.15,0.77,33.52,6.70,49.34,25.33,94.18,7.18,20.78,43.14,1.71,97.43,70.34,11.80,18.09,1.88,48.08,12.58,208.59,14.19,7.33,140.14,110.50,0.83,3.76,1.96,14.66,16.75,22.91,78.15,223.79,1.03,27.85,45.19,23.90,50.68,4.82,5.20,17.57,1.47,7.56,11.43,31.34,10.34,6.48,72.86,6.63,4.67,8.65,10.17,11.91,1.22,7.32,2.63,1.81,7.48,32.50,21.72,14.13,81.97,14.26,224.96,45.10,74.77,50.59,79.07,34.55,181.64,5.43,76.63,121.39,156.54,132.75,1.17,45.01,1.25,21.06,207.21,3.18,1.46,206.23,25.94,1.23,16.42,83.19,0,4.08,5.96,16.75,68.34,28.52,83.03,13.97,8.2,4.19,10.40862745,46.16,5.06,98.71,10.35,80.3,1339.68,1.75,2.11,9.37,30.58,5.43,7.62,22.01,7.08,8.01,74.52,221.67,23.25,20.17,43.08,28.05,29.7,77.25,8.93
02/28/1965,0.72,4.01,37.99,0.56,7.55,4.75,8.61,8.18,21.74,3.12,2.03,2.64,1.09,26.70,35.26,6.81,7.65,0.79,9.37,3.32,25.09,0.87,0.45,30.42,33.19,0.27,3.33,1.66,2.44,2.79,2.09,23.08,100.08,0.62,6.11,19.32,5.70,0.00,4.19,3.98,9.83,0.64,6.12,4.98,18.51,0.94,4.40,11.30,3.74,3.68,1.37,1.61,6.06,1.37,2.61,0.00,1.26,1.33,8.37,6.28,4.76,27.62,5.62,104.88,17.89,24.54,17.57,17.81,18.71,48.36,1.61,22.80,39.24,99.93,57.43,0.46,17.41,1.40,5.24,82.11,1.61,0.97,24.45,4.13,0.9,4.25,21.34,0,2.62,2.12,2.79,18.32,0,32.55,9.51,5.58,0.7,3.409411765,15.12,4.1,29.55,8.84,20.9,583.31,1.04,0.83,6.38,16.46,3.44,4.83,8.94,5.63,4.06,34.03,110.03,15.17,7.19,15.36,10,5.3,20.42,0.55
03/31/1965,0.63,3.51,50.92,0.69,7.78,6.70,5.99,5.52,7.66,5.07,1.21,5.17,1.25,20.97,32.56,9.47,10.42,0.88,1.31,2.34,14.74,1.70,0.88,21.51,17.01,0.20,4.73,1.70,1.46,1.67,1.59,21.69,98.26,0.65,4.00,11.49,2.50,0.00,4.86,7.09,10.74,1.04,7.21,5.99,19.60,0.72,4.30,0.51,4.56,4.27,0.80,0.94,6.38,0.05,1.87,0.00,1.38,0.00,3.39,2.61,2.17,12.58,6.27,104.13,13.20,17.27,17.56,18.35,25.08,38.76,1.32,18.64,28.75,84.72,47.94,0.51,19.03,0.05,4.62,54.81,1.54,1,12.4,4.33,1.1,3.59,17.43,0,3.5,2.04,1.67,9.38,0,43.98,9.83,5.77,0.42,2.257156863,10.01,4.83,20.76,10.26,17.9,443.71,2.21,0.91,6.59,14.04,3.95,5.55,8.13,6.53,3.89,19.52,94.72,16.59,6.92,14.78,9.62,4.13,14.35,1.07
04/30/1965,1.29,7.19,81.07,1.49,23.98,15.12,21.97,15.61,58.36,16.95,1.73,19.21,1.06,50.36,53.22,16.14,25.79,3.51,5.26,10.04,69.15,6.32,3.26,127.23,87.64,0.54,17.45,7.04,5.53,6.32,9.55,52.08,175.81,1.66,28.14,29.50,6.90,53.46,16.67,14.26,20.14,3.47,13.37,13.03,32.00,4.31,10.95,17.79,14.89,10.97,4.45,5.23,21.04,0.05,5.49,6.36,3.24,2.91,5.67,13.79,10.99,63.76,4.72,193.04,14.68,49.23,42.78,56.57,39.93,77.49,3.65,51.57,79.33,171.78,112.64,0.66,17.39,0.06,11.16,132.21,2.69,0.41,45.85,14.94,2.4,6.82,37.56,0,16.34,4.11,6.32,46.95,25.93,35.1,21.14,12.41,1.58,4.309117647,19.11,8.95,52.95,28.14,43.9,1002.33,3.72,1.19,14.17,38.9,3.35,4.7,14.56,14.03,6.77,55.71,255.66,27.53,13.9,29.69,19.33,2.97,61.7,3.98
05/31/1965,1.05,5.86,78.99,3.58,8.84,15.56,5.12,3.51,9.27,20.28,0.75,4.10,1.83,24.91,38.90,13.26,24.25,8.71,1.79,2.78,16.85,1.35,0.70,23.89,23.27,0.43,8.52,8.90,1.17,1.34,1.51,23.48,93.50,3.66,5.75,15.06,1.80,0.00,31.97,8.95,33.84,4.15,12.01,9.91,61.08,0.68,19.82,5.12,31.04,17.00,1.47,1.73,17.52,1.66,2.42,4.51,5.97,5.06,1.91,7.78,0.41,2.36,8.25,153.67,19.45,32.33,27.56,20.85,38.91,44.35,2.66,37.53,62.79,141.34,125.19,0.87,25.17,1.71,3.84,66.52,1.15,0.74,7.94,1.29,5.74,4.58,12.85,0,24.42,2.95,1.34,15.83,8.8,0,33.42,19.61,0.33,1.921176471,8.52,8.04,17.99,48.12,19.4,485.11,12.27,1.56,22.41,23.79,5.81,8.16,8.97,21.5,2.91,27.21,203.31,48.79,9.98,21.32,13.88,1.86,17.1,0.85
06/30/1965,0.29,1.64,53.60,3.84,3.81,5.42,2.47,1.52,4.62,13.98,0.27,2.10,1.35,11.44,30.13,7.62,10.26,12.03,0.00,0.82,5.42,0.69,0.36,8.01,7.91,0.22,2.34,2.74,0.42,0.48,0.60,12.72,28.18,4.94,1.74,5.22,1.10,0.00,26.95,1.96,21.72,2.86,5.42,3.81,45.16,0.27,13.79,0.08,20.66,8.79,0.41,0.48,5.21,0.84,0.95,0.04,5.24,7.36,0.54,0.00,0.00,0.00,6.10,70.35,12.60,15.98,22.75,8.99,26.40,16.62,1.34,18.95,31.69,88.51,91.52,0.35,10.01,0.86,1.20,26.15,0.54,0.2,1.84,0.35,6.16,3.04,8.78,0,24.37,1.44,0.48,6.48,0,0,24.89,14.61,0.12,0.692254902,3.07,3.63,8.33,30.24,3.4,284.3,11.06,0.62,16.69,7.86,4.27,5.99,4.8,11.69,1.36,6.68,97.3,31.09,4.86,10.38,6.76,0.6,5.04,0.43
07/31/1965,0.05,0.27,37.12,1.68,2.53,1.55,1.84,0.71,0.00,2.75,0.09,1.31,0.71,6.31,21.29,5.17,2.62,6.56,0.00,0.09,5.26,0.43,0.22,2.70,2.59,0.05,0.31,0.32,0.03,0.03,0.34,8.50,9.25,2.84,0.78,3.73,0.20,0.00,5.04,0.49,7.32,0.56,1.67,1.27,13.22,0.15,4.42,0.09,3.81,0.99,0.09,0.11,0.94,0.13,0.21,0.00,1.81,6.25,0.86,0.00,0.00,0.00,2.54,24.03,4.97,5.27,12.83,5.97,18.28,8.94,0.34,4.80,7.76,37.92,28.94,0.10,4.42,0.13,0.64,27.99,0.52,0.07,1.97,0.03,2.69,1.88,7.55,0,10.18,0.81,0.03,1.54,0,16.7,7.99,4.69,0.01,0.263823529,1.17,1.12,6.44,4.19,1.7,258.53,3.01,0.19,5.36,1.83,2.24,3.14,3.11,2.03,1.31,1.62,35.45,9.73,2.75,5.87,3.82,0.17,0.52,0.27
08/31/1965,0.03,0.16,36.92,1.19,2.67,0.87,1.75,0.82,0.00,1.28,0.08,0.82,0.54,5.57,17.94,4.86,1.36,3.83,0.00,0.15,6.04,0.27,0.14,3.06,1.44,0.03,0.23,0.22,0.12,0.14,0.20,7.92,7.74,1.79,0.45,0.10,0.00,0.00,4.45,0.41,4.13,0.26,0.60,0.93,4.85,0.09,3.28,0.03,1.80,0.78,0.10,0.12,1.03,0.15,0.15,0.00,0.88,5.01,0.94,0.00,0.00,0.00,1.67,15.72,3.14,4.15,9.67,6.30,18.18,6.07,0.17,2.46,4.24,23.76,17.24,0.06,4.51,0.15,0.49,27.89,0.28,0.05,0.71,0.03,1.9,2.25,4.08,0,6.35,0.78,0.14,0.5,0,24.32,3.95,2.32,0.03,0.360784314,1.6,0.4,3.06,3.16,2.4,226.78,1.01,0.1,2.65,1.2,1.71,2.4,3.04,1.95,0.72,0.97,25.11,3.92,2.63,5.62,3.66,0.25,0.91,0.17
09/30/1965,0.02,0.09,23.85,0.24,2.39,0.51,1.52,0.67,0.00,1.29,0.07,0.49,0.32,4.89,16.41,4.44,0.68,0.42,0.67,0.03,0.00,0.16,0.08,2.17,0.95,0.02,0.17,0.08,0.00,0.00,0.14,6.48,3.93,0.47,0.28,0.00,0.00,0.00,2.71,0.13,1.35,0.26,0.00,0.43,0.83,0.06,1.71,0.06,0.69,0.27,0.04,0.05,0.74,0.02,0.02,0.00,0.17,4.08,0.32,0.00,0.00,0.00,0.82,10.80,2.30,2.72,7.00,5.64,11.75,5.84,0.11,1.49,2.34,16.76,11.45,0.02,2.55,0.02,0.39,33.74,0.26,0.1,0,0.03,0.38,0.99,3.2,0,2.22,0.38,0,0.26,0,19.41,1.64,0.96,0,0,0,0,2.91,1.56,1.1,214.31,0,0.04,1.1,0.83,1.02,1.43,1.52,0.65,0.65,0.52,13.97,1.01,1.29,2.76,1.79,0.17,0.21,0.1
10/31/1965,0.01,0.06,14.00,0.33,2.48,0.35,1.56,0.76,0.00,1.14,0.09,0.64,0.36,5.01,16.95,21.02,1.50,0.23,0.65,0.34,7.12,0.21,0.11,2.99,2.23,0.02,0.14,0.07,0.02,0.02,0.04,6.69,7.20,0.40,0.30,0.00,0.00,0.00,1.08,0.31,0.93,0.23,0.00,1.33,0.45,0.02,0.45,0.66,0.00,0.33,0.04,0.05,1.12,0.16,0.10,0.00,0.42,1.30,1.08,2.28,0.10,0.59,0.23,10.52,2.08,1.97,6.63,5.85,6.90,5.51,0.08,1.17,2.30,5.49,10.36,0.03,1.45,0.17,0.36,33.20,0.14,0.07,0,0.08,0.53,0.89,0.3,0,0.74,0.47,0.02,1.09,2.08,3.8,1,0.59,0.01,0.315686275,1.4,0,3.12,1.01,0.7,228.6,0.15,0.06,0.67,0.68,1.14,1.6,1.91,0.67,0.35,0.47,11.98,0.97,1.6,3.42,2.23,0.34,2.06,0.13
11/30/1965,0.11,0.62,34.51,0.58,5.60,1.25,6.42,3.16,16.72,3.89,1.09,6.78,0.66,13.92,23.50,13.73,4.61,0.46,0.66,8.56,38.23,2.23,1.15,27.71,21.13,0.06,0.43,0.41,1.67,1.91,2.28,15.12,25.11,0.49,12.39,7.58,5.60,0.54,2.40,0.87,2.88,0.80,1.76,3.16,1.46,1.03,2.30,2.30,0.15,1.83,0.67,0.79,3.31,0.30,0.20,0.40,1.02,0.60,4.35,5.81,1.13,6.58,0.71,28.60,5.57,6.69,12.92,13.21,17.00,14.81,0.40,5.60,9.52,36.31,19.09,0.22,4.50,0.31,1.43,44.64,0.25,0.45,24.62,3.08,0.93,1.62,9.42,0,2.84,1.13,1.91,12.91,0,0.41,2.7,1.58,0.48,1.091372549,4.84,1.18,6.17,4.02,13.3,500.31,0.74,0.39,1.81,4.1,2.09,2.93,4.16,4.61,0.63,12.26,102.12,5.08,3.84,8.2,5.34,1.45,52.61,1.4
12/31/1965,0.07,0.41,26.47,0.35,4.85,1.02,4.59,3.37,7.10,2.73,2.30,10.49,1.23,9.78,20.61,4.58,3.02,0.51,3.03,3.20,41.72,3.45,1.78,25.28,10.93,0.07,0.27,0.32,2.39,2.73,4.24,11.22,19.95,0.51,3.23,10.33,8.60,0.00,1.31,0.88,1.99,0.56,1.73,2.10,2.60,1.91,1.52,2.17,1.07,1.41,0.65,0.76,1.96,0.00,0.29,0.00,0.49,0.61,2.81,5.76,0.50,2.93,0.57,19.63,3.57,5.91,10.79,11.44,13.04,12.05,0.44,6.28,9.65,21.30,15.08,0.24,3.49,0.00,1.30,49.48,0.39,0.67,37.29,2.71,0.56,1.78,10.95,0,1.8,0.88,2.73,6.66,5.3,0,2.55,1.5,0.68,0.985392157,4.37,1.16,10.81,2.8,4.9,344.56,0.09,0.44,1.71,2.23,3.89,5.46,3.2,3.83,0.99,6.83,55.78,0.7,2.98,6.37,4.14,1.93,19.68,2.17
01/31/1966,0.08,0.43,26.73,0.31,10.64,1.19,16.11,9.65,49.40,2.88,9.95,17.57,1.34,24.12,24.76,4.67,4.28,0.20,11.06,8.42,131.34,5.78,2.98,100.07,49.68,0.12,0.26,0.35,3.59,4.10,8.25,23.39,30.90,0.39,18.10,12.65,26.30,1.62,1.08,0.70,2.55,0.59,1.40,3.00,4.17,3.72,1.36,37.07,1.02,1.26,3.74,4.40,2.66,0.00,0.68,0.00,0.48,2.67,4.77,8.95,1.03,5.95,1.31,33.18,7.01,12.40,17.87,25.10,13.17,28.46,0.81,11.49,17.63,43.31,21.72,0.26,7.51,0.00,3.95,82.06,0.16,0.62,125.61,6.51,0.5,2.76,17.15,0,1.46,1.49,4.1,31.61,1.99,3.93,2.49,1.46,1.03,1.767843137,7.84,0.94,15.02,2.4,38.4,718.58,0.69,0.47,1.67,3.94,4.24,5.95,4.96,3.41,0.41,35.14,95.65,1.61,5.05,10.79,7.02,3.55,51.74,3.64
02/28/1966,0.09,0.49,22.58,0.20,9.28,0.98,10.47,6.50,22.40,1.53,5.23,9.27,0.70,18.08,24.91,3.84,3.15,0.13,4.14,8.04,79.99,3.05,1.57,58.46,38.20,0.11,0.38,0.31,2.32,2.65,4.33,15.71,26.08,0.36,8.75,8.08,11.10,7.47,0.92,0.71,2.39,0.31,1.08,2.12,3.68,1.95,1.04,14.38,1.02,1.10,3.08,3.62,1.86,0.58,0.71,0.55,0.40,1.33,5.13,7.70,0.95,5.53,1.27,27.82,5.59,9.93,14.10,21.89,11.12,23.67,0.65,9.25,16.00,40.53,19.38,0.21,8.10,0.59,3.76,43.92,0.36,0.38,60.62,10.6,0.31,2.57,13.44,0,1.12,1.12,2.65,23.03,2.26,5.53,2.39,1.4,0.66,1.183823529,5.25,0.72,10.68,2.02,30.6,604.48,0.25,0.38,1.6,4.18,2.21,3.1,3.85,2.83,0.9,16.46,82.31,4.42,3.8,8.12,5.29,3.14,49.4,1.92
03/31/1966,0.64,3.58,47.03,0.65,7.38,3.18,9.14,8.87,20.70,6.27,1.74,7.63,1.36,23.51,27.12,6.94,6.73,0.66,4.32,8.77,33.02,2.51,1.30,47.44,44.01,0.23,4.70,1.94,2.56,2.93,2.66,20.24,60.02,0.57,9.25,6.78,6.90,0.00,4.35,2.77,9.70,1.29,4.74,4.75,17.11,1.20,3.56,14.30,3.20,5.39,0.92,1.08,6.43,0.93,0.90,1.76,1.45,0.88,6.96,7.14,1.40,8.14,5.10,94.27,15.18,24.88,17.94,17.41,23.17,44.82,1.44,20.36,34.14,90.41,45.19,0.68,23.57,0.96,8.41,28.20,0.92,0.95,19.05,3.75,1.05,4.51,20.96,0,5.16,2.21,2.93,23.43,4.49,5.43,8.4,4.93,0.73,1.697941176,7.53,3.17,20.6,10.08,17.6,890.67,2.18,1.23,5.63,20.49,4.31,6.05,8.09,13.78,2.32,42.38,217.5,17.4,7.48,15.98,10.4,6.55,53.9,1.58
04/30/1966,1.09,6.07,60.97,2.03,8.01,7.01,5.54,4.25,12.27,16.09,0.82,4.10,0.80,33.38,30.64,11.49,12.60,4.98,0.00,4.52,20.66,1.35,0.70,43.87,31.43,0.34,7.25,6.12,2.05,2.34,1.15,28.90,94.69,2.23,7.46,11.67,5.30,0.00,16.34,2.49,26.97,3.30,12.05,8.42,38.67,0.52,13.01,8.03,16.50,14.42,0.46,0.54,20.92,0.41,1.37,4.72,4.45,3.48,6.41,7.13,1.63,9.44,7.92,132.93,22.20,33.72,27.27,18.90,30.03,58.19,2.23,31.45,49.55,120.18,93.36,0.84,24.87,0.42,6.93,94.50,0.98,0.99,10.14,0.94,3.26,4.89,18.46,0,17.53,2.8,2.34,15.88,0,10.59,20.65,12.12,0.59,1.94372549,8.62,8.07,20.59,33.58,22.4,712.8,7.07,2.59,13.84,42.16,2.54,3.57,11.08,22.13,2.47,48.16,334.43,37.97,9.47,20.23,13.17,3.03,27.75,0.85
05/31/1966,0.22,1.23,52.13,3.21,5.55,2.49,2.34,1.33,7.64,15.25,0.34,1.52,0.71,15.52,26.57,7.48,13.17,9.45,0.12,1.30,10.09,0.50,0.26,14.94,11.23,0.21,1.75,4.32,1.07,1.22,0.32,13.63,50.23,3.95,2.07,6.83,1.00,0.00,24.13,1.09,19.10,3.12,4.21,6.51,31.59,0.15,11.29,0.11,21.52,11.16,0.21,0.25,12.39,0.83,0.74,2.21,4.98,1.13,1.33,2.95,0.68,3.93,2.07,81.38,16.71,18.39,22.02,13.09,25.67,25.93,1.33,18.83,31.49,71.03,83.68,0.32,7.34,0.86,1.84,60.24,0.25,0.23,4.11,0.12,5.16,2.07,9.38,0,23,1.68,1.22,7.07,0,0,18.23,10.7,0.31,0.200686275,0.89,2.82,2.35,33.65,9.4,395.27,7.76,1,12.22,19.15,2.26,3.17,5.2,12.93,0.62,16.2,266.23,27.54,5.69,12.15,7.91,0.5,7.97,0.31
06/30/1966,0.03,0.19,26.73,1.04,2.49,0.45,1.68,0.76,1.66,2.73,0.15,1.06,0.17,6.49,17.54,3.73,5.21,2.93,0.00,0.40,4.17,0.35,0.18,3.94,4.40,0.04,0.16,0.36,0.08,0.09,0.09,7.23,12.81,1.44,0.79,0.00,0.50,0.00,2.56,0.10,3.28,0.56,0.19,2.11,4.35,0.04,2.54,0.07,3.17,0.80,0.06,0.07,1.37,0.13,0.13,0.31,1.12,7.54,0.38,3.03,0.46,2.67,0.62,20.97,4.78,4.42,10.79,5.87,13.17,8.66,0.27,3.77,6.19,36.17,23.89,0.04,2.78,0.14,0.65,37.68,0.26,0.03,1.44,0.01,1.66,1.13,3.95,0,5.1,0.62,0.09,3.32,1.18,0,4.09,2.4,0.02,0.541176471,2.4,0.13,5.7,2.76,2.6,263.48,0.52,0.07,2.74,2.47,0.55,0.77,1.81,1.01,0.65,3.42,80.38,5.27,2.09,4.46,2.91,0.09,2.47,0.22
07/31/1966,0.01,0.06,24.72,0.35,2.07,0.12,1.40,0.47,0.18,1.36,0.09,0.30,0.00,4.74,14.59,3.04,2.81,0.97,0.00,0.07,6.31,0.10,0.05,0.92,1.78,0.02,0.03,0.08,0.00,0.00,0.02,5.84,6.44,0.68,0.30,0.00,0.10,0.00,1.71,0.08,0.78,0.28,0.00,1.19,0.09,0.01,0.58,0.04,0.70,0.34,0.00,0.00,0.75,0.11,0.00,0.00,0.27,6.08,0.20,0.46,0.09,0.54,0.42,9.29,2.12,2.71,7.46,4.88,12.18,4.64,0.09,1.27,2.30,38.84,11.81,0.01,1.75,0.11,0.33,4.27,0.13,0.01,0,0,0.57,0.18,3.61,0,0.72,0.44,0,1.27,2.31,0,0.99,0.58,0,0.248039216,1.1,0,2.44,1.46,0.3,226.94,0,0.02,0.66,0.93,0,0,1.54,0.64,0.33,1.07,35.88,3.47,1.48,3.16,2.06,0.02,0.45,0.06
08/31/1966,0.00,0.02,24.46,0.11,1.83,0.05,1.19,0.27,0.00,0.38,0.06,0.00,0.00,3.81,12.92,2.77,1.16,0.13,0.00,0.07,1.52,0.00,0.00,0.28,1.08,0.01,0.02,0.04,0.00,0.00,0.00,5.28,3.83,0.36,0.11,0.00,0.00,0.00,1.67,0.10,0.40,0.08,0.00,0.70,0.00,0.00,0.13,0.05,0.01,0.32,0.00,0.00,0.15,0.16,0.00,0.00,0.07,4.30,0.52,0.00,0.00,0.00,0.25,7.26,1.63,1.99,6.01,4.32,12.05,2.65,0.05,0.65,1.50,24.99,8.37,0.00,1.28,0.16,0.21,0.12,0.25,0.01,0,0,0.17,0,4.44,0,0.23,0.43,0,0.57,0,0,0.41,0.24,0,0.099215686,0.44,0,1.5,1.38,0.2,207.74,0,0.01,0.27,0.62,0,0,1.61,0.68,0.64,0.31,19.55,2.53,1.45,3.1,2.02,0,0.43,0
09/30/1966,0.00,0.02,20.44,0.06,1.92,0.05,1.27,0.35,0.00,0.00,0.07,0.15,0.05,3.44,12.82,2.72,0.67,0.00,0.00,0.00,3.19,0.05,0.03,0.76,0.91,0.01,0.02,0.04,0.00,0.00,0.00,5.07,3.12,0.31,0.13,0.00,0.00,0.00,2.30,0.11,0.84,0.00,0.00,0.48,0.98,0.00,0.17,0.04,0.23,0.31,0.00,0.00,0.10,0.10,0.00,0.00,0.05,1.26,0.29,0.00,0.00,0.00,0.23,6.17,1.35,1.81,5.58,4.53,10.07,0.56,0.05,0.65,1.31,2.60,7.33,0.00,1.29,0.10,0.20,25.20,0.00,0.03,0.19,0,0.09,0,4.17,0,0.11,0.38,0,0.27,2.08,0,0.45,0.26,0,0.040588235,0.18,0,0,1.42,0.5,205.91,0.01,0.01,0.3,0.47,0.17,0.24,1.47,0.7,0,0.29,15.66,0.83,1.27,2.71,1.77,0,0,0.03
10/31/1966,0.00,0.02,16.21,0.15,2.09,0.07,1.30,0.54,0.00,0.18,0.08,1.25,0.14,3.96,13.65,3.01,0.80,0.53,0.42,0.14,2.45,0.41,0.21,1.64,1.43,0.01,0.01,0.04,0.04,0.05,0.04,5.21,5.76,0.52,0.15,0.00,0.10,0.00,1.64,0.01,4.89,0.04,0.00,0.77,0.28,0.02,0.60,0.04,3.16,0.28,0.02,0.02,0.12,0.02,0.03,0.00,0.12,1.51,0.93,0.00,0.00,0.00,0.33,6.17,1.46,0.00,5.45,4.93,7.99,3.04,0.07,1.03,1.63,0.00,7.24,0.01,1.16,0.02,0.28,24.27,0.00,0.03,0,0.47,0.25,0.42,5.62,0,0.09,0.31,0.05,0.49,3.21,2.07,0.24,0.14,0.01,0.277352941,1.23,0,1.35,0.87,0.8,212.68,0.49,0.02,0.16,0.41,0.44,0.62,1.34,1.08,0,0.25,13.98,0.79,1.04,2.22,1.45,0.11,0.87,0.26
11/30/1966,0.05,0.30,40.13,0.49,9.76,1.04,8.41,4.17,9.35,7.05,1.11,13.86,0.38,18.53,26.64,4.87,5.35,0.00,2.12,4.50,36.10,4.56,2.35,41.49,13.65,0.09,0.33,0.90,3.01,3.44,3.79,21.26,31.49,0.31,5.53,10.79,4.30,0.00,0.56,0.86,6.75,1.44,0.78,3.47,5.22,1.71,1.92,2.52,4.56,3.00,1.28,1.50,6.21,0.35,0.30,1.47,0.66,1.64,4.66,2.54,0.54,3.16,1.00,41.22,8.71,8.61,18.16,23.02,19.77,18.08,0.57,8.02,13.38,45.20,27.96,0.07,5.30,0.35,2.26,44.34,0.34,0.16,39.66,3.34,0.78,3.02,12.49,0,4.81,1.31,3.44,8.6,0,0,2.01,1.18,0.86,0.994411765,4.41,0.52,10.52,7.12,10,540.49,0.55,0.13,1.35,10.38,1.2,1.68,5,8.93,0.87,17.08,123.6,3.7,4.44,9.48,6.18,1.79,27.66,2.87
12/31/1966,0.54,3.03,36.98,0.88,16.60,1.30,20.70,8.79,36.74,9.09,7.00,24.72,1.21,33.89,35.30,5.85,9.24,0.75,13.09,8.76,94.82,8.13,4.20,63.82,46.95,0.31,1.76,2.21,5.78,6.61,10.44,32.82,77.42,0.60,13.85,6.18,21.20,0.00,1.61,1.48,10.10,1.86,2.09,5.96,13.54,4.71,2.59,27.59,4.96,4.51,3.72,4.37,9.15,0.08,1.53,1.74,1.43,1.21,13.27,12.20,1.79,10.41,5.42,87.01,17.67,26.28,27.44,39.16,18.22,65.29,2.10,29.65,45.74,74.24,53.51,0.42,27.61,0.08,9.37,82.16,0.99,0.91,98.8,11.72,1.42,7.21,27.12,0,4.78,2.45,6.61,29.66,1.98,16.41,4.77,2.8,1.65,2.78254902,12.34,1.4,33.1,9.04,29.4,901.83,1.48,0.87,3.2,20.22,3.84,5.39,9.21,13.95,2.48,43.58,154.07,10.69,8.28,17.69,11.52,9.74,53.81,5.11
01/31/1967,0.45,2.50,43.62,0.52,26.14,2.04,40.10,18.58,91.12,7.88,22.97,40.22,1.05,60.62,48.46,6.80,12.24,0.20,16.96,8.41,176.38,13.23,6.83,149.60,95.08,0.42,1.80,1.81,11.28,12.89,26.04,47.46,117.97,0.39,27.28,47.13,30.00,68.37,1.16,2.02,9.72,1.61,3.88,7.67,15.94,11.74,2.41,48.44,4.65,3.32,9.57,11.25,10.29,0.03,2.08,1.51,0.76,2.45,13.44,19.06,4.83,28.04,6.85,120.78,25.20,35.43,37.54,61.66,21.48,84.27,2.87,40.59,62.36,119.33,61.03,0.54,33.57,0.03,13.71,163.92,0.46,0.95,253.93,20.56,0.84,11.59,46.55,0,3.28,4.06,12.89,62.31,6.28,25.96,4.23,2.48,3.22,4.965294118,22.02,2.6,54.33,6.3,58.3,738.23,0.82,0.97,2.84,23.73,3.31,4.65,14.01,14.4,1.17,51.9,128.02,9.01,13.76,29.39,19.14,19.25,51.68,8.32
02/28/1967,0.70,3.92,33.70,0.60,10.29,2.26,14.58,9.72,28.68,5.16,4.59,11.92,1.96,35.68,30.45,6.69,8.69,1.04,19.91,7.11,36.33,3.92,2.02,39.36,49.87,0.28,5.26,2.02,3.47,3.97,5.20,27.04,95.45,0.71,12.19,8.01,9.20,7.24,3.72,2.76,9.37,1.06,4.15,5.31,11.16,2.34,2.53,14.54,3.85,3.36,3.40,4.00,7.33,0.97,2.09,0.69,0.87,1.85,11.17,13.18,3.28,19.04,8.03,116.42,19.96,25.76,20.38,24.27,16.60,63.18,1.73,24.37,40.43,106.61,54.26,0.59,30.01,1.00,7.49,71.06,1.87,2.31,45.82,11.18,0.96,7.38,22.14,0,2.45,3.09,3.97,31.17,0,6.87,5.84,3.43,0.99,2.570588235,11.4,2.78,29.69,6.18,29.5,749.52,0.87,1.22,3.92,19.75,6.21,8.72,10.68,9.77,4.7,33.57,147.48,14.11,10.45,22.32,14.53,13.02,43.68,2.47
03/31/1967,1.20,6.72,61.24,1.07,18.98,5.91,26.12,11.66,16.82,11.96,5.93,19.94,4.21,49.80,39.38,9.70,13.29,1.59,12.39,9.22,96.66,6.56,3.39,67.88,34.68,0.52,10.52,4.14,6.35,7.26,12.15,45.53,160.58,0.92,8.31,15.60,9.60,35.69,6.17,9.28,21.41,2.45,10.19,8.48,29.30,5.48,5.38,22.16,11.40,9.05,4.09,4.81,14.58,1.22,3.89,4.28,1.86,0.70,16.78,14.66,7.33,42.54,11.23,188.93,25.60,46.14,30.97,44.77,30.16,84.46,3.36,47.41,76.58,139.76,87.25,1.00,41.47,1.26,11.55,104.90,1.66,2.87,93.91,15.14,1.71,13.65,42.35,0,8.6,4.34,7.26,19.45,2.84,1.84,13.33,7.82,1.81,4.209901961,18.67,6.82,47.71,16.76,25.5,1005.17,3.4,1.81,8.94,29.82,13.34,18.73,16.15,21.59,4.18,24.76,172.55,31.54,14.71,31.42,20.46,25.27,56.63,4.13
04/30/1967,0.61,3.38,44.02,0.48,22.11,4.69,27.21,19.09,34.38,5.13,7.62,23.26,1.58,49.41,42.69,6.61,9.39,0.99,27.13,13.35,97.08,7.65,3.95,104.25,59.19,0.39,4.45,1.33,6.72,7.68,18.45,42.09,118.03,0.69,14.02,24.91,9.20,86.51,4.01,5.90,8.28,1.05,3.17,6.08,11.21,8.32,3.56,16.88,4.21,2.77,7.55,8.88,5.61,0.88,1.76,0.28,0.98,3.24,14.03,19.60,8.27,47.97,7.45,100.97,13.91,31.01,30.44,52.16,21.68,64.89,2.49,35.12,56.66,78.77,52.57,0.58,24.85,0.91,9.27,123.12,1.33,0.92,103.2,9.25,0.77,9.3,45.59,0,2.33,2.6,7.68,32.23,12.8,31.4,7.86,4.61,1.92,4.309117647,19.11,2.12,42.02,5.48,25.4,999.23,0.65,1.35,5.27,11.48,4.99,7.01,10.69,7.44,3.34,21.81,134.21,15.4,8.8,18.8,12.24,15.51,82.03,4.81
05/31/1967,2.34,13.05,115.98,3.03,19.34,23.13,15.78,10.44,26.23,27.46,2.77,4.35,4.68,60.59,59.26,28.09,29.97,8.04,11.70,6.97,31.82,1.43,0.74,101.03,46.68,0.72,24.28,9.95,3.80,4.34,3.26,60.10,221.04,3.41,12.51,1.50,7.00,0.00,32.07,20.59,47.98,5.62,20.57,16.05,73.25,1.47,19.33,11.28,29.21,25.20,2.05,2.41,27.27,0.25,7.76,9.80,6.63,2.57,6.86,13.78,7.37,42.75,19.58,262.39,18.18,61.85,49.82,45.62,57.12,99.72,4.86,68.67,106.16,256.51,170.75,2.02,61.36,0.26,11.63,58.17,3.15,3.31,29.32,6.6,4.86,12.45,39.55,0,29.59,5.16,4.34,25.26,0.09,23.78,44.12,25.89,1.09,3.646176471,16.17,13.77,45.66,56.86,29.3,932.53,10.85,3.71,29.58,53.84,14.82,20.81,19.09,37.63,7.95,55.92,400.83,70.48,17.48,37.34,24.31,10.98,42.8,0.9
06/30/1967,1.18,6.61,105.12,5.76,11.11,14.66,4.30,2.96,18.08,30.54,1.54,3.25,2.45,26.44,46.73,14.74,29.75,18.45,3.12,2.46,25.07,1.07,0.55,36.83,18.58,0.54,9.50,11.69,1.52,1.74,1.83,25.53,112.97,7.41,7.62,0.00,4.20,0.00,55.36,8.54,50.32,6.25,17.16,12.04,89.11,0.83,30.74,3.64,43.86,25.86,0.53,0.62,23.85,2.11,2.67,2.81,9.38,5.17,1.79,5.18,4.07,23.61,8.52,190.23,27.67,48.79,39.33,26.21,51.78,52.16,3.37,47.62,79.64,163.00,180.71,1.15,19.08,2.16,4.14,64.24,1.28,0.88,13.42,1.38,9.24,6.74,16.43,0,42.91,3.61,1.74,13.35,0,0,49.75,29.2,0.43,1.292058824,5.73,11.49,73.3,74.98,17.7,530.5,16.95,2.83,33.35,28.68,7.76,10.89,10.92,21.98,3.22,21.89,250.28,69.12,12.21,26.08,16.98,2.64,15.1,0.67
07/31/1967,0.14,0.77,49.11,3.76,3.68,2.59,2.19,0.95,3.02,9.00,0.24,0.49,1.25,9.05,27.54,5.09,5.84,12.67,0.00,0.75,2.22,0.16,0.08,6.07,3.72,0.14,0.78,1.90,0.16,0.18,0.59,10.24,16.11,5.19,1.51,0.00,0.70,18.52,22.95,1.07,15.38,1.84,1.54,2.39,27.08,0.27,11.37,0.09,11.73,6.13,0.13,0.15,2.73,0.17,0.58,0.00,4.10,5.41,0.79,5.42,1.03,6.00,1.55,49.77,10.11,13.04,18.08,8.68,24.19,15.87,0.93,13.20,20.78,59.75,61.41,0.15,5.20,0.17,1.32,31.77,0.54,0.16,1.63,0.14,6.03,3.26,9.68,0,23.4,1.18,0.18,2.46,0,0,18.04,10.59,0.05,0.358529412,1.59,1.03,15.61,21.8,2,298.95,7.53,0.27,12.09,4.76,3.97,5.57,4.45,8.46,1.35,3.35,66.56,22.54,4,8.54,5.56,0.44,4.6,0.1
08/31/1967,0.03,0.16,33.97,0.68,2.63,0.67,1.63,0.52,0.00,0.42,0.08,0.55,0.42,5.80,17.26,3.50,1.23,2.31,0.00,0.62,1.09,0.18,0.09,2.51,1.08,0.03,0.59,0.16,0.01,0.01,0.22,7.69,6.88,1.20,0.61,1.02,0.00,23.99,0.38,0.31,2.32,0.09,0.00,0.89,3.09,0.10,1.74,0.06,0.30,0.62,0.03,0.04,0.21,0.14,0.10,0.00,0.48,2.42,1.04,1.92,0.19,1.10,0.77,14.50,2.59,4.11,8.87,6.20,16.73,6.61,0.19,2.70,4.56,26.17,19.08,0.02,2.70,0.14,0.83,21.23,0.49,0.03,0,0.05,1.09,1.63,7.89,0,2.38,0.71,0.01,0.38,3.68,0,2.5,1.47,0,0.281862745,1.25,0,3.03,2.62,3.1,262.59,0,0.04,1.68,1.21,1.33,1.87,2.77,4.74,1.24,1.01,26.76,2.17,2.41,5.15,3.35,0.17,3.78,0.11
09/30/1967,0.02,0.12,27.34,0.19,2.43,0.33,1.40,0.53,0.00,1.36,0.06,0.94,0.38,4.93,15.52,3.02,0.98,0.50,0.00,1.65,0.00,0.31,0.16,2.34,0.85,0.02,0.30,0.08,0.00,0.00,0.05,6.64,5.92,0.50,0.34,0.00,0.00,0.00,1.86,0.34,1.37,0.28,0.00,0.62,1.04,0.02,0.51,0.06,0.00,0.62,0.00,0.00,0.00,0.20,0.06,0.00,0.13,0.00,0.32,2.14,0.00,0.00,0.65,12.15,2.28,3.00,7.22,5.73,13.46,3.65,0.10,1.42,2.82,21.76,12.46,0.01,1.87,0.21,0.52,13.35,0.24,0.09,0,0.11,0.3,1.01,5.85,0,0.72,0.55,0,0.24,3.29,0,1.29,0.76,0,0.236764706,1.05,0,2.01,2.86,1.9,232.98,0,0.02,0.86,0.82,1.21,1.7,2.18,3.16,0.6,0.52,8.92,0.85,1.85,3.95,2.57,0.17,10.15,0.2
10/31/1967,0.02,0.12,27.34,0.33,2.80,0.69,1.74,0.97,0.00,0.46,0.14,2.28,0.18,5.87,16.89,3.35,1.88,0.51,1.03,0.97,6.10,0.75,0.39,5.28,2.07,0.02,0.53,0.13,0.48,0.55,0.18,7.19,9.70,0.51,0.47,0.00,0.00,0.00,0.00,0.43,0.31,0.09,0.24,1.60,1.07,0.08,1.02,0.26,0.32,0.87,0.05,0.06,0.30,0.06,0.09,0.00,0.44,0.00,0.00,5.00,0.06,0.35,0.66,14.88,2.61,3.22,8.00,6.61,13.46,4.01,0.13,1.84,3.01,19.56,12.35,0.02,2.21,0.06,0.71,11.22,0.03,0.06,0.11,0.6,0.53,0.77,6.26,0,1.08,0.58,0.55,0.98,0,0,0.83,0.49,0.14,0.534411765,2.37,0.16,2.52,2.38,2.79,265.74,0.15,0.04,0.56,1.28,0.57,0.8,2.37,0.51,0.08,1.39,19.2,1.91,1.98,4.23,2.75,0.24,5.94,0.47
11/30/1967,0.02,0.12,28.61,0.19,2.99,0.82,2.14,2.13,1.55,1.10,0.18,3.31,0.10,6.07,16.41,2.98,2.63,0.40,0.23,0.97,18.36,1.09,0.56,6.73,3.65,0.02,0.55,0.12,1.33,1.52,0.65,7.30,12.93,0.47,0.65,0.00,0.40,10.78,0.07,0.57,0.57,0.23,0.25,1.66,1.47,0.29,0.62,0.13,0.61,0.57,0.21,0.25,0.99,0.13,0.09,0.32,0.29,0.00,0.00,1.93,0.26,1.53,0.65,14.17,2.29,2.75,8.24,7.05,14.09,4.26,0.14,1.92,3.37,15.39,10.92,0.03,2.12,0.14,0.61,17.54,0.43,0.09,1.37,1.65,0.3,1.16,1.51,0,0.56,0.58,1.52,2.25,7.53,17,0.52,0.31,0.38,0.502843137,2.23,0.17,3.05,1.18,1.59,252.58,0.12,0.05,0.35,1.09,0.33,0.46,2.04,1.26,1.07,2.04,23.36,1.45,1.95,4.17,2.71,0.88,5.94,0.69
12/31/1967,0.04,0.21,29.82,0.14,5.55,1.05,4.46,3.29,4.98,2.91,0.47,4.77,0.11,9.66,21.45,3.63,3.21,0.87,0.23,2.12,13.44,1.57,0.81,23.72,10.78,0.06,1.73,0.23,1.57,1.79,1.66,9.73,22.63,0.65,1.78,4.36,4.10,27.68,0.08,0.86,0.63,0.60,0.00,2.25,2.89,0.75,0.70,1.07,0.83,0.67,0.52,0.61,1.48,0.00,0.24,0.00,0.25,0.00,2.27,6.36,0.57,3.29,1.22,21.56,2.59,5.56,11.02,13.09,14.69,14.23,0.44,6.17,9.47,23.07,16.34,0.06,4.60,0.00,1.68,27.00,0.38,0.1,14.34,3.97,0.23,1.9,8.3,0,1.22,0.87,1.79,6.62,4.06,11.09,0.36,0.21,0.45,0.780196078,3.46,0,8.32,1.4,6.38,317.99,0.01,0.11,0.24,2.74,0.35,0.49,3.31,4.21,0.96,8.18,36.64,1.56,2.96,6.32,4.12,2.22,13.02,0.99
01/31/1968,0.10,0.55,46.30,0.27,19.43,1.65,12.72,10.09,34.74,5.34,12.77,10.67,0.27,20.80,44.87,4.10,5.52,0.60,10.63,3.23,124.85,3.51,1.81,76.71,43.51,0.13,2.64,0.80,3.81,4.35,7.57,27.33,42.17,0.54,9.17,13.86,19.50,24.23,1.49,1.12,2.93,1.09,1.81,3.72,6.51,3.41,1.59,12.06,2.28,1.92,3.30,3.88,4.24,0.23,0.56,1.06,0.48,0.00,5.74,5.68,0.75,4.33,1.99,41.51,6.22,11.27,27.45,45.84,22.80,24.71,0.84,11.86,18.93,47.85,28.28,0.15,14.04,0.24,3.68,65.29,0.45,0.28,105.23,11.97,0.43,3.42,13.08,0,2.76,1.74,4.35,27.3,3.48,8.95,1.55,0.91,1.09,1.109411765,4.92,1.21,14.23,3.8,26.3,414.38,0.05,0.27,1.04,7.82,0.84,1.18,6.11,7.73,1.14,51.09,101.83,3.67,5.9,12.6,8.21,4.44,19.87,2.21
02/29/1968,0.59,3.30,56.75,0.82,20.01,4.45,26.87,16.86,64.57,14.67,10.63,19.97,1.89,47.09,52.45,8.20,12.48,1.12,12.30,10.20,100.22,6.57,3.39,132.21,101.40,0.47,5.82,4.38,6.61,7.55,12.88,50.10,114.16,0.74,19.02,15.24,19.40,0.00,2.88,4.28,18.62,3.00,8.10,8.34,30.06,5.81,4.75,42.15,8.11,9.52,4.77,5.61,14.38,0.63,3.11,4.04,1.42,4.43,15.73,13.17,3.50,20.32,9.70,146.61,25.13,48.14,38.11,47.20,27.95,93.00,3.12,44.07,69.58,148.28,87.09,0.80,39.52,0.64,14.55,122.81,1.35,1.52,72.27,15.77,1.32,10.02,40.74,0,10.55,4.28,7.55,60.31,9.74,12.79,7.65,4.49,1.89,4.895392157,21.71,5.42,43.3,17.99,55,1036.77,0.27,1.44,5.13,29.88,6,8.42,15.08,27.07,3.4,70.12,292,17.94,14.48,30.93,20.14,15.21,62.66,4.13
03/31/1968,0.54,2.99,53.06,0.63,11.68,5.39,13.56,8.65,16.31,6.89,4.86,6.08,1.02,32.09,38.83,8.21,9.66,1.29,6.55,4.64,63.96,2.00,1.03,59.38,35.86,0.29,5.92,2.83,3.53,4.03,6.92,30.98,93.21,0.81,6.10,16.23,6.30,7.64,11.40,3.38,12.19,1.41,5.51,6.59,17.72,3.12,4.52,11.79,6.58,5.58,3.30,3.88,9.10,0.98,1.68,2.27,1.52,0.35,9.59,9.77,2.66,15.43,6.17,105.56,16.06,25.01,23.44,27.55,26.14,51.36,1.80,25.41,42.06,101.31,56.41,0.68,22.32,1.01,7.01,82.63,1.17,0.74,50.31,5.03,1.01,4.58,25.91,0,4.93,2.57,4.03,18.66,9.24,12.26,7.89,4.63,1.01,3.179411765,14.1,3.69,25.84,11.92,24.51,745.59,2.15,1.53,5.29,17.89,3.24,4.55,10.13,13.31,2.96,26.61,163.91,15.68,8.69,18.56,12.09,4.75,28.49,1.26
04/30/1968,0.60,3.36,48.98,1.39,6.06,5.66,4.40,4.36,5.85,9.91,1.42,2.86,0.90,20.15,26.82,9.35,10.43,3.37,1.20,2.43,17.06,0.94,0.49,21.48,16.15,0.24,4.82,4.17,2.00,2.29,1.17,19.64,70.30,1.61,3.29,3.31,3.20,0.00,12.25,2.57,17.04,2.03,7.24,6.30,25.16,0.53,7.56,1.23,12.04,9.57,0.70,0.82,11.63,1.19,1.00,4.56,3.15,0.00,0.00,4.05,2.12,12.29,4.68,90.41,14.34,18.91,18.09,14.30,24.12,32.82,1.49,20.99,35.91,73.11,59.05,0.74,15.57,1.22,3.50,59.76,0.91,0.58,10.27,1.9,2.23,2.97,9.42,0,11.84,1.93,2.29,8.33,5.24,1.19,12.66,7.43,0.57,1.70245098,7.55,4.85,11.1,24.33,9.56,444.94,7.37,1.32,8.49,19.66,2.85,4,7.25,13.17,2.29,17.2,142.5,22.92,6.53,13.95,9.08,1.42,14.95,0.59
05/31/1968,0.23,1.27,51.52,2.47,4.94,3.07,2.48,2.39,4.55,12.03,0.35,1.37,0.66,13.63,24.34,7.07,12.77,7.71,0.62,2.90,9.58,0.45,0.23,13.22,9.93,0.19,1.53,4.33,1.24,1.42,0.46,12.56,51.52,3.28,1.83,4.41,0.40,0.00,18.38,1.14,16.89,2.46,3.94,5.97,27.89,0.21,8.57,0.06,16.49,9.90,0.28,0.33,9.92,1.15,0.44,2.85,4.14,0.00,0.35,1.88,0.91,5.29,2.01,72.73,14.81,14.24,18.13,11.65,25.38,18.70,1.15,16.18,28.40,64.74,64.62,0.25,7.46,1.18,1.35,32.03,0.41,0.21,4.21,0.76,3.97,1.97,5.99,0,18.99,1.57,1.42,6.41,0.6,0,14.06,8.25,0.35,0.579509804,2.57,2.64,1.48,29.55,4.88,365.06,7.04,0.73,9.43,10.94,2.09,2.93,4.8,11.27,1.02,9.1,144.25,22.73,5.33,11.38,7.41,0.56,17.79,0.28
06/30/1968,0.05,0.27,36.11,1.38,2.78,0.78,1.70,0.91,1.90,3.74,0.17,0.00,0.29,7.18,18.33,3.52,6.37,4.85,0.00,2.41,6.28,0.00,0.00,4.98,4.67,0.06,0.53,0.80,0.00,0.00,0.16,7.49,17.16,2.18,0.70,1.67,0.00,1.98,5.53,0.29,4.77,0.77,0.00,2.53,9.76,0.07,3.28,0.07,4.98,1.88,0.10,0.12,1.88,0.27,0.22,1.18,1.74,0.00,0.00,1.85,0.47,2.75,0.97,27.22,5.72,5.67,12.78,6.56,17.79,8.79,0.36,5.11,8.68,16.35,27.14,0.06,3.23,0.28,0.64,44.84,0.40,0.04,1.88,0.24,2.22,1.02,3.66,0,8.41,0.76,0,3.61,2.17,1.11,5.21,3.06,0,0.403627451,1.79,0,3.36,6.49,2.19,251.05,1.86,0.11,3.49,3.02,0.91,1.28,2.23,6.68,1.01,2.58,58.7,7.55,2.56,5.47,3.56,0.12,14.8,0
07/31/1968,0.02,0.08,31.62,0.39,2.24,0.19,1.41,0.46,0.00,1.17,0.21,0.00,0.10,4.77,14.86,2.36,3.54,0.88,0.00,3.36,4.08,0.00,0.00,0.93,1.40,0.02,0.39,0.11,0.26,0.30,0.01,5.85,8.98,0.65,0.19,1.90,0.00,0.00,0.25,0.15,2.07,0.24,0.00,1.44,0.16,0.01,0.67,0.12,0.64,0.52,0.01,0.01,0.66,0.02,0.05,0.00,0.33,0.00,0.00,0.00,0.04,0.23,0.71,11.51,2.23,2.41,7.98,5.28,15.58,1.54,0.11,1.57,2.47,0.98,11.30,0.01,1.78,0.02,0.32,40.24,0.33,0.01,0.83,0.06,0.63,0.19,4.31,0,0.88,0.53,0.3,0.98,1.47,1.7,1.08,0.63,0.07,0.236764706,1.05,0,1.41,2.19,1.89,216.72,0,0.03,0.72,0.99,0.31,0.44,1.84,4.2,0.84,0.91,9.93,1.09,1.8,3.84,2.5,0.01,20.67,0
08/31/1968,0.01,0.05,27.67,0.28,2.83,0.20,1.53,0.48,0.00,2.52,0.20,0.00,0.08,4.45,15.40,2.15,1.58,0.41,0.00,2.35,6.29,0.00,0.00,3.58,1.39,0.01,0.07,0.12,0.00,0.00,0.06,5.93,5.53,0.47,0.22,0.00,0.00,3.01,0.00,0.00,1.81,0.52,0.00,0.90,0.26,0.03,0.91,0.13,0.00,0.32,0.01,0.01,0.31,0.19,0.03,0.00,0.21,0.00,0.00,0.00,0.23,1.31,0.63,8.44,1.96,1.97,7.91,6.68,13.63,2.29,0.07,1.04,2.18,7.59,9.78,0.01,1.58,0.20,0.30,32.48,0.00,0.01,0.53,0.03,0.45,0.78,4.1,0,1.05,0.56,0,0.71,2.78,2.82,0.91,0.53,0,0.117254902,0.52,0,1.91,1.33,0.7,234.39,0,0.01,0.61,0.81,0.24,0.34,2.14,4.34,0,0.59,6.91,0.74,1.91,4.08,2.66,0.08,14.43,0
09/30/1968,0.00,0.02,24.19,0.12,2.09,0.18,1.30,0.43,0.00,0.93,0.12,0.55,0.15,4.03,15.01,1.84,0.77,0.05,0.00,0.37,6.41,0.18,0.09,1.66,0.81,0.01,0.24,0.06,0.25,0.29,0.06,5.16,3.89,0.33,0.10,0.00,0.00,9.17,0.00,0.13,0.97,0.19,0.22,0.54,0.67,0.03,0.35,0.07,0.00,0.25,0.00,0.00,0.04,0.21,0.01,0.00,0.09,0.00,0.00,0.00,0.29,1.69,0.33,7.17,1.35,0.94,5.81,4.93,11.91,0.00,0.04,0.62,1.59,6.12,7.44,0.00,1.40,0.21,0.20,22.64,0.14,0.03,0,0.07,0.2,0.21,4.96,0,0.65,0.43,0.29,0.23,0.7,0,0.62,0.36,0.07,0.162352941,0.72,0.15,1.18,1.23,0,226.76,0.1,0,0.42,0.47,0.47,0.66,1.71,1.94,0.35,0.38,9.2,0.41,1.47,3.14,2.04,0.03,2.26,0.11
10/31/1968,0.01,0.04,28.68,0.16,2.63,0.44,1.86,0.98,0.00,2.85,0.09,3.04,0.20,5.80,16.26,2.52,1.49,0.24,0.50,0.55,6.35,1.00,0.52,6.10,1.20,0.02,0.59,0.13,0.76,0.87,0.15,6.42,7.39,0.40,0.20,0.15,0.10,14.86,1.23,0.21,1.32,0.58,0.00,1.42,0.58,0.07,0.14,0.10,0.00,0.77,0.11,0.13,1.30,0.14,0.05,0.03,0.13,0.00,0.00,0.00,0.01,0.05,0.38,13.93,0.44,2.87,7.68,6.20,14.12,3.37,0.09,1.28,2.41,18.74,9.83,0.01,1.93,0.15,0.38,25.60,0.00,0.03,0,0.69,0.25,0.82,5.41,0,0.47,0.58,0.87,0.42,2.21,1.63,0.61,0.36,0.22,0.056372549,0.25,0,1.7,2.34,1.2,253.37,0,0.02,0.41,1.14,0.64,0.9,2.51,1.72,0,0.55,13.07,0.82,1.95,4.17,2.71,0.21,3.39,0.63
11/30/1968,0.07,0.40,29.55,0.81,5.39,0.97,3.20,2.16,1.54,5.54,0.18,5.87,0.66,7.68,20.35,2.78,3.13,0.99,0.34,1.10,8.64,1.93,1.00,16.25,2.58,0.07,1.36,0.81,1.51,1.73,1.05,9.52,15.20,0.69,0.72,3.78,0.40,8.85,3.12,0.54,4.59,1.13,1.15,2.01,8.37,0.47,3.23,0.39,2.35,2.72,0.52,0.61,2.77,0.11,0.28,2.77,1.15,0.00,1.65,2.55,0.58,3.37,1.05,27.79,1.94,7.15,12.26,12.72,14.55,15.67,0.44,6.26,9.97,20.68,19.02,0.08,4.86,0.12,1.74,29.04,0.35,0.35,3.45,2.09,1.29,3.68,7.63,0,7.85,0.77,1.73,1.22,3.67,0.69,2.66,1.56,0.43,0.193921569,0.86,0.77,4.65,6.03,3.5,279.01,2.02,0.14,1.78,4.44,2.1,2.95,2.92,8.48,0.89,4.13,40.13,6.72,2.62,5.6,3.64,2.53,6.79,1.21
12/31/1968,0.09,0.50,38.93,0.40,25.14,1.14,16.96,9.12,24.45,3.53,5.16,15.57,0.43,24.27,48.69,3.29,6.31,0.58,6.44,4.81,94.36,5.12,2.64,110.60,44.51,0.13,2.58,0.54,4.03,4.61,6.73,31.25,36.36,0.53,8.23,9.70,13.90,18.96,0.00,0.86,3.05,0.72,1.09,3.80,6.70,3.04,1.68,8.97,1.92,1.74,3.46,4.07,3.88,0.04,0.42,2.06,0.55,0.00,10.47,3.88,1.76,10.20,1.85,43.56,2.76,12.89,29.74,59.31,19.17,20.75,0.87,12.28,18.98,53.59,24.08,0.11,9.01,0.04,5.50,68.80,0.15,0.42,72.08,11.66,0.64,3.32,16,0,2.19,1.49,4.61,28.71,7.3,7.33,1.95,1.14,1.15,2.611176471,11.58,0.73,18.14,3.61,20.7,529.75,0.28,0.2,1.31,6.43,1.37,1.92,5.46,6.13,0.37,15.38,89.12,4.41,5.05,10.79,7.02,3.86,29.56,3.22
01/31/1969,1.92,10.70,62.71,1.27,58.07,5.70,75.20,32.46,126.42,16.78,18.11,75.39,3.09,121.37,103.24,10.85,27.19,1.32,32.68,16.06,251.97,24.80,12.80,235.43,148.52,1.16,11.15,6.75,21.34,24.39,48.80,114.86,268.97,0.82,35.44,39.09,38.20,63.79,2.31,5.91,24.98,3.44,14.88,16.94,38.34,22.01,5.90,84.87,11.87,9.03,17.59,20.68,32.79,0.43,8.79,5.74,1.98,4.32,15.19,69.79,12.89,74.80,21.12,260.44,75.79,110.69,78.15,136.99,30.89,247.29,7.78,109.87,169.96,227.63,156.42,2.28,82.52,0.44,37.86,374.00,5.33,3.26,283.61,43.47,2.04,30.13,112.44,0,7.5,8.81,24.39,98.97,47.78,56.71,11.74,6.89,6.1,10.33647059,45.84,9.96,132.55,17.08,91.5,1426.23,0.6,4.1,7.87,64.67,9.8,13.76,31.05,39.07,13.44,102.99,154.61,24.97,29.83,63.72,41.49,51.13,98.68,15.6
02/28/1969,0.53,2.98,44.82,0.49,32.97,3.07,41.86,17.19,109.22,4.16,22.37,36.54,1.68,74.46,63.92,5.64,11.22,0.64,42.67,16.06,218.13,12.02,6.21,171.11,139.83,0.49,4.73,1.46,11.75,13.43,26.19,54.03,92.41,0.56,29.77,28.77,28.40,84.11,1.75,2.65,6.73,0.85,3.29,6.83,8.93,11.81,3.44,42.36,4.57,2.46,15.57,18.31,7.12,0.23,2.05,2.03,0.70,4.78,30.39,60.22,4.24,24.59,8.10,99.18,25.60,36.14,37.26,77.78,22.08,99.21,3.29,46.50,72.08,131.99,56.09,0.53,31.86,0.23,12.75,179.48,1.65,1.41,219.29,17.59,0.79,12.04,60.62,0,2.06,3.79,13.43,87.56,23.1,25.05,5.32,3.12,3.36,6.286666667,27.88,2.2,62.22,4.54,70.6,1228.68,0.1,0.96,3.57,12.66,5.33,7.48,13.94,6.98,4.15,44.09,134.5,12.27,12.83,27.4,17.84,23.95,98.64,7.56
03/31/1969,0.54,3.00,51.32,0.55,13.39,4.75,17.30,9.00,62.87,4.16,10.73,17.24,2.37,34.73,45.14,5.55,8.88,0.60,25.29,9.59,72.29,5.67,2.93,64.11,91.31,0.38,3.88,1.57,5.55,6.34,8.18,29.94,109.54,0.54,20.37,11.84,19.80,38.64,0.96,5.34,5.72,0.85,4.63,5.85,13.71,3.69,2.59,23.00,3.74,4.11,4.57,5.37,3.74,1.32,2.67,0.00,1.03,4.54,11.85,24.00,5.29,30.67,7.18,86.44,63.70,34.08,21.85,31.59,25.28,50.86,2.38,33.57,55.63,82.81,51.52,0.69,25.04,1.36,11.59,85.63,1.09,1.58,72.18,6.9,0.88,7.87,40.65,0,3.9,2.84,6.34,50.8,15.83,10.71,7.69,4.51,1.59,7.175098039,31.82,3.1,43.27,7.58,45.3,870.73,1.72,1.25,5.16,13.83,7.49,10.51,10.52,12.31,2.76,65.61,174.32,17.5,9.63,20.57,13.39,14,58.91,3.57
04/30/1969,1.90,10.58,102.44,1.62,16.04,18.92,15.70,12.10,40.56,13.31,3.12,7.20,4.61,49.76,53.89,17.58,22.09,2.75,5.13,9.00,29.43,2.37,1.22,64.98,76.70,0.59,19.00,5.76,5.50,6.29,3.75,50.08,289.90,1.37,16.91,53.31,9.00,0.00,11.88,20.09,27.24,2.73,15.97,13.21,41.09,1.69,11.65,10.58,15.28,14.60,3.60,4.23,17.95,1.68,7.20,5.84,3.58,2.09,4.35,9.79,7.99,46.34,17.31,215.37,68.12,61.46,34.61,37.84,50.46,49.26,3.79,53.55,87.42,148.20,118.95,1.86,57.81,1.73,16.57,83.56,2.81,3.39,26.58,7.15,2.6,10.9,40.34,0,14.16,4.87,6.29,40.81,16.96,0,27.17,15.95,1.57,6.974411765,30.93,10.69,47.03,28.91,33.1,1091.57,5.72,3.35,18.22,40.31,14.59,20.48,19.89,29.43,7.07,111.81,349.57,50.05,16.48,35.2,22.92,12.08,55.29,1.49
05/31/1969,2.04,11.37,146.73,5.73,18.75,22.02,5.91,7.02,19.52,32.24,1.47,3.19,4.82,49.20,61.98,26.95,39.44,18.68,1.10,5.44,16.62,1.05,0.54,49.84,38.26,0.81,13.18,14.79,2.36,2.70,0.71,50.44,210.21,7.50,11.01,13.88,6.30,0.00,50.57,12.63,86.45,6.60,26.50,18.23,86.93,0.32,33.97,8.22,47.64,31.49,1.58,1.86,37.06,0.40,5.94,9.41,10.71,0.00,1.20,7.03,4.54,26.33,13.71,291.92,32.20,82.44,50.00,44.23,72.27,50.11,5.41,76.45,118.58,204.55,218.47,1.91,46.34,0.41,8.13,94.76,1.98,2.63,10.22,2.66,9.2,9.57,21.26,0,46.02,5.48,2.7,25.41,0,0,63.08,37.02,0.67,0,0,17.74,35.79,81.84,21.8,813.86,20.3,2.91,42.29,55.79,15.25,21.41,18.09,50.24,4.98,73.6,523.38,97.23,18.55,39.62,25.8,4.4,33.41,0.66
06/30/1969,0.41,2.28,79.86,4.98,6.93,5.92,2.90,2.05,6.25,24.73,0.33,0.97,1.69,16.33,39.93,9.24,17.31,16.80,0.05,2.51,7.75,0.32,0.17,17.43,10.54,0.33,2.97,6.51,0.84,0.96,0.59,18.87,52.43,6.78,2.34,3.60,2.10,0.00,33.01,2.61,30.64,5.06,6.33,6.33,62.28,0.27,19.58,0.11,28.74,14.95,0.27,0.32,11.77,1.28,1.09,0.39,6.80,0.00,0.68,7.86,0.63,3.64,4.25,115.66,15.46,26.61,28.99,16.35,39.34,20.01,2.06,29.04,48.55,107.19,121.80,0.39,9.62,1.32,1.51,55.85,0.55,0.33,1.89,0.58,7.98,4.46,12.58,0,33.36,2.24,0.96,8.32,0.88,0,32.48,19.06,0.24,0,0,4.24,8.49,47.53,6,405.16,13.96,1.09,21.78,15.55,5.35,7.51,7.1,21.01,1.39,14.08,198.31,42.14,7.58,16.19,10.54,0.89,15.41,0.2
07/31/1969,0.05,0.26,47.97,2.18,3.28,1.45,2.06,0.86,0.00,4.15,0.11,0.15,0.99,7.42,23.64,4.22,3.22,7.22,0.00,1.86,6.87,0.05,0.03,5.56,2.54,0.07,0.62,0.59,0.40,0.46,0.22,10.08,13.67,3.09,0.74,4.68,0.10,19.58,7.92,0.53,6.72,0.85,0.79,1.53,11.87,0.10,5.15,0.12,4.78,1.39,0.11,0.13,1.73,0.27,0.26,0.32,1.95,0.00,0.00,2.40,0.06,0.37,1.31,31.23,4.44,5.46,14.31,7.74,23.63,7.80,0.41,5.83,9.79,31.42,31.59,0.07,4.56,0.28,0.49,31.29,0.57,0.09,2.24,0.09,3.5,2.27,8.08,0,12.41,0.96,0.46,1.35,1.7,0,8.42,4.94,0.11,1.089117647,4.83,0.53,4.37,5.69,2.8,278.71,3.86,0.13,5.65,2.61,3.12,4.38,3.69,5.02,1.43,2.7,47.49,9.41,3.26,6.96,4.53,0.23,11.42,0.03
08/31/1969,0.02,0.10,39.40,0.33,2.62,0.40,1.68,0.58,0.00,2.31,0.08,1.16,0.41,5.84,18.75,3.13,1.07,1.37,0.00,1.59,0.00,0.38,0.20,2.90,1.07,0.02,0.41,0.09,0.06,0.07,0.04,7.87,6.73,0.84,0.27,3.79,0.00,27.32,0.00,0.04,2.10,0.47,0.43,0.75,0.97,0.02,0.81,0.15,1.00,0.50,0.03,0.04,0.56,0.12,0.09,0.00,0.21,0.00,0.00,0.34,0.00,0.00,0.66,14.13,0.00,1.63,8.61,6.18,19.40,2.86,0.12,1.73,3.03,9.59,14.71,0.02,2.30,0.12,0.23,6.23,0.53,0.05,0,0.07,0.53,1.33,3.39,0,1.03,0.61,0.07,0.35,4.54,0.28,1.38,0.81,0.02,0,0,0.29,2.37,2.05,0.3,235.11,0,0.04,0.93,1.05,1.31,1.84,2.4,3.78,1.33,0.83,10.25,1.06,2.08,4.44,2.89,0.11,9.78,0.24
09/30/1969,0.01,0.06,34.17,0.08,2.40,0.25,1.51,0.56,0.00,1.61,0.10,0.55,0.23,4.93,17.52,2.72,0.95,0.27,0.00,1.80,2.58,0.18,0.09,2.78,1.07,0.01,0.29,0.05,0.19,0.22,0.01,6.80,6.69,0.41,0.22,1.43,0.00,15.69,0.00,0.13,1.18,0.33,0.34,0.60,0.26,0.00,0.20,0.09,1.10,0.49,0.03,0.04,0.25,0.11,0.05,0.27,0.07,0.00,0.15,0.00,0.19,1.12,0.50,11.54,0.59,0.43,7.18,5.66,16.83,1.78,0.08,1.08,2.00,15.42,10.99,0.01,1.70,0.11,0.19,10.68,0.25,0.07,0,0.12,0.13,1.5,2.93,0,0.67,0.53,0.22,0.3,5.58,3.12,0.72,0.42,0.05,2.020392157,8.96,0.23,2.46,2.39,0.1,255.84,0,0.02,0.48,0.67,0.74,1.04,2.12,0.95,0.64,0.48,4.75,0.48,1.8,3.84,2.5,0.25,11.03,0.11
10/31/1969,0.02,0.10,34.71,0.35,3.22,0.69,1.91,1.08,0.89,0.60,0.11,3.28,0.24,5.92,19.73,3.33,1.51,0.39,0.34,0.64,8.57,1.08,0.56,7.14,2.15,0.03,0.71,0.27,0.13,0.15,0.13,7.64,10.00,0.46,0.32,2.90,0.20,16.79,1.59,0.41,0.99,0.12,0.10,1.45,1.44,0.06,1.49,0.15,0.95,0.94,0.11,0.13,0.22,0.22,0.08,0.00,0.37,0.57,0.00,3.58,0.00,0.00,0.76,16.33,1.52,2.66,8.50,7.60,17.09,4.06,0.16,2.25,4.12,18.23,13.62,0.02,3.11,0.22,0.42,8.38,0.02,0.08,0,0.75,0.56,1.39,5.86,0,1.9,0.58,0.15,0.74,2.16,1.88,1.16,0.68,0.04,0.644901961,2.86,0.07,3.06,2.88,1.6,270.99,0.24,0.04,0.78,1.17,0.75,1.05,2.53,1.44,0.05,0.78,14.59,2.06,1.97,4.21,2.74,0.41,3.96,0.68
11/30/1969,0.03,0.18,34.57,0.26,3.95,0.71,2.34,1.52,0.73,2.25,0.19,3.04,0.19,6.52,21.79,3.09,2.64,0.07,0.00,0.76,7.98,1.00,0.52,9.47,1.81,0.03,0.47,0.26,0.74,0.85,0.17,8.30,12.24,0.34,0.52,0.31,0.10,42.70,1.81,0.36,0.19,0.46,0.22,1.66,0.49,0.08,1.01,0.15,1.48,0.95,0.49,0.58,1.00,0.00,0.09,0.00,0.46,0.00,0.00,2.48,0.17,1.01,0.81,16.43,2.21,1.86,9.44,9.32,17.03,7.08,0.21,2.96,4.54,21.85,12.73,0.03,3.12,0.00,0.71,1.60,0.11,0.1,1.53,1.55,0.42,1.61,4.3,0,1.51,0.63,0.85,1.19,2.4,6.16,1.19,0.7,0.21,0.383333333,1.7,0.15,3.91,1.98,2.19,264.17,0,0.05,0.8,1.25,0.59,0.83,2.32,2.19,0.29,1.74,18.98,2.24,2.12,4.53,2.95,1.3,4.66,0.63
12/31/1969,0.39,2.18,61.91,0.93,29.68,2.20,23.90,15.22,30.81,15.72,6.50,21.43,1.23,41.96,64.01,7.98,15.68,1.15,10.74,9.03,97.38,7.05,3.64,153.59,53.65,0.37,3.84,4.80,5.46,6.24,12.76,46.32,78.70,0.75,10.93,18.37,11.80,0.00,3.95,1.39,15.69,3.22,7.41,9.82,27.35,5.76,4.67,14.64,9.29,9.07,7.38,8.68,18.13,1.51,1.77,1.93,1.46,3.61,13.35,15.92,2.28,13.23,5.45,129.30,10.62,34.38,49.02,70.02,30.49,76.72,2.31,32.62,54.75,135.35,76.68,0.46,33.68,1.55,12.72,90.54,1.09,1.17,117.14,20.48,1.5,8.65,29.41,0,11.44,4.21,6.24,34.26,7.87,15.92,5.67,3.33,1.56,4.029509804,17.87,4.96,28.27,17.6,36.69,937.96,1.03,0.83,3.8,30.61,3.88,5.45,15.57,24.28,2.74,54.05,223.82,12.7,14.27,30.48,19.85,11.84,55.46,4.43
01/31/1970,2.90,16.19,137.02,1.91,73.23,11.77,92.72,50.45,206.85,30.12,38.75,50.10,5.06,159.86,149.66,30.16,37.71,2.98,66.45,28.40,374.09,16.48,8.51,314.79,237.51,1.36,17.84,11.90,17.07,19.51,39.83,151.14,402.50,1.46,54.56,15.15,54.30,0.00,24.52,11.89,53.66,6.17,22.87,24.02,78.06,17.97,17.91,116.05,29.91,21.79,21.71,25.52,47.31,2.11,10.66,6.79,3.48,12.50,9.94,65.75,12.05,69.91,30.87,416.46,82.37,133.20,112.95,172.75,67.49,356.45,8.94,126.27,200.34,353.17,247.86,2.75,101.70,2.16,42.54,476.29,5.69,4.61,401.8,56.85,3.06,31.04,113.96,0,24.05,12.44,19.51,150.95,34.62,60.13,23.55,13.82,4.88,17.49578431,77.59,15.31,105.75,44.29,141.27,2924.9,4.2,4.96,15.79,95.69,16.02,22.49,45.39,51.85,14.35,178.31,538.98,51.39,42.11,89.95,58.57,52.14,174.44,10.37
02/28/1970,0.62,3.47,55.88,0.67,16.61,5.55,16.86,8.57,35.52,5.06,10.24,12.04,1.24,40.60,51.05,8.85,13.51,1.61,23.95,8.20,84.28,3.96,2.04,60.19,64.96,0.30,3.78,2.01,4.62,5.28,13.35,37.58,103.77,0.93,11.45,16.69,12.40,26.06,3.62,4.51,10.13,1.04,4.05,7.81,14.47,6.02,4.67,20.31,5.79,3.39,4.33,5.09,7.39,0.04,2.14,0.39,1.59,0.00,11.21,11.49,4.14,24.01,7.63,125.97,22.62,27.97,24.54,39.18,27.52,51.15,2.00,28.20,43.41,111.36,67.14,0.55,20.94,0.04,7.64,52.14,1.68,1.06,98.08,5.06,1.08,4.86,30.06,0,3.23,2.66,5.28,35.89,11,25.49,9.83,5.77,1.32,4.843529412,21.48,2.71,32.03,8.14,40.48,863.65,3.03,1,6.59,15.43,3.93,5.52,10.54,7.07,4.23,28.85,163.08,17.65,8.99,19.2,12.5,5.13,50.38,2.49
03/31/1970,0.59,3.27,56.62,0.85,21.64,7.38,20.10,7.75,31.66,6.23,5.64,10.03,1.01,42.52,51.74,9.92,17.88,1.18,10.88,6.97,49.57,3.30,1.70,62.92,64.33,0.29,4.62,2.08,5.37,6.14,13.51,43.92,117.44,0.77,12.11,15.16,9.00,29.43,4.46,4.19,9.79,1.28,4.33,8.99,16.59,6.09,5.43,11.19,6.56,4.99,3.93,4.62,8.10,0.05,2.21,0.63,1.77,4.34,12.64,13.28,4.17,24.21,7.32,121.67,11.30,26.34,34.29,51.05,27.89,64.62,1.99,28.16,43.36,92.52,62.78,0.57,22.30,0.05,8.08,76.68,1.40,0.69,61.73,3.84,1.37,3.63,29.99,0,4.67,2.78,6.14,34.53,9.64,24.98,10.68,6.27,1.53,5.492941176,24.36,2.9,28.58,11.98,24.43,813.24,3.96,1.03,7.16,17.57,3.19,4.48,9.71,7.78,3.52,30.14,162.44,17.52,9.42,20.12,13.1,1.51,42.79,2.08
04/30/1970,0.38,2.11,48.98,0.91,6.25,7.50,4.25,2.38,8.20,6.50,1.79,2.89,0.52,15.98,35.98,6.88,11.99,2.05,4.01,2.68,10.71,0.95,0.49,17.10,17.51,0.16,3.37,2.33,1.55,1.77,1.58,15.86,62.15,1.10,3.02,7.81,2.50,0.00,8.11,3.33,9.46,1.33,4.26,5.22,18.15,0.71,6.30,0.29,8.33,5.58,0.86,1.01,5.50,0.41,1.25,1.30,2.06,4.58,1.13,5.83,1.64,9.53,3.56,67.48,4.45,14.76,15.55,14.74,24.12,27.13,1.04,14.73,23.88,45.51,45.09,0.33,11.52,0.42,2.28,18.53,0.60,0.22,11.97,0.9,1.45,1.78,11.72,0,6.15,1.48,1.77,11.75,4.74,13.6,11.48,6.74,0.44,1.641568627,7.28,2.85,9.93,15.6,8.27,440.15,3.13,0.59,7.7,8,1.66,2.33,4.55,5.51,1.51,10.11,111.06,15.59,5.02,10.72,6.98,0.92,16.48,0.6
05/31/1970,0.47,2.60,67.47,3.30,5.42,10.33,2.97,2.03,6.11,16.23,0.82,3.07,1.16,12.52,36.61,7.98,14.17,9.89,2.98,2.05,15.75,1.01,0.52,11.02,9.03,0.26,3.26,5.42,0.88,1.01,0.54,13.95,67.04,4.12,1.97,0.00,0.10,0.00,25.52,3.77,22.03,3.32,7.14,5.49,47.34,0.24,17.73,0.11,22.42,14.96,0.42,0.49,7.11,1.00,0.71,3.81,5.54,3.39,1.08,1.57,1.36,7.90,2.90,84.09,4.93,17.09,23.43,12.79,33.23,29.31,1.60,22.57,37.77,58.45,78.21,0.24,9.17,1.03,1.46,12.54,0.42,0.49,7.79,0.7,5.29,2.63,9.29,0,25.41,1.69,1.01,7.32,0,0,25.79,15.14,0.25,0.735098039,3.26,4.78,0,44.25,4.89,375.49,12.26,0.63,17.29,9.4,3.68,5.17,5.1,13.3,1.06,9.3,196.36,38.85,5.73,12.24,7.97,0.7,12.6,0.64
06/30/1970,0.10,0.54,53.87,3.12,3.84,3.26,2.05,1.41,1.92,6.84,0.30,1.49,0.91,10.23,31.02,4.66,7.16,9.96,1.37,1.57,9.23,0.49,0.25,6.40,4.15,0.10,1.32,1.37,0.46,0.53,0.17,10.30,30.13,4.15,1.05,0.00,0.00,3.12,14.95,1.24,10.50,1.40,0.75,2.70,26.21,0.08,9.51,0.11,8.13,4.42,0.19,0.22,2.08,0.24,0.34,0.00,3.83,0.91,0.58,0.00,1.50,8.70,1.44,41.50,3.14,9.07,21.37,9.06,26.53,17.64,0.65,9.23,14.91,29.71,43.34,0.09,4.46,0.25,0.65,12.81,0.49,0.13,2.94,0.32,5,2.4,6.21,0,20.58,1.05,0.53,2.83,0.53,0,15.81,9.28,0.13,0.570490196,2.53,0.5,1.97,15.63,1.5,301.83,6.71,0.16,10.6,3.25,2.88,4.04,3.6,6.06,1.23,3.21,97.71,20.47,3.55,7.58,4.94,0.34,9.66,0.31
07/31/1970,0.02,0.11,34.71,1.02,2.98,0.72,1.81,0.67,0.00,3.73,0.15,0.00,0.47,3.27,24.23,3.19,2.32,3.14,0.00,1.67,7.34,0.00,0.00,2.43,1.21,0.03,0.50,0.19,0.32,0.37,0.05,7.77,10.51,1.52,0.36,0.00,0.00,6.16,0.92,0.15,1.06,0.76,0.00,1.12,3.72,0.02,1.89,0.12,1.19,0.42,0.03,0.04,0.71,0.10,0.09,0.00,0.78,0.12,0.00,0.00,0.33,1.91,0.92,17.98,3.08,3.06,10.96,7.03,17.09,11.28,0.18,2.53,4.19,14.53,15.27,0.03,2.50,0.10,0.31,11.32,0.32,0.03,0.23,0.06,1.63,1.33,4.91,0,4.09,0.7,0.37,0.48,4.34,0.14,3.39,1.99,0.09,0.166862745,0.74,0,2.27,1.78,0,246.76,0.04,0.05,2.27,1.04,1.48,2.08,2.69,0.93,0.82,0.77,26.61,3.2,2.38,5.08,3.31,0.12,10.28,0
08/31/1970,0.01,0.04,32.56,0.15,2.62,0.24,1.61,0.51,0.00,0.00,0.07,0.00,0.17,4.50,17.87,2.76,0.96,0.16,0.00,1.53,0.00,0.00,0.00,1.50,0.72,0.01,0.38,0.05,0.07,0.08,0.00,6.45,5.07,0.37,0.15,0.00,0.00,24.55,2.27,0.00,2.02,0.00,0.06,0.69,0.93,0.00,0.43,0.09,0.00,0.33,0.02,0.02,0.00,0.08,0.05,0.00,0.10,0.00,0.00,0.00,0.33,1.93,0.57,9.12,0.00,2.25,7.33,6.18,16.04,9.27,0.08,1.19,2.06,11.29,9.65,0.01,1.64,0.08,0.10,0.00,0.13,0.02,0,0.07,0.24,0.63,5.47,0,0.63,0.56,0.08,0.22,3.44,2.43,0.78,0.46,0.02,0.421666667,1.87,0.04,0.69,1.35,0,239.41,0,0.03,0.52,0.85,0.55,0.77,2.16,2.34,0.32,0.32,6.53,0.47,1.88,4.02,2.61,0.1,9.42,0
09/30/1970,0.00,0.02,28.88,0.06,2.56,0.20,1.40,0.51,0.00,0.32,0.06,0.15,0.17,4.27,17.53,2.70,0.94,0.06,0.50,1.06,0.00,0.05,0.03,1.91,0.82,0.01,0.75,0.03,0.16,0.18,0.00,5.86,4.89,0.33,0.12,0.00,0.10,32.39,0.00,0.21,0.34,0.07,0.09,0.60,0.44,0.00,0.06,0.07,0.00,0.41,0.03,0.04,0.00,0.14,0.03,0.00,0.05,0.00,0.00,0.00,0.23,1.34,0.53,8.56,0.00,1.78,6.63,6.04,14.22,7.11,0.06,0.82,1.69,9.26,7.96,0.01,1.41,0.14,0.16,0.00,0.10,0.04,0,0.11,0.1,0.43,5.13,0,0.35,0.53,0.18,0.23,1.41,0.08,0.54,0.32,0.05,0.155588235,0.69,0.06,0.62,1.97,0,222.62,0,0.02,0.36,0.47,0.53,0.74,2.1,0,0.25,0.27,2.98,0.33,1.78,3.8,2.48,0.07,6.53,0.03
10/31/1970,0.01,0.04,30.21,0.13,2.97,0.47,1.71,0.92,0.00,1.40,0.09,1.06,0.14,4.15,18.88,3.23,1.30,0.03,0.46,0.94,0.00,0.35,0.18,5.67,1.91,0.01,0.48,0.08,0.37,0.42,0.12,6.75,8.99,0.32,0.25,7.67,0.20,28.25,0.24,0.26,0.46,0.29,0.09,1.26,0.14,0.05,0.21,0.12,0.22,0.59,0.16,0.19,0.84,0.00,0.03,0.00,0.11,0.00,0.00,0.00,0.42,2.43,0.74,12.06,0.62,1.71,7.31,7.01,14.88,6.33,0.10,1.43,2.19,13.24,9.40,0.01,1.79,0.00,0.22,0.00,0.09,0.02,0,0.61,0.21,0.54,6.41,0,0.2,0.5,0.42,0.66,2.21,3.28,0.48,0.28,0.11,0.038333333,0.17,0.06,2.04,1.8,0.69,265.14,0.11,0.02,0.32,0.85,0.45,0.63,2.18,0,0.22,0.6,12.36,0.64,1.7,3.63,2.36,0.13,5.78,0.22
11/30/1970,0.10,0.54,52.09,0.83,18.44,1.91,10.47,7.45,18.93,7.57,3.46,15.63,0.67,19.39,45.52,4.07,7.11,0.68,4.35,5.72,39.09,5.14,2.65,79.69,29.61,0.15,3.15,1.26,2.24,2.56,5.25,24.39,35.45,0.57,6.30,27.86,6.80,43.40,2.34,1.64,5.62,1.55,0.93,4.40,12.02,2.37,3.06,2.32,4.19,4.00,1.89,2.22,6.83,0.20,0.61,1.86,1.20,2.63,2.25,1.82,1.53,8.88,2.21,53.60,4.62,14.69,28.34,43.50,25.65,27.39,0.98,13.78,21.76,45.80,37.52,0.16,8.79,0.20,4.20,38.17,0.35,0.46,55.43,8.38,1.33,5.13,19.64,0,6.74,1.67,2.56,18.84,5.06,8.3,3.09,1.81,0.64,1.616764706,7.17,0.62,14.75,8.7,10.93,654.21,1.28,0.29,2.07,11.47,2.12,2.98,6.14,12.36,0.87,16.89,146.9,7.17,5.67,12.11,7.89,4.86,35.14,3.23
12/31/1970,0.19,1.07,48.31,0.47,25.43,2.23,28.76,12.95,50.10,5.24,11.39,50.74,0.72,35.53,62.53,3.91,10.18,0.71,25.67,10.30,161.74,16.69,8.62,135.25,81.66,0.36,3.98,1.32,8.23,9.41,21.03,41.93,79.06,0.58,15.03,51.49,21.80,87.64,1.65,1.45,4.38,1.07,2.24,6.52,8.89,9.49,2.58,37.93,3.65,2.83,5.99,7.04,7.86,0.67,1.03,1.51,0.84,4.34,28.49,26.88,3.75,21.78,4.06,80.50,11.06,25.33,36.03,59.99,23.79,63.17,2.36,33.39,53.32,80.06,49.33,0.26,20.07,0.69,11.57,78.74,1.35,0.69,166.86,17.9,0.75,8.97,41.81,0,2.51,2.89,9.41,53.26,9.42,25.81,3.02,1.77,2.35,0.606568627,2.69,1.5,37.59,5.47,49.31,987.82,1.3,0.48,2.02,12.91,2.29,3.21,10.76,9.45,3.4,43,143.27,7.45,9.77,20.87,13.59,13.83,63.25,10.5
01/31/1971,0.24,1.34,46.46,0.60,19.23,3.56,20.19,13.31,66.52,5.37,8.76,15.66,1.61,29.20,53.09,5.00,7.73,0.88,16.00,12.79,126.33,5.15,2.66,110.37,99.54,0.33,3.24,1.81,4.33,4.95,9.86,33.89,84.62,0.65,19.85,26.78,20.10,0.00,5.87,2.73,5.89,1.10,4.12,4.92,15.31,4.45,3.22,49.52,4.37,4.25,3.95,4.64,6.05,0.77,1.50,3.05,0.86,3.89,13.51,16.66,2.97,17.21,5.10,84.14,8.42,30.52,29.26,45.36,22.89,50.46,2.12,30.00,48.44,72.87,55.27,0.38,23.94,0.79,12.18,30.21,0.52,1.84,70.37,15.74,0.96,7.95,30.99,0,5.23,2.69,4.95,63.32,5.55,4.67,5.18,3.04,1.24,6.503137255,28.84,2.76,33.39,7.91,49.9,1026.98,1.01,0.69,3.47,13.14,5.1,7.16,9.07,11.72,1.31,82.82,240.49,12.82,9.11,19.46,12.67,13.41,78.54,3.24
02/28/1971,0.42,2.34,33.59,0.47,6.55,3.77,5.79,6.65,16.97,4.53,1.81,6.51,1.69,18.46,30.88,5.36,5.83,0.66,3.55,5.21,12.49,2.14,1.10,25.48,32.41,0.23,2.40,1.91,2.47,2.82,1.69,17.23,66.45,0.57,6.58,15.33,4.30,12.76,2.76,2.75,7.40,0.93,4.65,3.60,13.15,0.76,2.87,4.92,3.98,3.80,2.34,2.75,4.52,0.92,2.08,1.48,0.81,0.00,2.53,5.44,2.56,14.88,6.22,77.21,16.27,22.31,14.56,15.45,16.55,34.17,1.40,19.71,33.12,62.01,46.60,0.54,21.77,0.95,9.22,3.73,0.53,1.04,13.92,7.64,0.76,5.68,19.38,0,3.3,2.07,2.82,18.24,0,0,5.69,3.34,0.71,2.502941176,11.1,3.11,19.55,7.01,16.63,558.42,0.12,0.97,3.81,13.5,5.34,7.5,7.14,7.95,1.33,32.96,151.77,12.87,7.02,14.99,9.76,9.02,31.99,1.35
03/31/1971,0.87,4.83,72.31,0.63,19.21,6.90,24.10,14.85,39.20,7.05,3.33,21.34,1.99,49.27,45.58,12.50,15.31,0.87,0.00,8.96,82.12,7.02,3.62,106.49,63.82,0.41,7.27,2.63,6.46,7.38,12.79,46.87,195.56,0.65,14.54,27.80,8.50,12.16,2.85,6.72,11.96,1.44,8.08,9.75,19.65,5.77,4.32,28.72,5.14,4.45,5.86,6.89,13.33,0.58,4.50,2.65,1.25,5.45,14.18,9.53,4.39,25.49,12.00,161.61,85.93,40.22,34.35,45.32,35.62,91.38,2.73,38.57,61.00,116.94,76.74,1.16,41.44,0.60,17.72,74.16,1.94,1.34,47.2,11.76,1.01,8.3,37.56,0,4.12,5.07,7.38,34.81,12.91,13.34,8.46,4.97,1.85,5.824411765,25.83,5.41,41.71,8.31,38.68,1046.69,2.44,2.09,5.67,32.46,6.29,8.83,18.66,16.24,4.89,56.09,207.31,18.9,17.17,36.67,23.88,16.24,55.05,4.42
04/30/1971,1.14,6.35,70.66,1.06,9.88,14.09,8.46,8.39,15.75,12.88,1.21,7.51,1.91,35.85,41.25,15.60,15.42,1.97,3.06,6.17,24.83,2.47,1.28,45.41,39.30,0.37,13.40,4.18,2.87,3.28,2.97,37.36,186.27,1.07,7.53,7.16,3.30,0.00,8.22,10.38,18.38,2.64,11.46,9.58,27.59,1.34,7.64,4.91,10.72,9.35,3.22,3.79,13.71,0.35,3.27,5.15,2.46,0.00,0.50,3.04,3.86,22.41,12.33,166.83,34.25,35.28,24.32,23.31,34.80,64.25,2.44,34.42,53.93,115.97,83.66,1.01,32.13,0.36,9.94,14.73,1.74,1.66,14.54,4.73,1.7,6.59,23.25,0,8.6,3.7,3.28,20.37,11.92,4.66,16.44,9.65,0.82,2.665294118,11.82,7.67,27.82,18.6,20.28,834.39,3.04,2.46,11.02,35.35,6.04,8.48,15.02,17.91,4.38,36.08,204.79,27.73,12.52,26.74,17.41,7.03,37.93,1.55
05/31/1971,1.08,6.02,108.65,2.84,11.22,25.30,4.24,5.60,13.88,24.02,0.61,5.99,1.71,29.95,45.72,16.00,27.33,7.52,0.00,4.96,14.63,1.97,1.02,37.10,19.62,0.49,15.69,8.36,1.41,1.61,1.08,33.26,197.46,3.21,5.08,5.87,1.40,0.00,26.57,15.14,35.16,4.92,13.73,13.81,58.99,0.49,18.01,3.36,32.19,20.68,1.46,1.72,27.51,0.64,2.18,7.13,5.60,0.00,2.36,1.73,2.51,14.59,9.00,222.12,40.20,44.74,31.50,26.47,53.52,56.33,3.26,46.04,72.64,121.05,140.19,0.96,26.65,0.66,6.52,23.33,0.91,0.94,7.75,2.3,4.55,5.85,15.38,0,25.35,4.26,1.61,12.87,5.03,0,29.68,17.42,0.4,1.249215686,5.54,9.19,19.63,52.36,10.34,712.13,10.8,2.47,19.9,42.67,5.43,7.62,14.97,28.53,2.3,26.18,322.46,45.34,14.44,30.84,20.08,2.83,30.44,1.24
06/30/1971,0.33,1.83,82.86,4.32,6.47,12.81,2.73,2.53,6.09,23.86,0.28,3.34,1.23,18.51,38.15,8.38,23.24,13.80,0.00,3.98,10.77,1.10,0.57,20.22,9.06,0.35,5.37,6.31,0.63,0.72,0.48,19.31,114.74,5.62,1.58,0.54,0.90,0.00,43.37,7.12,27.31,4.89,5.62,9.24,57.71,0.21,18.16,0.13,32.58,17.80,0.47,0.55,15.90,1.25,0.94,2.06,6.29,0.00,1.00,0.00,1.20,6.96,3.26,157.42,16.44,33.83,27.73,15.26,40.81,36.62,2.19,30.91,51.33,100.40,135.31,0.34,10.45,1.28,1.56,3.08,0.49,0.35,4.13,0.84,6.93,3.72,10.74,0,34.36,2.8,0.72,7.2,5.21,0,27.82,16.33,0.18,0.110490196,0.49,3.76,0,54.21,3.74,492.52,11.13,0.97,18.65,22.77,3.89,5.46,8.44,18.99,1.23,9.24,156.51,38.39,9.48,20.25,13.18,1.01,24.44,0.69
07/31/1971,0.06,0.33,53.40,1.65,3.49,2.82,1.99,0.99,2.38,5.47,0.09,1.61,0.63,7.61,24.91,4.59,4.77,4.81,0.00,2.76,5.70,0.53,0.27,6.69,3.08,0.08,1.63,0.71,0.16,0.18,0.24,10.70,25.76,2.16,0.55,0.00,0.30,22.44,13.19,1.11,7.54,1.12,0.94,1.99,10.79,0.11,3.58,0.11,6.01,2.24,0.11,0.13,3.06,0.41,0.29,0.79,1.57,0.00,0.70,0.00,0.67,3.90,1.43,47.02,6.38,11.45,16.32,8.23,26.30,15.55,0.47,6.70,11.56,28.78,47.93,0.08,3.75,0.42,0.51,8.79,0.48,0.06,2.79,0.16,2.65,1.7,8.69,0,9.11,1.03,0.18,1.92,4.57,0.98,6.72,3.94,0.05,0.171372549,0.76,0.63,5.64,8.69,0,293.64,1.53,0.14,4.51,4.25,2,2.81,3.94,2.99,1.2,2.27,49.79,7.12,3.48,7.43,4.84,0.18,16.94,0.33
08/31/1971,0.01,0.07,37.60,0.26,2.78,0.10,1.56,0.57,0.13,1.66,0.02,0.76,0.27,7.27,17.89,3.25,1.02,0.34,0.00,1.36,0.00,0.25,0.13,3.20,0.96,0.02,0.24,0.11,0.06,0.07,0.20,7.58,9.49,0.44,0.20,2.53,0.10,31.04,0.00,0.11,1.72,0.34,0.00,0.76,0.50,0.09,0.51,0.20,0.80,0.33,0.04,0.05,0.67,0.16,0.09,0.78,0.17,0.00,3.83,0.00,0.32,1.85,0.75,17.59,0.00,3.68,9.03,6.56,18.52,8.60,0.12,1.68,3.08,15.35,18.22,0.03,2.47,0.16,0.28,0.00,0.20,0.02,0,0.04,0.42,1.22,5.21,0,0.86,0.6,0.07,0.36,4.48,2.67,1.19,0.7,0.02,0.243529412,1.08,0,1.69,1.25,0,227.77,0,0.05,0.8,1.17,0.85,1.19,2.3,0.43,0.51,0.61,10.66,0.72,2.02,4.31,2.81,0.13,8.38,0.16
09/30/1971,0.01,0.05,31.38,0.09,2.56,0.08,1.51,0.58,0.00,0.29,0.04,2.28,0.24,5.17,17.07,2.87,1.08,0.34,0.00,1.12,0.73,0.75,0.39,3.49,1.11,0.01,0.27,0.06,0.00,0.00,0.23,6.71,9.38,0.44,0.15,4.75,0.00,27.69,0.00,0.18,0.83,0.06,0.30,0.69,0.00,0.10,0.00,0.23,0.00,0.26,0.03,0.04,0.21,0.10,0.06,0.00,0.07,0.00,0.00,0.00,0.45,2.63,0.47,13.39,0.03,3.00,7.57,6.04,15.45,5.58,0.08,1.12,2.02,12.16,12.11,0.01,1.86,0.10,0.17,0.00,0.13,0.06,0,0.12,0.14,0.65,3.81,0,0.43,0.6,0,0.31,1.73,0,0.61,0.36,0,0.284117647,1.26,0.2,2.36,1.45,0,227.85,0,0.02,0.41,0.81,0.75,1.05,2.4,1,0.33,0.39,5.27,0.45,2.04,4.36,2.84,0.1,6.86,0.47
10/31/1971,0.01,0.07,33.17,0.11,2.91,0.48,1.67,0.93,0.00,1.47,0.07,1.46,0.07,5.33,18.21,3.13,1.91,0.00,0.00,1.40,1.58,0.48,0.25,6.03,1.60,0.02,0.04,0.09,0.13,0.15,0.43,6.98,13.71,0.31,0.25,6.07,0.00,23.82,4.10,0.29,0.33,0.30,0.43,1.60,0.17,0.19,0.45,0.31,0.00,1.58,0.20,0.24,0.00,0.25,0.07,0.00,0.09,0.00,7.85,0.00,0.52,3.02,0.54,15.27,1.47,2.87,7.74,6.86,16.34,3.96,0.09,1.33,2.82,11.67,11.95,0.02,2.11,0.26,0.29,0.00,0.01,0.02,0,0.62,0.18,0.68,4.53,0,0.44,0.58,0.15,1.85,2.39,1.66,0.41,0.24,0.04,0.863627451,3.83,0.29,2.19,3.92,0.59,280.1,0,0.03,0.27,0.7,0.22,0.31,2.32,0.43,0.04,0.54,7.19,0.5,1.96,4.19,2.73,0.16,8.61,0.3
11/30/1971,0.04,0.20,37.86,0.34,3.18,1.13,1.92,2.20,1.82,2.19,0.12,1.40,0.21,5.89,20.20,3.26,2.97,0.26,0.00,1.49,8.10,0.46,0.24,10.96,5.27,0.03,1.28,0.32,0.38,0.43,0.49,7.52,15.91,0.41,0.60,3.23,0.10,4.10,1.97,0.64,1.81,0.45,0.52,1.94,2.78,0.22,1.11,0.55,0.65,0.81,0.43,0.51,1.58,0.00,0.25,0.00,0.54,0.01,1.81,0.00,0.79,4.59,0.96,19.26,2.48,4.35,8.09,7.50,18.65,5.82,0.23,3.27,5.02,5.69,14.72,0.06,3.65,0.00,0.80,0.00,0.35,0.09,0.65,1.63,0.55,1.44,5.03,0,2.67,0.69,0.43,2.46,4.69,3.14,1.25,0.73,0.11,0.417156863,1.85,0.35,3.88,1.69,2.73,285.89,0,0.11,0.84,1.84,0.68,0.95,2.47,2.28,0.88,2.55,31.02,2.47,2.33,4.98,3.24,1.1,9.16,0.29
12/31/1971,0.11,0.60,45.02,0.37,6.17,1.33,4.91,3.72,6.13,2.95,0.60,13.47,0.33,10.65,25.23,3.68,4.20,0.31,0.00,1.97,36.18,4.43,2.29,31.18,12.36,0.10,3.17,0.41,2.99,3.42,4.62,12.64,27.53,0.43,1.69,25.09,2.40,40.83,1.06,1.29,1.55,0.60,1.08,2.95,4.28,2.08,1.56,0.85,0.53,0.78,0.94,1.11,3.26,0.03,0.45,1.39,0.59,0.01,4.74,3.33,1.65,9.55,1.91,28.63,2.45,8.34,12.46,14.56,22.18,11.40,0.69,9.80,15.12,16.71,19.99,0.11,7.45,0.03,2.75,9.46,0.47,0.3,23.05,4.27,0.6,3.12,11.56,0,1.63,1.14,3.42,5.17,8.49,6.58,1.63,0.96,0.85,1.125196078,4.99,0.72,13.89,1.63,7.23,371.51,0.5,0.2,1.09,3.95,1.03,1.45,4.32,3.77,1.19,5.68,40.25,3.91,3.86,8.24,5.37,3.83,12.08,2.79
01/31/1972,0.11,0.63,28.54,0.30,5.00,1.04,5.22,4.13,16.97,3.35,1.16,5.11,0.47,12.58,25.28,4.21,4.29,0.10,0.00,3.44,29.05,1.68,0.87,39.93,22.28,0.12,1.49,0.52,1.79,2.05,1.83,13.36,38.10,0.35,2.88,17.36,10.20,22.15,2.07,1.08,1.46,0.69,2.24,2.90,5.30,0.82,0.95,5.55,1.75,1.08,1.38,1.62,4.04,0.08,0.69,0.00,0.50,0.93,1.64,1.69,1.61,9.37,2.43,42.86,7.25,14.95,12.16,11.80,14.06,22.30,0.83,11.76,18.29,54.44,26.82,0.22,11.35,0.08,7.17,7.89,0.42,0.38,14.89,4.87,0.48,2.69,14.68,0,1.69,1.47,2.05,10.23,4.79,2.94,2.03,1.19,0.51,1.873823529,8.31,1.5,14.86,2.08,10.35,548,0.38,0.34,1.36,8.85,1.49,2.09,4.94,6.06,1.05,23.01,124.07,4.38,4.97,10.62,6.91,3.68,21.15,1.06
02/29/1972,0.22,1.20,42.41,0.32,7.24,2.95,8.21,6.68,16.41,2.95,1.35,11.00,0.75,19.25,29.21,4.51,5.51,0.03,0.00,3.18,40.58,3.62,1.87,50.52,21.31,0.20,1.82,0.82,3.34,3.82,3.48,17.16,60.19,0.32,3.22,8.36,13.40,36.85,2.15,1.51,2.94,0.60,2.66,3.68,7.90,1.57,1.52,19.11,0.40,1.65,1.98,2.33,7.36,0.38,1.30,0.15,0.48,1.09,6.32,5.00,2.74,15.88,4.15,60.76,20.22,20.29,15.35,17.08,20.89,38.13,1.29,18.19,29.10,57.88,33.67,0.33,17.42,0.39,10.25,6.06,0.50,0.83,27.14,6.59,0.52,4.8,24.18,0,1.97,1.95,3.82,9.69,10.03,7.25,2.76,1.62,0.95,1.668627451,7.4,1.78,25.44,3.15,6.54,559.13,0.36,0.6,1.85,11.7,2.36,3.31,6.65,6.39,1.27,22.78,127.91,6.39,6.61,14.12,9.19,7.22,19.53,2.28
03/31/1972,1.01,5.66,68.68,1.24,9.91,9.09,6.71,12.93,25.78,12.39,0.43,5.56,3.13,27.03,45.16,12.32,10.82,2.10,0.00,6.35,33.75,1.83,0.94,65.68,37.97,0.44,8.16,5.42,2.36,2.70,1.36,35.74,135.97,1.12,5.48,4.68,9.20,0.00,9.58,4.88,24.65,2.54,12.76,7.59,37.14,0.61,8.11,15.42,12.37,12.40,2.54,2.99,15.38,1.66,3.36,5.60,2.52,0.25,2.97,0.38,4.13,23.99,12.14,157.20,18.94,44.93,29.62,23.38,33.83,61.14,2.74,38.67,64.50,103.40,92.05,1.21,37.18,1.70,12.60,31.39,1.61,2.19,10.05,10.52,1.99,9.48,23.51,0,11.41,3.41,2.7,16.09,0,0,14.4,8.45,0.67,2.248137255,9.97,8.54,28.42,23.69,16.02,948.27,4.36,2.67,9.65,38.17,9.9,13.9,12.91,25.26,4.07,52.52,336.96,32.35,11.54,24.65,16.05,14.21,39.02,1.15
04/30/1972,0.81,4.53,58.29,1.09,9.76,7.85,8.53,7.64,8.36,10.06,0.32,4.44,1.16,25.44,31.46,8.72,10.89,2.37,0.00,4.34,19.07,1.46,0.75,35.58,14.76,0.32,5.19,3.74,2.34,2.67,1.05,28.62,78.90,1.22,2.71,3.82,2.50,0.00,8.28,2.84,17.94,2.06,9.43,6.89,25.81,0.47,7.28,4.59,2.15,8.56,1.81,2.13,14.31,1.79,2.15,4.02,2.44,0.06,0.00,2.81,2.87,16.68,7.65,119.29,7.55,31.92,22.30,23.02,28.71,42.05,1.91,27.02,47.04,84.60,76.17,0.87,25.21,1.84,8.78,30.61,0.99,0.93,8.85,3.82,1.75,4.5,19.79,0,8.8,2.18,2.67,6.66,10.97,3.95,13.25,7.78,0.67,1.537843137,6.82,6.31,22.32,20.21,9.96,701.4,3.28,1.63,8.88,23.08,3.66,5.14,8.58,15.24,2.49,16.59,173.34,22.33,7.39,15.78,10.28,3.55,26.67,0.92
05/31/1972,0.50,2.78,63.72,3.06,5.42,6.66,2.96,3.38,6.19,16.95,0.18,2.80,0.87,13.61,28.43,7.27,13.98,9.06,0.00,2.17,13.53,0.92,0.48,15.52,7.74,0.33,2.18,6.44,0.63,0.72,0.26,14.22,49.92,3.80,1.05,0.30,1.70,0.00,32.90,1.63,25.71,3.47,7.90,6.76,45.24,0.12,16.31,0.64,33.65,15.45,0.48,0.56,11.46,2.18,1.29,4.27,5.65,0.07,4.37,0.66,1.54,8.96,4.19,104.21,4.00,26.21,20.45,12.79,31.38,26.02,1.93,27.20,48.53,57.78,98.07,0.45,15.05,2.24,2.96,18.20,0.51,0.42,6.08,1.11,4.91,3,11.21,0,24.59,1.78,0.72,4.73,1.41,0,23.86,14,0.18,0.441960784,1.96,5.29,3.66,44.01,4.79,397.35,9.75,1.26,16,15.41,2.77,3.89,5.5,15.49,1.29,9.24,193.97,36.27,6.03,12.88,8.39,1.16,13.31,0.58
06/30/1972,0.09,0.49,38.39,2.50,3.06,1.35,1.88,1.22,2.10,7.30,0.06,1.40,0.68,7.03,22.58,3.69,7.00,7.19,0.00,1.85,7.33,0.46,0.24,6.13,3.01,0.11,0.36,1.46,0.50,0.57,0.12,8.26,18.88,3.08,0.34,0.00,1.00,0.00,14.58,0.34,9.14,1.49,1.45,2.83,17.89,0.06,6.09,0.13,8.92,3.53,0.16,0.19,2.63,0.66,0.46,1.72,3.10,0.03,0.00,0.00,0.82,4.75,1.54,44.09,2.01,10.36,14.82,7.22,18.91,11.11,0.66,9.36,16.43,18.05,48.55,0.12,4.74,0.68,0.84,17.52,0.27,0.08,0.32,0.33,4.01,1.61,7.45,0,16.56,0.83,0.57,2.53,0,0,11.27,6.61,0.14,0.561470588,2.49,0.97,2.78,12.47,0.2,286.79,4.23,0.21,7.56,4.23,2.15,3.02,2.46,5.05,0.68,3.18,93.39,14.68,2.82,6.02,3.92,0.22,11.39,0.29
07/31/1972,0.02,0.09,28.81,0.53,2.35,0.31,1.37,0.48,0.00,1.19,0.00,0.00,0.15,5.12,16.64,2.66,2.83,1.21,0.00,1.76,0.00,0.00,0.00,1.87,0.59,0.02,0.15,0.15,0.16,0.18,0.04,6.25,8.00,0.78,0.05,0.00,0.10,23.87,2.45,0.05,0.87,0.24,0.70,1.18,0.70,0.02,1.07,0.08,0.85,0.21,0.07,0.08,0.68,0.19,0.12,0.00,0.42,0.01,0.00,0.27,0.12,0.69,0.94,15.47,2.23,3.30,7.90,5.54,14.19,8.60,0.13,1.81,3.37,0.73,16.10,0.03,2.69,0.20,0.33,14.08,0.08,0.01,0,0.07,0.84,0.67,5.21,0,2.05,0.46,0.18,1.07,2.02,0.95,1.65,0.97,0.05,0.36754902,1.63,0.47,1.9,0.9,0,236.03,0,0.05,1.11,1.08,0.49,0.69,1.66,0,0.21,0.64,20,1.55,1.56,3.33,2.17,0.05,10.8,0
08/31/1972,0.01,0.04,27.87,0.12,2.24,0.14,1.36,0.39,0.00,0.66,0.00,0.00,0.10,4.45,14.63,2.20,1.11,0.02,0.00,1.31,0.13,0.00,0.00,1.28,0.23,0.01,0.05,0.05,0.04,0.05,0.00,5.50,6.24,0.32,0.02,1.85,0.00,48.91,1.16,0.04,0.39,0.13,0.07,0.65,0.24,0.00,0.28,0.10,0.40,0.16,0.03,0.04,1.13,0.14,0.03,0.00,0.08,0.00,0.90,0.00,0.36,2.11,0.50,6.41,0.00,2.16,6.74,5.28,13.73,7.28,0.06,0.84,1.73,0.70,10.24,0.01,1.84,0.15,0.17,0.00,0.06,0.01,0,0.03,0.2,0.28,3.79,0,0.23,0.4,0.05,0.83,3.32,1.51,0.55,0.32,0.01,0.072156863,0.32,0.05,1.91,0.69,0,233.97,0,0.02,0.37,0.6,0.33,0.46,1.51,0.53,0.14,0.32,9.92,0.31,1.36,2.9,1.89,0.03,8.03,0
09/30/1972,0.01,0.04,29.15,0.12,2.68,0.15,1.37,0.45,0.00,1.23,0.02,0.43,0.22,4.30,16.42,2.34,0.86,0.16,0.00,1.82,2.91,0.14,0.07,1.93,0.27,0.01,0.43,0.08,0.33,0.38,0.01,5.57,7.70,0.37,0.12,10.11,0.00,10.37,3.04,0.16,2.30,0.25,0.13,0.62,0.25,0.01,0.00,0.10,0.55,0.43,0.02,0.02,1.07,0.18,0.05,0.36,0.09,0.00,0.56,0.00,0.14,0.80,0.42,9.97,1.36,2.29,6.42,6.32,14.36,2.56,0.05,0.74,1.68,0.00,9.79,0.01,1.74,0.18,0.15,0.00,0.00,0.04,0,0.06,0.19,0.44,3.22,0,1.13,0.48,0.38,0.34,3,0.59,0.65,0.38,0.09,0.02254902,0.1,0.09,1.34,1.95,0,229.31,0.16,0.02,0.44,0.66,0.71,1,1.89,0.06,0,0.75,0,0.46,1.64,3.5,2.28,0.06,11.18,0.09
10/31/1972,0.02,0.10,28.56,0.27,3.86,0.54,1.90,1.07,0.20,1.53,0.13,1.25,0.19,5.65,22.25,2.90,1.74,0.52,0.00,1.75,7.56,0.41,0.21,8.28,3.87,0.02,1.03,0.21,0.59,0.67,0.14,6.93,13.79,0.51,1.45,15.86,0.00,20.50,1.99,0.50,1.87,0.31,0.13,1.61,0.74,0.06,1.05,0.28,1.14,1.39,0.05,0.06,1.80,0.08,0.07,0.40,0.25,0.00,5.03,0.00,0.67,3.89,0.62,18.22,0.79,3.25,8.60,9.11,14.06,3.13,0.13,1.84,3.06,16.55,14.32,0.02,2.54,0.08,0.43,0.00,0.17,0.05,1.67,0.69,0.43,1.24,4.2,0,2.01,0.63,0.67,0.99,1.39,1.04,0.74,0.43,0.17,0.507352941,2.25,0.09,1.96,3.73,2.8,285.64,0.2,0.04,0.5,1.81,0.6,0.84,2.63,2.56,0.42,2.83,19.94,1.44,2.12,4.53,2.95,0.34,10.75,0.26
11/30/1972,0.05,0.29,34.73,0.34,9.73,0.92,6.36,3.98,20.45,5.11,2.89,14.81,0.19,12.06,27.77,2.98,4.56,0.16,3.56,5.51,28.09,4.87,2.51,42.61,27.48,0.08,1.69,0.76,2.62,2.99,4.38,14.90,25.19,0.37,9.78,23.57,8.50,10.18,2.90,0.72,3.67,1.05,1.42,2.75,4.37,1.98,1.68,1.05,4.42,1.94,1.27,1.49,2.75,0.26,0.58,1.10,0.58,0.81,6.53,0.73,1.30,7.52,1.50,30.68,3.91,8.80,15.66,22.95,17.11,14.89,0.54,7.59,12.43,21.73,23.43,0.15,6.50,0.26,2.96,10.31,0.37,0.13,31.63,3.76,0.55,2.68,11.54,0,3.17,1,2.99,17.19,2.9,6.4,1.37,0.8,0.75,1.147745098,5.09,0.95,11.44,4.03,10.6,438.46,0.25,0.27,0.92,4.9,0.59,0.83,3.57,6.56,0.93,11.4,54.86,2.86,3.38,7.22,4.7,2.38,33.85,3.06
12/31/1972,0.20,1.11,38.25,0.82,8.96,1.48,7.04,5.53,27.97,11.16,2.48,12.95,1.05,15.24,33.70,4.33,6.47,0.98,2.05,4.23,41.26,4.26,2.20,78.80,41.07,0.24,2.57,2.78,3.01,3.44,6.60,17.09,46.44,0.69,11.20,30.38,10.30,0.00,7.58,1.01,10.88,2.29,5.20,4.35,19.03,2.98,4.19,4.65,6.26,6.37,1.86,2.19,7.14,0.72,1.49,2.93,1.30,1.26,8.46,4.69,1.56,9.05,4.63,66.57,7.35,23.11,17.82,21.14,18.84,29.64,1.50,21.13,34.67,42.47,46.63,0.38,18.99,0.74,7.87,25.98,0.35,1.01,28.17,7.51,1.31,5.79,18.74,0,9.79,1.76,3.44,25.81,4.7,2.33,4.49,2.64,0.86,1.844509804,8.18,3.48,17.31,12.19,21.4,509.4,1.9,0.69,3.01,14.38,3.32,4.66,6.7,12.4,0.89,38.36,122.02,11.17,5.96,12.73,8.29,8.15,25.96,2.68
01/31/1973,0.53,2.95,48.51,0.63,31.62,1.85,38.84,17.24,102.83,8.49,26.82,53.63,1.64,58.97,59.06,5.16,11.92,0.93,57.46,13.64,229.42,17.64,9.11,162.49,115.04,0.59,4.00,3.57,12.07,13.79,38.08,51.52,98.88,0.67,26.11,65.70,36.10,85.68,4.71,1.43,12.58,1.74,7.38,7.62,20.49,17.18,4.58,52.56,6.51,5.71,12.52,14.72,12.09,1.12,4.04,3.20,0.93,4.96,14.46,30.59,6.02,34.91,12.57,126.40,21.63,50.12,42.06,74.59,23.90,103.12,3.85,54.31,86.83,91.78,77.17,1.05,48.81,1.15,21.58,144.93,1.99,1.79,236.4,21.58,1.01,16.01,58.8,0,4.62,4.11,13.79,79.23,14.65,36.88,5.55,3.26,3.45,6.728627451,29.84,4.94,66.82,10.53,66.3,1028.97,1.03,1.89,3.72,25.33,5.2,7.3,13.99,13.98,5.03,59.29,170.68,13.95,13.91,29.71,19.35,26.33,83.79,11.1
02/28/1973,0.28,1.56,41.18,0.31,26.78,1.54,35.14,15.54,107.09,2.83,27.03,36.42,1.08,57.71,52.13,3.89,9.21,0.66,50.46,16.55,168.64,11.98,6.19,115.04,103.02,0.40,2.61,1.20,9.62,10.99,24.80,44.70,83.50,0.57,28.63,53.17,33.30,70.70,2.39,1.37,3.78,0.58,3.14,5.84,10.50,11.19,2.34,32.08,3.31,2.23,10.29,12.10,5.41,0.82,2.27,0.00,0.59,2.70,27.26,24.98,5.24,30.41,7.84,93.90,20.51,31.22,34.32,63.17,20.28,79.14,2.61,36.85,59.11,95.50,49.53,0.59,31.30,0.85,14.13,102.62,1.56,0.73,170.8,15.57,0.5,8.8,47.21,0,1.67,3.12,10.99,61.99,13.42,30.33,3.77,2.21,2.75,5.673333333,25.16,2.1,52.45,4.22,86.4,1038.4,0.64,1.06,2.53,16.48,3.43,4.82,11.36,4.61,3.94,40.06,163.96,9.06,10.56,22.56,14.69,17.53,101.65,7.54
03/31/1973,0.45,2.50,44.54,0.38,18.09,2.99,24.13,9.36,60.13,4.04,10.93,24.87,1.19,48.60,51.21,5.67,9.38,0.58,31.53,13.29,77.85,8.18,4.22,87.69,90.14,0.35,3.19,1.49,7.05,8.06,13.13,34.57,98.06,0.53,18.56,41.61,16.70,64.32,1.02,2.84,6.06,0.83,3.81,6.42,8.88,5.92,2.36,19.58,3.06,2.57,6.81,8.01,6.23,0.24,2.53,0.41,0.73,0.06,15.73,13.56,5.40,31.33,9.04,107.36,29.73,32.81,23.75,42.67,21.94,63.52,2.31,32.59,50.75,85.52,52.44,0.65,31.13,0.24,11.47,83.54,1.58,0.86,77.25,6.36,0.61,6.51,38.31,0,2.2,2.84,8.06,45.29,13.3,24.75,5.09,2.99,2.01,6.158137255,27.31,2.55,42.22,5.1,41.8,899.35,0.61,1.18,3.41,19.77,3.78,5.31,11.06,5.96,3.99,36.41,139.12,10.95,9.6,20.51,13.35,7.62,81.63,5.15
04/30/1973,1.10,6.14,65.22,1.16,11.50,9.20,6.65,7.42,25.12,11.87,3.09,6.02,2.20,30.39,38.86,16.54,14.07,2.44,7.18,5.64,23.47,1.98,1.02,34.53,38.43,0.36,9.93,4.92,2.40,2.74,3.43,30.14,119.17,1.25,11.80,13.03,6.80,0.00,11.59,6.15,23.12,2.43,13.35,8.44,30.35,1.55,8.41,5.30,13.28,13.17,1.68,1.98,15.21,1.08,2.76,6.77,2.69,0.00,3.39,3.18,3.51,20.35,11.54,141.77,12.56,35.17,24.00,27.13,32.13,47.59,2.29,32.39,53.05,103.61,77.47,1.22,33.72,1.10,8.00,44.79,1.42,1.74,19.63,3.91,1.87,5.85,23.01,0,11.38,2.81,2.74,21.26,10.48,2.18,16.98,9.97,0.69,3.612352941,16.02,8.94,20.68,29.43,22.3,553.67,4.36,2.34,11.38,30.23,6.98,9.8,11.11,18.78,3.57,43.56,223.89,30.81,9.51,20.31,13.23,4.64,34.63,1.25
05/31/1973,1.13,6.32,87.92,4.65,11.90,7.41,3.41,4.51,17.74,25.86,1.31,2.16,2.32,28.56,46.12,19.51,24.64,14.12,2.12,4.16,15.10,0.71,0.37,27.08,18.35,0.51,4.43,11.50,1.10,1.26,0.81,26.68,84.68,5.75,5.63,2.28,2.10,0.00,40.70,3.03,44.23,5.30,16.00,11.37,73.74,0.37,25.15,0.50,27.76,22.60,0.51,0.60,28.56,1.50,1.64,6.59,8.64,0.00,2.48,1.39,2.19,12.72,9.68,196.69,5.89,35.96,34.13,28.07,43.31,46.53,3.27,46.24,75.61,135.88,137.42,1.28,24.30,1.54,4.10,53.53,0.75,1.07,8.73,1.57,7.47,5.49,15.31,0,36.1,3.22,1.26,12.58,0,0,42.21,24.77,0.31,0.572745098,2.54,10.71,6.48,63.27,11.5,477.97,15.52,3,28.3,45.54,7.35,10.32,10.2,20.61,1.89,23.83,342.16,63.24,10.91,23.3,15.17,2.26,25.53,0.45
06/30/1973,0.14,0.81,37.28,3.00,4.27,1.30,2.14,1.26,2.74,6.70,0.39,0.55,0.78,11.81,26.65,5.08,9.48,8.58,0.00,2.08,2.49,0.18,0.09,8.54,5.68,0.14,0.49,2.71,0.61,0.70,0.24,10.27,19.67,3.61,1.33,0.00,0.20,0.00,16.32,0.28,10.71,1.37,1.93,3.58,19.98,0.11,9.00,0.12,17.86,4.54,0.16,0.19,4.73,0.73,0.56,1.22,3.54,0.00,0.00,0.00,0.97,5.62,2.25,57.17,4.83,10.30,18.09,10.07,18.36,16.60,0.81,11.50,19.93,35.64,45.06,0.18,6.48,0.75,0.85,45.90,0.48,0.11,2.81,0.33,4.81,2.28,8.32,0,17.07,1.15,0.7,4.48,2.45,0,14.14,8.3,0.17,0.644901961,2.86,1.29,5.42,15.86,4.6,270.61,6.05,0.47,9.48,6.36,2.47,3.47,3.46,3.27,1.21,4.55,104.82,18.1,3.9,8.33,5.42,0.34,12.78,0.11
07/31/1973,0.02,0.14,37.96,0.65,2.77,0.21,1.67,0.54,0.00,2.25,0.12,0.00,0.24,6.27,19.33,3.26,2.81,1.81,0.00,1.62,0.00,0.00,0.00,3.05,2.02,0.03,0.31,0.21,0.46,0.53,0.07,7.13,8.47,1.01,0.46,0.00,0.00,4.31,2.19,0.07,2.66,0.46,0.00,1.13,0.24,0.03,1.67,0.20,1.05,0.28,0.02,0.02,0.88,0.20,0.12,2.15,0.50,0.00,0.00,0.00,0.27,1.55,0.96,19.37,0.00,3.82,9.33,6.53,18.70,11.81,0.16,2.32,4.17,0.00,15.86,0.03,3.15,0.20,0.30,11.96,0.25,0.02,1.07,0.06,1.04,0.73,6.01,0,2.27,0.57,0.53,1.13,3.15,0.88,2.17,1.27,0.13,0.556960784,2.47,0,1.73,1.2,1.6,236.16,0,0.05,1.45,1.52,0.75,1.05,2.23,0.22,0.63,0.97,29.66,1.99,1.93,4.12,2.68,0.08,9.95,0
08/31/1973,0.01,0.05,33.75,0.17,2.51,0.13,1.41,0.46,0.00,1.99,0.05,1.09,0.24,4.85,14.52,2.68,0.99,0.31,0.00,1.42,13.87,0.36,0.19,1.87,1.21,0.01,0.37,0.05,0.34,0.39,0.01,6.18,5.15,0.43,0.20,0.00,0.00,12.20,0.00,0.06,1.21,0.41,0.00,0.75,0.60,0.01,0.15,0.38,0.00,0.23,0.00,0.00,0.00,0.07,0.05,0.25,0.12,0.00,2.28,0.00,0.00,0.00,0.55,11.66,0.26,2.72,7.26,5.92,16.63,9.60,0.08,1.11,1.92,0.00,11.05,0.01,1.94,0.07,0.21,0.00,0.01,0.03,0,0.03,0.28,0.75,4.57,0,0.46,0.57,0.39,0.43,0.62,0,0.84,0.49,0.1,0.151078431,0.67,0,0,0.98,1,212.82,0,0.03,0.56,0.78,0.75,1.05,2.16,0,0.03,0.33,3.85,0.54,1.92,4.1,2.67,0.05,8.7,0.23
09/30/1973,0.01,0.03,29.74,0.05,2.48,0.16,1.59,0.51,0.00,0.00,0.06,1.61,0.14,4.59,14.62,2.59,0.94,0.01,0.00,1.25,2.41,0.53,0.27,3.56,0.87,0.02,0.32,0.07,0.42,0.48,0.13,5.91,5.31,0.31,0.21,2.00,0.00,21.93,2.34,0.17,0.00,0.00,0.00,0.62,1.70,0.06,0.00,0.07,0.18,0.74,0.00,0.00,0.93,0.35,0.04,0.12,0.04,0.00,0.41,0.00,0.32,1.84,0.15,11.01,0.54,3.27,6.69,5.85,14.65,8.09,0.05,0.76,2.26,0.00,9.60,0.01,1.82,0.36,0.31,5.25,0.09,0.03,0,0.1,0.08,0.94,1.37,0,0.32,0.53,0.48,0.32,2.86,2.78,0.45,0.26,0.12,0,0,0,1.39,3.33,0.4,215.65,0,0.02,0.3,0.81,0.44,0.62,2.09,0.5,0.23,0.36,10.04,0.27,1.79,3.82,2.49,0.15,7.69,0.33
10/31/1973,0.02,0.12,32.35,0.24,3.19,0.43,2.08,1.08,0.15,0.00,0.12,3.16,0.21,6.49,20.08,3.39,1.81,0.30,0.12,1.68,8.39,1.04,0.54,8.66,3.98,0.02,1.16,0.19,0.62,0.71,0.54,7.48,9.53,0.43,0.54,5.28,0.00,20.82,0.00,0.39,0.36,0.00,0.10,1.71,1.34,0.24,0.87,0.94,0.46,0.71,0.18,0.21,1.08,0.00,0.10,0.51,0.19,0.00,1.94,0.00,0.76,4.41,0.73,17.97,0.29,4.60,8.39,7.53,15.94,10.28,0.14,1.95,3.00,23.72,11.76,0.02,2.34,0.00,0.67,0.00,0.00,0.04,2.13,0.79,0.38,1.7,3.98,0,1.17,0.7,0.71,1.06,2.21,2.18,0.89,0.52,0.18,0,0,0.07,2.38,2.18,3.39,311.51,0.04,0.04,0.6,1.85,0.68,0.95,5.13,0.15,0,1.86,42.63,1.2,2.37,5.06,3.3,0.46,10.35,0.65
11/30/1973,0.56,3.10,77.30,1.90,30.39,3.16,38.88,16.99,33.15,21.42,4.77,24.02,2.99,71.36,61.88,10.27,20.37,4.65,6.76,17.21,113.59,7.90,4.08,132.95,65.57,0.46,5.95,4.20,8.27,9.45,19.38,58.53,116.77,2.10,18.46,34.95,10.80,0.00,17.84,1.08,18.11,4.39,7.35,12.64,39.45,8.74,7.38,41.71,13.24,12.77,10.16,11.95,26.58,1.86,2.48,5.03,2.92,1.83,22.18,4.41,2.80,16.25,5.76,194.15,9.13,51.99,61.82,71.69,38.07,105.49,2.84,40.10,67.32,197.82,104.61,0.83,35.94,1.91,16.06,187.36,0.82,2.7,121.95,22.13,3.05,11.83,40.7,0,14.95,5.18,9.45,33.65,0,0,8.91,5.23,2.36,3.92127451,17.39,4.92,48.3,25.59,38.48,1577.22,6.28,2.21,5.97,44.46,9.47,13.29,19.76,20.36,2.07,52.08,411.82,26.41,17.53,37.44,24.38,15.21,105.73,4.97
12/31/1973,0.59,3.30,53.85,0.70,25.36,3.08,29.85,15.13,56.13,8.20,5.01,28.70,2.34,58.51,58.18,7.88,11.48,1.47,20.89,15.10,133.70,9.44,4.87,146.56,98.63,0.43,4.28,2.47,7.44,8.50,17.41,48.99,114.72,0.88,18.37,46.87,16.60,54.73,4.73,2.00,11.69,1.68,5.53,6.97,20.26,7.85,4.50,42.95,6.56,6.56,7.26,8.54,9.88,0.70,3.55,3.46,1.04,0.00,21.16,14.09,4.20,24.39,7.61,125.98,17.69,41.45,39.84,59.82,26.52,69.82,2.85,40.24,63.92,111.32,76.00,1.02,36.31,0.72,16.69,99.21,1.76,2.06,69.72,23.11,1.12,9.69,46.95,0,5.75,3.87,8.5,59.7,14.87,9.53,6.73,3.95,2.13,3.808529412,16.89,3.7,45,12.08,48.95,1183.09,1.48,2.23,4.51,23.44,7.42,10.42,15.93,9.24,4.45,68.25,243.92,17.36,13.11,28,18.23,16.44,92.78,5.94
01/31/1974,1.19,6.61,92.09,0.96,48.91,8.39,48.57,35.31,131.78,16.51,16.43,32.41,3.30,106.17,111.17,21.82,22.98,1.94,25.29,25.90,206.39,10.66,5.50,241.40,193.99,0.76,9.13,7.11,10.25,11.71,20.88,100.10,251.94,1.06,42.62,31.54,42.70,14.77,11.53,4.85,28.43,3.38,11.70,13.77,40.01,9.42,7.98,73.46,16.74,12.60,10.68,12.56,26.82,1.74,5.90,3.87,1.86,5.46,24.78,23.73,7.62,44.21,18.95,262.03,36.29,70.43,75.69,115.38,45.36,168.71,4.88,68.96,111.24,212.49,142.47,1.53,68.01,1.79,22.33,251.14,2.77,2.35,151.63,45.37,1.54,21.97,67.97,0,12.22,7.97,11.71,130.13,13.42,20.36,13.56,7.96,2.93,7.580980392,33.62,7.83,72.14,24.43,73.67,2100.78,2.72,2.75,9.09,48.96,10.44,14.66,28.16,16.77,6.98,140.87,533.43,30.25,26.97,57.61,37.51,39.58,159.07,6.71
02/28/1974,0.31,1.74,40.86,0.33,11.63,3.64,12.66,8.86,23.61,3.53,4.93,8.97,0.61,33.01,38.90,6.51,6.55,0.75,6.72,8.94,52.50,2.95,1.52,69.64,44.15,0.19,2.61,1.41,3.57,4.08,6.17,26.71,54.87,0.60,7.51,11.60,5.60,42.91,2.35,1.53,5.74,0.72,2.03,4.26,10.75,2.78,3.29,13.72,4.01,3.06,3.34,3.93,3.36,0.30,1.62,1.67,0.75,0.00,7.84,3.33,2.55,14.82,5.31,70.97,7.20,20.89,19.04,27.44,20.12,39.58,1.27,17.93,28.44,89.64,45.00,0.42,17.07,0.31,5.35,57.85,1.13,0.6,53.54,7.58,0.52,3.99,27.14,0,2.09,2.1,4.08,26.95,13.26,15.11,5.81,3.41,1.02,2.525490196,11.2,1.36,21.77,6.06,23.93,695.36,0.79,0.76,3.9,8.3,1.92,2.7,10.6,2.33,2.84,20.83,113.16,9.52,7.11,15.19,9.89,9.16,54.89,1.86
03/31/1974,1.27,7.10,100.51,0.79,40.68,10.22,60.30,24.09,81.00,11.09,12.07,33.96,1.54,110.67,81.23,19.59,26.86,1.38,43.69,21.89,194.15,11.17,5.77,168.73,115.78,0.78,11.78,4.11,12.35,14.11,33.25,94.08,305.85,0.84,27.57,42.09,20.70,57.13,0.89,7.47,21.00,2.27,11.46,16.28,27.73,15.00,6.14,59.17,9.32,6.94,14.97,17.60,22.50,1.19,5.33,4.56,1.85,0.00,38.87,30.62,9.59,55.63,17.70,261.00,39.58,71.77,62.23,95.96,49.50,139.76,5.09,71.93,114.09,182.54,148.37,1.38,70.03,1.22,23.32,277.94,3.16,1.37,192.18,17.33,1.26,11.35,80.44,0,5.72,6.58,14.11,76.51,34.53,42.47,13.34,7.83,3.53,10.43117647,46.26,7.67,90.64,16.44,62.41,1777.93,1.8,2.48,8.94,50.44,4.89,6.86,32.89,18.63,7.96,76.43,306.95,21.72,22.29,47.61,31,15.85,134.45,7.03
04/30/1974,1.22,6.82,85.79,1.30,24.21,13.23,25.81,8.43,45.05,11.66,5.34,15.14,1.52,62.53,65.93,28.98,28.65,2.37,30.95,14.36,87.87,4.98,2.57,84.10,96.40,0.58,9.94,4.34,7.29,8.33,11.56,60.04,199.45,1.22,19.66,6.66,9.00,29.95,4.01,7.68,21.75,2.39,10.13,14.37,29.08,5.21,9.01,22.29,12.21,8.69,6.17,7.25,15.70,1.63,4.89,4.43,2.70,16.98,15.30,12.97,7.82,45.39,16.43,201.62,28.48,53.64,38.71,57.11,42.25,111.92,3.69,52.12,85.06,153.05,120.32,1.26,49.13,1.68,14.33,155.52,2.66,1.05,71.42,4.26,2.09,9.11,54.2,0,8.47,4.61,8.33,50.88,26.23,41.43,18.11,10.63,2.08,6.667745098,29.57,6.78,53.28,20.86,44.06,1198.37,3.49,2.28,12.14,31.28,4.82,6.77,22.35,11.47,6.7,51.96,257.04,27.13,15.61,33.34,21.71,7.47,88.19,3.13
05/31/1974,1.00,5.57,115.17,4.23,13.13,18.64,5.48,4.90,12.01,24.79,1.53,3.92,2.19,27.88,49.87,24.74,29.25,11.13,3.51,5.65,16.36,1.29,0.67,34.00,25.76,0.50,6.23,10.40,1.50,1.71,1.30,34.49,128.73,4.60,6.68,3.05,3.20,0.00,36.64,5.26,42.00,5.08,14.24,11.91,72.41,0.59,23.24,2.22,27.35,22.17,0.91,1.07,23.74,1.23,3.32,6.68,7.48,0.00,2.05,0.00,3.18,18.47,8.28,196.53,6.16,42.02,37.62,30.97,56.73,49.04,3.21,45.38,73.47,129.59,153.84,0.86,26.16,1.26,3.77,62.17,0.95,0.83,13.39,1.92,6.78,4.75,18.06,0,33.1,3.56,1.71,16.25,3.11,0,40.15,23.56,0.43,3.109509804,13.79,9.53,15.95,61.3,14.46,666.04,15.46,1.54,26.92,31.62,6.94,9.74,7.66,17.46,2.41,25.03,371.29,58.18,12.07,25.78,16.79,2.56,34.7,0.81
06/30/1974,0.16,0.91,86.28,3.86,6.64,5.78,2.89,2.44,1.84,15.66,0.62,3.07,1.14,15.47,40.40,13.46,14.60,11.78,1.58,3.44,8.39,1.01,0.52,15.70,9.12,0.24,1.15,4.62,0.00,0.00,0.39,18.58,45.73,4.85,1.87,0.00,0.80,0.00,52.79,0.83,22.91,3.21,3.08,5.32,43.53,0.17,13.72,0.16,30.28,11.06,0.46,0.54,8.42,0.96,1.00,1.51,5.04,0.00,1.12,0.00,1.18,6.86,2.81,97.79,4.11,22.05,33.84,15.66,42.49,25.47,1.50,21.23,35.57,94.80,98.66,0.26,8.32,0.98,1.12,47.04,0.55,0.19,5.24,0.72,6.2,4.38,14.04,0,29.26,2.01,0,6.49,7.37,0,23.15,13.59,0,0.859117647,3.81,2.06,0,36.32,8.17,413.78,9.72,0.47,15.52,11.19,3.62,5.08,5.19,0,1.38,8.69,252.39,29.26,6.82,14.57,9.49,0.98,21.12,0.64
07/31/1974,0.08,0.44,55.90,1.60,4.26,1.35,2.47,1.23,0.00,6.48,0.24,2.40,0.51,9.40,33.53,4.90,3.32,4.80,1.96,2.42,9.28,0.79,0.41,8.19,5.88,0.10,1.41,1.27,0.96,1.10,0.48,12.22,15.66,2.16,1.06,2.45,0.10,17.56,9.97,0.16,9.32,1.33,1.76,1.71,17.34,0.22,5.24,0.14,6.63,2.41,0.12,0.14,2.00,0.57,0.57,2.72,1.38,0.00,0.77,0.00,0.94,5.43,1.83,39.76,4.30,8.18,20.17,10.05,27.54,18.60,0.60,8.48,14.78,40.91,35.73,0.15,6.15,0.58,0.94,36.98,0.53,0.06,2.25,0.13,2.57,2.61,12.8,0,13.05,1.17,1.1,1.88,8.22,7.4,6.15,3.61,0.27,0.340490196,1.51,1.18,7.04,9.36,3.59,325.62,1.58,0.26,4.12,3.48,1.62,2.27,5.82,1.66,1.35,2.85,70.12,5.98,3.96,8.46,5.51,0.3,14.85,0.5
08/31/1974,0.02,0.13,38.65,0.33,3.38,0.54,1.85,0.76,0.00,1.84,0.11,0.30,0.43,6.16,24.35,9.85,1.19,0.88,0.00,1.84,2.50,0.10,0.05,4.62,2.99,0.02,0.58,0.16,0.58,0.66,0.14,9.58,7.23,0.65,0.40,0.56,0.00,14.88,4.47,0.07,1.69,0.38,0.00,0.79,1.35,0.06,0.57,0.14,0.45,0.30,0.04,0.05,0.74,0.11,0.11,0.71,0.21,0.00,2.54,0.00,0.44,2.58,0.94,18.59,7.30,4.00,11.01,7.97,19.03,10.39,0.14,2.01,3.43,16.01,15.57,0.03,2.66,0.12,0.31,17.16,0.16,0.05,0,0.1,0.52,1.63,7.86,0,0.99,0.68,0.66,0.44,6.22,0,1.54,0.9,0.17,0.164607843,0.73,0,0,1.23,1.4,277.03,0,0.06,1.03,1.1,1.37,1.92,4.17,0,0.4,0.81,16.46,1.05,2.29,4.89,3.18,0.17,11.3,0.06
09/30/1974,0.02,0.09,32.60,0.06,3.02,0.19,1.72,0.65,0.00,0.00,0.09,1.82,0.18,5.08,21.29,3.19,0.86,0.27,0.00,1.47,2.96,0.60,0.31,3.46,1.24,0.01,0.22,0.07,0.49,0.56,0.09,7.90,6.09,0.41,0.25,0.00,0.00,19.13,3.84,0.05,0.59,0.00,0.00,0.53,0.20,0.04,0.01,0.11,0.00,0.57,0.03,0.04,0.30,0.14,0.06,0.07,0.05,0.00,0.29,0.00,0.92,5.34,0.66,0.00,0.00,2.92,8.31,7.12,16.05,5.75,0.07,1.00,1.97,8.85,10.57,0.01,1.87,0.15,0.20,14.53,0.13,0.05,0.52,0.14,0.09,1.21,1.1,0,0.45,0.48,0.56,0.27,6.23,0,0.45,0.26,0.14,0,0,0,0,2.73,0,270.71,0,0.02,0.3,0.61,0.56,0.79,3.84,0,0.33,0.37,5.05,0.33,1.62,3.46,2.25,0.2,9.04,0.38
10/31/1974,0.02,0.12,32.12,0.13,3.38,0.34,1.83,1.00,0.00,2.99,0.10,2.04,0.15,5.67,24.13,3.56,1.50,0.17,0.74,1.78,2.55,0.67,0.35,5.80,1.96,0.02,0.46,0.08,0.29,0.33,0.17,8.10,8.75,0.38,0.38,0.00,0.10,29.39,3.14,0.26,1.05,0.61,0.00,1.48,0.00,0.08,0.00,0.00,0.00,0.43,0.07,0.08,0.28,0.10,0.06,0.04,0.10,0.00,0.00,0.00,0.61,3.54,0.57,11.58,1.01,2.80,8.02,7.97,15.82,6.29,0.09,1.34,2.38,11.23,10.43,0.01,1.91,0.11,0.26,2.38,0.13,0.02,0,0.65,0.2,1.24,3.77,0,0.26,0.58,0.33,0.64,3.62,0.09,0.43,0.25,0.08,0,0,0,2.11,1.33,1.98,269.75,0,0.03,0.29,0.65,0.49,0.69,2.82,0,0.33,0.57,0.57,0.6,1.95,4.17,2.71,0.41,10.95,0.42
11/30/1974,0.04,0.20,30.72,0.19,3.56,0.60,2.19,1.82,1.11,0.00,0.15,4.10,0.12,6.62,25.18,3.56,2.79,0.09,0.31,0.97,4.15,1.35,0.70,9.38,3.65,0.02,0.70,0.15,0.59,0.67,0.44,8.59,13.21,0.35,0.56,4.02,0.30,18.45,0.47,0.29,0.56,0.00,0.19,1.62,0.00,0.20,0.84,0.28,0.86,0.38,0.16,0.19,0.75,0.00,0.10,0.29,0.22,0.00,1.97,0.00,1.06,6.16,0.71,15.95,2.90,3.43,8.56,8.40,15.13,7.44,0.15,2.08,3.18,14.59,11.19,0.03,2.58,0.00,0.35,0.63,0.11,0.05,0.16,1.64,0.31,0.97,0,0,0.68,0.58,0.67,1.76,3.3,1.1,0.74,0.43,0.17,0.259313725,1.15,0.13,3.22,1.16,2.57,299.51,0,0.05,0.5,1.25,0.37,0.52,4.91,3.76,0.27,1.1,16.35,1.22,1.97,4.21,2.74,0.74,5.99,0.85
12/31/1974,0.08,0.46,33.24,0.31,5.81,0.78,3.96,2.91,8.89,2.04,0.44,4.10,0.24,10.00,28.41,4.01,3.12,0.55,0.71,2.42,17.28,1.35,0.70,21.11,9.75,0.04,1.41,0.30,0.98,1.12,0.97,10.93,16.21,0.52,3.50,6.54,2.50,0.00,0.54,0.68,1.09,0.42,0.88,1.99,1.94,0.44,0.97,4.58,0.79,0.67,1.15,1.35,1.72,0.08,0.23,0.71,0.53,0.37,1.77,0.00,0.81,4.72,0.94,21.62,2.36,4.15,10.00,13.71,16.37,7.19,0.26,3.64,5.85,13.94,12.41,0.06,3.30,0.08,0.64,7.94,0.21,0.12,11.13,3.14,0.5,1.16,4.11,0,1.13,0.76,1.12,5.81,2.7,0,1.07,0.63,0.28,0.444215686,1.97,0.59,4.84,1.39,5.15,358.61,0.29,0.11,0.72,2.04,0.77,1.08,4.93,1.33,0.54,5.34,37.83,2.65,2.59,5.53,3.6,1.13,14.85,0.85
01/31/1975,0.13,0.73,30.12,0.34,5.54,0.61,4.27,3.13,10.18,3.23,0.45,7.54,0.33,10.22,28.16,3.91,3.47,0.20,0.99,2.29,17.66,2.48,1.28,25.24,13.21,0.09,0.20,0.70,1.76,2.01,2.39,11.31,20.81,0.39,1.81,12.15,4.80,0.00,1.07,0.65,2.62,0.66,1.93,2.33,4.56,1.08,1.33,3.12,1.02,0.85,0.74,0.87,2.03,0.03,0.68,0.89,0.49,0.23,4.70,0.98,1.16,6.74,2.10,26.82,5.47,8.33,10.00,13.07,14.84,12.78,0.60,8.46,13.07,9.64,16.31,0.18,8.73,0.03,2.28,28.04,0.40,0.31,11.02,4.22,0.55,2.43,8.43,0,1.17,0.95,2.01,8.49,5.43,4.82,1.56,0.92,0.5,1.197352941,5.31,1.29,10.21,1.76,4.55,343.68,0.45,0.32,1.05,4.24,1.04,1.46,0.5,3.97,1,11.3,46.18,3.55,3.2,6.84,4.45,3.23,14.07,1.56
02/28/1975,0.22,1.25,40.40,0.30,27.58,1.55,28.33,12.78,66.04,4.12,12.38,33.17,0.44,40.74,53.46,4.57,9.02,0.43,18.52,9.70,180.28,10.91,5.63,118.35,85.92,0.29,3.49,0.77,8.67,9.91,28.93,43.19,78.98,0.48,18.39,33.77,26.90,32.68,2.60,1.40,3.37,0.84,1.67,5.82,7.98,13.05,1.74,35.30,1.85,1.16,9.20,10.82,6.32,0.13,1.28,2.11,0.60,3.25,23.25,9.22,3.17,18.40,5.04,74.43,6.26,25.07,33.90,65.06,19.90,68.65,1.94,27.34,42.35,74.56,39.19,0.33,23.53,0.13,14.57,109.32,0.79,0.42,156.21,16.8,0.48,6.54,34.29,0,1.22,2.91,9.91,57.63,9.08,19.17,2.03,1.19,2.48,4.464705882,19.8,1.12,42.38,2.42,54.54,850.68,0.56,0.6,1.36,13.06,1.4,1.97,10.26,6.03,1.99,50.57,110.12,4.71,9.84,21.02,13.69,9.79,59.56,6.86
03/31/1975,0.62,3.46,57.07,0.56,27.58,3.16,41.47,18.45,122.25,4.87,15.54,23.44,1.32,66.69,52.28,7.41,13.47,0.25,18.86,22.94,208.17,7.71,3.98,130.52,175.42,0.47,4.02,1.44,8.31,9.50,17.53,59.19,141.33,0.41,38.59,27.52,25.60,54.45,0.00,2.56,7.70,1.00,4.79,8.48,14.98,7.91,2.56,52.85,2.46,2.73,8.02,9.43,10.58,0.53,2.98,1.86,0.76,9.50,23.47,12.36,5.53,32.11,10.22,136.12,44.85,45.88,40.77,65.06,28.11,96.85,3.12,44.07,69.27,124.35,64.13,0.77,40.61,0.54,24.45,131.16,1.71,1.44,153.23,20.26,0.89,11.81,52.36,0,2.55,4.66,9.5,104.13,9.83,31.52,4.83,2.83,2.37,6.766960784,30.01,3.21,57.47,5.32,74.73,1401.07,0.67,1.39,3.24,25.84,4.17,5.85,15.09,10.5,4.31,96.66,259.76,10.86,15.79,33.73,21.96,18.95,140.94,4.85
04/30/1975,0.67,3.72,53.24,0.56,13.79,4.83,15.79,10.06,31.46,5.00,2.94,11.37,1.96,34.13,43.35,8.99,9.10,0.25,3.25,8.88,29.70,3.74,1.93,54.52,59.50,0.31,4.35,1.65,4.68,5.35,4.84,31.96,129.16,0.41,11.62,17.40,7.60,32.16,3.15,6.06,8.22,1.02,5.38,6.22,12.89,2.18,2.99,14.40,2.14,3.49,2.78,3.27,7.60,1.24,3.07,0.00,0.92,0.00,3.19,2.50,4.57,26.53,9.35,106.31,20.58,29.38,23.43,32.53,26.23,60.24,1.90,26.83,45.04,89.55,52.17,0.80,30.60,1.28,12.35,61.16,1.53,1.39,26.11,7.46,0.9,6.18,30.79,0,2.55,2.83,5.35,29.87,14.02,14.02,6.16,3.62,1.34,3.659705882,16.23,3.6,35.43,6.49,28.21,824.3,0.92,1.46,4.13,18.71,6.22,8.73,13.39,8.66,3.85,42.06,168.42,14.49,9.58,20.46,13.32,12.97,54.58,2.35
05/31/1975,1.99,11.08,113.87,3.13,15.10,19.79,8.28,11.58,21.89,25.19,0.93,3.74,5.06,41.93,52.35,26.40,25.79,8.97,0.58,5.13,20.76,1.23,0.64,39.26,36.27,0.65,19.89,10.14,2.89,3.30,1.57,49.60,252.70,3.76,10.77,1.20,3.20,0.00,28.97,15.52,47.80,5.16,23.93,14.58,70.64,0.71,21.52,5.75,31.29,26.19,0.81,0.95,29.69,2.77,3.81,11.79,6.86,3.79,4.75,0.00,4.92,28.55,16.17,247.71,24.90,62.56,41.58,35.62,56.08,85.09,4.01,56.58,95.44,172.79,157.84,2.13,46.10,2.84,13.64,60.41,1.98,3.66,10.85,5.9,5.02,10.8,23.37,0,31.12,4.75,3.3,22.3,0,0,40.29,23.65,0.83,3.55372549,15.76,16.02,30.28,55.98,20.59,793.44,12.8,4.96,27.01,53.12,16.02,22.49,17.41,37.94,5,51.45,392.95,73.07,16.08,34.35,22.36,8.95,31.49,0.77
06/30/1975,0.54,2.99,94.36,5.20,9.24,8.19,2.93,3.70,6.42,28.43,0.24,1.19,1.73,21.16,43.94,13.58,22.22,14.51,0.00,3.51,0.00,0.39,0.20,16.78,11.70,0.42,4.18,8.28,1.33,1.52,0.31,22.36,81.43,5.90,2.51,0.00,0.30,0.00,46.45,2.97,32.76,5.82,8.90,9.33,69.02,0.14,22.97,0.89,35.80,19.79,0.28,0.33,19.34,1.63,1.27,3.53,8.06,0.00,0.31,0.00,1.44,8.33,4.29,153.39,5.04,39.26,33.13,21.80,46.47,34.56,2.61,36.81,61.54,130.17,149.65,0.48,12.70,1.67,2.73,37.53,0.57,0.57,3.91,1.25,8.35,4.32,8.06,0,35.04,2.7,1.52,10.2,0,0,37.5,22.01,0.38,0.89745098,3.98,5.96,9.09,58.65,10.29,464.01,13.9,1.43,25.14,26.05,5.48,7.69,4.57,12.43,1.43,14.77,268.8,52.3,9.14,19.52,12.71,1.47,21.54,0.25
07/31/1975,0.08,0.43,46.32,1.72,3.68,1.76,2.04,0.98,0.00,4.79,0.20,0.85,0.56,10.21,26.91,4.32,5.24,5.28,0.00,1.84,8.28,0.28,0.14,5.38,4.48,0.08,0.22,0.73,0.94,1.07,0.10,10.60,14.83,2.34,0.91,0.00,1.70,4.03,11.75,0.11,6.80,0.98,0.85,2.05,10.98,0.05,4.47,1.13,5.83,2.25,0.13,0.15,1.87,0.45,0.24,2.11,1.77,0.00,0.00,0.00,0.70,4.09,1.51,37.32,2.60,8.39,15.49,8.68,22.82,19.11,0.45,6.30,11.06,25.84,37.94,0.07,3.78,0.46,0.73,28.66,0.22,0.06,3.43,0.19,2.76,1.42,4.01,0,10.21,0.82,1.07,3.11,4.05,0,7.32,4.3,0.27,0.593039216,2.63,0.57,4.49,8.33,2.08,286.79,1.99,0.12,4.91,3.17,1.77,2.48,4.48,2.4,0.55,2.57,64.35,8.35,2.77,5.92,3.85,0.17,11.33,0.18
08/31/1975,0.04,0.22,38.78,0.41,3.24,0.60,1.88,0.60,0.00,0.00,0.11,1.58,0.23,7.93,19.97,3.37,1.60,0.88,0.17,1.53,0.00,0.52,0.27,3.91,1.69,0.03,0.48,0.18,1.10,1.26,0.25,8.66,8.99,0.65,0.38,0.00,0.10,14.64,3.94,0.13,1.76,0.00,0.00,0.93,1.26,0.11,1.19,0.30,0.84,0.21,0.03,0.04,0.75,0.21,0.10,1.11,0.29,0.00,3.04,0.00,0.51,2.94,0.93,16.51,0.00,4.13,9.72,7.64,19.10,16.75,0.14,2.00,3.73,6.60,16.29,0.03,2.73,0.21,0.41,22.35,0.19,0.02,0,0.04,0.66,1.01,3.77,0,1.49,0.63,1.26,0.64,2.87,2.27,1.58,0.93,0.31,0,0,0,1.34,0.91,0,256.34,0,0.05,1.06,1.49,0.73,1.02,4.53,0,0.49,0.81,14.97,1.21,2.15,4.59,2.99,0.09,9.41,0.33
09/30/1975,0.02,0.12,29.37,0.14,2.90,0.36,1.84,0.57,0.00,1.54,0.08,1.34,0.26,4.70,16.83,2.99,1.15,0.45,0.29,1.14,5.61,0.44,0.23,3.14,1.26,0.01,0.64,0.06,1.02,1.17,0.30,7.25,8.28,0.48,0.22,0.00,0.00,26.31,5.73,0.11,0.94,0.32,0.00,0.78,0.00,0.14,0.29,0.48,0.00,0.57,0.01,0.01,0.73,0.07,0.06,0.70,0.10,0.00,0.00,0.00,0.75,4.33,0.68,10.79,0.00,2.98,7.62,6.84,14.47,11.04,0.08,1.18,2.02,21.30,11.37,0.02,1.93,0.07,0.15,4.06,0.12,0.06,0.4,0.11,0.22,0.88,0.02,0,0.27,0.65,1.17,0.3,0,0,0.81,0.48,0.29,0.024803922,0.11,0,0.52,2.59,0,270.64,0,0.03,0.54,0.75,0.83,1.17,3.73,0,0.31,0.5,9.42,0.58,2.2,4.7,3.06,0.13,7.01,0.28
10/31/1975,0.09,0.48,35.03,0.82,3.81,0.99,2.44,1.73,0.63,5.77,0.13,1.92,0.32,6.78,22.31,4.13,2.97,0.86,0.40,1.53,2.59,0.63,0.33,12.89,4.29,0.06,1.56,0.63,1.41,1.61,0.70,9.20,16.89,0.64,0.62,4.50,0.50,15.34,7.79,0.14,4.34,1.18,1.28,2.40,4.96,0.31,3.44,0.71,2.26,1.74,0.23,0.27,2.13,0.39,0.30,1.30,1.31,0.00,0.63,0.00,1.57,9.13,1.23,25.51,1.06,6.13,9.85,8.99,17.26,12.87,0.35,4.92,8.77,25.48,18.16,0.08,4.78,0.40,0.88,5.65,0.20,0.37,1.75,0.9,1.31,1.48,6.65,0,7.22,0.77,1.61,2.64,3.12,2.86,2.56,1.5,0.4,0.21872549,0.97,0.86,5.62,5.47,2.7,325.62,1.13,0.14,1.72,2.87,1.02,1.43,5.12,1.76,0.51,2.35,20.07,7.73,2.61,5.57,3.63,0.35,9.39,0.4
11/30/1975,0.11,0.59,36.64,0.46,3.61,0.92,2.76,2.92,2.28,3.94,0.15,5.81,1.08,7.38,23.59,3.94,3.41,0.69,0.00,1.95,0.93,1.91,0.99,12.95,6.79,0.07,0.89,0.86,2.19,2.50,0.53,9.26,18.89,0.58,0.78,7.14,1.60,0.00,0.00,0.43,3.80,0.81,1.24,2.62,7.67,0.24,2.85,0.71,2.19,2.55,0.28,0.33,2.08,0.43,0.83,1.34,0.84,0.00,0.98,0.84,0.65,3.80,1.30,29.42,3.21,7.55,10.32,8.52,18.04,11.46,0.43,6.04,10.60,9.47,20.02,0.21,4.80,0.44,1.46,8.01,0.25,0.56,0.82,2.49,0.74,1.43,6.96,0,4.47,0.99,2.5,2.8,0,0,3.28,1.93,0.63,0.536666667,2.38,0.83,4.96,5.69,2.3,297.4,0.79,0.38,2.2,3.66,3.43,4.82,4.87,1.83,0.62,6.74,43.06,4.46,3.36,7.18,4.67,0.5,11.99,1.2
12/31/1975,0.07,0.42,32.72,0.25,3.76,0.86,2.69,3.36,2.66,2.37,0.17,3.22,0.83,7.81,24.90,3.84,2.39,0.25,0.04,1.26,7.29,1.06,0.55,18.53,8.95,0.05,0.59,0.56,0.00,0.00,0.70,9.32,16.56,0.41,0.80,10.30,1.90,0.00,3.92,0.53,2.37,0.48,0.67,1.83,3.54,0.32,1.52,1.33,1.27,1.54,0.43,0.51,1.75,0.00,0.57,0.74,0.53,0.00,0.42,0.84,0.63,3.63,1.08,25.13,2.87,6.11,10.21,8.87,16.12,6.09,0.33,4.61,7.07,16.25,16.04,0.15,3.29,0.00,1.31,5.94,0.20,0.22,3.64,3.02,0.4,1.12,3.98,0,1.59,0.83,0,3.32,1,0,2.32,1.36,0,0.67872549,3.01,0.45,5.08,3.19,2.2,293.84,0.61,0.26,1.56,2.79,2.63,3.69,3.2,2.4,0.5,5.71,55.21,0.49,2.82,6.02,3.92,0.4,7.74,0.67
01/31/1976,0.05,0.27,29.47,0.14,3.14,0.73,2.03,3.46,1.67,1.71,0.18,1.70,0.18,6.33,21.53,3.12,2.10,0.30,0.00,1.07,5.23,0.56,0.29,8.59,5.17,0.04,0.52,0.45,0.87,0.99,0.51,7.48,14.86,0.43,0.59,4.85,1.10,12.01,1.13,0.50,1.91,0.35,0.54,1.55,1.69,0.23,1.50,0.86,0.94,1.46,0.22,0.26,0.48,0.03,0.33,0.50,0.37,0.00,1.85,0.00,0.68,3.95,0.97,18.90,2.50,4.99,8.29,7.41,14.52,5.29,0.25,3.52,5.49,13.18,13.47,0.09,2.61,0.03,1.03,5.06,0.21,0.1,4.61,2.67,0.23,0.76,2.81,0,0.97,0.75,0.99,1.94,5.38,0.8,1.76,1.03,0.25,0.525392157,2.33,0.36,4.02,2.74,1.6,282.25,0,0.16,1.18,2.08,0.58,0.81,3.87,1.81,0.52,2.82,32.1,1.55,2.53,5.4,3.52,0.26,6.54,0.35
02/29/1976,0.08,0.45,30.67,0.17,4.30,1.08,3.53,5.00,7.00,2.49,0.15,2.68,0.03,8.69,23.02,3.59,2.90,0.63,0.00,2.72,9.90,0.88,0.45,47.02,17.56,0.06,1.57,0.48,1.64,1.87,1.11,10.97,18.19,0.55,1.39,4.08,2.60,30.33,1.05,0.68,1.65,0.51,1.08,2.17,3.46,0.50,1.36,2.96,1.51,1.53,0.62,0.73,3.02,0.18,0.36,1.00,0.47,0.00,0.00,0.00,1.36,7.89,1.23,27.39,4.08,7.52,11.92,10.14,15.10,13.10,0.36,5.10,8.38,32.47,17.18,0.09,4.61,0.18,2.45,10.95,0.25,0.13,7.31,3.64,0.27,0.89,5.61,0,1.39,0.97,1.87,4.9,3.9,4.2,1.84,1.08,0.47,0.561470588,2.49,0.72,6.62,3,2.8,366.39,0.37,0.17,1.23,5.14,0.11,0.15,3.05,2.81,0.64,10.6,55.09,4.25,3.27,6.98,4.55,0.41,16.68,0.55
03/31/1976,0.23,1.28,38.75,0.42,5.39,1.77,4.47,6.16,9.49,5.63,0.15,2.25,0.17,12.21,30.19,4.38,4.15,0.68,0.00,2.67,14.29,0.74,0.38,34.75,18.34,0.12,1.86,1.32,1.40,1.60,1.54,14.35,34.27,0.57,1.87,3.02,6.60,25.63,4.01,0.80,4.81,1.15,3.15,3.30,10.46,0.69,2.27,2.31,3.16,3.27,0.87,1.02,5.24,0.55,0.93,1.51,0.96,0.00,1.90,0.00,1.40,8.13,2.69,51.87,5.41,13.33,14.93,12.72,19.09,20.17,0.71,9.98,17.05,25.68,29.67,0.24,11.20,0.57,4.22,31.32,0.40,0.23,9.39,3.36,0.67,1.39,7.08,0,3.04,1.23,1.6,6.95,0.25,6.82,3.85,2.26,0.4,1.24245098,5.51,2.11,10.13,6.91,2.4,435.99,0.89,0.43,2.58,10.44,0.55,0.77,5.21,8.18,1.02,14.68,73.82,7.91,4.17,8.91,5.8,0.39,16.39,0.47
04/30/1976,0.28,1.54,36.39,0.77,5.37,2.52,3.75,4.21,8.45,6.34,0.14,2.31,0.00,11.29,26.24,4.22,4.81,1.58,0.15,3.95,24.79,0.76,0.39,27.13,14.30,0.12,0.71,1.94,0.90,1.03,1.00,11.91,21.18,0.92,2.74,1.87,0.20,0.00,6.88,0.46,8.07,1.30,4.33,3.38,13.61,0.45,4.40,2.03,6.72,4.34,0.45,0.53,6.55,0.97,0.89,2.90,1.79,0.60,0.89,0.00,0.76,4.43,2.29,47.37,0.00,11.38,13.28,12.67,17.92,15.66,0.64,9.10,16.97,25.67,31.60,0.23,9.32,0.99,3.03,24.10,0.36,0.08,8.99,1.5,1.24,1.11,3.17,0,6.69,0.94,1.03,4.99,2.39,6.46,6.05,3.55,0.26,0.890686275,3.95,2.9,6.2,10.97,3.5,392.13,2.23,0.42,4.06,8.88,0,0,1.96,8.92,0.9,11.55,126.79,13.08,3.19,6.81,4.44,0.17,24.24,0.48
05/31/1976,0.17,0.95,36.43,2.10,3.76,1.38,1.68,2.53,4.15,8.57,0.05,0.00,0.38,12.72,23.73,2.24,5.44,5.62,0.06,0.99,4.59,0.00,0.00,10.02,5.84,0.11,0.59,1.83,0.56,0.64,0.32,8.18,11.95,2.47,0.86,3.24,0.20,0.00,13.10,0.30,9.12,1.76,2.72,3.17,18.58,0.14,6.92,0.45,10.71,5.44,0.07,0.08,4.82,0.67,0.36,2.51,3.52,0.66,0.35,0.00,0.38,2.23,1.37,41.38,0.00,10.44,15.55,8.87,17.94,6.73,0.67,9.46,16.59,36.86,41.48,0.14,5.36,0.68,1.18,4.58,0.05,0.1,6.29,0.65,3.36,0.85,0,0,14.35,0.79,0.64,3.07,1.65,0,9.59,5.63,0.16,0.755392157,3.35,1.82,0.47,16.1,0.6,304.99,4.25,0.42,6.43,5.12,1.2,1.68,2.2,7.34,0.12,8.33,177.18,13.49,2.67,5.7,3.71,0.06,6.09,0
06/30/1976,0.04,0.20,26.16,0.60,2.41,0.52,1.46,0.68,0.87,0.00,0.03,0.00,0.26,3.86,17.65,1.33,3.92,1.48,0.00,1.29,4.32,0.00,0.00,2.83,1.14,0.02,0.48,0.21,0.70,0.80,0.17,5.84,5.41,0.88,0.22,1.94,0.10,0.00,1.33,0.08,1.50,0.00,0.00,2.07,1.95,0.08,1.39,0.00,1.58,0.41,0.02,0.02,0.91,0.16,0.16,1.01,0.79,0.00,0.50,0.00,0.17,0.96,0.70,12.84,0.00,3.22,8.29,5.69,12.89,1.85,0.14,1.97,3.51,15.16,12.64,0.04,2.21,0.16,0.50,12.93,0.04,0.01,5.34,0.14,0.96,0.16,0,0,2.51,0.48,0.8,1.18,2.09,0.4,2.29,1.34,0.2,0.133039216,0.59,0,1.65,1.44,1,224.4,0,0.08,1.54,1.18,0.81,1.14,1.44,1.3,0.09,1.66,46.93,0.72,1.63,3.48,2.27,0,7.92,0
07/31/1976,0.01,0.08,19.74,0.16,2.05,0.15,1.27,0.40,0.51,1.84,0.00,0.00,0.09,4.03,15.52,1.66,3.43,0.65,0.10,1.16,5.62,0.00,0.00,0.78,0.44,0.01,0.08,0.05,0.68,0.78,0.16,5.28,1.61,0.56,0.05,2.29,0.20,0.00,2.89,0.05,0.15,0.38,0.00,1.55,0.70,0.07,0.41,0.00,0.44,0.09,0.00,0.00,0.54,0.08,0.06,0.29,0.21,0.00,0.00,0.00,0.18,1.03,0.53,7.97,0.00,1.84,6.28,4.84,9.72,0.48,0.05,0.68,1.31,0.00,7.51,0.02,1.27,0.08,0.12,22.70,0.08,0,2.98,0.07,0.26,0.04,0,0,0.52,0.41,0.78,0.72,1.54,0,0.52,0.31,0.19,0.236764706,1.05,0,1.6,0.83,0,214.71,0,0.03,0.35,0.59,0.27,0.38,1.14,1.13,0.2,0.41,19.18,0,1.38,2.95,1.92,0,7.15,0
08/31/1976,0.03,0.14,138.24,0.44,2.20,0.13,1.59,0.34,0.44,2.51,0.02,0.00,0.00,4.08,15.55,1.86,2.80,0.82,0.26,1.49,6.16,0.00,0.00,2.95,1.70,0.01,0.57,0.09,0.82,0.94,0.77,5.61,5.58,0.63,0.12,0.67,0.10,0.00,0.00,0.08,0.90,0.51,0.00,1.33,0.95,0.35,1.70,0.00,0.28,0.52,0.00,0.00,0.79,0.13,0.06,1.14,0.40,0.00,0.00,0.00,0.00,0.00,0.52,8.72,0.00,2.06,6.28,5.19,68.09,2.38,0.06,0.86,1.72,0.00,7.83,0.02,1.49,0.14,0.28,0.00,0.02,0.01,1.38,0.02,0.71,0.14,1.01,0,1.89,0.49,0.94,1.93,2.16,0,1.03,0.6,0.23,0.338235294,1.5,0,1.47,1.78,1.2,248,0,0.03,0.69,0.61,0,0,2.11,0.15,0.04,0.67,16.12,3.5,1.65,3.52,2.29,0,9.16,0
09/30/1976,0.01,0.07,21.38,0.22,2.16,0.04,1.33,0.36,0.00,0.72,0.02,1.16,0.04,3.64,15.10,2.00,0.67,0.37,0.00,1.32,5.98,0.38,0.20,2.08,1.24,0.01,1.10,0.05,0.61,0.70,0.14,5.26,1.15,0.45,0.07,0.89,0.00,9.79,0.14,0.22,0.00,0.15,0.00,0.56,1.70,0.06,0.26,0.00,0.00,0.50,0.14,0.16,0.39,0.05,0.06,0.15,0.16,0.00,0.00,0.00,0.17,0.96,0.37,7.07,0.00,1.62,5.44,5.10,10.53,1.31,0.05,0.74,1.28,10.41,6.42,0.01,1.20,0.05,0.19,5.68,0.06,0.02,1.86,0.04,0.35,0.32,0.19,0,0.54,0.38,0.7,0.79,1.36,0.28,0.61,0.36,0.17,0.345,1.53,0,1.37,1.94,0.7,227.31,0.11,0.02,0.41,0.43,0.12,0.17,0,0.53,0.16,0.34,6.43,1.58,1.3,2.78,1.81,0.01,8.12,0.24
10/31/1976,0.02,0.09,23.58,0.22,2.40,0.19,1.40,0.81,0.00,0.09,0.04,1.25,0.00,4.24,15.35,2.01,1.31,0.21,0.21,1.41,20.84,0.41,0.21,2.57,1.02,0.01,0.46,0.04,0.25,0.29,0.11,5.39,7.51,0.39,0.13,1.05,0.00,10.42,0.99,0.22,0.34,0.02,0.00,1.27,0.25,0.05,0.71,0.03,0.32,0.10,0.01,0.01,0.00,0.00,0.03,0.00,0.34,0.00,0.06,1.57,0.07,0.39,0.43,6.47,0.88,1.59,5.37,5.66,11.62,1.40,0.05,0.76,1.17,5.19,6.24,0.01,1.13,0.00,0.19,0.00,0.19,0,0,0,0.35,0,1.06,0,0.35,0.34,0.29,0.46,0.87,2.03,0.29,0.17,0.07,0.257058824,1.14,0,1.89,0.58,0.24,234.65,0,0.02,0.19,0.38,0,0,1.41,0.49,0.47,0.31,2.68,0.58,1.14,2.43,1.59,0,8.64,0.26
11/30/1976,0.02,0.09,16.29,0.14,2.45,0.30,1.50,1.31,0.25,0.65,0.08,0.88,0.00,4.28,15.16,1.81,1.49,0.04,0.00,0.92,5.70,0.29,0.15,4.27,2.09,0.01,0.22,0.06,0.40,0.46,0.19,5.43,8.65,0.33,0.27,2.43,0.56,7.55,0.00,0.19,0.35,0.13,0.00,1.40,0.01,0.09,0.39,0.00,0.31,0.24,0.07,0.08,0.32,0.03,0.04,0.00,0.24,0.00,0.00,0.00,0.00,0.00,0.47,8.22,1.56,1.79,5.34,5.78,8.03,1.10,0.07,0.92,1.50,19.13,6.56,0.01,1.25,0.03,0.24,0.00,0.07,0.01,0.59,0,0.23,0,1.8,0,0.17,0.4,0.46,0.46,1.77,0.78,0.32,0.19,0.11,0.304411765,1.35,0,1.57,0.62,0.57,229.8,0,0.02,0.21,0.45,0,0,1.56,0.45,0.18,0.76,9.61,0.94,1.37,2.93,1.91,0,5.63,0.18
12/31/1976,0.01,0.07,16.15,0.08,2.61,0.26,1.58,1.45,0.42,0.00,0.06,0.52,0.00,4.31,14.87,2.02,1.24,0.12,0.00,0.51,4.07,0.17,0.09,4.65,1.69,0.01,0.17,0.05,0.22,0.25,0.28,5.50,8.03,0.36,0.26,3.42,0.84,2.73,0.03,0.25,0.00,0.00,0.00,1.11,0.00,0.13,0.26,0.00,0.22,0.19,0.12,0.14,0.00,0.00,0.05,0.00,0.18,0.00,0.00,0.53,0.00,0.00,0.42,7.81,1.46,1.64,5.37,6.16,7.95,0.29,0.06,0.78,1.20,13.64,5.98,0.01,1.08,0.00,0.12,0.00,0.07,0.01,2.53,0,0.12,0,1.07,0,0.13,0.41,0.25,0.27,0.04,0,0.25,0.15,0.06,0.119509804,0.53,0,1.49,0.25,0.39,231.83,0,0.02,0.17,0.36,0,0,0.9,0.5,0.17,0.47,6.31,1.11,1.38,2.95,1.92,0,3.14,0.11
01/31/1977,0.02,0.13,21.51,0.15,3.54,0.32,1.91,2.17,0.63,2.46,0.12,1.85,0.00,5.59,16.52,2.13,1.55,0.08,0.00,0.85,0.00,0.61,0.31,6.38,3.19,0.02,0.94,0.12,0.48,0.55,0.45,5.50,7.96,0.34,0.44,2.77,1.43,9.02,0.13,0.36,0.63,0.50,0.19,1.40,0.56,0.20,0.50,0.02,0.33,0.19,0.15,0.18,0.76,0.03,0.07,0.11,0.25,0.00,0.82,1.89,0.11,0.61,0.59,10.56,1.24,2.28,5.95,8.35,10.60,4.32,0.10,1.44,2.31,14.86,7.26,0.02,1.80,0.03,0.38,0.00,0.20,0.02,5.15,0,0.25,0,2.6,0,0.17,0.55,0.55,0.46,2.6,1.23,0.58,0.34,0.14,0.299901961,1.33,0.13,3.06,0.24,0.47,231.8,0,0.04,0.39,0.75,0,0,1.22,1.47,0.5,0.97,11.72,1.64,1.85,3.95,2.57,0,5.25,0.38
02/28/1977,0.03,0.17,22.24,0.15,2.42,0.61,1.73,2.01,0.46,0.58,0.10,1.25,0.00,4.58,14.43,2.09,1.60,0.20,0.00,0.60,22.65,0.41,0.21,5.25,2.52,0.02,0.98,0.18,0.62,0.71,0.36,5.29,9.41,0.39,0.39,1.89,1.41,4.52,0.27,0.55,1.09,0.12,0.36,1.39,1.57,0.16,0.80,0.04,0.43,0.41,0.16,0.19,1.20,0.03,0.11,0.36,0.27,0.00,0.51,1.72,0.09,0.55,0.62,12.76,1.54,2.57,5.48,5.71,10.96,4.75,0.12,1.70,2.70,15.94,7.66,0.03,1.84,0.03,0.59,0.00,0.17,0.03,5.54,0,0.25,0,3.04,0,0.74,0.56,0.71,0.34,1.18,3.18,0.7,0.41,0.18,0.272843137,1.21,0.24,2.61,0.64,0.47,222.88,0.01,0.05,0.47,1.42,0,0,1.23,2.11,0.44,1.29,14.23,3.22,1.88,4.02,2.61,0,3.71,0.26
03/31/1977,0.06,0.34,17.51,0.20,2.86,0.66,2.32,2.40,2.11,0.81,0.14,1.31,0.00,5.63,16.36,2.32,1.50,0.25,0.00,1.29,7.06,0.43,0.22,6.64,4.77,0.03,1.12,0.35,0.47,0.54,0.91,6.71,9.85,0.41,1.46,1.48,2.76,8.81,0.97,0.58,1.44,0.17,0.87,1.42,2.33,0.41,0.99,0.02,0.58,0.77,0.25,0.29,1.03,0.18,0.21,1.07,0.40,0.00,0.55,2.91,0.18,1.02,0.81,12.95,1.41,3.38,6.56,6.75,8.62,5.57,0.18,2.50,4.40,22.02,9.28,0.05,2.69,0.19,0.84,8.96,0.27,0.03,6.27,0,0.32,0,2.39,0,1.25,0.48,0.54,0.69,1.68,2.62,1.12,0.66,0.13,0.290882353,1.29,0.58,2.97,1.41,0.65,245.4,0.17,0.1,0.75,1.77,0,0,1.17,3.82,0.69,3.81,19.31,3.91,1.62,3.46,2.25,0,7.9,0.27
04/30/1977,0.08,0.43,22.22,0.71,2.55,0.91,1.33,2.04,0.06,4.49,0.04,0.00,0.00,4.56,13.75,2.18,1.74,1.68,0.00,0.74,13.21,0.00,0.00,3.43,2.55,0.05,0.93,0.76,0.21,0.24,0.29,5.92,6.69,0.96,0.82,1.90,0.00,0.00,4.59,0.27,3.78,0.92,1.67,1.60,9.27,0.13,3.65,0.00,3.22,4.49,0.12,0.14,1.96,0.29,0.17,1.92,1.77,0.00,0.11,1.25,0.03,0.20,0.69,14.14,2.20,4.18,6.63,6.02,10.95,3.09,0.32,4.46,7.74,18.98,14.33,0.04,2.29,0.30,0.52,1.62,0.27,0.07,3.16,0,1.13,0,0,0,7.49,0.46,0.24,0.61,2.34,1.67,3.99,2.34,0.06,0.155588235,0.69,1.12,0,10.18,0.74,200.04,2.61,0.08,2.68,1.88,0,0,0.7,9.98,0.67,3.95,37.18,8.07,1.57,3.35,2.18,0,4.57,0
05/31/1977,0.08,0.45,23.08,1.08,2.88,0.79,1.88,1.65,2.96,4.37,0.05,1.70,0.00,5.55,16.36,2.32,2.86,2.60,0.00,1.72,0.00,0.56,0.29,7.65,3.86,0.08,1.11,1.15,0.47,0.54,0.97,6.25,7.50,1.31,0.82,2.00,0.00,0.00,6.83,0.46,6.27,0.90,2.61,2.40,12.94,0.44,4.39,0.00,4.28,4.25,0.12,0.14,2.92,0.72,0.25,2.66,2.37,1.24,0.35,1.77,0.07,0.43,0.99,18.34,2.84,6.26,7.53,6.79,11.37,6.75,0.44,6.19,11.75,22.97,20.61,0.08,2.92,0.74,1.41,9.55,0.19,0.01,2.42,0,1.73,0,1.68,0,7.63,0.56,0.54,0.72,2.65,2.97,4.48,2.63,0.13,0.496078431,2.2,1.75,0.91,11.43,0,223.29,2.39,0.21,3,3.7,0,0,1.64,9.12,0.47,2.68,49.83,9.91,1.9,4.06,2.64,0,10.57,0.35
06/30/1977,0.03,0.15,22.73,1.33,1.97,0.49,1.18,0.70,0.00,2.63,0.00,0.12,0.00,3.32,13.29,1.49,3.10,3.55,0.00,1.43,52.26,0.04,0.02,0.99,0.98,0.04,0.69,0.31,0.31,0.35,0.65,4.51,3.61,1.68,0.15,1.55,0.00,0.00,3.95,0.25,3.57,0.54,0.73,2.06,5.66,0.29,3.79,0.00,2.61,1.10,0.01,0.01,0.96,0.21,0.11,1.33,2.20,1.03,0.00,1.17,0.05,0.27,0.62,7.70,0.91,2.90,5.88,4.65,11.19,1.30,0.21,2.98,5.25,13.96,10.92,0.03,1.36,0.22,0.24,14.91,0.03,0.01,4.07,0,2.13,0,1.46,0,6.97,0.42,0.35,0.32,1.94,0.69,3.43,2.01,0.09,0.160098039,0.71,0.49,2.06,3.5,0.35,195.4,1.27,0.06,2.3,0.95,0,0,1.46,1.64,0.09,0.99,26.55,5.57,1.41,3.01,1.96,0,8.81,0.03
07/31/1977,0.01,0.05,18.83,0.59,1.75,0.05,1.04,0.26,0.00,1.58,0.00,0.00,0.00,2.67,12.33,1.14,2.71,0.36,0.00,1.97,23.43,0.00,0.00,0.04,0.03,0.01,0.02,0.03,0.23,0.26,0.60,3.85,2.18,0.45,0.02,1.51,0.00,1.55,0.67,0.02,0.14,0.32,0.00,1.64,0.47,0.27,0.27,0.00,0.49,0.07,0.00,0.00,0.30,0.10,0.02,0.42,0.69,0.00,0.09,0.00,0.00,0.00,0.31,3.35,0.77,0.99,4.40,4.13,9.27,0.00,0.03,0.42,0.97,7.25,5.09,0.01,0.65,0.11,0.11,4.65,0.00,0,2.99,0,0.94,0,0.86,0,0.26,0.33,0.26,0.22,0.16,0,1.45,0.85,0.07,0.211960784,0.94,0,0.82,0.48,0,179.96,0,0.01,0.97,0.32,0,0,0.46,0,0,0.11,2.14,0.49,1.12,2.39,1.56,0,12.08,0
08/31/1977,0.00,0.02,19.26,0.11,1.76,0.00,0.97,0.21,0.11,0.00,0.00,0.12,0.00,2.61,11.76,1.03,2.10,0.30,0.00,1.55,20.47,0.04,0.02,0.04,0.00,0.00,0.01,0.01,0.00,0.00,0.29,3.84,1.78,0.43,0.00,0.00,0.00,0.49,0.09,0.02,0.00,0.00,0.00,1.12,2.15,0.13,0.23,0.00,0.37,0.06,0.00,0.00,0.08,0.00,0.01,0.00,0.09,0.00,0.00,0.00,0.00,0.00,0.00,3.43,0.79,0.69,4.11,4.15,9.48,0.00,0.02,0.22,0.33,2.95,4.11,0.00,0.57,0.00,0.08,5.97,0.00,0,0.74,0,0.18,0,1.16,0,0.01,0.27,0,0.22,0,0,0.08,0.05,0,0.133039216,0.59,0,0,0.37,0,197.08,0,0,0.05,0.23,0,0,0,0.02,0,0,2.71,0.32,0.93,1.99,1.29,0,9.5,0.03
09/30/1977,0.00,0.02,21.53,0.12,2.02,0.01,1.42,0.28,0.29,0.29,0.00,0.36,0.00,3.59,12.32,1.28,0.87,0.13,0.00,1.41,14.57,0.12,0.06,2.40,0.59,0.00,0.02,0.02,0.21,0.24,0.61,4.21,1.76,0.36,0.07,0.97,0.00,1.64,0.12,0.03,0.04,0.06,0.00,0.68,0.11,0.27,0.06,0.00,0.38,0.05,0.05,0.06,0.62,0.10,0.02,0.26,0.09,0.00,0.00,0.00,0.00,0.00,0.21,3.95,0.90,0.78,5.09,4.77,10.60,0.89,0.01,0.16,0.55,8.51,4.22,0.00,0.54,0.11,0.12,6.64,0.00,0,0,0,0.19,0,0.51,0,0.29,0.34,0.24,0.37,0,0,0.18,0.11,0.06,0.164607843,0.73,0,0.3,0.26,0.05,235.99,0.19,0,0.12,0.43,0,0,0.32,0,0,0.25,16.36,5.91,1.14,2.43,1.59,0,8.65,0.08
10/31/1977,0.01,0.03,18.45,0.06,2.40,0.04,1.21,0.63,0.47,1.41,0.00,0.33,0.06,3.46,12.59,1.68,0.75,0.07,0.16,0.39,0.00,0.11,0.06,2.40,1.07,0.00,0.03,0.01,0.17,0.19,0.19,4.43,2.61,0.34,0.08,1.05,0.00,2.74,0.08,0.08,0.05,0.29,0.00,0.73,0.15,0.09,0.11,0.05,0.42,0.05,0.01,0.01,0.09,0.00,0.01,0.08,0.05,0.00,0.47,0.08,0.00,0.00,0.27,5.85,0.31,0.91,5.03,5.66,9.08,0.08,0.03,0.41,0.63,12.30,4.41,0.00,0.60,0.00,0.04,0.00,0.49,0.01,0,0.43,0.09,0,1.47,0,0.05,0.29,0.19,0,0.63,0.42,0.19,0.11,0.05,0.13754902,0.61,0,0.43,0.16,0.03,230.73,0.04,0.01,0.13,0.41,0.19,0.27,0.7,0,1.24,0.51,13.76,0.28,0.98,2.09,1.36,0,2.37,0.07
11/30/1977,0.02,0.13,19.40,0.07,2.91,0.25,1.71,0.79,0.69,0.56,0.10,1.09,0.04,5.19,15.58,1.72,1.15,0.12,2.20,0.80,110.04,0.36,0.19,9.20,5.90,0.02,0.51,0.18,0.44,0.50,0.37,5.29,5.61,0.36,1.08,1.02,2.53,2.16,0.16,0.18,0.83,0.11,0.01,1.06,1.14,0.17,0.46,1.02,0.59,0.17,0.18,0.21,0.93,0.03,0.07,0.09,0.06,0.00,0.33,0.00,0.27,1.56,0.52,9.71,0.31,2.42,6.27,6.86,9.56,3.52,0.12,1.65,2.62,16.56,6.37,0.02,2.15,0.03,0.56,5.81,0.38,0.01,15.33,0.54,0.12,1.07,3.7,0,0.35,0.42,0.5,3.43,0.11,2.87,0.25,0.15,0.13,0.33372549,1.48,0.01,2.84,0.3,1.09,247.48,0,0.04,0.17,1.2,0.12,0.17,1.65,1.13,0.96,6.7,44.62,0.35,1.42,3.03,1.97,0.27,4.89,0.23
12/31/1977,0.38,2.14,36.03,0.61,7.90,0.85,7.23,4.89,21.41,3.79,2.08,9.85,0.43,14.23,28.49,3.77,6.77,0.44,4.04,4.84,2.66,3.24,1.67,72.77,42.95,0.19,2.43,2.64,2.82,3.22,4.98,14.95,31.30,0.48,9.41,5.83,10.51,0.00,2.69,0.59,9.44,0.78,4.69,4.07,16.60,2.24,2.49,12.58,3.75,3.62,1.31,1.54,9.44,1.01,1.10,3.61,0.89,0.79,6.09,0.00,1.62,9.40,3.88,60.26,5.09,16.63,18.37,18.64,17.75,32.45,1.16,16.42,28.33,54.50,33.71,0.32,18.91,1.03,5.03,44.79,0.41,0.24,46.67,5.03,0.97,5.04,17.5,0,5.02,1.54,3.22,32.06,0,17.12,2.09,1.23,0.81,1.734019608,7.69,3.14,16.73,6.42,17.27,636.24,1.17,0.71,1.4,16.72,1.37,1.92,3.58,16.98,1.04,35.58,208.54,4.84,5.23,11.17,7.27,5.11,29.72,2.04
01/31/1978,1.01,5.62,59.16,0.66,39.14,1.82,43.99,20.33,172.63,9.30,42.34,57.00,0.91,75.70,64.81,7.71,18.86,0.65,34.54,31.83,179.89,18.75,9.68,170.31,179.85,0.60,4.41,2.32,15.30,17.49,29.25,73.42,168.07,0.56,49.25,52.54,48.80,65.90,3.43,1.35,12.62,1.91,6.69,12.07,20.87,13.20,2.90,75.55,6.06,4.76,11.62,13.66,19.74,1.95,3.57,2.91,1.13,7.70,32.76,13.40,6.64,38.53,12.69,200.42,32.40,56.23,55.44,92.33,29.14,110.12,3.79,53.55,88.25,157.26,87.80,1.01,48.74,2.00,22.02,214.20,2.62,0.83,282.69,28.17,1.07,14.66,63.89,0,3.26,6,17.49,123.28,6.2,39.46,4.09,2.4,4.37,8.489705882,37.65,4.48,78.15,7.79,97.14,1920.4,0.8,2.15,2.74,43.12,2.89,4.06,21.3,16.64,6.62,97.03,401.3,9.03,20.31,43.38,28.25,23.96,195.53,11.79
02/28/1978,0.60,3.33,36.72,0.44,20.75,1.61,26.72,13.53,100.28,3.74,25.21,17.09,1.02,44.75,42.55,5.64,9.61,0.50,28.88,13.67,132.89,5.62,2.90,110.01,95.64,0.33,2.73,1.29,5.69,6.50,11.76,40.85,91.28,0.50,25.41,0.00,23.13,47.14,2.06,1.51,5.83,0.77,3.56,5.85,12.04,5.30,2.09,42.74,3.16,3.37,5.93,6.97,9.10,0.87,2.04,0.93,0.58,4.56,11.82,8.23,3.86,22.40,7.10,115.34,21.56,28.64,29.55,48.95,18.08,60.00,2.10,29.66,48.21,117.70,52.45,0.59,27.36,0.89,10.90,95.49,1.35,1.08,146.1,16.09,0.71,7.97,32.58,0,2.1,3.36,6.5,63.65,3,14.82,3.63,2.13,1.63,5.07127451,22.49,2.38,37.15,5.23,66.1,1044.19,0.55,1.33,2.43,22.54,3.22,4.52,13.44,10.09,3.4,57.7,194.47,8.41,11.38,24.31,15.83,12.83,83.97,3.54
03/31/1978,1.43,7.99,66.17,1.06,33.28,7.11,36.12,21.15,78.52,9.08,10.27,21.31,3.56,75.75,68.25,14.86,17.25,1.02,19.18,17.56,93.75,7.01,3.62,141.49,111.35,0.56,11.63,4.75,7.98,9.12,18.21,61.98,197.42,0.70,26.31,39.93,17.84,23.99,7.29,10.82,21.30,1.86,12.92,11.29,30.14,8.21,6.63,30.91,10.45,10.61,9.96,11.71,22.50,1.69,3.57,4.79,1.79,5.75,19.76,7.94,6.84,39.67,15.52,216.86,25.24,52.89,48.34,78.51,32.59,99.10,3.57,50.42,82.63,159.75,100.47,1.80,50.17,1.73,16.61,164.05,2.36,2.9,110.48,18.7,1.7,12.29,50.23,0,7.34,5.03,9.12,55.46,9.36,5.88,12.53,7.35,2.28,7.096176471,31.47,8.65,54.61,19.66,49.06,1232.55,1.51,3.58,8.4,44.9,11.28,15.84,22.53,23.53,5.94,68.56,292.61,28.38,17.04,36.4,23.7,22.52,107.85,4.41
04/30/1978,1.37,7.65,61.35,1.10,20.64,7.45,20.15,11.38,26.35,10.44,3.31,12.43,2.64,50.77,57.26,15.52,16.43,2.01,7.85,10.50,55.79,4.09,2.11,111.77,61.11,0.47,10.12,4.93,5.76,6.58,10.21,40.48,115.60,1.08,12.68,32.01,7.68,8.76,10.61,6.78,22.62,2.14,11.85,9.66,29.39,4.61,8.65,16.01,13.51,10.37,5.16,6.07,17.47,1.66,2.94,5.37,2.50,3.00,12.73,10.59,5.50,31.90,13.89,160.48,12.48,41.67,36.63,48.69,30.22,72.25,2.94,41.50,68.88,106.04,91.93,1.64,41.27,1.71,13.61,114.50,2.09,1.98,36.81,6.29,1.76,8,37.72,0,9.18,3.23,6.58,27.25,19.68,9.02,17.08,10.02,1.65,5.454607843,24.19,7.93,38.62,22.62,23.9,911.08,4.38,3.19,11.45,31.9,8.37,11.75,12.77,17.57,5.26,34.82,219.1,32.16,10.94,23.37,15.22,8.01,64.48,2.57
05/31/1978,1.13,6.30,81.00,3.34,9.74,9.93,6.78,4.52,14.70,28.08,1.11,3.77,2.55,32.64,40.32,18.12,24.26,9.54,2.52,3.93,13.27,1.24,0.64,32.02,25.32,0.51,5.61,9.95,2.03,2.32,2.17,23.97,96.62,3.98,5.71,10.48,1.95,0.00,36.10,4.11,39.49,5.75,15.12,10.84,65.28,0.98,21.85,5.53,33.17,22.82,1.38,1.62,22.54,1.79,1.60,9.22,6.65,2.91,2.23,2.99,2.37,13.78,9.03,182.75,2.41,42.73,30.16,22.98,39.89,48.49,3.20,45.19,74.93,97.70,136.20,1.61,25.90,1.84,5.33,68.20,1.16,1.65,13.95,1.69,5.35,5.64,18.99,0,28.75,3.05,2.32,15.01,0,0,36.63,21.5,0.58,2.590882353,11.49,10.12,14.55,60.21,13.94,567.68,12.85,3.01,24.56,31.92,8.09,11.36,5.27,21.34,2.93,25.92,290.57,57.81,10.32,22.04,14.35,2.64,24.16,0.78
06/30/1978,0.31,1.72,56.01,4.37,5.18,2.72,2.94,1.96,7.50,20.25,0.40,3.59,1.45,16.67,30.61,9.15,14.38,13.06,0.32,1.64,4.41,1.18,0.61,9.59,8.24,0.29,1.16,5.86,0.61,0.70,0.69,11.58,41.93,5.34,1.79,0.00,0.44,0.00,41.71,0.91,25.46,4.15,5.69,5.40,50.86,0.31,17.98,4.77,24.10,14.18,0.29,0.34,9.77,0.99,0.53,1.91,6.43,1.30,2.60,2.05,0.73,4.22,2.72,103.95,0.00,23.74,26.72,12.22,27.59,18.34,1.80,25.41,42.07,83.46,107.94,0.26,7.63,1.01,1.01,42.57,0.34,0.39,5.87,0.6,7,3.44,9.47,0,31.22,1.76,0.7,7.84,0,0,29.43,17.27,0.17,0.473529412,2.1,3.81,1.58,47.28,7.07,320.92,12.49,0.93,19.73,15.26,4.59,6.44,2.68,11.41,0.87,11.64,227.51,40.5,5.95,12.71,8.28,0.68,10.05,0.74
07/31/1978,0.05,0.28,34.99,1.57,2.90,0.64,1.86,0.91,0.55,5.80,0.12,1.98,0.45,7.81,22.79,4.08,3.53,6.45,0.26,0.98,6.41,0.65,0.34,3.21,3.90,0.06,0.23,0.60,0.48,0.55,0.30,7.03,10.07,2.79,0.69,0.00,0.34,0.00,13.48,0.26,7.41,1.19,0.28,1.51,11.25,0.14,5.00,4.48,5.33,1.55,0.12,0.14,1.60,0.20,0.18,1.49,1.66,0.84,0.00,0.00,0.20,1.16,1.31,31.92,2.63,6.00,15.54,6.84,17.24,16.81,0.39,5.53,9.10,35.31,31.20,0.04,2.57,0.20,0.41,20.55,0.32,0.06,4.66,0.1,2.52,1.71,6.28,0,11.74,0.84,0.55,2.26,2.89,0,6.16,3.62,0.14,0.79372549,3.52,0.19,3.99,6.68,3.05,259.3,2.83,0.08,4.13,2.8,1.43,2.01,1.29,0,0.8,3.17,83.41,8.19,2.86,6.11,3.98,0.17,6.03,0.41
08/31/1978,0.02,0.13,31.09,0.41,2.42,0.16,1.35,0.55,0.00,0.00,0.03,1.64,0.14,5.27,15.24,3.09,0.84,1.17,0.00,0.69,0.00,0.54,0.28,1.66,1.05,0.02,0.06,0.06,0.27,0.31,0.07,5.79,3.47,0.76,0.26,0.00,0.00,16.05,3.53,0.07,1.48,0.00,0.00,0.62,2.36,0.03,0.89,1.33,0.75,0.20,0.01,0.01,0.08,0.20,0.05,1.68,0.33,0.00,0.58,0.00,0.00,0.00,0.72,10.64,0.00,2.46,8.42,5.71,15.32,14.22,0.09,1.26,2.56,8.11,13.20,0.02,1.67,0.21,0.20,10.75,0.18,0.01,1.51,0.05,0.66,0.39,4.35,0,1.11,0.49,0.31,0.4,0.47,0,1.44,0.85,0.08,0.881666667,3.91,0,1.37,0.39,0,228.94,0,0.03,0.97,0.94,0.44,0.62,2.35,0,0.46,0.48,18.99,1.34,1.65,3.52,2.29,0.03,4.24,0.34
09/30/1978,0.03,0.16,24.58,0.47,2.43,0.30,1.40,0.56,0.00,0.08,0.07,1.76,0.50,4.52,14.27,2.99,1.10,1.18,0.17,1.71,4.22,0.58,0.30,3.40,1.37,0.02,0.73,0.12,0.56,0.64,0.18,5.72,5.79,0.77,0.67,1.78,0.00,3.50,4.81,0.16,1.53,0.02,0.04,0.71,3.21,0.08,1.41,0.33,0.95,0.26,0.07,0.08,0.00,0.29,0.06,1.07,0.32,0.00,2.20,0.00,0.19,1.09,0.73,14.51,0.10,2.91,7.22,5.73,12.11,12.09,0.10,1.42,3.08,18.10,13.02,0.02,2.00,0.29,0.35,14.19,0.18,0.08,1.45,0.11,0.75,1.48,4.15,0,2.85,0.61,0.64,0.89,0,1.21,2.04,1.2,0.16,0.642647059,2.85,0.03,4.89,1.96,0.53,238.72,0.34,0.03,1.37,1.26,1.59,2.23,2.89,0.05,0.46,1.26,35.14,1.57,2.08,4.44,2.89,0.2,10.52,0.36
10/31/1978,0.02,0.12,62.02,0.15,2.28,0.22,1.33,0.77,0.35,0.00,0.11,1.22,0.12,4.07,13.61,2.83,0.84,0.04,0.01,0.77,3.60,0.40,0.21,6.31,1.46,0.01,0.43,0.06,0.45,0.51,0.26,5.45,5.03,0.33,0.30,0.00,0.11,2.12,1.39,0.19,0.26,0.00,0.00,0.89,0.41,0.12,0.42,0.55,0.00,0.08,0.02,0.02,0.43,0.11,0.04,0.00,0.12,0.00,0.00,0.00,0.08,0.45,0.54,10.68,0.14,1.77,6.43,5.38,30.55,5.06,0.07,0.99,1.86,0.00,9.18,0.01,1.35,0.11,0.24,0.00,0.09,0.02,1.25,0.41,0.23,0.1,1.92,0,0.25,0.32,0.51,0.34,1.37,0,0.55,0.32,0.13,0.383333333,1.7,0,2.45,1.42,1.21,223.42,0,0.02,0.37,0.6,0.39,0.55,3.68,2.21,0.23,0.43,9.49,0.68,1.1,2.35,1.53,0.02,4.72,0.25
11/30/1978,0.03,0.19,41.10,0.20,2.63,0.30,1.56,1.57,0.51,0.63,0.17,4.65,0.13,4.56,15.67,2.58,2.73,0.12,0.22,1.23,0.00,1.53,0.79,6.59,2.69,0.02,0.79,0.11,0.91,1.04,0.68,5.78,7.54,0.36,0.50,0.00,1.54,33.81,0.18,0.25,0.51,0.13,0.00,1.75,1.11,0.31,0.63,0.48,0.51,0.18,0.14,0.16,0.57,0.22,0.07,0.00,0.27,0.00,1.15,0.97,0.00,0.00,0.56,12.39,0.85,2.78,6.46,6.20,20.24,7.32,0.10,1.47,2.95,0.00,10.15,0.02,1.66,0.23,0.40,0.00,0.23,0.05,1.56,1.14,0.32,0.93,2.65,0,0.35,0.59,1.04,0.82,0.16,0,0.65,0.38,0.26,0.376568627,1.67,0,3.74,0.39,0.64,229.35,0.14,0.03,0.44,0.97,0.41,0.58,1.68,2.36,0.58,0.72,12,1.35,2,4.27,2.78,0.33,7.58,0.96
12/31/1978,0.04,0.22,46.70,0.26,2.79,0.29,1.74,1.97,0.70,1.53,0.17,2.95,0.20,5.01,15.89,2.79,1.96,0.14,0.19,1.79,1.39,0.97,0.50,6.21,3.27,0.02,0.67,0.14,0.73,0.83,0.48,6.24,8.44,0.36,0.49,0.50,1.07,10.25,0.39,0.29,0.86,0.31,0.00,1.40,1.58,0.22,0.86,0.45,0.67,0.30,0.17,0.20,0.80,0.07,0.13,0.70,0.45,0.00,1.95,0.00,0.53,3.07,0.66,12.59,0.73,3.20,6.85,6.58,23.00,5.86,0.15,2.11,3.45,0.00,10.02,0.03,2.11,0.08,0.52,0.00,0.32,0.12,1.08,2.04,0.42,0.92,3.45,0,1.1,0.53,0.83,0.96,3.09,0.75,1.05,0.62,0.21,0.390098039,1.73,0,4.2,0.38,0.79,223.26,0.29,0.06,0.7,1.28,0.63,0.88,1.76,1.39,0.8,0.94,11.11,2.27,1.79,3.82,2.49,0.7,11,0.61
01/31/1979,0.23,1.30,64.92,0.76,6.68,0.90,4.95,3.56,11.92,3.78,4.19,16.02,1.08,12.67,21.23,3.56,4.34,0.63,3.88,2.35,51.20,5.27,2.72,43.26,17.77,0.15,1.98,0.87,3.32,3.79,8.22,11.22,18.46,0.55,3.83,14.22,8.25,9.07,2.24,0.63,5.41,0.77,2.11,3.02,11.33,3.71,3.09,9.61,1.98,1.81,1.88,2.21,3.02,0.36,0.86,2.22,1.20,0.74,11.42,2.64,1.89,10.96,2.18,32.11,3.44,12.05,11.83,15.76,31.98,25.09,0.94,13.29,21.52,0.00,23.17,0.22,12.55,0.37,3.61,23.18,0.55,0.94,49.57,3.97,1.21,4.32,18.21,0,7.34,1.26,3.79,9.35,13.38,0.8,4.32,2.54,0.95,1.668627451,7.4,1.41,17.52,3.11,10.43,352.15,1.63,0.4,2.9,6.27,3.41,4.79,2.88,8.34,1.39,9.89,46.16,10.48,4.27,9.12,5.94,5.33,14.46,3.32
02/28/1979,0.25,1.40,61.18,0.31,22.97,0.88,15.59,10.08,22.21,3.53,7.49,21.80,0.76,26.47,39.32,3.16,4.82,1.49,11.93,4.61,99.43,7.17,3.70,115.85,42.40,0.20,2.24,0.61,6.80,7.77,17.70,27.58,37.33,0.88,7.51,23.06,11.12,52.98,1.15,0.81,4.11,0.72,1.85,3.35,7.89,7.99,2.05,19.69,1.92,1.30,6.01,7.07,3.21,0.55,0.84,1.39,0.47,2.09,9.15,14.87,2.12,12.30,2.69,41.82,8.02,13.03,24.59,54.19,30.14,39.79,1.30,18.39,29.92,0.00,22.93,0.28,12.41,0.56,4.43,83.98,0.18,0.99,98.09,10.33,0.5,5.45,23.02,0,1.96,1.69,7.77,20.18,9.14,5.62,2.46,1.44,1.94,2.753235294,12.21,1.24,26.79,2.12,22.31,513.3,0.03,0.41,1.65,7.17,2.42,3.4,4.45,6.38,0.46,16.66,71.69,6.72,5.71,12.2,7.94,8.3,28.34,4.51
03/31/1979,0.81,4.54,18.04,0.67,13.95,2.18,17.41,10.08,29.87,6.51,4.06,18.97,2.22,31.32,34.25,5.76,7.71,0.92,5.95,7.29,68.33,6.24,3.22,53.57,49.99,0.37,2.82,1.73,6.03,6.89,9.68,29.59,78.67,0.67,13.28,16.52,7.54,6.20,3.66,1.92,9.82,1.33,4.97,5.22,18.09,4.37,3.36,15.83,3.16,5.72,3.53,4.15,7.93,1.06,2.98,1.57,1.18,3.12,11.25,16.99,3.51,20.39,8.92,90.47,11.44,33.43,23.16,32.91,8.88,64.99,2.35,33.14,54.17,53.41,55.16,0.95,34.63,1.09,15.53,130.58,1.43,1.5,41.51,8.25,1.07,8.49,36.9,0,4.43,2.63,6.89,30.31,10.67,8.54,7.24,4.25,1.72,3.991176471,17.7,3.33,39.58,10.75,33.15,683.48,1.72,1.46,4.85,20.48,7.03,9.87,9.39,13.24,3.61,37.33,168.24,17.67,8.89,18.99,12.36,13.43,44.75,3.93
04/30/1979,1.22,6.81,6.14,1.15,6.80,3.64,8.02,6.90,13.07,11.42,1.33,5.99,2.42,25.45,28.76,9.71,8.32,2.15,2.63,4.06,27.88,1.97,1.02,32.22,26.95,0.34,5.84,3.70,2.65,3.03,3.28,22.30,69.32,1.14,6.30,2.90,4.34,0.00,6.44,1.42,20.33,2.34,12.08,5.82,28.42,1.48,7.76,1.91,9.81,9.33,1.24,1.46,13.36,1.73,2.43,5.88,2.62,1.01,3.31,2.42,3.14,18.21,9.06,105.30,3.87,31.72,18.93,16.04,3.02,51.95,2.07,29.30,50.34,67.48,66.88,1.32,29.98,1.78,10.15,120.20,1.57,1.78,17.63,3.7,1.84,6.34,21.1,0,10.56,2.24,3.03,13.16,4.11,0,16.51,9.69,0.76,3.188431373,14.14,8.09,25,21.55,14.15,464.23,3.69,2.27,11.07,28.57,7.65,10.74,9.34,20,3.96,20.86,159.89,30.81,7.6,16.23,10.57,8.38,24.94,1.24
05/31/1979,1.42,7.91,9.82,4.31,8.96,4.14,7.26,5.59,13.43,24.13,0.51,4.35,2.06,27.56,40.77,12.29,17.86,11.96,1.75,3.12,20.56,1.43,0.74,37.91,21.37,0.54,3.66,10.32,1.96,2.24,1.42,21.61,75.61,4.92,4.09,0.00,2.82,0.00,35.67,1.18,42.06,4.94,15.49,9.86,68.73,0.64,24.02,1.04,30.77,20.80,0.65,0.76,25.60,3.15,2.09,6.35,8.10,0.93,4.13,0.00,2.37,13.73,9.71,183.15,0.95,46.05,27.45,21.14,4.84,61.60,3.19,45.11,79.05,90.43,134.90,1.63,34.77,3.24,8.95,160.68,1.23,1.11,12.46,2.08,6.91,6.51,21.68,0,32.28,2.8,2.24,13.24,0,0,38.83,22.79,0.56,3.583039216,15.89,10.37,18.88,56.57,9.47,512.83,14.43,3.08,26.03,41.22,6.53,9.17,4.69,24.54,3.1,18.73,268.44,59.09,9.47,20.23,13.17,3.49,19.2,0.9
06/30/1979,0.17,0.94,31.36,2.61,2.87,0.50,2.02,1.11,3.93,6.49,0.17,1.55,0.67,8.49,21.83,3.95,7.58,7.47,0.04,1.12,2.73,0.51,0.26,5.29,5.56,0.12,0.30,2.08,0.41,0.47,0.27,7.63,15.50,3.19,0.86,0.00,0.67,0.00,16.28,0.04,10.03,1.33,1.34,3.29,19.28,0.12,7.81,0.47,7.29,4.01,0.17,0.20,4.13,0.53,0.66,1.57,3.30,0.26,0.00,1.43,0.51,2.94,2.27,50.17,0.00,9.88,14.24,6.77,15.44,20.99,0.73,10.34,17.52,18.94,44.23,0.18,6.16,0.54,1.15,56.72,0.39,0.1,5.71,0.29,4.19,1.77,4.63,0,15.95,0.91,0.47,2.63,0,0,13.19,7.74,0.12,0.766666667,3.4,0.9,4.65,13.28,3.64,224.21,4.87,0.33,8.84,6.03,2.12,2.98,4.48,2.29,0.99,3.4,65.19,16.74,3.08,6.58,4.28,0.25,6.88,0.32
07/31/1979,0.04,0.24,66.76,0.83,2.07,0.19,1.30,0.46,0.00,0.41,0.10,0.00,0.19,4.39,15.59,2.34,3.87,2.25,0.07,1.25,6.34,0.00,0.00,1.60,1.57,0.03,0.41,0.19,0.41,0.47,0.14,5.87,8.00,1.18,0.30,0.00,0.12,25.40,4.52,0.11,1.96,0.08,0.00,1.59,2.93,0.06,2.34,0.00,1.18,0.17,0.06,0.07,0.32,0.17,0.18,0.37,0.66,0.00,0.00,0.08,0.00,0.02,1.25,15.71,0.00,3.43,7.82,4.88,32.88,15.64,0.18,2.50,4.37,0.00,15.83,0.05,2.40,0.18,0.43,0.00,0.13,0.02,3.86,0.06,1.34,1.14,5.01,0,3.23,0.55,0.47,0.52,3.87,0,2.67,1.57,0.12,0.617843137,2.74,0,0.42,0.65,1.39,208.4,0,0.09,1.79,1.52,0.6,0.84,2.38,0,0.33,0.84,20.23,2.57,1.85,3.95,2.57,0.11,7.69,0
08/31/1979,0.02,0.11,59.95,0.20,2.08,0.14,1.35,0.39,0.00,1.10,0.04,0.64,0.19,5.44,14.17,1.77,1.42,0.24,0.00,1.11,0.00,0.21,0.11,1.19,0.82,0.01,0.28,0.06,0.32,0.37,0.06,5.68,3.02,0.40,0.12,0.00,0.00,24.12,1.36,0.09,0.92,0.23,0.00,0.79,1.26,0.03,0.36,0.00,0.51,0.07,0.01,0.01,0.17,0.07,0.06,0.61,0.13,0.00,0.38,0.00,0.00,0.00,0.72,10.07,0.00,2.18,6.60,4.91,29.53,13.17,0.09,1.21,2.06,0.00,10.59,0.01,1.86,0.07,0.18,0.00,0.02,0.01,0,0.02,0.32,0.27,3.63,0,0.33,0.47,0.37,0,3.2,0,0.86,0.5,0.09,0.381078431,1.69,0,1.25,0.39,0.68,196.22,0,0.03,0.58,0.65,0.61,0.86,2.68,0,0.04,0.16,5.44,0.53,1.58,3.37,2.2,0.04,6.85,0.13
09/30/1979,0.01,0.07,37.24,0.09,1.91,0.06,1.30,0.38,0.39,0.40,0.05,0.00,0.18,4.27,13.90,1.53,0.77,0.10,0.04,0.85,4.33,0.00,0.00,1.62,0.84,0.01,0.06,0.03,0.05,0.06,0.03,5.29,3.45,0.35,0.11,0.00,0.17,22.20,0.20,0.08,0.46,0.08,0.00,0.55,0.38,0.01,0.23,0.18,0.18,0.03,0.00,0.00,0.21,0.05,0.03,0.04,0.07,0.00,0.00,0.00,0.03,0.16,0.49,8.97,0.02,1.75,5.34,4.51,18.34,8.30,0.05,0.77,1.33,0.00,8.15,0.01,1.43,0.05,0.19,0.00,0.00,0.05,0.21,0.06,0.14,0.09,0.31,0,0.26,0.43,0.06,0,0,0,0.66,0.39,0.01,0.340490196,1.51,0,1.92,0.54,0.35,192.32,0,0.01,0.44,0.48,0.58,0.81,1.73,0.65,0,0.18,8.67,0.41,1.46,3.12,2.03,0.01,5.25,0
10/31/1979,0.03,0.18,26.69,0.30,4.35,0.39,2.37,1.24,1.24,2.35,0.10,2.80,0.21,6.73,19.53,2.46,2.13,0.21,0.97,1.35,8.78,0.92,0.48,11.99,4.65,0.03,1.02,0.25,0.58,0.66,0.62,7.82,10.18,0.39,0.71,0.00,1.39,0.00,0.75,0.21,1.75,0.48,0.22,1.90,4.86,0.28,1.68,1.53,1.12,0.65,0.35,0.41,1.65,0.17,0.10,1.00,0.25,0.00,0.00,0.00,0.00,0.00,0.72,19.47,0.27,3.83,9.91,10.26,13.15,13.95,0.15,2.11,3.77,30.22,13.58,0.05,2.56,0.17,0.64,13.08,0.03,0.06,4.9,0.84,0.49,1.64,4.38,0,2.87,0.75,0.66,2.08,2.95,1.16,1.23,0.72,0.17,0.809509804,3.59,0.15,4.33,2.33,2.68,272.47,0.02,0.05,0.82,2.86,0.65,0.91,4.7,0.88,0.07,4.45,37.29,1.62,2.55,5.45,3.55,0.46,8.27,0.58
11/30/1979,0.07,0.41,23.56,0.43,7.87,0.35,3.33,3.20,9.26,3.71,0.59,3.53,0.25,7.84,24.72,2.44,3.26,0.14,1.04,2.47,32.49,1.16,0.60,33.55,21.75,0.06,0.47,0.63,0.78,0.89,1.48,9.81,11.83,0.36,3.79,0.00,7.31,0.00,5.67,0.16,2.03,0.76,1.24,1.86,7.56,0.67,2.40,5.11,0.71,1.77,0.64,0.75,2.00,0.35,0.35,1.40,0.73,1.00,1.73,1.79,0.20,1.15,1.37,23.91,0.84,7.24,13.01,18.57,11.60,16.62,0.35,4.99,8.74,27.95,16.43,0.19,6.24,0.36,1.85,20.10,0.15,0.17,7.66,2.86,0.7,2.18,8.62,0,3.49,0.67,0.89,11.82,1.04,4.8,1.86,1.09,0.22,0.777941176,3.45,0.83,5.77,3.99,6.53,337.74,0.41,0.2,1.25,5.53,0.79,1.11,1.32,6.03,0.38,15.22,80.47,3.81,2.27,4.85,3.16,1.8,15.14,0.73
12/31/1979,0.11,0.63,28.92,0.43,19.07,0.58,9.35,6.97,18.28,2.84,6.93,10.79,0.30,14.71,35.85,2.45,3.84,0.42,5.65,2.83,84.20,3.55,1.83,90.16,27.68,0.10,2.07,0.89,2.81,3.21,6.94,19.41,18.26,0.47,5.44,9.52,11.95,17.67,3.56,0.47,2.11,0.58,0.88,2.47,7.79,3.13,2.54,13.53,1.89,2.17,3.10,3.64,3.08,0.56,0.51,1.89,0.57,0.22,5.50,2.93,0.67,3.89,1.80,29.38,0.77,10.78,22.57,44.99,14.24,22.74,0.63,8.86,15.32,23.36,20.50,0.13,8.45,0.57,3.53,48.31,0.49,0.38,63.83,9.54,0.68,2.41,16.91,0,2.39,0.98,3.21,15.89,0.68,6.64,1.92,1.13,0.8,1.526568627,6.77,0.59,13.67,3.4,14.89,346.53,0.39,0.24,1.29,5.36,0.95,1.33,1.78,5.52,1.23,8.73,85.26,4.23,3.33,7.11,4.63,2.56,17.37,2.23
01/31/1980,2.29,12.79,65.17,2.37,36.74,7.06,39.71,25.24,83.36,27.70,19.06,37.33,6.55,84.17,72.99,13.70,23.87,1.14,19.87,7.35,180.52,12.28,6.34,153.71,72.31,1.16,8.65,10.80,12.24,13.99,21.80,73.66,220.62,0.75,20.68,40.01,28.36,0.00,19.77,5.97,48.64,5.67,26.28,15.11,73.03,9.83,17.57,61.39,24.49,22.41,9.46,11.12,36.34,3.38,10.97,9.67,3.91,3.94,13.63,0.00,14.80,85.88,28.58,304.84,46.94,96.76,60.38,86.67,32.10,178.46,7.36,103.98,170.08,212.39,207.64,2.83,135.03,3.47,34.11,257.29,6.01,6.15,166.08,32.11,3.81,32.71,94.7,0,24.91,7.87,13.99,58.54,0,55.65,24.75,14.53,3.5,8.841470588,39.21,17.59,88.27,41.66,79.7,1241.25,5.99,5.1,16.59,71.67,20.73,29.1,27.64,50.74,15.15,106.31,236.22,56.4,26.64,56.9,37.05,55.07,45.15,7.72
02/29/1980,1.38,7.71,62.91,0.89,40.29,4.36,45.03,21.78,122.87,11.10,26.94,40.52,2.40,88.09,61.66,10.65,17.38,1.19,40.75,18.00,213.61,13.33,6.88,139.53,125.97,0.74,8.23,4.31,11.49,13.13,26.75,75.18,186.61,0.77,35.04,7.35,31.05,39.99,7.58,5.21,19.92,2.27,10.14,11.45,30.31,12.07,6.81,57.67,6.09,7.89,14.23,16.73,20.97,0.96,5.42,4.13,1.97,6.83,25.97,11.74,11.45,66.44,15.19,217.21,40.80,66.35,50.10,95.04,30.98,146.94,4.86,68.65,108.35,174.66,117.92,1.40,66.38,0.99,20.86,194.78,4.05,1.66,233.77,19.22,1.43,14.51,79.83,0,5.92,5.41,13.13,83.58,11.33,45,15.37,9.02,3.28,8.999313725,39.91,6.79,87.19,14.17,102.69,1401.9,2.03,2.52,10.3,44.91,7.6,10.67,23.89,16.59,10.2,77.6,306.19,27.26,18.31,39.11,25.47,24.8,110.56,8.39
03/31/1980,0.76,4.27,42.65,0.64,16.24,4.68,17.73,8.86,40.05,5.15,9.37,13.77,1.29,41.91,47.23,7.63,13.29,0.83,12.78,9.65,61.16,4.53,2.34,76.04,65.79,0.39,4.29,2.00,6.00,6.86,8.33,33.84,100.86,0.63,13.49,8.53,12.77,53.42,5.31,4.51,9.64,1.06,4.90,7.83,15.28,3.76,4.38,26.29,5.44,3.79,4.41,5.18,6.49,0.48,2.89,1.48,1.46,5.51,11.34,18.78,5.07,29.44,11.30,119.32,24.57,35.70,25.65,38.31,21.01,64.75,2.59,36.57,57.61,101.63,78.03,0.89,33.42,0.49,12.22,93.21,2.32,1.09,73.01,5.03,1.02,5.99,42.45,0,2.9,2.65,6.86,34.02,20.88,16.07,10.92,6.41,1.71,4.491764706,19.92,3.28,44.23,7.32,42.9,885.87,0.89,1.7,7.32,17.14,4.07,5.71,13.61,5.29,5.86,33.34,156.45,17.22,8.96,19.14,12.46,6.58,59.29,2.85
04/30/1980,0.86,4.77,56.22,1.64,7.34,9.72,6.44,3.32,14.22,13.54,2.21,5.41,1.83,25.24,32.25,12.81,15.75,5.54,4.90,4.85,32.77,1.78,0.92,27.89,26.16,0.37,8.56,5.34,2.19,2.50,2.11,21.56,94.74,2.44,6.62,0.00,4.57,0.00,15.82,7.03,23.95,2.77,11.07,7.89,34.87,0.95,10.95,7.24,16.49,12.94,1.06,1.25,12.84,1.05,1.74,5.26,3.45,0.00,3.64,3.47,2.58,14.99,9.87,119.70,13.67,33.26,20.29,17.32,27.69,42.56,2.34,32.98,53.89,76.24,90.92,1.24,27.03,1.08,6.01,60.90,1.06,1.15,24.05,1.27,2.63,4.49,22.4,0,14.37,2.39,2.5,14.61,4.17,0,21.17,12.42,0.63,2.415,10.71,7.41,19.62,31.32,18.03,568.57,6.02,4.03,14.19,21.06,5.8,8.14,10.02,18.37,2.67,27.21,196.78,33.41,8.08,17.26,11.24,1.9,29.77,1.12
05/31/1980,0.80,4.45,54.44,3.60,8.04,9.74,4.62,3.11,7.76,20.75,0.87,4.47,2.00,21.87,35.92,12.65,18.88,9.19,2.30,2.27,9.03,1.47,0.76,19.16,12.13,0.41,5.27,8.41,1.02,1.17,1.03,20.71,73.13,3.85,3.28,0.00,1.89,0.00,30.08,5.25,32.90,4.25,10.23,7.97,58.61,0.46,18.90,4.59,30.62,17.58,0.55,0.65,12.89,1.89,1.16,6.42,6.25,0.00,2.70,0.00,1.35,7.81,5.14,123.30,11.28,37.82,26.00,18.97,26.82,26.02,2.54,35.88,60.92,91.29,129.31,0.95,18.74,1.94,3.61,51.96,0.68,0.74,10.65,1.1,5.77,4.27,17.03,0,25.86,2.3,1.17,9.62,0,0,34.61,20.31,0.29,1.425098039,6.32,6.85,10.6,50.21,9.52,426.45,11.63,2.32,23.2,18.85,6.33,8.89,5.7,19.35,1.71,14.77,200.9,50.21,7.79,16.64,10.83,1.9,13.96,0.92
06/30/1980,0.23,1.27,54.28,3.64,4.17,3.49,2.54,1.30,3.64,13.75,0.40,3.53,1.11,10.73,26.73,5.40,8.77,11.52,1.22,1.97,9.75,1.16,0.60,8.87,7.47,0.22,1.42,3.95,0.34,0.39,0.61,11.15,30.51,4.75,1.51,0.00,0.31,0.00,32.44,1.62,19.10,2.82,3.81,3.29,38.94,0.28,14.12,4.11,18.50,9.60,0.28,0.33,3.70,1.05,0.43,2.42,5.00,0.00,1.78,0.00,1.30,7.56,1.88,65.38,6.43,19.25,18.54,9.84,26.73,18.93,1.33,18.73,32.02,36.22,76.82,0.20,6.91,1.08,1.39,22.00,0.43,0.19,6.36,0.35,5.84,2.85,10.52,0,25.7,1.13,0.39,4.56,0,0,22.79,13.38,0.1,0.714803922,3.17,2.55,2.11,36.11,5.52,270.82,11.04,0.71,15.28,6.46,3.51,4.93,5.04,6.73,1.08,5.35,102.37,29.17,3.84,8.2,5.34,0.55,12.12,0.73
07/31/1980,0.07,0.37,34.08,2.28,2.77,0.84,1.78,0.74,1.04,4.36,0.13,2.64,0.76,6.53,20.83,3.26,2.83,8.73,0.61,1.23,9.46,0.87,0.45,3.12,2.98,0.08,0.63,0.81,0.36,0.41,0.35,7.50,7.05,3.67,0.61,0.00,0.51,7.73,11.34,0.28,9.25,0.89,0.00,1.24,14.35,0.16,6.80,4.93,4.50,1.78,0.10,0.12,0.86,0.21,0.28,2.59,2.24,0.00,1.32,0.00,0.00,0.00,1.26,30.48,2.24,7.46,12.54,6.53,16.79,16.70,0.49,6.91,11.25,27.06,28.94,0.08,3.47,0.21,0.65,20.21,0.32,0.09,5.16,0.08,3.66,2.49,6.73,0,15.8,0.7,0.41,1.3,0,0,8.86,5.2,0.1,0.478039216,2.12,0,4.76,8.5,1.25,235.67,4.2,0.16,5.94,2.18,2.42,3.4,4.4,2.4,0.8,1.7,45.56,11.15,2.36,5.04,3.28,0.26,7.59,0.55
08/31/1980,0.02,0.13,26.55,0.40,2.34,0.20,1.39,0.50,0.00,0.03,0.06,1.09,0.36,4.80,15.17,2.64,0.65,1.24,0.04,1.29,0.00,0.36,0.19,1.85,1.08,0.02,0.29,0.13,0.00,0.00,0.19,6.18,4.54,0.79,0.19,0.00,0.56,14.50,5.31,0.03,1.16,0.01,0.00,0.49,1.32,0.09,0.83,0.06,0.66,0.16,0.00,0.00,0.00,0.10,0.08,0.63,0.25,0.00,0.00,0.00,0.07,0.38,0.66,13.84,0.00,3.04,7.49,5.52,13.08,8.03,0.12,1.67,2.89,15.96,13.60,0.02,1.92,0.10,0.00,10.18,0.17,0.03,0.75,0.05,0.63,1.18,3.42,0,1.36,0.38,0,0.22,0,0,1.54,0.9,0,0.25254902,1.12,0,2.09,0.74,0.83,204.53,0,0.04,1.03,0.92,1.15,1.61,3.77,0,0.43,0.42,5.53,1.18,1.29,2.76,1.79,0.12,7.91,0.23
09/30/1980,0.02,0.12,0.00,0.14,2.32,0.16,1.27,0.49,0.00,0.65,0.06,0.88,0.28,3.67,14.75,2.68,1.25,0.30,0.02,1.42,0.83,0.29,0.15,2.78,0.76,0.01,0.37,0.05,0.45,0.51,0.11,6.05,4.90,0.43,0.20,3.00,0.31,13.19,7.01,0.11,0.24,0.13,0.00,0.83,1.24,0.05,0.66,0.17,0.01,0.12,0.01,0.01,0.00,0.00,0.05,0.22,0.10,0.00,0.00,0.00,0.00,0.00,0.58,9.78,0.00,2.11,6.37,5.47,0.00,0.00,0.08,1.09,1.68,54.52,10.20,0.01,1.42,0.00,0.16,8.43,0.11,0.08,1.04,0.1,0.22,0.88,1.52,0,0.6,0.7,0.51,0.05,0.84,0,1.04,0.61,0.13,0.108235294,0.48,0,0,1.3,1.26,221.56,0,0.02,0.7,0.7,0.88,1.24,4.25,0,0.27,0.28,4.02,0.67,2.38,5.08,3.31,0.14,8.73,0.18
10/31/1980,0.01,0.08,22.52,0.16,2.64,0.36,1.55,0.77,0.00,1.01,0.00,1.79,0.07,5.93,16.73,2.62,1.61,0.13,0.00,0.46,3.54,0.59,0.30,4.83,1.09,0.01,0.57,0.06,1.14,1.30,0.28,6.39,8.81,0.36,0.29,5.41,0.20,0.00,1.14,0.17,0.11,0.21,0.00,1.39,1.60,0.13,0.56,0.00,0.15,0.22,0.04,0.05,0.45,0.20,0.05,0.07,0.16,0.00,1.23,0.00,0.44,2.53,0.75,10.43,1.77,2.12,6.49,6.23,11.09,0.00,0.07,0.93,2.03,13.95,9.67,0.01,1.65,0.20,0.24,1.72,0.06,0.02,0,0.43,0.25,0.62,2.31,0,0.21,0.48,1.3,0.25,3.19,2.34,0.42,0.25,0.33,0.200686275,0.89,0,2.42,1.23,0,215.17,0,0.02,0.28,0.72,0.23,0.32,2.29,0,0.15,0.46,7.77,0.71,1.61,3.44,2.24,0.18,2.83,0.37
11/30/1980,0.02,0.09,20.09,0.16,2.46,0.42,1.59,1.60,2.19,0.04,0.00,0.21,0.07,4.94,15.41,2.47,1.96,0.00,0.23,0.86,0.94,0.07,0.04,5.54,1.74,0.01,0.59,0.11,0.49,0.56,0.36,6.33,10.32,0.31,0.42,4.15,1.23,13.85,0.33,0.27,0.00,0.01,0.00,1.33,1.01,0.16,0.49,0.00,0.63,0.19,0.08,0.09,0.82,0.00,0.00,0.00,0.30,0.00,1.31,0.00,0.95,5.49,0.12,12.47,2.14,2.61,6.31,5.80,9.90,0.00,0.09,1.29,1.97,13.48,9.94,0.28,1.80,0.00,0.35,2.30,0.00,0.03,1.42,1.08,0.26,0.4,2.68,0,0.35,0.45,0.56,0.56,1.52,0,0.55,0.32,0.14,0.507352941,2.25,0,2.7,0.42,0,218,0,1.79,0.37,0.89,0.23,0.32,1.23,0.96,0,0.82,10.88,1.11,1.51,3.23,2.1,0.22,5.31,0.04
12/31/1980,0.04,0.25,35.76,0.26,5.35,0.80,6.29,4.05,5.27,1.24,1.72,4.04,0.16,12.21,22.63,3.91,4.42,0.07,2.22,2.67,28.12,1.33,0.69,23.36,14.58,0.04,1.64,0.43,0.73,0.83,1.88,14.00,31.07,0.34,4.59,4.90,5.60,39.80,0.76,0.67,1.11,0.25,0.22,3.20,2.97,0.85,0.95,5.79,1.38,0.57,0.99,1.16,3.17,0.06,0.25,0.71,0.42,2.58,3.72,0.00,1.74,10.07,1.13,32.28,5.44,5.56,13.82,12.62,17.62,7.33,0.25,3.52,5.60,32.11,17.27,0.10,2.88,0.06,0.83,25.75,0.48,0.14,26.97,4.28,0.42,0.82,3.85,0,1.42,1.26,0.83,10.19,3.36,1.81,1.09,0.64,0.21,1.122941176,4.98,0.15,6.06,1,4.47,353.32,0,0.31,0.73,5.15,0.5,0.7,4.1,3.98,1.2,14.67,62.87,2.3,4.25,9.08,5.91,0.65,16.39,0.84
01/31/1981,0.06,0.33,33.97,0.19,15.78,0.90,11.61,9.37,44.87,2.92,6.10,10.40,0.13,16.12,32.16,3.37,4.25,0.10,7.95,7.70,86.90,3.42,1.77,52.44,59.16,0.08,2.39,0.25,3.08,3.52,9.28,23.26,36.48,0.35,18.42,13.24,14.06,25.19,0.99,0.69,1.99,0.60,0.54,3.05,3.20,4.19,1.31,17.60,1.47,0.88,3.44,4.04,4.33,0.22,0.28,1.16,0.37,1.89,3.02,0.00,1.39,8.09,1.55,36.43,5.67,8.08,23.97,37.23,16.73,18.91,0.48,6.74,11.03,34.48,19.10,0.08,6.32,0.23,2.62,38.87,0.34,0.16,81.84,9.35,0.3,1.89,8.92,0,1.18,1.49,3.52,42.33,5.13,5.23,1.06,0.62,0.88,1.035,4.59,0.36,12.04,1.51,21.01,480.6,0.16,0.14,0.71,5.8,0.41,0.58,6.62,4.4,0.85,20.62,130.32,2.41,5.03,10.74,7,1.71,47.28,2.15
02/28/1981,0.23,1.29,33.78,0.46,7.58,1.65,9.88,7.45,24.58,5.82,2.25,3.40,0.81,18.26,29.68,5.35,5.73,0.21,4.56,6.95,41.82,1.12,0.58,57.44,61.59,0.14,2.64,1.68,1.64,1.87,1.96,18.85,66.23,0.39,9.86,6.37,7.49,0.00,3.89,1.24,5.60,1.19,3.06,3.99,11.82,0.88,2.34,11.87,3.49,4.40,1.16,1.36,8.15,0.79,0.91,1.96,0.70,2.38,4.64,0.00,1.55,8.98,3.09,71.50,13.30,16.79,17.23,17.88,16.64,24.63,0.81,11.37,19.91,60.01,38.46,0.41,11.93,0.81,5.02,32.88,0.40,0.74,28.87,6.43,0.74,2.85,11.53,0,5.06,1.96,1.87,34.27,0.58,2.35,2.88,1.69,0.47,1.898627451,8.42,2.05,11.46,8.39,17.63,554.98,1.35,0.49,1.93,14.83,2.58,3.62,6.15,11.7,1.02,39.06,160.23,8.08,6.64,14.18,9.23,2.99,42.68,0.7
03/31/1981,0.41,2.28,36.57,0.42,12.72,1.94,12.19,8.50,20.00,5.95,2.75,13.13,0.96,25.93,36.44,5.86,6.50,1.14,5.27,9.55,45.18,4.32,2.23,95.85,66.78,0.23,2.93,1.84,4.08,4.66,9.34,22.01,63.62,0.75,9.94,13.26,6.28,29.52,3.03,1.14,6.89,1.22,4.88,4.79,12.52,4.21,2.42,7.24,4.05,3.79,3.36,3.95,8.63,1.06,1.96,1.85,0.84,2.66,7.14,0.45,2.76,16.00,5.94,72.31,13.30,24.13,22.08,30.01,18.01,39.90,1.41,19.95,33.90,53.82,44.99,0.54,22.90,1.08,9.55,72.74,0.86,0.59,37.84,4.65,0.68,4.73,22.89,0,3.25,1.85,4.66,21.03,6.08,12.12,3.86,2.27,1.17,2.796078431,12.4,3.27,24.48,7.58,16,768.46,0.91,1.09,2.59,17.72,3.04,4.27,8.55,10.68,2.16,24.65,143.62,10.08,6.26,13.37,8.71,4.95,58.65,2.72
04/30/1981,0.57,3.18,39.64,1.40,5.80,3.52,4.88,4.24,8.38,11.72,0.91,3.16,1.05,17.38,28.32,6.19,8.62,3.47,1.79,3.73,19.78,1.04,0.54,28.43,28.79,0.23,2.71,3.71,1.48,1.69,2.19,13.64,53.71,1.65,4.90,5.75,3.02,0.00,14.39,1.53,19.73,2.40,9.32,5.56,30.56,0.99,9.52,4.42,12.61,10.98,0.87,1.02,12.81,1.67,1.40,5.28,3.33,1.51,2.72,0.00,1.89,10.95,5.71,76.51,14.15,23.27,16.38,13.68,19.52,21.67,1.35,19.12,34.54,59.91,63.43,0.73,18.07,1.72,6.57,45.00,0.55,0.86,12.16,1.69,2.25,2.93,8.55,0,13.71,1.62,1.69,11.34,0,0,14.02,8.23,0.42,1.765588235,7.83,6.24,8.53,27.52,10.55,442.14,5.25,1.32,9.4,18.64,3.31,4.65,4.6,14.02,1.4,16.84,157.52,26.43,5.48,11.71,7.62,1.47,22.89,0.65
05/31/1981,0.24,1.31,39.59,2.77,3.78,1.68,2.87,2.15,5.40,9.80,0.51,0.79,0.57,11.02,23.89,4.40,9.59,7.74,1.16,2.28,9.45,0.26,0.13,12.18,11.48,0.15,1.54,2.77,0.87,0.99,0.85,8.84,29.66,3.29,2.07,2.33,0.54,0.00,18.23,0.58,13.05,2.01,4.88,4.74,27.06,0.39,9.70,3.07,13.16,7.85,0.26,0.31,6.25,1.08,0.86,2.73,4.82,0.09,0.96,0.34,0.73,4.26,2.39,51.29,10.20,11.78,17.38,8.92,19.50,14.19,0.88,12.46,22.49,46.73,54.87,0.24,7.10,1.11,1.63,24.80,0.23,0.21,7.05,0.59,4.45,1.49,5.21,0,17.42,1.18,0.99,5.01,0,0,15.53,9.11,0.25,0.705784314,3.13,3.27,2.49,23.14,3.54,315.55,7.12,0.52,10.41,7.88,1.81,2.54,2.54,8.67,0.57,6.43,124.87,24.91,4,8.54,5.56,0.29,13.99,0.16
06/30/1981,0.05,0.26,23.97,1.34,2.24,0.36,1.79,0.66,2.28,1.13,0.58,0.00,0.24,5.99,17.38,2.22,4.10,4.15,0.99,1.94,5.07,0.00,0.00,3.12,4.06,0.04,0.10,0.38,0.76,0.87,0.28,5.90,8.84,1.91,0.68,1.19,0.33,0.00,2.71,0.10,2.46,0.23,0.51,1.72,5.35,0.13,2.89,1.92,2.63,0.70,0.05,0.06,1.28,0.19,0.27,1.05,1.56,0.00,0.43,0.00,0.42,2.42,1.24,16.92,3.86,3.85,9.62,5.28,11.80,6.84,0.22,3.13,5.42,15.90,17.82,0.07,2.96,0.20,0.50,32.32,0.16,0.03,6.19,0.15,2.15,0.99,2.82,0,5.88,0.49,0.87,1.33,0,0,4.35,2.55,0.22,0.342745098,1.52,0.34,3.88,2.58,0.98,221.04,1.12,0.12,2.92,2.11,0.77,1.08,0.64,2.45,0.39,1.76,42.18,6.03,1.65,3.52,2.29,0.07,11.93,0
07/31/1981,0.01,0.06,21.35,0.26,1.98,0.09,1.41,0.33,0.00,0.00,0.55,0.00,0.09,4.67,13.63,1.64,2.62,0.47,0.00,1.04,0.78,0.00,0.00,0.80,1.14,0.01,0.04,0.06,0.82,0.94,0.19,5.01,3.37,0.49,0.12,0.59,2.01,0.00,0.19,0.03,0.20,0.00,0.00,1.12,0.88,0.08,0.47,0.73,0.68,0.04,0.00,0.00,0.38,0.04,0.07,0.36,0.20,0.00,0.23,0.00,0.02,0.10,0.86,6.46,1.48,1.74,6.08,4.67,10.51,3.46,0.07,0.99,1.63,13.04,9.19,0.02,1.83,0.04,0.20,11.42,0.00,0.01,0,0.03,0.42,0,1.11,0,0.48,0.37,0.94,0.06,2.22,0,0.72,0.42,0.23,0.385588235,1.71,0,1.69,0.45,0,187.02,0,0.03,0.48,0.76,0.29,0.41,1.19,2.41,0,0.38,11.44,0.66,1.24,2.65,1.72,0,6.4,0
08/31/1981,0.01,0.03,20.55,0.07,1.79,0.06,1.30,0.30,0.00,0.00,0.00,0.00,0.05,4.12,12.91,1.49,1.26,0.08,0.04,1.06,0.00,0.00,0.00,0.57,0.29,0.01,0.03,0.02,0.69,0.79,0.09,4.69,2.32,0.34,0.03,1.47,2.34,0.00,0.10,0.06,0.08,0.00,0.10,0.67,0.13,0.04,0.13,0.00,0.23,0.05,0.00,0.00,0.26,0.07,0.02,0.00,0.05,0.00,0.29,0.00,0.14,0.80,0.51,5.65,1.27,1.51,5.14,4.22,10.12,1.87,0.03,0.49,0.99,11.99,6.65,0.00,1.28,0.08,0.08,7.31,0.00,0,0.99,0.02,0.11,0,1.39,0,0.02,0.36,0.79,0,1.47,0,0.24,0.14,0.2,0.099215686,0.44,0.07,1.02,0.31,0,166.59,0,0.01,0.16,0.52,0.16,0.22,2.07,0.83,0,0.07,2.45,0.16,1.21,2.58,1.68,0,6.48,0
09/30/1981,0.00,0.02,19.19,0.05,1.83,0.10,1.30,0.35,0.72,1.79,0.00,0.00,0.10,3.76,12.97,1.60,0.76,0.08,0.00,1.08,1.52,0.00,0.00,1.37,0.38,0.01,0.34,0.03,0.69,0.79,0.15,4.82,2.97,0.34,0.07,2.14,0.07,2.27,1.12,0.06,0.00,0.37,0.04,0.58,0.99,0.07,0.00,0.00,0.23,0.17,0.00,0.00,0.42,0.05,0.01,0.01,0.04,0.00,0.39,0.00,0.25,1.45,0.00,6.35,1.13,1.23,4.99,4.32,9.45,1.86,0.03,0.46,0.86,10.49,5.99,0.00,1.48,0.05,0.25,9.24,0.06,0.02,0,0.05,0.08,0,0.92,0,0.14,0.43,0.79,0,1.59,0,0.29,0.17,0.2,0.227745098,1.01,0.03,1.36,0.55,0,179.68,0,0.01,0.19,0.6,0.31,0.44,1.29,1.77,0.15,0.12,1.25,0.21,1.45,3.1,2.02,0,6.65,0
10/31/1981,0.02,0.13,30.30,0.25,3.97,0.58,2.88,1.19,1.94,2.25,0.10,2.13,0.17,6.81,19.81,2.77,1.91,0.25,0.09,1.45,10.10,0.70,0.36,8.76,2.43,0.02,2.04,0.21,1.01,1.15,1.14,8.39,15.31,0.41,1.00,3.49,1.43,0.00,4.81,0.32,1.50,0.46,0.40,1.79,2.87,0.51,1.56,0.73,0.64,0.53,0.18,0.21,2.04,0.10,0.06,1.07,0.20,0.00,1.64,1.98,0.00,0.00,0.87,21.34,2.77,3.15,9.36,9.37,14.92,7.49,0.12,1.72,2.96,22.15,11.19,0.03,2.46,0.11,1.40,12.47,0.34,0.05,1.09,0.85,0.4,2.44,1.59,0,2.05,0.74,1.15,0.96,0,2.68,0.87,0.51,0.29,0.757647059,3.36,0.27,3.62,1.76,1.41,230.74,0.38,0.03,0.58,3.25,0.54,0.76,5.91,1.72,0.87,2.63,20.43,1.31,2.5,5.34,3.48,0.67,8.88,0.44
11/30/1981,0.65,3.63,97.10,1.88,31.12,8.48,29.34,16.23,30.01,29.11,6.42,25.20,2.24,59.12,62.96,12.97,24.09,2.18,9.25,8.30,98.53,8.29,4.28,138.29,40.16,0.57,13.73,7.60,10.22,11.68,14.70,56.95,234.53,1.15,11.95,20.75,13.70,0.00,24.18,6.27,33.27,5.96,12.64,14.73,56.53,6.63,9.01,21.78,25.21,21.12,6.40,7.52,31.24,2.48,3.62,6.78,2.94,1.02,21.24,4.74,5.10,29.61,7.36,235.09,36.49,59.15,57.06,73.41,47.82,90.30,3.53,49.83,84.19,162.89,123.05,0.94,32.87,2.55,10.81,153.92,0.95,1.9,85.9,21.19,3.01,14.99,32.48,0,23.86,6.2,11.68,36.74,1.25,10.7,9.21,5.41,2.92,6.016078431,26.68,8.46,24.76,42.82,33.12,1057.09,5.01,1.69,6.17,48.78,7.1,9.97,14.48,42.84,2.38,51.6,260.64,22.45,20.98,44.81,29.18,19.35,51,5.21
12/31/1981,1.82,10.15,81.56,1.75,25.76,9.48,29.81,18.19,64.40,23.30,12.06,43.05,5.50,68.97,65.36,14.56,20.67,3.73,16.33,14.02,154.14,14.16,7.31,183.93,126.42,0.87,11.22,10.16,7.75,8.86,23.50,54.32,219.64,1.75,21.69,31.05,25.22,0.00,21.47,8.31,42.32,4.77,17.73,12.61,65.09,10.60,14.30,40.75,12.03,18.35,7.48,8.79,28.05,1.11,8.63,6.92,2.54,10.13,16.14,11.56,12.47,72.34,18.10,280.78,47.94,102.83,43.39,60.77,40.17,172.41,5.75,81.21,128.08,164.13,167.98,2.23,86.70,1.14,31.31,187.35,2.95,5.46,145.66,25.59,2.81,23.91,79.84,0,23.73,7.24,8.86,73.48,0,0,16.96,9.95,2.21,9.145882353,40.56,11.87,55.83,38.19,59.37,1324.86,5.23,4.02,11.37,59.38,17.43,24.47,23.82,41.57,7.44,82.09,340.85,43.75,24.53,52.4,34.12,42.52,86.1,8.91
01/31/1982,0.84,4.70,44.35,0.59,19.10,4.63,21.85,12.65,45.07,4.02,12.77,29.76,2.07,46.15,48.63,6.68,10.10,1.50,19.45,9.25,115.67,9.79,5.05,101.98,70.22,0.48,4.50,1.96,9.08,10.38,18.48,34.83,95.87,0.89,11.55,11.34,16.43,78.04,3.77,3.34,9.58,0.82,3.12,5.92,16.51,8.34,5.40,34.06,5.06,3.11,7.49,8.81,6.72,0.12,3.11,1.90,1.10,1.69,12.30,18.70,8.25,47.89,12.75,116.71,20.20,41.65,27.31,45.06,21.85,95.55,3.25,45.87,70.78,89.52,73.17,0.80,36.54,0.13,12.62,114.39,2.13,1.82,144.23,15.58,0.95,15.21,54.8,0,3.07,3.58,10.38,36.04,13,16.81,8.68,5.09,2.59,5.693627451,25.25,2.09,52.77,6.14,47.31,736.42,1.26,1.45,5.82,15.11,6.55,9.2,13.21,7.01,5.37,33.04,106.6,18.89,12.12,25.89,16.86,26.38,56.8,6.16
02/28/1982,1.85,10.31,76.05,1.39,20.88,10.39,24.48,17.40,54.45,17.85,9.67,23.35,3.45,58.04,54.73,14.14,17.02,2.42,14.11,11.58,94.28,7.68,3.97,127.80,87.36,0.83,11.33,8.97,9.56,10.93,15.50,50.84,217.97,1.24,17.07,20.50,12.53,0.00,16.20,10.52,31.82,3.66,15.79,10.81,50.09,6.99,14.59,26.61,4.72,15.83,5.41,6.36,19.27,2.06,8.45,6.04,3.09,6.91,20.93,36.21,11.38,66.02,11.23,266.28,42.13,90.57,37.60,49.26,37.46,137.12,5.35,75.61,122.44,146.10,139.79,2.19,89.19,2.12,23.54,121.85,4.04,2.8,105.34,17.99,2.23,20.98,74.72,0,18.83,5.41,10.93,49.75,8.21,49.83,24.65,14.47,2.73,7.504313725,33.28,10.57,62.69,29.41,47.84,1155.43,4.26,3.93,16.53,45.1,10.93,15.34,17.19,30.81,10.2,76.03,270.92,43.73,18.33,39.15,25.49,46.2,71.16,4.83
03/31/1982,1.02,5.71,67.27,1.02,22.93,8.54,26.29,13.38,35.76,8.65,12.90,24.65,1.90,54.00,54.04,10.34,14.83,1.67,28.42,12.44,94.53,8.11,4.19,110.76,72.19,0.59,9.46,4.61,9.51,10.87,18.72,50.14,136.58,0.95,16.56,33.42,15.51,84.19,6.06,6.40,17.24,1.77,9.72,9.00,26.94,8.44,7.92,33.78,10.11,6.09,7.36,8.65,12.65,0.47,5.19,4.09,2.13,8.75,17.21,42.88,9.94,57.68,15.69,165.41,23.89,51.27,33.78,54.09,33.13,92.14,3.91,55.19,86.19,138.38,98.81,1.34,45.16,0.49,15.04,125.37,3.32,1.74,134.8,9.8,1.63,12.85,57.11,0,4.89,3.6,10.87,46.71,32.36,41.94,16.12,9.46,2.72,6.149117647,27.27,6.51,56.6,12,41.57,1126.14,2.53,2.41,10.81,26.25,6.03,8.47,16.21,15.62,8.37,35.86,194.94,26.43,12.18,26.02,16.94,13.59,76.41,5.1
04/30/1982,1.19,6.63,99.33,2.15,32.36,14.54,52.30,13.21,72.79,17.94,21.97,45.05,2.19,103.25,67.54,17.19,41.43,3.89,47.68,12.95,182.28,14.82,7.65,105.45,87.17,1.11,15.81,7.78,15.54,17.76,35.52,88.90,345.86,1.81,15.80,2.90,20.98,45.57,17.89,14.35,31.29,3.67,16.24,21.04,45.41,16.02,14.04,64.21,20.51,13.64,12.48,14.67,21.57,1.88,8.90,7.29,4.58,5.50,17.66,76.60,16.39,95.08,19.99,344.65,52.66,97.16,51.29,76.34,48.92,238.08,7.27,102.64,163.36,161.69,167.92,2.30,79.62,1.93,29.50,242.47,5.07,0.97,219.65,7.09,3.45,14.69,107.78,0,20.61,6.86,17.76,52.08,44.11,89.46,31.26,18.35,4.44,13.77970588,61.11,10.87,108.54,34.19,68.79,1576.94,6.94,4.14,20.96,49.06,6.95,9.76,35.02,34.71,12.78,69.2,258.71,42.48,23.24,49.64,32.32,11.15,79.56,9.32
05/31/1982,1.50,8.38,99.74,4.93,12.03,15.15,7.20,4.19,29.43,26.49,2.02,5.59,2.55,37.48,49.10,16.42,33.14,12.26,5.13,5.05,28.19,1.84,0.95,34.30,26.03,0.66,10.56,13.32,2.73,3.12,2.18,34.49,158.93,5.03,5.93,0.00,4.35,4.71,43.45,7.58,51.04,5.42,14.15,13.17,65.01,0.98,27.25,6.92,16.22,21.80,1.11,1.31,26.94,1.53,6.16,9.89,8.12,0.00,3.04,24.49,5.74,33.33,15.72,232.31,37.68,96.26,34.97,28.38,49.12,94.11,4.25,59.97,96.79,144.36,185.63,1.59,45.49,1.57,6.87,71.12,2.76,0.93,21.07,1.57,7.91,7.73,23.84,0,39.27,4.02,3.12,19.92,6.95,17.41,46.79,27.46,0.78,4.942745098,21.92,9.47,20.99,66.35,24.11,671.76,17.08,2.87,31.37,39.61,8.07,11.33,11.72,39.23,6.96,33.31,301.87,65.19,13.62,29.09,18.94,3.32,31.04,1.16
06/30/1982,0.41,2.26,61.73,4.09,5.51,4.52,3.39,1.70,7.13,14.90,0.62,3.04,1.38,14.17,32.69,6.03,12.01,13.36,0.90,2.40,3.81,1.00,0.52,13.61,9.40,0.29,2.07,6.99,1.27,1.45,0.79,14.54,47.65,5.45,2.32,0.00,0.58,0.00,34.82,1.40,25.49,3.05,3.47,4.40,40.13,0.35,14.57,2.89,6.79,10.39,0.33,0.39,8.63,1.21,1.10,4.63,5.20,0.00,0.68,1.51,3.00,17.38,6.03,90.26,18.22,38.82,24.14,13.00,30.40,33.63,1.79,25.35,42.67,54.80,99.73,0.29,11.64,1.25,1.42,64.00,0.79,0.21,7.79,0.47,6.57,3.82,12.06,0,32.54,1.77,1.45,6.71,18.78,0,24.82,14.57,0.36,1.85127451,8.21,2.32,3.7,40.64,8.58,373.29,11.67,0.52,16.64,12.82,4.37,6.13,5.65,15.08,1.99,8.28,153.23,31.85,5.98,12.77,8.32,0.77,14.74,0.63
07/31/1982,0.11,0.62,50.52,2.05,4.07,1.48,2.20,0.93,2.45,5.01,0.30,2.40,0.83,8.82,25.84,3.84,2.95,7.62,0.59,1.35,15.26,0.79,0.41,7.64,4.97,0.08,0.45,0.84,1.20,1.37,0.67,10.29,19.50,3.24,0.93,0.00,0.54,31.48,9.10,0.36,8.96,1.03,0.52,1.54,14.55,0.30,5.87,2.02,4.55,1.49,0.15,0.18,2.37,0.41,0.31,0.60,1.97,0.45,1.29,0.25,0.72,4.20,3.01,35.52,7.73,7.20,15.37,9.60,24.88,24.34,0.50,7.08,12.13,16.62,34.27,0.08,4.81,0.42,0.65,36.88,0.47,0.09,3.87,0.1,3.28,2.56,7.35,0,16.36,1.07,1.37,2.62,0,0,8.96,5.26,0.34,0.737352941,3.27,0.35,6.11,7.3,2.37,281.65,3.33,0.14,6.01,3.3,2.64,3.71,3.64,3.67,1.19,2.79,55.77,10.16,3.63,7.75,5.05,0.25,8.31,0.5
08/31/1982,0.02,0.12,31.28,0.57,2.85,0.48,1.78,0.62,0.00,0.40,0.00,0.21,0.24,6.01,18.12,3.04,1.17,1.86,0.00,0.76,0.00,0.07,0.04,3.64,1.72,0.03,0.69,0.18,0.75,0.86,0.39,8.53,8.10,1.03,0.33,0.00,0.56,32.59,1.29,0.21,2.48,0.08,0.00,0.79,0.99,0.18,1.32,0.00,0.76,0.20,0.03,0.04,1.10,0.00,0.07,0.76,0.42,1.38,0.98,0.00,0.34,1.97,1.43,17.08,3.20,3.18,9.19,6.72,15.41,14.71,0.17,2.47,3.80,17.80,16.85,0.02,3.01,0.00,0.27,13.11,0.25,0.02,0.13,0.07,0.91,0.88,4.48,0,3.11,0.67,0.86,0.48,2.8,0,2.15,1.26,0.21,0.417156863,1.85,0,3.81,0.63,1.71,247.81,0,0.04,1.44,1.13,0.76,1.07,2.64,0.51,0.64,0.61,15.17,1.97,2.26,4.83,3.14,0.12,4.67,0.04
09/30/1982,0.03,0.19,25.54,0.53,2.75,0.58,1.70,0.62,0.45,0.00,4.94,2.98,0.63,5.98,17.83,2.97,1.19,1.50,0.00,1.42,5.22,0.98,0.51,4.41,1.62,0.03,1.29,0.27,1.09,1.25,0.53,8.19,9.60,0.89,0.31,23.83,0.00,12.77,4.21,0.57,2.81,0.00,0.52,0.73,4.90,0.24,3.01,0.00,1.09,0.65,0.05,0.06,0.99,0.67,0.10,1.16,0.35,0.65,0.40,1.71,0.00,0.00,1.13,15.13,1.78,3.09,7.97,6.49,12.58,8.75,0.14,1.94,5.07,22.47,15.02,0.03,3.43,0.69,0.29,10.42,0.20,0.14,0.24,0.13,0.85,3.89,2.05,0,6.59,0.66,1.25,0.3,0,3.07,2.5,1.47,0.31,0.408137255,1.81,0.35,3.5,2.96,0.77,229.79,1.03,0.05,1.68,0.84,1.98,2.78,4.2,2.31,0.51,0.4,7.24,1.96,2.25,4.81,3.13,0.5,8.72,0.62
10/31/1982,0.30,1.70,41.16,1.58,5.26,1.42,2.93,1.61,2.32,7.16,0.43,5.41,1.64,8.40,24.04,3.94,2.77,2.45,0.86,1.19,5.31,1.78,0.92,8.37,3.31,0.13,2.37,1.50,1.81,2.07,0.95,10.97,20.23,1.25,0.92,0.00,0.77,0.00,11.68,0.99,8.15,1.47,4.03,2.59,16.33,0.43,5.04,2.05,4.21,6.63,0.40,0.47,3.36,0.60,0.55,2.66,2.06,0.32,2.04,0.00,0.93,5.38,2.24,35.06,5.06,8.15,12.59,12.41,20.28,9.10,0.78,11.08,18.87,28.22,26.48,0.14,7.72,0.61,1.05,15.32,0.58,0.88,4.5,1.18,2.53,6.74,9.76,0,13.47,1.07,2.07,2.02,0,0,5.49,3.22,0.52,1.15,5.1,2.7,2.88,15.03,3.68,290.4,3.92,0.26,3.68,8.11,5.18,7.27,1.79,11.31,1.47,4.2,44.97,13.55,3.62,7.73,5.03,4.3,7.3,1.12
11/30/1982,0.52,2.88,39.40,0.89,10.07,1.75,8.43,4.62,14.68,4.66,3.97,19.33,1.68,18.08,31.82,4.51,7.72,1.50,5.75,2.77,40.87,6.36,3.28,37.33,19.12,0.22,3.41,2.01,4.36,4.98,9.50,18.36,46.31,0.89,4.21,12.83,5.51,48.12,3.99,1.31,8.84,0.95,4.33,4.27,16.25,4.28,4.07,13.57,4.52,4.61,2.40,2.82,7.91,1.03,1.55,3.05,1.55,0.78,4.69,2.15,2.14,12.42,4.81,62.66,10.33,16.35,19.73,23.76,19.40,31.88,1.38,19.45,33.03,50.94,37.11,0.40,19.00,1.06,5.54,45.63,0.93,1.49,53.73,4.47,1.43,7.42,25.47,0,4.26,1.63,4.98,14.95,17.1,0,6.58,3.86,1.25,2.505196078,11.11,2.9,18.03,8.39,15.46,356.86,1.44,0.72,4.41,15.49,5.31,7.45,7.17,11.31,2.35,19.25,54.72,14.72,5.51,11.77,7.66,10.06,16.99,4
12/31/1982,0.71,3.99,43.49,0.80,20.72,2.40,24.66,10.41,55.68,5.75,7.48,25.78,2.29,38.54,46.57,5.49,11.94,1.10,9.29,9.65,171.01,8.48,4.38,102.10,80.12,0.52,4.12,2.43,9.01,10.30,17.28,36.79,110.01,0.73,17.33,27.40,15.71,70.15,2.91,2.17,10.41,1.18,5.56,7.55,18.83,7.80,4.02,34.59,4.98,4.33,4.18,4.91,12.17,1.11,4.82,2.08,1.04,2.70,15.22,21.71,7.17,41.62,13.16,140.27,27.42,47.86,33.14,48.88,21.42,66.45,3.34,47.24,75.96,55.37,71.45,1.25,47.60,1.14,14.80,99.00,3.38,2.57,91.77,15.17,1.29,15.87,53.23,0,3.39,3.23,10.3,53.4,22.14,30.27,7.7,4.52,2.57,5.700392157,25.28,3.72,50,6.89,50.28,822.15,0.87,2.25,5.16,28.28,7.24,10.16,13.17,13.3,8.52,52.53,155.69,17.34,10.92,23.32,15.19,25.91,59.3,5.33
01/31/1983,0.78,4.33,50.56,0.71,26.87,2.66,31.69,14.38,123.85,4.58,19.01,17.36,2.66,53.57,60.43,7.43,11.91,1.30,24.77,17.22,194.02,5.71,2.95,124.38,115.90,0.38,3.55,1.80,11.18,12.78,16.83,55.92,120.59,0.81,30.58,23.98,32.45,47.52,1.60,2.50,7.86,0.94,4.33,7.21,13.77,7.59,3.70,51.14,4.06,3.63,7.94,9.34,9.58,0.54,3.94,1.24,1.01,1.89,14.59,13.46,7.70,44.67,10.12,139.69,27.52,43.77,38.87,63.39,24.90,51.83,2.47,34.84,55.16,79.34,57.52,1.02,31.92,0.56,11.31,109.44,2.14,2.51,202.71,22.07,1.13,12.98,42.55,0,2.44,3.82,12.78,95.31,21.73,29.2,7.6,4.46,3.19,5.359901961,23.77,2.9,41.57,5.32,78.8,1124.61,0.8,1.83,5.1,23.61,8.41,11.81,12.76,10.57,5.41,75.88,229.05,18.15,12.92,27.6,17.97,24.96,105.79,3.59
02/28/1983,0.92,5.14,62.69,0.65,35.33,4.71,51.36,22.86,160.70,5.95,28.91,36.97,2.89,95.62,70.81,10.84,18.56,0.25,40.09,24.53,210.31,12.16,6.28,226.88,206.38,0.68,6.08,2.48,13.93,15.92,27.41,78.97,209.44,0.41,42.13,39.10,34.09,53.20,2.51,4.53,10.06,1.22,5.62,11.15,18.31,12.36,3.92,67.83,0.00,4.13,14.15,16.64,14.16,1.18,5.66,2.37,1.14,8.71,25.61,29.17,12.99,75.40,16.49,232.27,45.20,63.07,49.14,83.34,30.87,151.10,4.47,63.12,100.54,170.72,91.03,1.46,54.37,1.21,26.33,183.64,3.90,1.9,272.46,29.65,1.04,20.04,87.99,0,2.45,6.55,15.92,123.35,37.4,33.89,9.62,5.65,3.98,10.16058824,45.06,3.76,79.88,5.57,88.11,1690.8,0.87,2.64,6.45,34.47,9.15,12.85,25.33,12.25,9.82,88.03,273.14,20.7,22.17,47.35,30.83,34.8,150.67,7.65
03/31/1983,1.84,10.28,101.12,1.21,51.57,12.30,82.15,34.87,255.56,13.56,40.35,53.05,4.54,147.81,110.80,20.62,30.31,1.23,81.38,47.96,377.13,17.45,9.01,296.89,370.83,1.14,14.26,6.09,19.80,22.63,43.40,129.43,402.77,0.78,72.31,37.49,42.70,84.71,5.45,15.04,24.13,2.78,12.56,18.95,34.14,19.58,7.94,122.62,11.47,10.65,22.54,26.50,26.69,1.89,9.09,2.94,2.33,56.23,48.31,89.95,14.20,82.37,24.25,399.22,66.62,99.23,78.58,121.65,49.81,256.12,7.45,105.28,167.45,218.85,162.33,2.35,88.73,1.94,34.20,357.72,6.58,3.1,391.55,33.75,1.94,26,122.9,0,6.27,9.63,22.63,199.04,66.37,62.91,20.84,12.23,5.66,18.57362745,82.37,8.41,124.01,17,162.13,2734.89,1.16,4.23,13.97,55.38,14.38,20.19,40.19,27.84,16.59,123.41,479.55,39.86,32.62,69.68,45.37,48.91,294.6,10.98
04/30/1983,0.97,5.42,70.92,0.80,17.04,12.83,19.47,11.45,62.24,7.76,8.29,15.05,1.93,51.96,60.69,20.96,19.94,1.03,18.02,16.52,103.82,4.95,2.56,78.05,115.68,0.52,12.09,3.84,7.06,8.07,12.00,48.41,210.18,0.71,20.39,23.51,17.93,60.80,4.32,16.00,14.08,1.59,9.35,11.40,22.02,5.41,6.35,28.95,7.41,6.57,3.62,4.26,13.58,1.17,4.81,2.15,1.88,32.93,6.86,31.06,6.58,38.17,15.27,175.52,14.08,49.42,32.45,40.20,34.93,89.94,3.39,47.83,77.03,113.95,89.14,1.24,53.04,1.20,14.88,130.82,2.69,1.65,76.19,7.05,1.28,9.35,52.3,0,4.49,4.13,8.07,56.15,54.78,31.41,15.93,9.35,2.02,7.105196078,31.51,6.26,49.95,12.47,49.89,1139.98,1.34,2.24,10.68,26.77,6.11,8.58,18.75,17.7,6.77,62.72,257.81,24.65,13.98,29.86,19.44,12.02,101.49,3.11
05/31/1983,2.65,14.77,137.70,3.50,17.17,30.05,14.19,8.02,54.11,28.72,4.51,7.08,4.93,48.85,65.79,30.05,38.39,7.24,10.57,12.37,57.09,2.33,1.20,64.05,86.88,0.83,26.18,13.50,4.56,5.21,7.91,55.01,249.76,3.10,21.82,7.51,14.49,0.00,30.43,27.76,52.85,5.88,27.90,18.37,78.90,3.57,24.93,20.85,37.88,26.36,1.99,2.34,29.82,2.10,7.58,14.18,7.37,39.17,4.75,9.84,9.54,55.35,21.93,250.56,6.27,75.79,43.67,40.50,67.82,96.06,5.35,75.53,122.43,167.34,181.76,2.11,56.83,2.15,12.96,171.82,2.92,3.38,39.42,3.61,5.62,11.92,42.22,0,31.33,5.81,5.21,56.91,30.02,8.26,52.75,30.96,1.3,6.615882353,29.34,18.68,32.52,64.38,38.75,1031.34,12.61,4.4,35.37,48.85,15.62,21.93,15.78,51.34,7.35,86.45,549.86,79.29,19.68,42.04,27.37,6.85,75.96,1.47
06/30/1983,2.06,11.47,142.21,7.11,12.86,18.28,5.00,4.37,17.73,32.34,0.78,3.68,3.72,32.77,63.91,21.36,37.30,18.44,2.43,4.61,11.91,1.21,0.62,33.62,23.84,0.71,9.66,18.83,1.56,1.78,1.79,34.02,138.28,7.41,6.65,0.00,4.65,0.00,59.43,10.50,63.51,6.62,20.05,14.28,106.78,0.81,39.32,4.42,57.09,31.53,0.55,0.65,31.58,1.54,4.28,11.85,11.60,31.13,1.97,0.00,4.29,24.90,8.93,235.53,36.44,63.66,43.79,30.34,70.05,65.28,4.59,64.79,104.21,145.04,215.82,1.28,27.58,1.58,3.57,71.96,1.08,1.26,12.78,1.61,11.41,8.77,15.5,0,55.3,4.5,1.78,24.71,0,0,68.66,40.3,0.45,2.971960784,13.18,13.42,0,95.5,17.49,644.38,24.23,2.11,46.03,41.36,11.77,16.52,0.54,68.54,2.71,35.15,498.03,92.3,15.22,32.51,21.17,3.42,28.34,0.76
07/31/1983,0.42,2.36,79.48,4.70,7.35,3.52,2.81,1.78,0.57,15.60,0.37,2.74,1.36,12.67,40.96,6.38,6.76,13.04,0.62,2.73,7.46,0.90,0.46,12.28,9.97,0.24,0.60,6.17,1.17,1.34,0.75,16.40,22.06,5.33,1.76,0.00,0.55,9.00,38.50,1.31,24.95,3.20,2.93,2.80,46.97,0.34,18.59,2.72,6.63,10.64,0.23,0.27,7.08,0.85,0.85,3.90,5.47,9.74,1.57,0.00,1.53,8.89,1.97,72.70,15.56,33.42,28.06,17.34,39.15,31.77,1.51,21.30,35.32,64.57,85.10,0.22,8.15,0.87,0.83,50.00,0.38,0.24,5.61,0.33,7.55,4.65,10.79,0,34.21,1.57,1.34,7.89,13.54,0,27.12,15.92,0.33,1.312352941,5.82,1.96,0,40.63,7.84,373.29,13.76,0.4,18.18,9.82,4.31,6.05,1.75,19.76,0.95,8.17,239.86,33.63,5.32,11.36,7.4,0.75,16.79,0.57
08/31/1983,0.06,0.34,57.79,1.57,4.94,1.28,2.22,0.94,0.00,3.34,0.14,0.88,0.48,7.19,28.35,4.08,1.80,4.54,0.38,1.86,7.69,0.29,0.15,6.46,4.05,0.06,0.63,0.64,0.88,1.01,0.37,11.91,10.54,2.06,0.68,0.00,0.95,33.77,8.98,0.88,6.20,0.68,0.00,1.25,8.94,0.17,5.16,0.39,2.85,1.76,0.08,0.09,1.95,0.23,0.15,1.34,1.22,1.82,1.12,0.00,0.75,4.34,1.19,29.82,5.65,5.33,14.11,11.65,28.47,18.08,0.34,4.80,8.11,5.34,25.65,0.04,3.90,0.24,0.41,19.22,0.34,0.06,2.84,0.09,2.52,2.38,6.98,0,10.81,1.04,1.01,2.87,5.36,0,5.6,3.29,0.25,0.795980392,3.53,0,3.11,4.92,2.96,297.86,2.11,0.07,3.75,2.31,1.51,2.12,2.32,0.29,0.87,2.34,73,5.65,3.52,7.52,4.9,0.25,11.41,0.18
09/30/1983,0.05,0.29,43.85,0.86,3.90,0.80,2.10,0.78,0.00,0.00,0.07,2.19,1.07,6.04,25.17,3.57,1.41,1.98,0.02,1.48,7.15,0.72,0.37,7.07,3.32,0.03,1.12,0.21,1.09,1.25,0.35,10.35,8.83,1.07,0.54,0.00,0.40,47.21,7.53,0.67,2.31,0.00,0.00,0.87,3.66,0.16,2.33,2.27,1.25,0.48,0.07,0.08,0.84,0.18,0.08,0.68,0.57,1.12,0.41,1.07,0.24,1.42,0.98,19.30,2.85,3.56,9.99,9.20,21.60,13.64,0.16,2.26,4.04,8.70,15.24,0.02,2.61,0.19,0.71,11.37,0.28,0.18,1.09,0.17,1.37,3.33,2.87,0,5.16,0.79,1.25,1.58,0,0,4.29,2.52,0.31,0.516372549,2.29,0,2.42,1.1,2.8,287.44,0.9,0.03,2.88,1.28,3.38,4.75,1.67,0,0.7,1.16,32.28,3.15,2.66,5.68,3.7,0.47,9.1,0.45
10/31/1983,0.10,0.56,38.09,0.70,3.82,1.02,2.34,1.23,0.00,2.44,0.03,0.49,0.63,6.81,26.04,4.04,2.25,0.76,0.10,1.30,8.82,0.16,0.08,8.22,3.54,0.04,1.61,0.45,1.67,1.91,0.58,10.48,14.46,0.60,0.65,0.00,0.78,9.65,10.00,0.80,2.97,0.50,0.48,1.99,3.98,0.26,2.18,4.04,2.13,1.50,0.12,0.14,0.99,0.25,0.14,0.55,0.89,0.00,1.59,3.08,0.33,1.94,1.04,23.38,3.21,4.35,9.81,9.01,18.76,11.62,0.21,2.96,5.32,16.79,16.87,0.04,3.28,0.26,0.94,0.81,0.07,0.22,0.78,0.82,1.12,2.23,7.63,0,2.7,0.79,1.91,1.3,0,0,2.35,1.38,0.48,0.606568627,2.69,0.32,5.46,5.24,2.48,299.05,1.3,0.07,1.58,1.71,2.01,2.82,4.72,0.62,0.19,1.12,22.55,5.06,2.67,5.7,3.71,0.92,7.96,0.1
11/30/1983,1.74,9.72,66.39,2.43,17.34,4.14,12.95,9.00,42.71,24.88,7.25,14.74,5.71,29.98,52.26,8.35,14.76,3.61,8.99,6.93,119.27,4.85,2.50,56.70,47.48,0.64,8.57,10.24,7.57,8.65,15.62,38.05,111.61,1.70,10.74,35.85,14.62,0.00,17.09,4.36,34.40,5.10,16.21,9.21,59.28,7.05,13.84,31.77,14.59,18.08,2.87,3.37,18.99,2.72,5.59,6.59,3.71,3.27,10.31,0.00,5.45,31.65,11.84,175.20,29.17,56.82,31.85,40.91,32.70,83.60,3.93,55.50,93.64,87.08,105.98,1.45,58.94,2.79,13.80,70.42,1.84,5.33,92.76,10.76,3.89,19.63,46.94,0,21.66,3.77,8.65,33.86,11.52,0,19.15,11.24,2.16,3.610098039,16.01,10.85,15.91,38,43.46,653.72,5.22,2.6,12.84,30.67,18.09,25.4,10.16,47.51,4.63,54.54,143.73,46.84,12.75,27.23,17.73,29.38,42.58,3.05
12/31/1983,1.85,10.34,78.99,1.41,43.63,5.51,46.31,27.53,167.03,18.03,23.14,31.49,4.11,90.60,98.50,13.55,21.83,2.24,35.74,20.29,273.41,10.36,5.35,221.13,146.71,0.94,10.89,8.08,14.50,16.57,34.51,93.34,227.37,1.17,39.91,0.00,34.41,56.94,10.27,6.93,32.71,3.69,16.63,13.61,52.12,15.57,12.44,74.82,13.66,14.21,13.46,15.83,25.61,1.31,8.52,6.72,2.92,10.90,23.89,5.78,13.76,79.85,21.50,293.78,52.77,89.76,66.41,102.92,38.91,213.48,6.16,87.04,137.68,161.39,162.45,2.20,87.62,1.35,33.72,210.41,4.26,3.22,241.32,34.88,2.26,23.9,90.19,0,11.98,7.59,16.57,110,29.15,32.05,22.62,13.28,4.14,9.599117647,42.57,11.13,84.92,27.63,103.08,1436.6,3.34,3.96,15.17,51.59,13.01,18.26,32.38,39.85,10.74,100.72,302.25,43.7,25.69,54.87,35.73,44.92,124.63,6.52
01/31/1984,0.87,4.83,50.47,0.86,15.02,4.23,11.49,10.80,43.60,6.11,4.10,7.66,1.64,35.27,51.10,8.10,8.84,0.96,9.22,7.60,43.26,2.52,1.30,44.22,48.09,0.33,3.70,3.81,4.23,4.83,6.38,31.89,110.74,0.68,10.24,3.84,9.11,19.95,6.64,4.21,14.09,1.25,5.81,5.92,18.72,2.88,6.80,15.86,5.63,5.91,2.70,3.17,7.64,0.84,2.28,1.54,1.94,0.00,11.58,0.31,6.01,34.90,10.63,127.07,22.62,35.15,23.69,35.43,24.86,64.72,2.13,30.15,48.90,59.38,82.21,0.77,26.00,0.87,9.86,59.34,1.37,1.47,44.25,10.51,1.37,7.6,33.27,0,3.64,2.83,4.83,29.61,24.93,9.68,14.71,8.63,1.21,3.389117647,15.03,3.89,29.42,11.76,18.21,691.38,1.32,2.1,9.86,16.55,5.18,7.27,13.32,12.01,3.46,30.9,171.25,23.13,9.58,20.46,13.32,9.63,46.69,1.59
02/29/1984,0.53,2.95,43.87,0.60,11.32,3.62,9.23,8.06,16.59,4.15,3.09,11.89,1.01,26.04,38.60,6.09,8.11,0.85,5.47,5.01,69.93,3.91,2.02,51.65,30.20,0.25,3.69,1.97,5.18,5.92,10.80,23.31,95.17,0.64,4.96,11.32,6.43,20.70,3.60,2.32,9.09,0.85,3.67,5.16,14.44,4.87,3.92,14.61,4.85,3.83,2.02,2.37,6.83,0.61,1.68,2.36,1.21,1.70,7.95,1.72,4.23,24.53,6.74,97.46,17.41,24.48,19.15,26.70,21.61,57.55,1.60,22.59,36.57,36.26,52.97,0.48,18.99,0.63,6.94,80.24,0.99,0.77,34.53,6.07,0.96,4.28,31.2,0,2.44,2.03,5.92,17,20.25,28.9,8.89,5.22,1.48,3.316960784,14.71,2.46,26.44,7.33,25.39,581,0.95,1.03,5.96,14.54,3.21,4.51,9.4,7.75,2.49,19.83,114.18,14.26,6.88,14.7,9.57,5.25,30.77,2.46
03/31/1984,0.42,2.35,64.04,0.96,11.95,7.52,14.28,8.45,14.42,8.41,3.26,7.30,0.76,35.19,41.57,11.50,14.73,1.55,6.78,4.43,30.48,2.40,1.24,38.83,31.09,0.33,8.18,4.09,4.32,4.94,6.65,35.56,131.92,0.91,5.46,6.06,5.17,19.21,6.12,6.90,15.18,1.72,8.20,8.65,24.75,3.00,6.09,13.40,7.58,7.41,3.38,3.97,13.03,1.28,2.47,3.27,2.08,6.45,5.97,0.00,5.72,33.22,9.57,144.69,19.69,33.86,24.45,28.19,31.54,73.93,2.05,28.98,48.47,84.85,75.69,0.93,25.36,1.32,7.96,80.95,1.28,0.26,35.12,4.77,1.54,5.22,32.95,0,6.05,2.9,4.94,16.81,19.79,10.47,13.79,8.09,1.23,3.837843137,17.02,5.49,28.45,15.88,22.15,829.76,2.47,1.76,9.25,20.7,2.4,3.37,11.91,16.88,3.22,27.27,166.96,17.44,9.81,20.95,13.64,3.11,27.24,1.51
04/30/1984,0.52,2.90,58.53,1.37,7.61,9.05,6.63,4.07,8.69,9.13,1.32,4.80,0.87,21.23,36.27,8.76,15.84,2.89,2.68,2.75,39.44,1.58,0.82,28.13,19.42,0.28,5.49,4.36,2.51,2.87,2.82,23.64,80.79,1.42,3.32,2.26,5.60,0.00,10.44,6.16,15.61,1.87,6.95,7.32,27.77,1.27,8.08,5.81,6.07,8.11,1.06,1.25,10.36,1.52,1.48,3.69,2.66,0.00,2.19,0.00,3.45,20.02,5.19,86.41,9.11,34.10,19.50,17.95,28.83,39.55,1.67,23.55,40.86,47.09,69.02,0.65,17.86,1.56,4.50,87.38,0.69,0.32,12.94,1.85,2.19,2.79,22.79,0,9.06,2.11,2.87,9.57,16.51,6.84,15.93,9.35,0.72,1.499509804,6.65,4.65,18.12,20.39,9.87,573.4,4.16,1.52,10.68,15.47,2.77,3.89,7.75,15.76,1.74,15.22,166.52,21.57,7.15,15.27,9.94,1.49,16.92,0.99
05/31/1984,0.96,5.38,77.97,4.27,8.41,9.06,3.40,3.51,4.84,20.14,0.99,2.77,1.81,16.25,40.05,8.89,17.07,13.52,2.23,1.72,13.91,0.91,0.47,23.45,10.63,0.39,3.18,7.36,1.84,2.10,1.06,19.60,62.93,5.52,1.56,0.00,0.90,0.00,39.48,4.06,28.42,4.13,8.74,7.05,64.49,0.48,21.17,3.12,18.02,18.45,0.48,0.56,9.96,2.01,1.01,3.70,6.77,0.00,1.39,0.00,2.39,13.84,4.00,101.15,17.06,43.08,26.34,19.84,38.41,35.94,2.33,32.94,56.81,57.84,115.41,0.40,14.04,2.06,2.90,46.63,0.50,0.59,9.43,1.27,6.85,4.43,17.2,0,34.3,2.07,2.1,6.98,1.5,0,34.12,20.03,0.53,2.293235294,10.17,5.85,0,57.48,9.29,497.6,15.11,0.96,22.88,14.72,5.72,8.03,3.72,25.78,1.26,11.18,262.46,48.55,7.01,14.97,9.75,1.55,10.54,0.57
06/30/1984,0.26,1.43,52.83,3.21,4.89,2.84,2.53,1.48,0.36,9.07,0.35,1.67,0.94,10.09,32.60,4.58,8.42,8.87,1.16,1.27,3.93,0.55,0.28,10.76,4.27,0.15,1.39,1.59,1.19,1.36,0.44,13.20,23.69,3.73,0.71,0.00,0.48,11.35,24.50,1.07,13.64,1.86,1.93,3.16,29.00,0.20,11.10,1.37,10.67,5.86,0.24,0.28,2.20,0.57,0.50,2.36,3.77,0.00,0.58,0.00,1.22,7.08,1.56,48.76,9.26,12.16,20.36,11.54,26.02,25.12,0.92,12.94,21.63,35.21,55.59,0.13,5.28,0.58,0.98,34.85,0.25,0.15,3.96,0.43,5.15,2.75,11.43,0,22.99,1.12,1.36,2.73,0,0,18,10.56,0.34,0.933529412,4.14,1.29,0.11,22.88,4.13,357.13,6.65,0.24,12.07,4.09,2.98,4.18,3.97,13.74,0.63,3.77,115.05,21.55,3.78,8.07,5.26,0.43,7.82,0.35
07/31/1984,0.04,0.24,40.96,1.23,2.97,0.68,1.82,0.70,0.00,0.00,0.20,0.82,0.44,6.74,24.39,3.14,2.72,3.44,0.41,0.82,4.48,0.27,0.14,3.52,1.48,0.04,0.51,0.16,0.79,0.90,0.18,9.19,9.04,1.64,0.22,0.00,1.90,5.15,2.06,0.44,3.43,0.00,0.00,1.19,5.11,0.08,3.13,0.66,1.91,0.40,0.09,0.11,0.36,0.07,0.14,1.30,0.94,2.59,0.26,0.00,0.58,3.36,1.09,20.70,4.03,3.82,12.19,7.01,20.18,18.50,0.26,3.73,5.93,10.44,19.18,0.03,3.01,0.07,0.23,27.25,0.18,0.04,1.94,0.08,1.98,1.03,6.6,0,7.86,0.68,0.9,0.65,3.19,11.73,4.46,2.62,0.23,0.926764706,4.11,0,0.73,1.98,4.73,259.44,0.42,0.06,2.99,1.48,1.4,1.97,1.75,3.33,0.45,0.85,37.11,4.14,2.31,4.93,3.21,0.11,5.02,0.17
08/31/1984,0.02,0.09,31.32,0.32,2.80,0.34,1.83,0.56,0.00,3.68,0.16,0.00,0.41,6.13,21.39,2.55,0.89,1.36,0.20,0.52,1.25,0.00,0.00,2.66,0.94,0.02,0.35,0.07,0.70,0.80,0.13,7.73,4.96,0.83,0.11,0.00,0.13,26.42,1.07,0.23,0.38,0.75,0.00,0.66,1.84,0.06,0.49,0.00,0.60,0.11,0.02,0.02,0.00,0.13,0.06,0.70,0.21,4.62,1.14,0.00,0.11,0.66,0.70,12.03,2.31,2.59,8.73,6.61,15.42,10.88,0.10,1.48,2.70,14.19,12.29,0.02,1.99,0.14,0.19,0.68,0.15,0.04,0,0.04,0.52,1.25,5.25,0,1.06,0.52,0.8,0.06,0,0,1.25,0.73,0.2,0.764411765,3.39,0,2.24,0.26,3.91,246.09,0,0.03,0.84,0.84,1.29,1.81,1.83,1.47,0.38,0.26,12.91,0.99,1.75,3.74,2.43,0.11,3.21,0
09/30/1984,0.01,0.05,27.81,0.09,2.80,0.28,1.79,0.59,2.13,0.44,0.00,1.85,0.21,5.31,19.14,2.48,1.08,0.10,0.10,0.25,1.36,0.61,0.31,2.62,1.37,0.01,0.62,0.05,0.62,0.71,0.14,7.01,6.50,0.35,0.11,0.00,0.21,24.12,3.59,0.26,0.41,0.09,0.07,0.69,1.27,0.06,0.57,0.00,0.00,0.15,0.01,0.01,0.61,0.13,0.06,0.01,0.07,4.55,0.40,0.00,0.26,1.52,0.54,10.94,1.75,2.43,7.70,6.61,13.70,4.07,0.07,0.99,1.91,10.89,9.97,0.01,1.47,0.13,0.25,8.80,0.00,0.07,0,0.12,0.14,1.14,4.76,0,0.74,0.6,0.71,0,1.26,0,0.83,0.49,0.18,0.175882353,0.78,0.05,2.17,1.41,0,242.35,0,0.02,0.56,0.64,0.65,0.91,1.69,1.5,0,0.19,6.45,0.51,2.04,4.36,2.84,0.19,1.56,0.38
10/31/1984,0.05,0.26,30.78,0.45,3.00,0.63,2.04,1.36,0.67,1.00,0.00,3.34,0.27,6.31,22.44,3.01,2.42,0.08,0.00,0.79,0.00,1.10,0.57,9.79,2.53,0.02,0.94,0.18,1.02,1.17,0.49,8.66,10.25,0.34,0.36,0.07,0.00,0.00,2.46,0.37,0.12,0.21,0.28,1.91,3.21,0.22,1.41,0.00,0.97,0.38,0.13,0.15,0.65,0.11,0.09,0.49,0.64,0.00,1.30,1.89,0.23,1.35,0.88,16.84,2.73,2.87,8.87,7.08,15.16,7.84,0.14,1.92,3.29,18.58,12.41,0.03,2.34,0.12,0.39,0.60,0.51,0.11,0,0.82,0.73,1.23,3.6,0,1.94,0.65,1.17,0.85,3.06,1.23,1.42,0.83,0.29,0.365294118,1.62,0.19,5.11,1.63,1.26,272.82,0.54,0.05,0.95,1.18,0.87,1.22,2.93,1.27,1.28,0.98,14.21,2.92,2.21,4.72,3.07,0.54,4.88,0.69
11/30/1984,0.23,1.29,45.41,0.67,8.50,1.70,8.21,5.40,26.94,5.45,3.17,7.33,0.67,18.16,35.51,4.29,6.22,0.95,3.57,7.48,62.92,2.41,1.24,72.82,59.98,0.15,2.88,1.29,3.90,4.46,3.84,22.63,37.06,0.68,10.76,11.79,4.22,18.49,3.83,1.04,5.38,1.12,3.00,4.41,17.15,1.73,3.94,12.82,3.79,3.79,1.88,2.21,4.99,0.46,1.21,2.90,1.08,0.00,5.04,5.65,1.08,6.29,3.45,49.26,7.92,15.61,18.73,20.05,22.37,27.99,0.98,13.79,22.59,43.59,33.96,0.32,14.82,0.47,5.28,39.76,0.51,0.73,44.22,5.06,1.07,4.26,20.83,0,6.19,1.72,4.46,34.47,8.24,12.5,3.53,2.07,1.11,1.314607843,5.83,2.01,16.84,8.22,24.66,586.69,0.72,0.56,2.37,9.93,2.13,2.99,6.6,13.13,1.29,39.74,146.98,8.67,5.81,12.41,8.08,4.68,45.97,1.52
12/31/1984,0.20,1.13,28.54,0.31,6.54,0.96,4.90,4.83,14.02,4.26,1.53,3.01,0.69,12.40,33.06,3.56,3.15,0.09,2.12,4.31,32.40,0.99,0.51,34.92,37.08,0.09,1.15,0.69,1.52,1.74,2.32,13.19,21.50,0.35,5.61,0.00,8.41,29.27,1.36,0.69,2.30,0.87,1.49,2.24,6.72,1.05,1.93,6.68,1.57,1.71,1.32,1.55,1.58,0.59,0.83,0.23,0.48,0.00,2.28,0.73,1.23,7.14,2.67,36.15,6.85,9.33,12.48,15.43,14.05,24.05,0.55,7.75,13.73,34.80,22.39,0.22,8.42,0.61,3.28,21.49,0.61,0.76,20.42,4.7,0.49,2.39,12.39,0,1.86,1.1,1.74,19.81,6.62,1.23,1.98,1.16,0.43,1.416078431,6.28,1,10.1,3.21,18.61,441.19,1.79,0.39,1.33,5.53,2.17,3.05,4.15,4.95,1.53,19.98,72.9,6.25,3.71,7.92,5.16,3.43,26.46,0.62
01/31/1985,0.21,1.16,26.49,0.26,4.67,0.82,2.91,3.79,6.99,1.43,0.84,3.44,0.78,7.96,24.53,2.91,2.52,0.78,1.32,2.10,12.59,1.13,0.58,13.30,15.43,0.06,0.68,0.61,0.99,1.13,1.07,9.12,19.04,0.61,1.99,0.00,7.15,0.00,1.25,0.70,2.92,0.29,1.66,1.74,3.91,0.48,1.33,2.63,0.27,1.32,0.42,0.49,1.37,0.19,0.53,0.68,0.46,0.00,1.53,0.13,0.90,5.24,1.94,25.11,4.66,6.35,8.88,11.02,13.04,18.30,0.35,5.00,8.27,21.27,15.91,0.14,5.41,0.19,1.91,16.40,0.30,0.43,12.22,3.26,0.42,1.64,7.44,0,1.34,0.89,1.13,7.03,4.74,9.89,1.97,1.16,0.28,0.771176471,3.42,1.11,7.28,2.48,0.42,316.31,1.25,0.25,1.32,3.2,2.47,3.47,3.5,4.38,0.75,9.9,51.32,6.36,3.03,6.47,4.21,2.29,12.89,0.71
02/28/1985,0.19,1.07,27.09,0.21,6.57,1.32,7.51,5.32,13.98,2.22,4.43,10.31,0.51,15.14,21.70,3.27,3.80,0.03,7.16,2.18,37.11,3.39,1.75,23.82,19.85,0.12,1.75,0.65,3.99,4.56,6.56,12.89,30.01,0.32,4.27,15.66,9.25,14.00,1.55,1.10,3.85,0.45,1.97,2.58,6.01,2.96,1.62,11.50,1.86,1.91,1.39,1.63,1.58,0.33,0.79,0.76,0.43,0.87,4.45,4.82,1.68,9.74,2.59,38.70,6.45,10.88,12.42,15.50,13.35,23.63,0.74,10.39,16.98,36.53,21.03,0.21,9.55,0.34,5.14,40.77,0.41,0.41,54.35,4.44,0.34,3.34,16.08,0,1.77,1.31,4.56,11.22,12.83,6.04,2.48,1.46,1.14,1.497254902,6.64,1.32,15.2,3.58,6.34,349.74,0.73,0.37,1.66,5.43,1.62,2.27,4.05,4.64,1.02,14.85,61.55,5.62,4.42,9.44,6.15,4.27,13.4,2.13
03/31/1985,0.32,1.77,39.54,0.35,6.47,2.79,5.56,5.80,11.17,3.62,2.58,12.16,0.70,14.62,25.37,4.17,5.00,0.73,4.47,2.16,55.39,4.00,2.07,26.75,16.49,0.18,3.90,1.09,3.88,4.43,5.82,13.02,44.62,0.59,3.50,15.20,4.60,28.23,2.58,2.86,7.13,0.74,3.75,3.73,10.39,2.63,2.76,8.03,3.10,3.49,1.37,1.61,4.49,0.62,1.40,1.84,0.76,0.46,3.89,6.29,2.13,12.38,4.31,64.82,8.82,14.64,13.77,15.26,19.47,29.25,1.12,15.77,26.15,35.38,29.84,0.37,15.56,0.64,6.01,41.78,0.59,0.46,32.41,3.36,0.56,3.69,18.89,0,2.81,1.58,4.43,9.67,2.7,0,4.31,2.53,1.11,1.612254902,7.15,2.51,16.95,6.67,7.46,416.99,1.13,0.66,2.89,9.92,2.22,3.12,5.84,8.57,1.49,12.75,77.31,9.2,5.34,11.41,7.43,6.29,13.27,2.52
04/30/1985,0.86,4.78,50.73,1.84,7.44,9.37,4.61,5.98,9.36,7.06,0.92,3.13,1.44,18.79,30.01,7.58,11.33,4.21,1.78,2.04,21.67,1.03,0.53,23.02,19.74,0.38,7.25,6.23,2.58,2.95,1.40,18.37,72.24,1.93,5.27,0.00,5.31,0.00,16.93,7.53,27.40,1.45,13.59,7.51,40.35,0.63,11.85,9.33,18.81,15.02,0.47,0.55,16.08,2.04,2.00,6.76,4.25,0.00,3.50,0.00,3.17,18.41,9.39,133.97,17.41,33.49,19.20,17.55,24.98,56.33,2.25,31.83,55.20,98.81,85.63,1.38,28.32,2.09,8.28,37.68,0.98,1.11,11.15,2.4,2.95,5.54,18.33,0,16.95,2.34,2.95,15.88,8.9,22.59,20.17,11.84,0.74,3.603333333,15.98,9.1,15.82,35.87,13.82,433.58,7.02,2.61,13.52,25.75,4.57,6.42,5.49,21.71,2.48,26.24,207.34,33.98,7.91,16.9,11,3.77,12.51,0.65
05/31/1985,0.42,2.36,37.54,2.98,3.90,3.57,1.92,2.07,0.00,21.09,0.47,1.67,0.74,10.31,26.20,4.26,9.89,8.55,0.81,1.05,1.67,0.55,0.28,9.32,5.60,0.23,1.18,5.05,1.20,1.37,0.25,9.57,34.07,3.60,1.44,0.00,2.07,0.00,22.60,1.55,18.48,4.32,6.06,4.83,34.67,0.11,11.42,2.18,18.79,11.63,0.12,0.14,8.85,1.76,0.81,3.58,4.82,0.00,0.96,0.00,1.16,6.76,3.18,66.78,13.32,16.85,14.60,9.20,18.49,26.24,1.33,18.78,34.29,46.14,70.90,0.33,9.41,1.81,1.85,18.61,0.18,0.25,2.88,0.55,4.78,2.16,7.21,0,19.52,1.22,1.37,5.18,0,0,17.48,10.26,0.34,0.78245098,3.47,4.06,2.54,33.46,6.99,267.46,8.8,1.02,11.72,9.83,2.34,3.29,2.56,10.56,0.44,6.97,123.84,27.25,4.14,8.84,5.76,0.66,6.48,0.35
06/30/1985,0.07,0.37,25.25,1.37,1.94,0.73,1.40,0.77,0.00,3.77,0.37,0.33,0.33,5.81,20.26,2.28,4.52,4.66,0.89,0.60,8.64,0.11,0.06,3.71,2.39,0.06,0.73,0.72,0.89,1.02,0.05,6.29,10.28,2.11,0.54,2.15,1.22,12.66,6.13,0.52,5.11,0.77,0.93,1.95,9.48,0.02,3.28,0.13,4.28,1.38,0.02,0.02,1.30,0.24,0.28,0.93,1.63,0.13,0.45,0.31,0.37,2.13,1.28,22.27,4.10,4.80,9.50,4.58,12.44,5.84,0.36,5.04,8.50,19.97,22.78,0.07,3.69,0.25,0.55,14.53,0.21,0.04,3.09,0.18,2.2,0.74,3.96,0,8.45,0.54,1.02,1.9,2.45,0,5.19,3.05,0.25,0.500588235,2.22,0.62,3.4,5.01,1.29,230.15,1.93,0.13,3.48,2.17,1.04,1.46,1.99,1.22,0.52,2.09,55.58,7.2,1.83,3.91,2.55,0.1,3.68,0.07
07/31/1985,0.01,0.05,25.57,0.37,1.31,0.19,1.26,0.45,0.00,0.20,0.12,0.00,0.13,4.67,16.31,1.83,3.28,0.97,0.24,0.52,4.17,0.00,0.00,1.45,0.74,0.02,0.72,0.10,0.42,0.48,0.01,5.45,7.26,0.68,0.10,0.26,0.84,22.32,1.17,0.14,1.36,0.04,0.00,1.37,2.01,0.01,0.45,1.20,0.83,0.07,0.00,0.00,0.65,0.05,0.09,0.72,0.31,0.69,0.26,0.00,0.24,1.40,0.71,11.71,1.95,2.29,6.94,3.09,12.60,3.59,0.09,1.33,2.21,4.52,11.18,0.02,2.09,0.05,0.38,18.01,0.16,0.01,0,0.08,0.6,0.24,6.08,0,0.79,0.42,0.48,0.11,0.61,0,1.03,0.6,0.12,0.450980392,2,0,1.17,0.56,0,220.12,0,0.04,0.69,0.85,0.4,0.56,1.63,0,0.4,0.37,13.75,1.06,1.41,3.01,1.96,0.02,3.17,0
08/31/1985,0.00,0.02,23.36,0.13,1.24,0.08,1.25,0.34,1.96,0.19,0.14,0.00,0.08,4.42,15.54,1.46,1.58,0.20,0.11,0.57,0.00,0.00,0.00,1.10,0.67,0.01,0.25,0.04,0.90,1.03,0.03,5.05,3.92,0.39,0.06,0.00,1.70,22.10,0.00,0.09,1.01,0.04,0.00,0.75,0.69,0.01,0.01,1.55,0.27,0.09,0.00,0.00,0.30,0.08,0.05,0.62,0.09,0.37,0.18,0.00,0.37,2.13,0.54,7.24,1.40,1.80,6.11,2.93,11.51,3.05,0.05,0.68,1.31,7.84,8.40,0.01,1.41,0.09,0.24,9.85,0.00,0,0.16,0.03,0.21,0.09,3.62,0,0.3,0.37,1.03,0,0,0,0.42,0.25,0.26,0.430686275,1.91,0,2.18,0.38,0,208.63,0,0.02,0.28,0.55,0.26,0.37,1.34,0.53,0.01,0.14,7.65,0.35,1.25,2.67,1.74,0.01,3.51,0
09/30/1985,0.01,0.05,25.25,0.20,1.97,0.24,1.64,0.48,0.00,0.48,0.00,0.97,0.20,5.31,16.57,2.01,0.95,0.35,0.03,0.91,3.74,0.32,0.17,5.28,1.34,0.01,0.69,0.09,0.94,1.07,0.13,6.19,4.01,0.45,0.28,1.61,0.00,17.87,2.91,0.20,1.73,0.10,0.18,0.73,0.71,0.06,0.75,0.00,0.88,0.17,0.09,0.11,0.05,0.11,0.06,0.51,0.15,2.36,0.57,0.00,0.18,1.06,0.60,10.01,1.52,2.01,7.28,4.65,12.44,2.91,0.06,0.83,1.61,24.18,8.75,0.01,1.67,0.12,0.26,0.00,0.04,0.04,0,0.05,0.32,0.98,3.61,0,0.85,0.54,1.07,0.15,0.6,0.08,0.82,0.48,0.27,0.644901961,2.86,0.12,3.28,1.84,1.02,227.39,0.23,0.03,0.55,0.78,0.63,0.88,1.4,0.81,0.11,0.35,6.29,0.63,1.84,3.93,2.56,0.1,5.62,0.2
10/31/1985,0.02,0.11,23.19,0.23,2.72,0.23,1.64,0.87,0.23,0.75,0.00,1.76,0.19,5.39,19.11,2.28,1.21,0.46,0.00,0.91,3.55,0.58,0.30,6.43,2.12,0.01,0.53,0.09,1.64,1.87,0.14,6.31,8.72,0.49,0.32,0.00,1.51,0.00,1.63,0.19,0.63,0.15,0.00,1.16,1.49,0.06,1.00,0.00,0.58,0.16,0.09,0.11,0.50,0.06,0.08,0.21,0.18,0.33,1.28,0.22,0.08,0.46,0.55,10.71,1.85,1.94,6.89,6.42,11.42,5.49,0.07,1.04,1.78,21.58,8.52,0.02,1.69,0.07,0.32,0.00,0.27,0.04,0,0.59,0.36,1.22,1.01,0,1.47,0.47,1.87,0.3,2.79,1.05,0.78,0.46,0.47,0.360784314,1.6,0,2.72,0.37,0.62,249.66,0.04,0.03,0.52,0.77,0.6,0.84,1.29,2.15,0.69,0.74,12.42,1.15,1.58,3.37,2.2,0.32,5.6,0.36
11/30/1985,0.05,0.27,27.18,0.32,4.88,0.40,3.35,1.86,2.43,1.20,0.59,7.11,0.26,7.82,26.81,2.27,2.53,0.39,1.84,0.94,12.81,2.34,1.21,18.10,3.27,0.05,1.46,0.19,1.53,1.75,2.04,9.63,15.80,0.46,0.85,7.76,3.32,8.83,1.11,0.56,1.71,0.25,0.00,1.76,3.64,0.92,0.98,2.66,1.06,0.30,0.81,0.95,1.54,0.20,0.25,1.18,0.43,0.33,1.96,3.55,0.79,4.61,1.19,16.73,2.00,4.96,10.63,11.51,13.38,7.54,0.28,3.93,6.65,12.72,11.34,0.07,2.77,0.20,1.12,12.47,0.63,0.11,6.63,1.76,0.51,2.59,8.41,0,1.56,0.68,1.75,1.24,3.73,9.97,1.13,0.66,0.44,0.651666667,2.89,0,7.97,0.56,1.93,249.31,0.28,0.12,0.76,1.85,0.83,1.17,2.5,3.53,1.59,2.02,12.6,2.43,2.31,4.93,3.21,1.74,5.75,1.47
12/31/1985,0.14,0.80,25.72,0.63,5.63,0.59,4.78,3.25,12.40,3.01,1.10,10.12,0.64,11.05,26.12,3.55,4.34,0.26,1.71,1.99,26.60,3.33,1.72,38.60,12.28,0.13,1.17,1.52,2.26,2.58,1.47,13.24,25.60,0.41,3.08,9.87,8.70,16.10,1.54,0.68,5.50,0.62,3.97,2.49,10.97,0.66,1.87,6.18,1.61,1.98,0.87,1.02,2.49,0.57,0.98,2.07,0.94,0.87,2.82,3.64,1.68,9.73,2.92,33.22,6.13,11.39,11.10,13.28,12.67,13.94,0.78,11.08,18.79,34.54,21.77,0.43,9.02,0.59,2.80,16.40,0.42,0.46,17.36,3.11,1,4.17,11.45,0,4.08,0.92,2.58,6.47,5.4,4.18,2.75,1.61,0.65,1.278529412,5.67,2.66,13.71,4,9.14,374.79,1.12,0.53,1.84,8.55,2.03,2.85,4.59,10.66,1.07,9.76,33.21,6.1,3.11,6.64,4.33,4.52,12.21,2.09
01/31/1986,0.64,3.58,46.23,1.03,14.19,2.17,11.59,7.29,31.16,9.74,4.66,14.81,1.97,28.18,35.58,5.49,9.81,1.05,5.54,4.96,71.59,4.87,2.51,72.49,43.30,0.31,3.98,4.94,3.98,4.55,8.89,28.08,86.38,0.72,9.49,16.35,18.03,4.05,5.62,1.42,18.00,1.99,9.93,6.36,27.82,4.01,5.98,8.43,6.71,8.18,3.64,4.28,14.73,1.95,2.09,4.46,1.64,3.83,11.90,8.67,0.73,4.26,7.47,93.67,17.11,25.78,23.23,33.47,22.77,42.32,1.82,25.70,45.50,59.81,53.03,0.90,34.58,2.00,7.73,75.91,0.94,2.03,57.96,10.45,1.66,9.66,22.76,0,9.07,2.67,4.55,23.62,7.13,9.73,7.93,4.65,1.14,2.753235294,12.21,6.65,23.22,16.7,22.44,738.26,1.96,1.62,5.32,27.9,6.23,8.75,7.54,17.52,2.38,31.48,145.69,18.05,9.03,19.29,12.56,14.93,30.46,3.06
02/28/1986,2.73,15.23,131.58,2.23,64.07,14.24,79.14,42.36,191.46,30.16,46.37,92.81,7.53,157.73,106.58,35.84,41.25,2.43,73.11,21.05,395.99,30.53,15.76,235.57,190.88,1.93,20.38,16.15,24.56,28.07,43.36,144.40,472.31,1.25,62.37,195.86,57.50,61.60,20.27,16.91,60.38,6.18,31.49,25.89,81.74,19.56,14.96,144.14,29.23,24.18,15.81,18.59,55.06,2.10,14.49,11.10,4.06,12.57,44.74,48.04,25.50,147.99,36.58,520.49,87.77,128.93,96.86,151.14,64.81,258.80,12.80,180.76,283.94,385.54,242.53,3.75,133.82,2.16,46.64,429.72,9.65,5.96,477.16,49.46,3.58,46.53,155.6,0,17.88,13.72,28.07,146.73,27.54,102.11,30.82,18.09,7.02,18.80813725,83.41,21.08,114.03,47.47,197.79,2435.53,5.04,6.74,20.66,104.07,23.85,33.48,44.77,85.14,24.34,193.44,477.72,64.73,46.45,99.22,64.6,82.76,129.33,19.2
03/31/1986,1.77,9.89,107.01,2.10,25.97,18.89,34.16,17.57,76.99,21.98,17.58,37.30,3.15,77.15,80.00,22.78,32.04,3.20,34.97,11.66,160.28,12.27,6.34,154.27,104.41,0.96,17.27,9.88,11.44,13.07,21.36,70.77,277.62,1.54,25.89,82.97,34.71,76.58,19.43,17.87,39.07,4.50,17.37,17.86,54.80,9.64,16.75,59.72,15.59,19.14,8.08,9.50,23.22,0.90,6.82,8.97,4.55,9.11,17.08,23.04,9.60,55.70,15.40,338.19,46.12,84.07,50.24,61.26,52.71,126.31,6.38,90.11,141.10,138.62,172.35,1.76,58.49,0.93,12.11,188.18,2.94,2.64,171.56,10.98,3.37,13.22,62.78,0,18.49,6.06,13.07,75.08,26.42,32.12,32.34,18.98,3.27,9.012843137,39.97,11.63,56.91,41.34,61.06,1447.54,6.04,3.17,21.68,43.83,9.99,14.02,23.4,48.03,7.4,76.68,346.19,50.7,20.53,43.85,28.55,11.61,71.63,7.72
04/30/1986,0.81,4.51,67.84,2.09,7.54,11.03,6.59,3.32,14.02,14.79,2.21,4.20,1.29,28.50,39.24,9.17,19.37,4.99,5.47,3.18,17.51,1.38,0.71,26.77,25.37,0.33,5.74,5.55,2.35,2.69,2.23,21.57,93.41,2.23,6.06,1.56,12.50,18.11,19.97,7.16,20.16,3.03,7.65,8.38,35.40,1.01,13.09,7.49,2.37,12.63,1.23,1.45,10.52,1.16,2.13,6.09,4.12,4.80,2.81,9.54,2.04,11.85,8.35,120.09,15.96,47.31,21.89,17.79,33.42,41.94,2.04,28.78,47.78,62.95,84.67,0.55,18.11,1.19,4.18,59.17,0.75,0.5,21.3,1.24,3.36,3.57,15.63,0,15.91,2.4,2.69,15.56,16.37,0,23.95,14.06,0.67,2.487156863,11.03,5.12,17.03,32.98,11.91,576.72,7.75,0.99,16.06,16.04,4.09,5.74,9.63,11.11,1.89,21.84,182.45,33.46,8.11,17.32,11.28,1.94,19.52,0.87
05/31/1986,0.87,4.86,66.13,3.83,7.17,6.36,5.05,2.68,8.30,15.54,0.60,4.20,1.61,21.55,38.64,7.85,14.94,12.82,1.41,1.86,14.65,1.38,0.71,24.33,10.78,0.29,2.53,4.99,3.09,3.53,0.83,17.63,45.30,5.25,2.64,0.83,9.88,0.00,36.87,3.06,24.02,3.18,6.09,5.63,47.61,0.37,19.53,3.57,14.98,15.80,0.59,0.69,6.99,1.26,0.98,3.67,6.14,4.84,1.64,4.13,0.00,0.00,3.50,77.86,13.12,30.71,24.42,16.91,32.57,28.73,1.76,24.83,42.03,68.29,81.53,0.34,19.23,1.30,2.09,50.13,0.49,0.53,8.61,0.95,6.14,3.87,6.66,0,31.12,1.78,3.53,7.58,0,0,30.27,17.77,0.88,1.303333333,5.78,4.08,0,50.54,0,461.55,14.95,0.92,20.29,10.52,5.09,7.15,5.44,9.59,1.25,10.42,184.09,44.04,6.03,12.88,8.39,1.13,11.45,0.87
06/30/1986,0.29,1.59,46.44,3.66,4.67,1.54,2.35,1.33,2.69,8.42,0.21,1.61,1.29,9.69,29.09,3.59,5.93,12.76,0.00,2.92,2.93,0.53,0.27,7.48,4.81,0.12,0.81,1.09,2.36,2.70,0.24,10.19,17.05,5.22,0.99,0.00,0.11,6.74,20.55,1.85,13.07,1.73,0.79,2.24,27.43,0.11,10.64,1.36,1.58,5.20,0.20,0.24,1.01,0.33,0.32,0.03,4.22,1.86,0.49,0.00,0.00,0.00,1.64,32.66,5.19,16.71,19.09,11.02,22.88,17.19,0.75,10.57,17.25,20.63,42.71,0.08,8.86,0.34,0.85,44.22,0.32,0.16,1.06,0.35,5.87,3.79,0,0,26.97,0.9,2.7,3.22,0,0,17.36,10.19,0.67,0.710294118,3.15,0.53,2.09,20.58,1.73,271.36,10.86,0.15,11.64,3.15,4.09,5.74,1.99,13.95,0.8,3.23,70.73,23.95,3.05,6.51,4.24,0.58,17.92,0.33
07/31/1986,0.04,0.24,39.93,1.14,3.04,0.46,1.81,0.68,0.06,2.31,0.00,0.79,0.48,6.41,21.67,2.90,2.35,4.15,3.01,0.00,4.05,0.26,0.13,3.17,1.73,0.03,0.38,0.19,1.26,1.44,0.07,8.05,8.15,1.91,0.36,0.00,0.16,15.64,2.70,0.58,3.10,0.47,0.21,1.02,1.64,0.03,3.01,0.18,0.67,0.21,0.03,0.04,0.62,0.04,0.11,2.62,0.85,17.50,0.49,0.00,0.00,0.00,0.73,15.33,2.73,3.35,11.55,7.17,19.67,7.38,0.20,2.81,4.44,1.24,16.60,0.03,4.01,0.04,0.33,23.05,0.20,0.04,0,0.07,1.83,1.37,5.7,0,6.84,0.59,1.44,0.56,3.66,0,3.54,2.08,0.36,0.500588235,2.22,0.14,3.11,1.08,0.8,256.06,0.86,0.05,2.37,1.21,1.53,2.15,2.69,0,0.52,0.71,25.88,3.77,1.99,4.25,2.77,0.15,0,0.16
08/31/1986,0.01,0.06,29.20,0.20,2.43,0.12,1.55,0.48,0.00,0.00,0.00,0.00,0.23,5.23,19.82,2.46,0.91,1.34,0.00,10.93,0.85,0.00,0.00,1.95,0.65,0.01,0.05,0.07,0.61,0.70,0.03,7.00,5.46,0.83,0.13,0.00,0.00,33.23,2.91,0.12,1.52,0.00,0.00,0.66,0.77,0.01,0.57,0.00,0.25,0.09,0.00,0.00,0.00,0.03,0.05,0.99,0.13,0.00,1.09,0.00,0.00,0.00,0.46,9.09,2.02,2.23,7.42,5.73,14.38,5.82,0.10,1.35,2.15,9.63,11.49,0.01,1.62,0.03,0.23,11.49,0.15,0.02,0,0.04,0.32,1.57,2.62,0,1.26,0.53,0.7,0.08,1.14,0,0.59,0.35,0.17,0,0,0,0,0.51,0.55,234.18,0,0.02,0.4,0.72,0.74,1.04,3.05,0.65,0.37,0.22,0,0.63,1.79,3.82,2.49,0.19,67.16,0
09/30/1986,0.01,0.05,26.61,0.09,2.98,0.61,2.04,0.62,0.00,1.57,0.00,1.88,0.19,6.94,22.73,3.10,1.51,0.25,0.00,0.00,0.00,0.62,0.32,5.23,1.53,0.02,0.92,0.17,1.10,1.26,0.30,7.97,9.14,0.41,0.26,4.48,0.75,33.49,2.16,0.24,2.03,0.32,0.00,0.98,2.22,0.13,0.76,0.00,0.71,0.37,0.09,0.11,1.63,0.27,0.09,0.64,0.07,32.84,0.56,0.66,0.17,0.97,0.70,16.17,2.72,3.16,8.07,7.03,13.10,4.96,0.11,1.55,3.22,25.40,13.65,0.02,1.24,0.28,0.49,27.83,0.17,0.07,0,0.13,0.14,0.82,5.37,0,1.08,0.85,1.26,0.27,3.03,2,0.81,0.48,0.31,0.004509804,0.02,0,5.26,1.51,0,251.18,0,0.04,0.54,2.02,0.61,0.86,4.48,3.3,0.43,1.52,13.93,0.53,2.88,6.15,4.01,0.14,0,0.39
10/31/1986,0.02,0.10,23.08,0.33,2.70,0.42,1.55,1.03,0.00,1.71,0.00,2.19,0.00,5.84,22.09,3.08,2.33,0.24,0.00,0.78,7.43,0.72,0.37,6.19,3.13,0.02,0.41,0.23,1.77,2.02,0.92,7.51,8.64,0.40,0.34,0.00,1.30,0.00,2.07,0.26,1.48,0.35,0.13,1.85,2.75,0.42,1.27,0.43,0.46,0.69,0.09,0.11,0.17,0.03,0.09,0.07,0.50,0.28,1.20,1.13,0.20,1.15,0.49,17.38,3.50,3.19,7.91,6.37,11.37,7.07,0.16,2.33,3.66,18.50,13.04,0.02,1.67,0.03,0.61,8.97,0.31,0.05,0,0.67,0.54,1.16,0,0,1.83,0.61,2.02,1.61,0.1,2.09,0.61,0.36,0.51,0.306666667,1.36,0.09,3.61,2.71,1.43,258.58,0.44,0.04,0.41,1.65,0,0,2.08,3.43,0.78,1.47,18.1,2.93,2.06,4.4,2.87,0.16,4.8,0.45
11/30/1986,0.02,0.11,22.58,0.16,3.01,0.35,1.19,2.01,0.00,0.42,0.00,1.64,0.05,5.61,21.00,2.50,2.07,0.04,0.00,0.97,1.93,0.54,0.28,6.28,2.18,0.02,0.18,0.12,0.76,0.87,1.10,7.19,10.54,0.33,0.39,0.00,0.66,21.16,0.40,0.22,0.34,0.09,0.01,1.55,0.00,0.50,0.37,0.00,0.43,0.28,0.10,0.12,0.20,0.00,0.08,0.00,0.26,0.01,1.57,0.01,0.00,0.00,0.42,14.05,2.98,2.80,7.30,7.10,11.12,8.17,0.13,1.81,2.79,13.39,9.23,0.02,1.21,0.00,0.46,4.07,0.27,0.06,0,1.49,0.25,1.14,0.45,0,1.01,0.55,0.87,1.21,3.12,3.95,0.45,0.26,0.22,0.588529412,2.61,0.01,2.91,0.68,1.24,232.34,0.28,0.03,0.3,1.03,0.16,0.22,2.02,1.34,0.67,1.26,13.11,1.42,1.85,3.95,2.57,0.08,5.98,0.34
12/31/1986,0.01,0.08,26.42,0.07,3.64,0.42,1.62,2.21,0.45,2.27,0.04,2.01,0.00,6.10,21.17,2.70,2.33,0.25,0.35,0.99,10.01,0.66,0.34,7.43,2.50,0.02,0.41,0.15,0.44,0.50,1.38,7.64,12.66,0.41,0.48,0.00,1.35,10.31,0.44,0.34,0.69,0.46,0.06,1.71,0.70,0.62,0.08,1.40,0.48,0.25,0.18,0.21,0.69,0.14,0.09,0.00,0.16,0.01,2.20,0.92,0.25,1.46,0.42,13.18,2.42,1.88,7.45,8.59,13.02,8.39,0.12,1.69,3.04,13.95,9.05,0.02,1.03,0.15,0.63,5.59,0.22,0.04,2.29,2.35,0.12,1.22,5.95,0,0.51,0.64,0.5,1.37,2.28,2.18,0.28,0.16,0.13,0.529901961,2.35,0.04,2.91,0.51,1.34,254.22,0,0.04,0.19,1.27,0,0,2.57,0.95,0.55,2.13,21.72,2.14,2.18,4.66,3.03,0.1,6.08,0.42
01/31/1987,0.03,0.19,30.40,0.17,5.83,0.67,3.81,3.48,4.66,1.39,0.41,4.44,0.01,9.09,28.07,2.55,2.80,0.35,0.52,1.32,21.11,1.46,0.75,41.83,7.45,0.03,1.02,0.28,1.34,1.53,2.16,10.81,16.89,0.45,0.98,3.20,4.22,12.95,0.71,0.70,1.30,0.28,0.09,2.06,1.43,0.97,0.45,2.97,0.65,0.43,0.86,1.01,1.43,0.00,0.17,0.91,0.26,0.11,1.85,1.53,0.35,2.05,0.72,19.59,2.99,2.85,11.37,13.75,14.97,11.10,0.23,3.27,5.02,24.62,11.76,0.04,2.92,0.00,3.82,18.64,0.36,0.11,10.5,3.96,0.27,1.77,5.65,0,1.18,0.97,1.53,4.1,2.24,4.08,0.71,0.42,0.38,0.852352941,3.78,0.06,7.04,0.84,2.12,329.96,0.09,0.08,0.48,2.55,0.04,0.06,2.83,3.65,0.91,7.27,43.78,3.25,3.29,7.03,4.58,0.46,8.13,0.92
02/28/1987,0.09,0.48,32.98,0.25,9.65,1.27,10.21,7.64,13.98,4.35,2.26,11.31,0.00,17.62,29.88,3.22,5.03,0.31,2.41,3.45,45.39,3.72,1.92,58.46,21.08,0.13,1.94,1.42,3.12,3.57,4.41,18.68,33.82,0.43,3.65,13.66,9.17,15.38,1.90,1.06,4.47,0.89,2.57,3.57,9.34,1.99,1.35,9.57,2.18,2.52,2.14,2.52,6.96,0.17,0.76,1.73,0.41,1.12,3.27,5.40,1.32,7.68,2.68,55.96,10.45,13.84,17.78,22.76,16.25,25.79,0.83,11.71,18.52,69.20,32.41,0.20,5.93,0.18,3.69,36.41,0.40,0.31,35.21,7.02,0.41,2.69,11.37,0,1.8,1.78,3.57,12.18,3.25,10.16,1.58,0.93,0.89,2.074509804,9.2,1.72,15.8,4.84,7.86,501.91,0.11,0.35,1.06,13.55,0,0,6.37,10.22,1,24.5,106.67,8,6.03,12.88,8.39,1.45,21.22,2.34
03/31/1987,0.16,0.92,49.66,0.37,17.97,2.14,26.02,14.76,24.03,5.90,3.26,15.53,0.08,41.84,46.03,8.98,9.90,0.35,4.66,7.63,80.19,5.11,2.64,104.85,40.07,0.19,3.45,1.96,3.74,4.27,8.51,44.88,72.70,0.45,8.20,34.05,10.92,27.69,3.23,1.19,9.06,1.21,4.81,7.24,12.69,3.84,2.32,16.71,3.83,4.22,7.55,8.88,13.43,1.20,1.48,2.47,0.76,1.79,11.52,7.40,1.55,9.02,5.08,88.09,16.53,22.05,36.42,42.39,24.46,23.05,1.14,16.16,28.51,78.35,43.33,0.40,10.93,1.23,3.07,93.90,0.58,0.34,47.27,10.08,0.6,4.3,14.04,0,2.87,2.66,4.27,20.65,2.75,14.08,3,1.76,1.07,2.985490196,13.24,3.22,20.04,8.75,18.28,903.34,0.88,0.7,2.01,22.02,0.26,0.37,7.07,11.97,1.47,39.63,236.19,11.79,9,19.22,12.52,1.99,46.89,3.21
04/30/1987,0.39,2.18,41.70,1.52,6.08,3.30,3.50,4.42,5.98,12.10,0.46,2.46,0.25,14.73,25.96,6.34,7.57,3.76,0.82,1.98,12.81,0.81,0.42,17.71,13.61,0.20,1.69,4.08,1.43,1.63,1.76,14.67,33.18,1.76,2.65,0.00,3.14,0.00,17.78,0.94,17.73,2.48,6.63,4.62,31.55,0.79,9.44,3.66,12.88,12.84,0.77,0.91,7.68,1.42,0.84,5.06,3.63,0.10,1.62,1.01,0.00,0.00,3.50,54.50,10.47,10.81,17.03,14.34,20.54,20.19,1.18,16.71,30.05,55.85,49.51,0.33,18.20,1.46,1.41,27.32,0.52,0.49,6.5,1.75,2.44,1.43,5.02,0,12.27,1.26,1.63,6.28,3.9,0.45,11.57,6.79,0.41,1.206372549,5.35,4.44,0,31.94,3.9,372.2,6.03,0.71,7.76,10.06,0.78,1.1,2.57,11.28,1.31,17.47,205.86,24.19,4.28,9.14,5.95,0.58,12.19,0.51
05/31/1987,0.15,0.81,38.83,2.23,4.50,1.15,1.67,2.15,3.18,7.37,0.19,0.79,0.24,8.92,21.97,3.83,6.53,6.27,0.31,1.08,6.32,0.26,0.13,7.09,7.80,0.11,0.45,1.68,1.06,1.21,0.36,8.35,19.53,2.72,0.93,4.63,1.08,0.00,12.28,0.73,10.33,1.51,2.60,3.30,14.40,0.16,6.82,1.95,8.61,5.30,0.23,0.27,2.74,0.59,0.42,2.10,3.69,2.46,0.70,4.04,0.24,1.41,1.27,29.66,5.95,6.52,17.76,10.62,19.12,7.33,0.69,9.70,16.72,28.25,32.19,0.11,4.49,0.61,0.99,11.45,0.10,0.09,0.9,0.58,3.57,1,4.84,0,13.72,0.8,1.21,4.02,6.5,14.34,8.67,5.09,0.3,0.613333333,2.72,1.74,1.05,15.39,1.38,287.08,5.2,0.2,5.81,4.4,0.76,1.07,2.93,5.88,0.25,6.7,155.92,13.49,2.72,5.81,3.78,0.13,6.62,0.16
06/30/1987,0.02,0.09,26.10,0.74,1.56,0.35,1.19,0.55,0.21,1.14,0.10,0.00,0.00,5.43,15.68,1.85,3.73,1.80,0.21,0.60,4.74,0.00,0.00,2.17,2.49,0.03,0.37,0.21,0.78,0.89,0.20,5.72,7.57,1.00,0.31,2.16,0.77,10.06,0.88,0.32,2.10,0.23,0.16,1.60,0.79,0.09,1.84,0.00,1.31,0.36,0.04,0.05,0.44,0.13,0.14,1.02,0.87,2.28,0.37,1.05,0.16,0.90,0.51,12.38,2.28,3.01,7.99,3.68,12.85,1.61,0.16,2.33,3.98,12.99,11.26,0.03,0.86,0.13,0.39,16.01,0.11,0.01,0,0.13,1.19,0.54,3.84,0,3.8,0.44,0.89,1.57,3.46,0.45,2.05,1.2,0.22,0.405882353,1.8,0.11,1.59,1.12,0,203.64,0.45,0.06,1.37,1.35,0,0,1.39,1.16,0.28,1.25,45.46,3.47,1.5,3.2,2.09,0.01,3.71,0
07/31/1987,0.00,0.02,23.68,0.25,1.24,0.21,0.75,0.35,0.00,0.31,0.00,0.00,0.00,4.03,15.36,1.86,2.36,0.43,0.01,0.59,1.16,0.00,0.00,1.19,0.95,0.01,0.15,0.06,0.53,0.61,0.11,5.11,4.42,0.48,0.06,0.84,0.89,8.83,0.00,0.14,1.80,0.06,0.00,1.03,0.00,0.05,0.49,0.00,0.64,0.06,0.00,0.00,0.00,0.05,0.05,0.47,0.20,1.65,0.20,0.00,0.00,0.00,0.39,8.23,1.69,1.67,6.26,2.93,11.67,1.67,0.07,0.95,1.61,7.63,8.23,0.01,0.45,0.05,0.17,5.01,0.10,0,0,0.03,0.39,0.3,3.63,0,0.91,0.33,0.61,0.68,2.97,0,0.51,0.3,0.15,0.266078431,1.18,0,1.88,0.42,0,225.23,0,0.03,0.34,0.8,0,0,1.48,0.94,0.26,0.26,12.84,1.37,1.12,2.39,1.56,0.01,3.62,0
08/31/1987,0.00,0.01,23.10,0.10,1.32,0.08,0.20,0.32,0.00,1.84,0.01,0.00,0.00,3.73,13.37,1.72,1.18,0.14,0.00,0.31,4.60,0.00,0.00,0.78,0.80,0.01,0.04,0.03,0.80,0.91,0.08,4.67,2.86,0.36,0.01,0.00,0.04,7.05,0.16,0.06,1.72,0.38,0.00,0.66,0.00,0.03,0.23,0.24,0.21,0.07,0.00,0.00,0.00,0.05,0.03,0.22,0.07,0.00,0.24,0.00,0.00,0.00,0.20,6.43,1.44,1.32,5.42,3.11,11.38,1.68,0.04,0.57,1.04,7.90,6.38,0.01,0.35,0.05,0.13,0.47,0.07,0,0,0.02,0.16,0.14,1.73,0,0.39,0.35,0.91,0.46,2.77,0,0.08,0.05,0.23,0.139803922,0.62,0,0.09,0.39,0.56,172.07,0.43,0.01,0.05,0.46,0,0,1.88,1.78,0.17,0.09,9.76,1.15,1.19,2.54,1.66,0,1.89,0
09/30/1987,0.00,0.01,19.49,0.03,1.47,0.07,0.44,0.36,0.00,0.00,0.02,0.40,0.00,3.84,12.84,1.71,0.63,0.09,0.06,0.81,1.90,0.13,0.07,1.00,0.66,0.01,0.05,0.03,0.73,0.83,0.06,4.59,2.42,0.35,0.02,0.00,0.46,13.31,2.87,0.09,0.25,0.00,0.15,0.49,0.26,0.03,0.30,0.00,0.00,0.05,0.00,0.00,0.00,0.14,0.02,0.00,0.03,0.00,0.41,0.00,0.00,0.00,0.17,5.56,1.20,1.17,5.09,3.47,9.60,1.49,0.03,0.40,1.07,10.99,5.65,0.01,0.20,0.15,0.12,1.44,0.05,0.01,0,0.05,0.05,0.22,1.88,0,0.21,0.36,0.83,0.21,1.94,0,0.11,0.06,0.21,0.518627451,2.3,0.1,0.13,0.52,0,203.47,0.09,0.01,0.07,0.36,0,0,1.68,1.58,0.12,0.04,0,0.7,1.21,2.58,1.68,0.01,4.97,0.08
10/31/1987,0.00,0.01,21.04,0.10,1.63,0.09,0.69,0.62,0.00,0.00,0.10,1.16,0.03,4.10,14.23,1.69,1.03,0.07,0.23,0.59,8.32,0.38,0.20,1.82,1.45,0.01,0.13,0.05,0.32,0.37,0.60,4.95,3.93,0.34,0.09,0.00,0.31,3.20,0.12,0.11,0.30,0.00,0.00,0.99,0.00,0.27,0.21,0.33,0.15,0.14,0.02,0.02,0.00,0.00,0.03,0.05,0.09,3.81,0.83,0.24,0.23,1.35,0.28,5.54,1.09,1.32,5.34,3.85,10.36,2.86,0.05,0.74,1.13,7.17,6.06,0.01,0.31,0.00,0.27,4.34,0.09,0.01,0,0.29,0.16,0.36,2.04,0,0.51,0.33,0.37,0.67,2.25,2.1,0.13,0.08,0.09,0.24127451,1.07,0,0.8,0.46,0.81,209.05,0.15,0.01,0.09,0.43,0.09,0.13,1.58,1.24,0.23,0.2,0.13,0.38,1.12,2.39,1.56,0.03,3.64,0.24
11/30/1987,0.01,0.06,18.62,0.19,2.15,0.12,1.33,1.39,0.61,2.45,0.04,2.04,0.03,5.36,15.63,2.00,1.89,0.14,0.22,0.96,7.65,0.67,0.35,5.66,1.67,0.01,0.19,0.14,0.64,0.73,0.96,5.35,6.97,0.36,0.50,0.00,1.47,3.60,0.15,0.23,0.51,0.50,0.00,1.32,0.00,0.43,0.65,0.16,0.27,0.20,0.23,0.27,0.18,0.02,0.08,0.00,0.34,0.00,1.25,0.29,0.08,0.45,0.37,7.98,1.50,1.88,5.80,5.07,9.17,4.42,0.08,1.09,1.73,14.20,6.98,0.02,0.96,0.02,0.53,8.39,0.23,0.02,1.19,0.87,0.3,0.74,2.21,0,1.03,0.42,0.73,0.99,0,2.03,0.45,0.26,0.18,0.193921569,0.86,0,3.01,0.27,0.73,225.07,0,0.03,0.3,0.72,0.11,0.15,3.04,0.62,0.57,1.36,9.22,1.01,1.43,3.05,1.99,0.08,5.91,0.42
12/31/1987,0.04,0.22,34.32,0.30,9.16,0.72,9.67,5.83,27.79,4.10,3.71,9.09,0.00,21.99,30.11,4.19,6.32,0.00,4.27,7.38,67.84,2.99,1.54,61.91,39.13,0.08,1.66,1.06,2.65,3.03,5.12,17.68,33.76,0.31,12.25,17.44,14.68,11.67,1.97,0.54,3.86,0.84,1.58,4.75,8.04,2.31,1.73,14.26,2.18,1.77,3.11,3.66,7.42,0.38,0.43,1.54,0.56,0.00,5.52,2.24,1.24,7.17,1.79,48.36,9.42,18.47,19.65,21.61,16.90,19.00,0.51,7.27,12.33,49.40,29.09,0.11,2.97,0.39,4.12,87.69,0.53,0.12,51.99,5.77,0.48,1.63,10.93,0,1.97,1.96,3.03,23.54,0.91,4.07,1.12,0.66,0.76,1.594215686,7.07,1.06,11.77,3.36,20.94,679.01,0.29,0.2,0.75,11.97,0,0,6.02,8.39,1.33,46.54,194.01,5.51,6.62,14.14,9.21,0.66,45.3,1.88
01/31/1988,0.09,0.51,26.52,0.35,10.84,0.57,20.81,8.99,50.92,3.98,7.49,16.60,0.08,24.90,39.67,2.70,4.67,0.60,12.02,6.75,129.84,5.46,2.82,89.66,53.29,0.15,1.33,1.06,4.06,4.64,5.74,21.53,29.88,0.54,12.57,33.05,22.50,35.07,1.20,0.71,3.46,0.82,2.35,3.36,6.87,2.59,1.66,30.58,1.62,1.56,5.06,5.95,3.26,0.40,0.85,1.23,0.54,1.10,5.94,3.03,2.12,12.29,3.58,34.54,6.26,13.05,21.22,25.57,13.06,20.24,0.98,13.85,22.48,34.97,23.60,0.22,6.89,0.41,5.97,73.12,0.33,0.32,95.14,7.42,0.56,3.42,20.25,0,2.44,1.64,4.64,31.25,1.56,8.21,1.66,0.97,1.16,1.756568627,7.79,1.57,20.4,2.88,40.6,602.86,0.49,0.4,1.11,7.45,0.26,0.37,6.73,7.01,0.84,31.14,102.64,7.4,5.54,11.83,7.71,1.51,41.46,3.43
02/29/1988,0.11,0.63,25.33,0.30,5.00,0.70,3.99,4.31,15.86,2.95,1.00,2.49,0.16,11.96,22.16,2.56,2.86,0.21,1.84,2.24,20.32,0.82,0.42,13.10,17.77,0.08,0.37,1.12,1.18,1.35,2.44,9.32,20.89,0.39,4.66,7.93,4.06,6.06,1.97,0.63,5.13,0.60,2.30,2.22,6.22,1.10,1.89,5.19,1.61,2.96,0.64,0.75,2.62,0.56,0.69,0.36,0.59,0.00,3.31,2.27,0.54,3.15,2.93,28.87,5.94,2.51,10.16,11.80,12.48,13.72,0.48,6.75,12.10,42.37,19.67,0.30,8.04,0.58,9.01,18.41,0.35,0.24,14.26,3.06,0.48,0.99,5.82,0,2.25,0.91,1.35,9.08,0.6,1.77,2.23,1.31,0.34,0.956078431,4.24,1.54,6.69,5.71,12.67,363.7,0.69,0.37,1.5,8.35,0.51,0.72,4.02,5.98,0.89,22.56,104.26,7.77,3.09,6.6,4.3,0.87,13.75,0.52
03/31/1988,0.20,1.12,30.49,0.56,5.65,1.47,2.30,4.96,8.07,5.74,0.40,2.49,0.15,12.27,21.18,4.14,4.29,1.03,1.09,1.49,9.07,0.82,0.42,14.14,10.28,0.13,1.26,2.27,1.60,1.83,2.34,10.85,28.87,0.71,3.36,10.94,4.20,0.00,6.24,0.80,9.32,1.18,3.93,3.20,13.53,1.05,4.42,1.79,5.09,6.40,0.34,0.40,8.03,1.07,0.82,1.92,1.40,0.00,3.18,3.56,0.17,0.98,3.68,46.14,9.03,11.96,12.72,13.33,15.02,13.41,0.71,10.03,18.71,46.74,30.39,0.35,12.12,1.10,3.09,35.23,0.31,0.32,6.3,2.55,0.89,1.07,6.66,0,4.44,1.1,1.83,5.25,0,3.28,4.84,2.84,0.46,0.556960784,2.47,2.63,6.55,13.73,5.1,359.66,2.33,0.45,3.24,14.41,0.48,0.67,4.39,9.03,0.77,14.53,111.11,12.2,3.73,7.97,5.19,0.67,9.16,0.52
04/30/1988,0.17,0.95,31.95,1.08,5.26,1.31,3.06,4.43,5.60,8.06,0.51,3.95,0.02,12.34,19.79,3.57,5.12,2.53,0.92,2.30,7.11,1.30,0.67,16.45,10.51,0.14,0.51,2.89,1.74,1.99,1.51,10.20,26.97,1.29,4.90,17.71,1.47,0.00,10.96,0.51,10.97,1.65,3.93,3.52,17.05,0.68,6.02,1.52,8.84,7.83,0.37,0.44,8.50,1.20,0.73,2.55,2.46,0.00,1.82,4.13,0.73,4.22,2.58,42.33,9.15,9.61,14.17,12.41,15.74,8.71,0.80,11.24,20.97,42.51,34.79,0.19,6.54,1.23,2.20,32.21,0.42,0.17,4.57,1.71,1.73,1.3,6.17,0,8.43,1.01,1.99,5.1,0,3.41,7,4.11,0.5,0.464509804,2.06,2.63,3.67,19.84,4.06,319.54,3.84,0.34,4.69,10.79,0.06,0.08,2.95,8.72,1.05,9.82,137.29,13.72,3.41,7.28,4.74,0.25,14.12,0.82
05/31/1988,0.10,0.58,27.53,1.62,3.64,0.46,2.68,1.98,5.18,6.68,0.27,1.43,0.15,10.99,20.34,3.26,7.27,4.75,0.57,3.05,6.67,0.47,0.24,19.31,14.78,0.11,0.24,1.99,1.23,1.41,0.82,8.07,23.07,2.14,3.68,13.68,0.94,0.00,11.36,0.14,9.16,1.37,2.03,3.87,13.75,0.37,5.02,1.25,7.44,4.82,0.33,0.39,5.94,0.74,0.51,0.92,2.82,0.00,1.01,3.35,0.78,4.52,2.11,32.24,7.36,8.04,14.07,8.59,13.56,3.76,0.63,8.86,15.91,35.57,29.47,0.14,3.31,0.76,2.01,35.63,0.16,0.06,2.18,0.5,2.6,0.96,5.3,0,10.27,0.94,1.41,7.85,0.07,1.57,6.49,3.81,0.35,0.378823529,1.68,1.36,3.79,14.81,2.87,356.47,3.53,0.3,4.35,7.25,0.47,0.66,3.8,7.27,0.4,7.11,141.15,10.76,3.19,6.81,4.44,0.07,18.72,0.3
06/30/1988,0.02,0.14,26.55,1.12,2.30,0.17,2.32,0.93,2.20,2.88,0.19,0.67,0.00,7.55,17.85,2.16,4.82,2.99,0.07,1.50,7.78,0.22,0.11,8.26,5.61,0.05,0.35,0.50,0.89,1.02,0.28,6.15,10.70,1.46,1.54,7.98,0.89,0.00,4.15,0.10,4.37,0.59,0.43,2.28,4.40,0.13,2.79,0.79,2.86,1.21,0.09,0.11,2.15,0.25,0.24,1.11,1.40,0.00,0.54,1.52,0.44,2.56,0.91,15.80,3.35,4.34,11.61,5.43,13.07,0.49,0.27,3.83,6.66,17.76,15.22,0.06,1.17,0.26,1.20,28.47,0.22,0.01,0.71,0.21,1.8,0.6,2.75,0,5.75,0.58,1.02,3.84,2.44,1.52,2.9,1.7,0.25,0.223235294,0.99,0.29,2.69,4.53,0.53,261.17,1.03,0.11,1.94,3.17,0,0,2.89,3.2,0.56,3.76,101.33,4.86,1.97,4.21,2.74,0.03,9.23,0.14
07/31/1988,0.00,0.02,23.68,0.26,1.26,0.07,0.38,0.40,0.22,0.72,0.10,0.00,0.00,4.48,13.63,1.58,2.91,0.51,0.03,0.36,4.16,0.00,0.00,1.38,1.42,0.01,0.15,0.09,0.88,1.01,0.12,4.72,5.30,0.51,0.31,4.46,0.73,4.80,0.00,0.09,1.18,0.15,0.00,1.28,0.56,0.05,0.38,1.51,0.70,0.08,0.00,0.00,0.77,0.09,0.07,0.00,0.22,0.00,0.21,0.31,0.08,0.45,0.44,9.14,1.96,2.04,6.80,2.97,11.67,1.13,0.08,1.07,1.93,12.26,8.04,0.02,0.43,0.09,0.39,7.25,0.15,0,0,0.05,0.42,0.2,2.21,0,0.97,0.39,1.01,0.93,2.56,0.17,0.49,0.29,0.25,0.191666667,0.85,0,1.63,0.54,0,176.95,0,0.03,0.33,1.08,0.01,0.01,1.82,1.84,0.39,0.56,27.71,0.98,1.31,2.8,1.82,0,2.23,0
08/31/1988,0.00,0.01,21.51,0.09,1.19,0.03,0.04,0.31,0.00,0.30,0.00,0.00,0.00,4.11,12.60,1.29,1.21,0.32,0.00,1.02,0.00,0.00,0.00,0.86,0.66,0.01,0.04,0.03,0.63,0.72,0.08,4.32,2.74,0.43,0.08,0.00,1.09,2.11,0.00,0.06,0.40,0.06,0.00,0.68,0.30,0.04,0.27,0.00,0.26,0.05,0.00,0.00,0.28,0.03,0.02,0.00,0.06,0.00,0.33,0.00,0.00,0.00,0.29,4.75,1.04,1.21,5.41,2.81,10.59,1.26,0.04,0.58,1.00,7.97,5.94,0.01,0.28,0.03,0.21,3.82,0.03,0,0,0.02,0.14,0.16,1.78,0,0.33,0.36,0.72,0.31,1.24,0,0.13,0.08,0.18,0.072156863,0.32,0,0.64,0.57,0,183.7,0,0.01,0.09,0.59,0,0,2.07,0.89,0.08,0.11,7.39,0.5,1.22,2.61,1.7,0,6.27,0
09/30/1988,0.00,0.01,16.14,0.04,1.32,0.03,0.02,0.34,0.00,0.53,0.00,0.00,0.00,3.16,12.10,1.11,0.55,0.14,0.14,0.99,0.00,0.00,0.00,0.78,0.53,0.01,0.09,0.02,0.82,0.94,0.05,4.07,1.97,0.36,0.03,0.00,0.26,17.30,3.34,0.03,0.00,0.11,0.00,0.43,0.01,0.02,0.07,1.00,0.00,0.06,0.00,0.00,0.00,0.03,0.01,0.00,0.03,0.00,0.30,0.11,0.12,0.68,0.19,4.19,0.88,0.94,4.90,3.11,7.95,1.12,0.03,0.45,0.78,13.41,5.08,0.00,0.21,0.03,0.08,0.00,0.03,0.01,0,0.04,0.06,0.19,1.87,0,0.24,0.31,0.94,0.14,1.08,0,0.15,0.09,0.23,0.189411765,0.84,0,0.32,0.57,0,194.36,0,0.01,0.1,0.42,0,0,1.25,1.11,0.08,0.03,0.27,0.64,1.05,2.24,1.46,0,6.09,0
10/31/1988,0.00,0.02,18.55,0.05,1.84,0.03,0.38,0.64,0.00,0.54,0.00,0.85,0.04,4.08,12.48,1.25,0.77,0.14,0.00,1.29,4.25,0.28,0.14,1.51,1.14,0.01,0.05,0.03,0.51,0.58,0.67,4.39,4.75,0.36,0.10,0.00,0.60,4.85,0.26,0.06,0.20,0.11,0.00,0.79,0.00,0.30,0.16,0.00,0.17,0.06,0.00,0.00,0.00,0.00,0.02,0.00,0.04,1.49,0.87,0.19,0.15,0.88,0.23,5.39,1.18,1.15,5.25,4.34,9.13,3.26,0.04,0.54,0.83,7.67,5.28,0.00,0.33,0.00,0.12,0.00,0.26,0.01,0,0.38,0.08,0.31,0,0,0.31,0.3,0.58,0.44,0.98,0.39,0.14,0.08,0.15,0.078921569,0.35,0,0.74,0.36,0.48,192.09,0,0.01,0.09,0.4,0.14,0.2,2.29,2.1,0.65,0.14,1.54,0.24,1,2.14,1.39,0.07,7.92,0.18
11/30/1988,0.03,0.18,29.27,0.30,4.42,0.84,3.69,2.30,6.31,2.56,0.42,6.90,0.20,9.70,19.01,3.03,4.96,0.30,0.64,3.68,13.46,2.27,1.17,38.79,14.57,0.10,2.38,1.51,2.78,3.18,2.09,10.04,27.80,0.43,2.42,27.17,3.24,0.00,2.19,0.68,5.19,0.52,1.37,3.29,11.12,0.94,1.09,2.64,2.41,2.20,0.64,0.75,4.63,0.51,0.52,2.72,0.37,0.00,2.52,2.54,1.71,9.90,1.82,35.64,5.51,11.60,10.43,10.43,14.42,12.66,0.64,9.00,15.38,30.80,23.82,0.14,2.14,0.52,3.27,36.79,0.26,0.07,8.47,1.76,0.49,1.17,12.78,0,1.77,1.19,3.18,8.73,1.03,5.04,0.92,0.54,0.79,0.784705882,3.48,0.92,12.49,4.39,4.28,373.33,0.28,0.25,0.62,8.97,0.62,0.87,4.13,10.73,0.66,15.26,59.61,1.89,4.03,8.61,5.6,1.81,22.58,1.43
12/31/1988,0.04,0.23,22.04,0.25,4.42,0.46,2.27,2.51,3.38,3.18,0.50,10.15,0.16,7.95,18.05,2.29,2.32,0.22,0.63,1.45,14.56,3.34,1.72,20.96,7.42,0.07,0.93,0.75,2.68,3.06,2.10,6.93,17.08,0.40,1.22,4.55,4.16,8.77,1.56,0.63,3.28,0.65,1.11,1.61,4.92,0.95,1.08,2.08,1.37,1.61,0.99,1.16,2.32,0.31,0.35,1.17,0.42,0.00,3.08,1.45,0.74,4.28,1.05,16.21,2.34,6.20,8.53,10.43,10.85,12.87,0.41,5.77,9.83,17.29,13.86,0.09,3.01,0.32,0.93,15.38,0.16,0.12,10.06,2.93,0.4,1.5,7.77,0,1.6,0.63,3.06,4.42,2.92,2.73,0.95,0.56,0.77,0.489313725,2.17,0.74,6.42,3.09,0.68,296.01,0.28,0.16,0.64,3.44,0.5,0.7,2.77,2.95,0.4,6.68,38.38,2.16,2.13,4.55,2.96,1.86,8.89,2.1
01/31/1989,0.07,0.42,20.26,0.26,6.19,0.47,4.58,3.49,8.64,2.50,0.38,11.46,0.27,7.19,24.12,2.35,2.72,0.50,0.55,1.50,17.22,3.77,1.95,44.14,16.83,0.08,0.77,0.57,2.19,2.50,1.90,9.54,20.14,0.50,2.20,5.05,6.48,12.14,1.23,0.50,2.71,0.51,1.36,1.80,4.81,0.86,0.95,4.55,1.22,1.39,1.15,1.35,1.74,0.28,0.46,0.47,0.40,0.00,2.00,1.59,0.95,5.50,1.45,18.42,3.16,9.71,11.41,14.60,9.98,18.37,0.47,6.62,11.03,21.62,16.63,0.12,3.57,0.29,2.79,19.04,0.32,0.23,8.49,4.27,0.42,1.92,12.21,0,1.87,0.74,2.5,10.31,2.71,0.47,1.14,0.67,0.63,0.825294118,3.66,0.91,10.26,2.64,2.25,301.88,0.16,0.22,0.76,3.58,0.84,1.18,2.87,4.28,0.8,13.82,45.73,2.81,2.52,5.38,3.5,2.23,9.2,2.37
02/28/1989,0.15,0.81,24.02,0.33,5.71,1.11,2.75,3.32,6.22,2.54,0.26,6.11,0.48,8.12,19.05,2.81,3.27,0.11,0.44,0.99,6.12,2.01,1.04,20.03,8.25,0.11,1.90,0.94,2.13,2.43,2.33,8.70,27.03,0.35,1.34,5.82,5.05,10.84,2.07,1.66,5.41,0.52,2.67,2.20,9.87,1.05,1.58,1.44,2.28,2.87,0.24,0.28,3.39,0.74,0.94,1.27,0.59,0.00,1.62,2.86,1.16,6.73,3.17,46.75,7.67,15.11,9.62,13.47,11.83,27.67,0.67,9.48,16.84,40.69,27.61,0.25,9.19,0.76,5.96,4.63,0.23,0.44,5.58,4.36,0.52,1.95,12.48,0,2.54,1.14,2.43,5.21,2.81,2.05,2.2,1.29,0.61,1.159019608,5.14,1.79,14.02,5.49,1.29,287.97,0.71,0.5,1.47,9.86,1.51,2.12,4.34,7.13,0.59,12.28,48.49,4.94,3.85,8.22,5.35,3.75,6.06,1.26
03/31/1989,1.59,8.87,93.89,1.71,35.19,8.30,36.78,26.44,47.51,24.06,6.03,51.74,4.53,71.45,84.85,18.13,24.48,2.48,8.45,15.55,134.94,17.02,8.79,184.83,79.39,0.89,14.40,8.66,15.17,17.34,18.49,74.03,237.12,1.27,15.99,95.07,16.68,0.00,14.55,8.45,36.54,4.93,18.85,16.31,55.18,8.34,10.90,29.40,20.93,19.36,8.66,10.18,37.75,3.23,6.18,10.62,3.14,4.11,19.13,19.70,6.20,35.98,21.77,295.55,48.17,83.39,61.04,83.01,46.24,159.13,5.56,78.58,130.64,208.02,163.37,2.12,82.44,3.32,30.69,248.02,2.63,3.62,83.88,23.92,2.75,12.28,72.82,0,14.05,7.47,17.34,45.25,19,13.67,19.1,11.21,4.33,7.317156863,32.45,12.62,82.13,39.27,39.26,1502.12,4.7,4.78,12.81,72.96,14.35,20.15,26.23,32.35,6.63,71.08,365.92,43.14,25.3,54.04,35.19,30.88,95.51,10.71
04/30/1989,1.19,6.61,65.91,2.27,11.00,8.69,6.75,7.71,14.90,20.08,0.70,9.70,1.81,27.90,47.79,10.65,17.89,6.04,1.17,4.56,25.86,3.19,1.65,59.97,25.00,0.49,4.78,9.63,3.36,3.84,4.03,26.96,102.12,2.64,4.34,0.00,4.07,0.00,22.31,4.18,35.04,4.11,14.85,9.65,56.41,1.82,16.91,6.38,27.43,19.94,1.08,1.27,19.99,1.92,1.93,9.49,5.01,0.00,4.33,14.38,2.69,15.59,13.31,145.69,26.05,41.76,26.90,25.95,32.47,79.35,3.05,43.09,72.10,97.53,127.28,1.59,36.12,1.97,6.12,76.79,1.00,1.47,9.37,3.62,3.64,2.7,21.98,0,20.72,2.83,3.84,12.46,11.82,0.92,26.3,15.44,0.96,2.214313725,9.82,9.94,15.95,47.56,11.58,659.32,8.78,3.85,17.63,31.46,5.73,8.04,8.73,23.84,2.51,27.45,243.79,43.11,9.58,20.46,13.32,4.82,28.04,2.01
05/31/1989,0.55,3.05,44.09,2.88,5.54,3.19,2.40,2.58,4.41,14.99,0.15,8.42,0.84,12.05,30.44,5.20,10.43,8.64,0.26,1.63,3.46,2.77,1.43,18.21,9.80,0.26,0.96,4.86,2.04,2.33,0.57,10.86,34.57,3.64,1.59,0.00,0.49,0.00,28.27,1.05,22.40,3.07,4.65,4.54,41.36,0.26,13.87,1.15,22.09,14.84,0.27,0.32,6.27,1.23,0.58,6.98,4.78,2.75,1.01,7.91,0.37,2.17,3.82,59.67,12.33,19.18,18.47,13.07,21.71,36.03,1.57,22.22,37.91,50.40,85.84,0.31,12.67,1.26,3.38,24.73,0.42,0.33,1.85,0.83,4.62,1.21,9.51,0,20.96,1.26,2.33,5.44,5.37,0,20.75,12.18,0.58,0.696764706,3.09,3.11,0,43.47,5.17,335.67,8.29,1.16,13.91,10.46,2.65,3.72,5.38,13.21,1.06,8.1,153.78,30.39,4.28,9.14,5.95,0.86,10.04,1.74
06/30/1989,0.15,0.83,32.68,2.47,3.30,1.06,1.78,1.08,1.80,5.83,0.18,1.52,0.56,6.97,22.54,3.21,5.14,6.77,0.35,0.78,4.63,0.50,0.26,5.79,4.58,0.09,0.61,0.95,1.33,1.52,0.27,7.12,12.97,2.92,0.56,0.00,0.13,15.62,17.64,0.30,11.17,1.19,1.11,2.03,20.73,0.12,7.48,1.04,8.75,4.58,0.10,0.12,1.46,0.27,0.33,3.31,2.89,0.00,0.46,3.80,0.07,0.42,1.45,25.40,5.19,7.11,15.23,7.78,16.09,13.20,0.59,8.27,13.54,24.22,37.48,0.08,4.95,0.28,1.40,20.49,0.19,0.09,1.89,0.29,3.96,0.62,7.98,0,14.25,0.66,1.52,2.91,2.65,0,10.78,6.33,0.38,0.462254902,2.05,0.74,1.51,17.71,1.69,221.22,5.21,0.15,7.23,2.93,1.77,2.48,2.83,5.15,0.49,2.65,60.21,14.15,2.22,4.74,3.09,0.22,4.78,0.31
07/31/1989,0.02,0.10,22.69,0.57,1.78,0.27,0.57,0.46,0.43,1.61,0.09,0.40,0.20,5.10,16.59,2.13,1.64,3.10,0.19,1.81,0.57,0.13,0.07,2.03,2.12,0.02,0.12,0.14,1.22,1.39,0.16,5.48,4.41,1.50,0.12,0.00,0.56,22.65,0.00,0.18,2.91,0.33,0.00,0.68,2.33,0.07,1.46,1.83,1.00,0.12,0.01,0.01,0.04,0.05,0.11,1.12,0.44,0.00,0.24,0.74,0.00,0.01,0.65,10.56,2.24,2.81,8.12,4.20,11.17,5.36,0.16,2.25,3.59,17.94,13.95,0.03,1.86,0.05,0.38,9.66,0.11,0.02,0,0.05,0.91,0.25,5.75,0,2.37,0.33,1.39,1.65,3.97,0,1.13,0.66,0.35,0.180392157,0.8,0,2.43,1.8,0.36,178.8,0,0.05,0.76,1.22,0.63,0.88,2.01,2.06,0.27,0.68,15.3,1.69,1.11,2.37,1.54,0.04,11.11,0.08
08/31/1989,0.00,0.02,26.34,0.11,1.75,0.21,0.08,0.39,0.41,0.53,0.00,0.00,0.12,4.39,14.08,1.91,0.86,0.15,0.00,0.72,3.21,0.00,0.00,1.32,1.08,0.01,0.17,0.06,0.85,0.97,0.10,5.02,3.58,0.37,0.02,0.93,0.00,23.17,0.00,0.19,1.76,0.11,0.00,0.59,0.72,0.04,0.10,0.32,0.72,0.10,0.00,0.00,0.00,0.01,0.06,0.77,0.08,0.00,0.43,0.35,0.05,0.28,0.43,7.65,1.48,2.04,6.47,4.13,12.97,4.57,0.09,1.25,1.94,6.79,10.05,0.01,0.71,0.01,0.24,0.00,0.08,0.01,0,0.03,0.18,0.3,3.65,0,0.47,0.41,0.97,0.86,3.52,0,0.48,0.28,0.24,0.20745098,0.92,0,1.36,0.5,0.61,186.24,0,0.02,0.32,0.76,0.38,0.53,2.02,0.86,0.2,0.14,7.15,0.3,1.39,2.97,1.93,0.01,4.41,0
09/30/1989,0.01,0.03,22.89,0.08,2.17,0.26,1.27,0.49,0.69,1.20,0.08,1.09,0.15,4.46,16.49,1.80,0.89,0.02,0.13,1.09,9.59,0.36,0.19,4.72,2.14,0.01,0.38,0.10,1.17,1.34,0.08,5.90,4.54,0.32,0.56,2.23,0.28,6.12,3.66,0.20,1.34,0.25,0.18,0.62,2.08,0.04,0.44,0.57,0.80,0.20,0.04,0.05,0.45,0.03,0.06,0.72,0.06,1.88,0.46,0.56,0.41,2.37,0.49,9.01,1.58,2.11,6.78,5.12,11.27,3.54,0.09,1.32,2.11,16.69,9.29,0.02,0.85,0.03,0.26,7.56,0.00,0.04,1.42,0.08,0.13,0.45,3.42,0,0.56,0.5,1.34,0.95,3.71,1.76,0.65,0.38,0.33,0.049607843,0.22,0.12,1.84,0.72,0.9,210.75,0,0.03,0.44,0.85,0.46,0.65,3.31,0.93,0,0.63,10.43,0.39,1.7,3.63,2.36,0.13,6.68,0.23
10/31/1989,0.05,0.29,27.58,0.53,3.45,0.23,2.46,1.89,1.33,2.82,0.17,2.71,0.28,7.91,20.29,2.86,2.96,0.69,0.16,2.07,10.81,0.89,0.46,15.43,6.23,0.04,0.72,0.25,2.24,2.56,1.15,9.96,11.53,0.58,1.37,1.63,0.28,0.00,4.19,0.17,2.27,0.58,0.39,2.32,3.59,0.52,1.55,0.76,1.94,0.94,0.26,0.31,1.88,0.23,0.16,0.98,0.76,0.00,1.62,0.00,0.00,0.00,0.80,21.52,4.28,5.27,10.53,8.14,13.59,9.47,0.23,3.18,5.62,29.80,17.46,0.04,3.81,0.24,0.79,11.87,0.45,0.15,3.78,1.02,0.85,0.87,5.68,0,3.06,0.76,2.56,3.18,1.3,1.55,0.88,0.52,0.64,0.484803922,2.15,0.26,5.01,2.47,2.19,316.9,1.44,0.07,0.59,3.84,0.89,1.25,2.62,3.31,1.13,3.88,53.32,3.43,2.58,5.51,3.59,0.38,12.69,0.56
11/30/1989,0.08,0.47,22.49,0.28,3.38,0.36,1.63,2.22,1.31,3.52,0.09,4.80,0.25,6.69,17.54,2.15,2.60,0.65,0.12,0.66,4.84,1.58,0.82,7.75,3.46,0.05,1.07,0.29,1.45,1.66,1.32,7.40,13.74,0.56,0.57,0.00,0.42,20.81,1.67,0.45,1.71,0.72,0.07,1.98,3.72,0.60,1.56,0.65,1.55,1.21,0.23,0.27,1.24,0.24,0.24,1.10,0.54,0.00,2.27,0.51,0.00,0.00,0.91,19.34,3.13,4.95,7.84,7.97,11.07,14.64,0.29,4.13,7.08,20.65,15.52,0.06,5.41,0.25,1.46,0.87,0.20,0.25,3.48,1.97,0.46,1.39,7.44,0,2.14,0.71,1.66,1.81,0,3.29,1.26,0.74,0.41,0.570490196,2.53,0.05,5.94,2.46,1.68,227.87,0.55,0.11,0.84,2.74,0.8,1.12,3.49,3.63,0.5,1.86,21.41,3.64,2.39,5.1,3.32,0.59,4.08,0.99
12/31/1989,0.10,0.54,18.89,0.22,3.23,0.19,1.51,2.08,1.30,1.60,0.00,2.89,0.35,5.81,16.66,2.45,1.26,0.16,0.08,1.18,2.82,0.95,0.49,6.35,2.74,0.04,0.08,0.33,0.62,0.71,1.17,6.78,7.05,0.37,0.48,0.00,1.05,5.39,1.47,0.17,1.64,0.33,0.69,0.90,3.27,0.53,0.94,0.52,1.31,1.12,0.19,0.22,0.82,0.14,0.25,0.09,0.31,0.00,1.16,0.00,0.00,0.00,0.76,16.75,3.78,4.31,7.16,7.62,9.30,13.74,0.26,3.62,5.98,21.93,13.32,0.06,5.73,0.14,0.52,0.00,0.27,0.35,2.12,1.93,0.35,0.61,6.3,0,1.65,0.38,0.71,1.43,0,0,1.29,0.76,0.18,0.135294118,0.6,0.46,4.74,2.19,0.62,209.43,0.51,0.11,0.86,2.05,1.12,1.57,2.59,1.78,0.67,1.93,16.44,3.52,1.27,2.71,1.77,0.52,7.28,0.6
01/31/1990,0.17,0.93,31.56,0.30,7.68,0.89,7.58,6.21,10.26,4.71,1.30,13.86,0.64,14.91,28.01,3.47,4.07,0.67,1.22,3.85,39.43,4.56,2.35,65.29,16.37,0.10,1.29,0.92,3.14,3.59,3.27,15.55,24.38,0.57,3.19,14.44,6.12,0.00,2.94,0.52,4.16,0.96,2.29,3.00,8.98,1.48,1.73,6.05,2.95,2.92,1.34,1.58,4.70,0.59,0.53,1.63,0.48,0.00,2.60,2.24,0.05,0.28,1.82,39.31,7.64,11.24,15.62,18.12,15.55,24.87,0.61,8.60,15.04,47.43,25.20,0.14,10.12,0.60,3.09,24.70,0.29,0.5,28.04,5.25,0.49,2.1,12.24,0,2.19,1.42,3.59,8.99,1.63,0.73,2.1,1.23,0.9,1.140980392,5.06,1.53,10.36,5.78,6.27,429.37,0.42,0.25,1.41,8.36,2.02,2.84,5.15,5.63,0.72,15.64,84.44,5.94,4.82,10.3,6.7,2,23.62,2.87
02/28/1990,0.14,0.79,22.70,0.19,5.18,0.79,6.16,4.40,4.95,2.20,1.31,12.04,0.45,10.92,18.88,2.17,2.76,0.44,1.54,1.22,31.94,3.96,2.04,23.02,7.65,0.10,4.54,0.50,3.16,3.61,2.14,11.46,18.61,0.48,1.53,10.08,3.72,8.60,1.63,0.66,3.09,0.45,1.69,1.94,5.75,0.96,1.29,5.30,2.08,1.67,1.39,1.63,2.28,0.15,0.51,1.04,0.40,0.00,2.78,2.53,0.53,3.08,1.92,23.77,0.51,9.44,10.44,12.22,11.18,20.41,0.62,8.82,14.03,33.39,18.10,0.13,8.03,0.16,2.27,13.50,0.42,0.3,25.05,3.33,0.3,2.69,10.33,0,1.59,0.98,3.61,3.97,4.42,1.87,1.79,1.05,0.9,1.13872549,5.05,1.13,10.21,3.24,4.17,275.56,0.65,0.23,1.2,3.88,1.43,2.01,2.9,5.15,1.06,7.55,43.32,4.8,3.32,7.09,4.62,2.16,7.52,2.49
03/31/1990,0.39,2.18,50.06,0.57,7.33,3.10,9.09,6.72,9.04,5.68,0.47,7.51,0.89,18.22,26.20,5.14,6.16,1.02,0.68,2.06,21.31,2.47,1.28,41.12,12.18,0.24,4.23,2.16,3.13,3.58,3.26,17.04,45.64,0.70,2.20,10.51,3.30,0.00,5.85,2.22,11.48,1.16,7.01,4.68,18.50,1.47,4.04,3.84,5.80,7.47,1.18,1.39,7.67,1.34,1.58,3.47,1.33,0.00,4.72,7.46,1.36,7.90,6.30,86.41,14.32,23.62,16.17,17.29,24.66,43.59,1.43,20.14,35.08,60.53,48.74,0.54,21.13,1.38,7.70,33.81,0.87,0.64,9.93,3.88,0.91,3.72,18.38,0,4.62,1.93,3.58,6.21,4.32,12.93,6.5,3.81,0.89,2.112843137,9.37,4.69,20.14,15.45,7.67,471.94,1.88,1.11,4.36,18.9,2.82,3.96,5.95,11.12,2.19,16.74,111.79,13.64,6.54,13.97,9.1,4.62,12.67,1.55
04/30/1990,0.54,3.00,35.00,1.74,4.72,3.41,1.58,4.06,3.54,13.29,0.09,2.86,0.80,10.36,19.36,5.08,6.47,4.48,0.09,1.13,7.20,0.94,0.49,11.78,4.87,0.24,2.25,4.42,1.49,1.70,1.44,9.28,37.69,2.04,0.90,0.00,1.22,0.00,16.82,1.34,19.14,2.72,8.05,4.45,31.60,0.65,9.79,1.30,17.98,13.69,0.21,0.25,12.04,1.58,0.97,6.13,3.83,0.00,2.16,6.05,0.00,0.00,3.83,72.81,13.90,20.59,12.75,11.13,17.24,39.66,1.37,19.40,34.69,57.21,64.92,0.39,17.08,1.62,3.33,7.91,0.54,0.61,1.26,1.51,2.79,1.29,6.67,0,14.38,1.33,1.7,2.21,1.18,0,14.74,8.65,0.43,0.737352941,3.27,5.39,3.16,33.65,2.16,248.04,6.65,1.07,9.88,16.98,2.52,3.54,2.8,10.21,1.36,5.64,98.87,26.16,4.52,9.65,6.29,1.53,6.93,0.59
05/31/1990,0.21,1.16,31.58,1.78,3.90,1.37,2.97,2.53,4.39,11.29,0.59,3.25,0.29,10.48,19.86,3.90,6.27,4.71,0.73,5.27,10.05,1.07,0.55,31.18,11.40,0.15,1.38,2.10,1.93,2.21,1.02,8.30,23.12,2.12,2.61,14.99,1.31,0.00,13.64,0.50,12.49,2.31,4.20,3.55,20.30,0.46,6.90,2.66,11.19,6.45,0.50,0.59,7.45,0.90,0.69,3.66,3.04,0.00,1.04,5.28,0.63,3.67,2.30,43.87,8.66,15.26,13.94,9.20,15.56,13.91,0.89,12.56,22.07,42.78,48.83,0.19,5.34,0.92,1.68,33.51,0.26,0.13,9.67,0.73,2.86,1.46,9.23,0,12.17,0.92,2.21,5.17,3,2.09,10.01,5.87,0.55,0.180392157,0.8,2.81,5.8,19.56,2.91,494.83,4.6,0.36,6.71,12.62,0.91,1.28,3.36,9,0.65,11.08,156.55,15.55,3.12,6.66,4.34,0.31,32.39,0.67
06/30/1990,0.06,0.34,26.22,1.48,2.58,1.04,3.22,1.20,4.67,4.12,0.26,3.16,0.09,9.29,18.86,3.07,7.32,3.78,0.36,2.52,8.97,1.04,0.54,17.17,11.17,0.10,0.12,1.23,1.58,1.81,0.33,7.70,19.07,1.77,1.09,21.96,4.43,0.00,5.36,0.23,8.30,0.84,1.57,3.55,11.15,0.15,4.83,1.40,5.77,2.19,0.20,0.24,4.80,0.50,0.60,2.35,1.84,0.00,0.68,3.90,0.85,4.92,2.05,37.14,8.57,12.58,12.35,6.09,12.91,3.18,0.63,8.90,15.20,32.63,36.83,0.15,2.25,0.51,2.41,39.74,0.24,0.04,3.48,0.27,2.37,0.93,7.8,0,8.19,0.89,1.81,4.89,2.7,4.21,5.55,3.26,0.45,0.151078431,0.67,1.05,7.78,7.81,1.62,346.78,1.88,0.28,3.72,9.17,0.28,0.39,4.71,3.84,0.61,9.07,80.31,7.52,3.02,6.45,4.2,0.09,15.45,0.65
07/31/1990,0.01,0.05,21.80,0.43,1.19,0.23,0.71,0.42,0.43,0.96,0.04,0.00,0.06,4.33,13.25,1.85,3.24,0.88,0.00,0.92,4.19,0.00,0.00,1.92,3.12,0.02,0.09,0.16,1.18,1.35,0.11,4.61,6.12,0.65,0.10,6.34,0.84,18.97,0.00,0.31,2.59,0.20,0.00,1.39,0.82,0.05,1.01,0.57,0.91,0.09,0.01,0.01,0.66,0.05,0.15,1.10,0.36,0.00,0.20,0.61,0.04,0.24,0.66,11.35,2.33,3.24,6.69,2.81,10.73,3.05,0.13,1.84,2.97,12.49,12.27,0.04,0.80,0.05,0.39,5.86,0.14,0.01,0,0.07,0.69,0.43,4.22,0,1.75,0.4,1.35,1.72,3.61,0,1.11,0.65,0.34,0.166862745,0.74,0,2.82,0.46,0,207.78,0,0.07,0.74,1.59,0.2,0.28,2.23,0,0.36,0.9,18.92,1.14,1.34,2.86,1.86,0.01,5.64,0
08/31/1990,0.00,0.02,21.42,0.15,1.14,0.08,0.06,0.32,0.99,0.00,0.00,0.00,0.11,3.41,12.21,1.63,1.41,0.44,0.04,0.86,0.00,0.00,0.00,0.92,1.78,0.01,0.10,0.06,0.88,1.01,0.07,4.37,2.89,0.48,0.01,2.50,0.43,31.35,0.17,0.03,0.72,0.00,0.00,0.67,0.00,0.03,0.18,0.18,0.74,0.06,0.00,0.00,0.00,0.01,0.05,0.61,0.10,0.00,0.15,0.26,0.04,0.21,0.34,7.91,1.77,1.91,5.76,2.69,10.55,2.54,0.06,0.85,1.33,7.76,7.94,0.01,0.64,0.01,0.26,0.29,0.03,0.01,0,0.02,0.24,0.27,1.48,0,0.57,0.31,1.01,1.15,2.02,0,0.38,0.22,0.25,0,0,0,0.97,0.56,0,199.17,0,0.03,0.25,0.81,0.36,0.51,5.07,2.09,0.08,0.15,3.36,0.34,1.05,2.24,1.46,0.01,5.26,0
09/30/1990,0.00,0.02,21.12,0.06,1.47,0.11,0.15,0.38,0.15,0.28,0.00,0.15,0.09,3.62,11.55,1.52,0.84,0.14,0.00,0.54,4.23,0.05,0.03,1.20,1.33,0.01,0.25,0.05,0.85,0.97,0.05,4.41,3.07,0.36,0.02,0.75,0.23,10.93,2.23,0.13,0.00,0.06,0.25,0.67,0.32,0.02,0.21,0.18,0.61,0.06,0.00,0.00,0.00,0.11,0.03,0.21,0.05,0.00,0.39,0.57,0.28,1.60,0.11,6.85,1.27,1.63,5.72,3.47,10.40,1.95,0.04,0.53,1.17,9.89,6.46,0.01,0.46,0.12,0.18,0.00,0.00,0.02,0.9,0.04,0.1,0.26,0.07,0,0.38,0.48,0.97,0.61,1.35,0,0.32,0.19,0.24,0.602058824,2.67,0.17,1.03,1.34,0.84,188.39,0.01,0.01,0.21,0.61,0.28,0.39,0,0.81,0,0.1,4.49,0.24,1.61,3.44,2.24,0.01,3.3,0.03
10/31/1990,0.01,0.03,18.08,0.13,1.54,0.12,0.69,0.61,0.00,0.00,0.03,1.52,0.00,3.74,12.02,1.77,0.55,0.68,0.05,0.84,3.53,0.50,0.26,1.69,2.53,0.01,0.18,0.06,1.61,1.84,0.52,4.59,2.19,0.57,0.05,0.00,0.28,15.34,2.15,0.05,0.00,0.00,0.00,0.62,0.38,0.24,0.00,0.12,0.45,0.10,0.02,0.02,0.00,0.00,0.03,0.00,0.00,0.00,0.74,0.15,0.01,0.08,0.00,6.47,1.33,1.53,5.33,3.63,8.91,3.56,0.05,0.76,1.16,10.58,6.91,0.01,0.60,0.00,0.17,0.00,0.12,0.01,0,0.29,0.21,0.29,0.86,0,0.71,0.21,1.84,1.28,0,0,0.09,0.05,0.46,0.180392157,0.8,0,0.45,0.38,0.12,198.18,0,0.01,0.06,0.59,0,0,0.79,0,0.3,0.11,2.23,1.52,0.71,1.52,0.99,0.03,5.17,0.31
11/30/1990,0.00,0.02,17.30,0.05,1.95,0.24,0.64,1.44,0.41,0.54,0.22,0.88,0.00,4.25,14.50,1.64,1.47,0.00,0.60,0.52,0.00,0.29,0.15,4.27,1.56,0.01,0.40,0.07,0.71,0.81,0.72,4.99,4.76,0.31,0.17,0.00,1.29,22.40,0.00,0.05,0.24,0.11,0.01,1.03,0.00,0.32,0.16,0.03,0.17,0.09,0.07,0.08,0.00,0.00,0.04,0.00,0.00,0.00,0.88,0.19,0.23,1.36,0.30,8.82,1.67,1.71,5.68,4.60,8.52,5.22,0.07,0.97,1.48,15.78,7.01,0.01,0.24,0.00,0.27,0.00,0.07,0.01,5.6,0.78,0.08,0.45,2.56,0,0.28,0.32,0.81,0.86,0.03,1.12,0.16,0.09,0.2,0.169117647,0.75,0.01,2.49,0.12,0.54,197.7,0,0.02,0.11,0.71,0,0,2.28,0.06,0.17,0.34,5.24,0.78,1.1,2.35,1.53,0.06,3.19,0.18
12/31/1990,0.01,0.05,18.93,0.08,2.48,0.26,0.76,1.64,0.52,1.54,0.00,1.40,0.00,4.34,14.56,1.80,1.27,0.00,0.00,0.30,1.72,0.46,0.24,4.28,1.54,0.01,0.45,0.08,0.69,0.79,0.89,5.14,5.45,0.31,0.25,0.00,1.13,2.20,0.78,0.24,0.41,0.31,0.00,0.94,0.02,0.40,0.22,0.07,0.34,0.10,0.09,0.11,0.38,0.00,0.06,0.11,0.01,0.00,1.50,0.28,0.29,1.67,0.34,9.51,1.59,1.80,5.82,5.85,9.32,5.93,0.08,1.12,1.70,12.48,7.15,0.01,0.59,0.00,0.28,0.00,0.18,0.02,0,1.44,0.13,0.79,2.36,0,0.46,0.32,0.79,0.85,0.43,0.8,0.27,0.16,0.2,0.105980392,0.47,0,2.06,0.15,0.35,186.11,0,0.03,0.18,0.73,0,0,2.34,0,0.45,0.59,7.7,0.97,1.07,2.29,1.49,0.16,1.82,0.29
01/31/1991,0.01,0.06,17.37,0.10,2.64,0.20,0.97,1.78,0.58,0.30,0.08,1.31,0.00,4.24,14.36,1.93,1.37,0.04,0.23,0.45,4.80,0.43,0.22,4.54,1.80,0.01,0.24,0.11,0.72,0.82,0.90,5.37,6.84,0.33,0.33,0.00,1.43,1.29,0.00,0.23,0.30,0.06,0.00,1.05,0.10,0.41,0.19,0.15,0.43,0.12,0.14,0.16,0.30,0.02,0.07,0.16,0.03,0.00,1.48,0.34,0.26,1.49,0.36,9.51,1.82,1.90,6.18,6.23,8.56,7.48,0.07,1.03,1.65,16.72,7.20,0.02,0.90,0.02,0.34,0.00,0.33,0.02,4.69,1.53,0.16,0.7,1.73,0,0.61,0.37,0.82,0.98,0.08,1.55,0.36,0.21,0.21,0.631372549,2.8,0,2.93,0.18,0.28,204.19,0,0.03,0.24,0.86,0.01,0.01,0.45,0,0.83,2.04,14.66,1.27,1.26,2.69,1.75,0.15,2.79,0.27
02/28/1991,0.02,0.14,20.69,0.17,3.27,0.45,1.53,2.42,1.43,2.45,0.39,2.71,0.00,4.81,15.15,2.05,1.84,0.20,0.56,0.79,12.32,0.89,0.46,8.20,3.71,0.02,0.52,0.23,0.81,0.93,1.03,5.94,9.36,0.39,0.69,0.00,1.95,2.70,1.21,0.41,1.04,0.50,0.24,1.36,1.31,0.47,0.65,0.77,0.73,0.31,0.20,0.24,1.30,0.11,0.12,0.59,0.18,0.00,0.92,0.57,0.30,1.74,0.46,13.26,2.25,2.51,6.93,7.71,10.19,7.35,0.10,1.37,2.47,25.25,7.90,0.03,1.55,0.12,0.45,1.04,0.10,0.09,8.29,2.13,0.28,0.69,2.57,0,1.05,0.53,0.93,2.04,0.68,2.22,0.56,0.33,0.23,0.550196078,2.44,0.16,4.02,0.49,1.25,212.38,0.01,0.05,0.38,1.8,0,0,1.59,0.93,0.26,4.6,27.31,2.89,1.79,3.82,2.49,0.32,4.84,0.56
03/31/1991,0.29,1.64,42.04,0.71,13.46,2.04,24.52,12.09,35.91,8.55,13.98,37.67,0.43,38.47,33.22,4.69,8.68,0.88,21.11,6.59,141.83,12.39,6.40,67.09,48.54,0.32,4.63,2.58,8.98,10.26,8.50,36.06,53.78,0.65,14.73,42.49,23.56,49.61,0.78,2.33,9.56,1.75,5.06,6.38,20.89,3.83,3.76,25.88,5.58,5.64,6.95,8.17,9.99,0.81,1.42,4.16,1.99,0.00,8.89,6.21,3.12,18.09,5.18,111.35,19.79,25.62,29.02,31.75,20.71,55.41,2.05,28.92,46.89,84.26,57.45,0.37,18.10,0.83,7.93,84.12,1.05,0.97,173,8.12,1.13,7.3,26.4,0,5.26,2.99,10.26,27.03,4.1,12.37,3.94,2.31,2.57,3.384607843,15.01,3.39,38.98,10.07,30.64,607.52,1.8,0.66,2.64,18.6,1.35,1.9,7.19,15.03,2.66,29.6,96.57,16.12,10.14,21.66,14.1,7.37,40.46,7.79
04/30/1991,0.57,3.17,31.98,0.83,6.06,3.17,10.88,5.50,17.42,8.76,1.11,4.26,1.47,23.24,24.59,6.32,6.77,1.09,2.26,2.64,15.95,1.40,0.72,13.83,23.13,0.27,3.54,2.87,2.57,2.94,3.78,19.42,44.78,0.73,6.87,6.09,5.80,0.00,8.76,1.75,14.71,1.79,8.62,5.07,23.09,1.70,4.82,6.73,7.82,9.58,0.87,1.02,9.61,1.57,1.95,4.00,1.26,2.49,5.27,7.28,1.05,6.12,8.08,77.48,13.33,27.21,16.01,14.30,15.75,42.24,1.61,22.76,39.81,89.33,57.25,1.02,31.46,1.62,8.54,55.85,0.80,1.01,12.83,2.21,1.33,2.04,17.27,0,6.71,1.8,2.94,10.97,1.43,6.74,8.87,5.21,0.73,1.596470588,7.08,5.77,19.01,20.83,15.24,361.86,2.77,1.61,5.95,22.38,4.66,6.54,6.26,12.78,2.01,25.35,103.65,20.15,6.08,12.99,8.46,4.85,16.25,0.88
05/31/1991,0.62,3.45,36.92,2.24,4.09,3.15,2.84,2.82,6.89,15.36,0.40,3.40,0.89,15.14,21.66,5.93,9.60,5.83,0.92,0.98,4.88,1.12,0.58,9.89,12.11,0.30,1.55,6.00,1.73,1.98,1.24,11.54,38.10,2.56,3.71,3.79,2.23,0.00,21.32,1.45,22.53,3.15,9.46,5.81,37.24,0.56,12.68,1.54,19.44,14.13,0.25,0.29,13.85,2.15,1.18,6.44,4.27,0.00,1.42,8.86,0.86,5.00,6.72,73.02,14.54,25.01,14.97,9.65,18.19,25.71,1.76,24.82,44.78,65.13,72.25,0.79,19.20,2.21,5.16,49.16,0.66,0.66,4.43,0.79,3.59,1.52,13.94,0,17.65,1.54,1.98,5.69,0,0,17.6,10.33,0.49,0.559215686,2.48,6.33,11.12,36.42,6.87,347.76,7.96,1.76,11.8,21.36,2.83,3.97,3.57,14.59,1.67,13.91,122.36,29.76,5.23,11.17,7.27,1.38,6.02,0.7
06/30/1991,0.17,0.97,26.37,2.46,2.29,0.55,1.86,1.07,1.97,7.41,0.10,1.85,0.34,6.48,18.09,2.79,6.45,7.07,0.16,0.40,5.40,0.61,0.31,2.39,3.85,0.13,0.34,2.36,1.02,1.17,0.23,6.33,15.88,3.03,0.82,4.20,0.89,14.72,15.34,0.16,11.65,1.52,2.39,3.15,19.57,0.11,8.17,0.18,9.64,5.94,0.09,0.11,3.56,0.70,0.58,2.48,2.80,0.59,0.46,4.31,0.67,3.86,2.45,29.83,6.67,10.69,11.60,5.40,12.99,8.39,0.79,11.14,19.27,31.01,40.68,0.16,4.85,0.72,1.42,26.92,0.22,0.1,0,0.23,3.95,1.01,10.85,0,15.41,0.79,1.17,2.26,0.19,0.5,10.96,6.43,0.29,0.475784314,2.11,1.6,3.73,18.68,1.44,207.25,5.48,0.31,7.35,6.38,1.07,1.5,2.78,5.11,0.55,3.17,60.45,16.19,2.66,5.68,3.7,0.18,2.47,0.38
07/31/1991,0.01,0.08,25.20,0.68,1.17,0.31,0.66,0.41,1.11,1.51,0.11,0.33,0.07,4.13,13.77,1.90,3.32,1.78,0.33,0.37,7.36,0.11,0.06,0.47,1.35,0.03,0.30,0.25,1.21,1.38,0.11,4.81,5.88,1.00,0.21,2.63,0.91,20.88,0.09,0.10,2.64,0.31,0.22,1.45,0.62,0.05,1.60,0.00,1.62,0.45,0.01,0.01,0.61,0.09,0.20,1.29,0.31,1.69,0.20,0.89,0.50,2.91,0.93,11.34,2.32,3.42,6.84,2.76,12.41,2.82,0.17,2.43,4.03,12.46,12.83,0.05,1.16,0.10,0.53,18.08,0.09,0.01,0.12,0.06,1.09,0.64,6.38,0,3.16,0.43,1.38,0.96,1.07,1.97,1.9,1.12,0.35,0,0,0.15,2.99,1.07,0,185.95,0.08,0.09,1.27,1.68,0.23,0.32,3.6,2.58,0.24,0.77,17.55,2.45,1.47,3.14,2.04,0.03,2.25,0.07
08/31/1991,0.00,0.02,20.31,0.17,1.04,0.20,0.08,0.29,0.00,0.45,0.00,0.06,0.00,4.13,11.47,1.46,1.20,0.17,0.00,0.01,0.00,0.02,0.01,0.16,0.96,0.01,0.75,0.07,0.56,0.64,0.08,3.89,2.54,0.38,0.02,0.00,0.47,20.65,1.56,0.07,0.36,0.09,0.00,0.67,0.00,0.03,0.00,0.06,0.45,0.07,0.00,0.00,0.00,0.03,0.06,0.71,0.09,0.93,0.33,0.31,0.20,1.17,0.41,8.10,1.13,2.00,5.18,2.45,10.00,2.57,0.08,1.07,1.72,10.51,8.47,0.01,0.70,0.03,0.25,8.72,0.21,0.01,0,0.02,0.27,0.37,4.23,0,0.63,0.35,0.64,0.59,0.16,0,0.55,0.32,0.16,0,0,0,1.99,0.44,0.3,172.5,0,0.03,0.37,0.79,0,0,2.86,1.04,0.53,0.07,8.59,1.92,1.19,2.54,1.66,0,0.07,0.01
09/30/1991,0.00,0.02,18.14,0.06,1.14,0.12,0.02,0.31,0.00,0.00,0.06,0.00,0.00,2.87,10.53,1.31,0.58,0.30,0.11,0.00,4.04,0.00,0.00,0.19,0.74,0.01,0.26,0.03,0.73,0.83,0.04,3.63,1.98,0.43,0.01,0.00,0.22,4.91,2.72,0.21,0.00,0.00,0.00,0.45,0.75,0.02,0.00,0.05,0.33,0.06,0.00,0.00,0.00,0.11,0.02,0.36,0.08,0.00,0.26,0.18,0.08,0.47,0.00,5.31,0.81,1.44,4.55,2.69,8.94,1.88,0.04,0.52,1.13,9.07,6.36,0.01,0.45,0.11,0.16,8.98,0.06,0.02,0,0.03,0.1,0.27,2.75,0,0.38,0.32,0.83,0.26,1.11,0.6,0.25,0.15,0.21,0.182647059,0.81,0,0,0.55,0.39,169.12,0,0.01,0.17,0.55,0,0,1.38,0.77,0.15,0.02,6.52,1.48,1.1,2.35,1.53,0.04,0,0
10/31/1991,0.01,0.05,16.92,0.20,1.52,0.13,0.18,0.60,0.00,1.97,0.01,1.95,0.00,3.34,13.80,1.54,0.98,0.20,0.00,0.00,0.98,0.64,0.33,1.09,1.17,0.02,0.35,0.19,0.67,0.77,0.46,4.18,3.37,0.39,0.04,1.29,0.35,11.76,0.28,0.09,0.19,0.40,0.00,0.96,1.62,0.21,0.52,0.00,0.68,0.12,0.02,0.02,0.12,0.03,0.05,0.22,0.25,0.00,0.66,0.45,0.34,1.95,0.46,7.68,1.40,2.02,5.20,3.59,8.34,3.69,0.11,1.53,2.44,13.62,7.79,0.02,0.79,0.03,0.43,0.90,0.14,0.02,0,0.27,0.32,0.54,0,0,1.05,0.31,0.77,0.49,1.52,2.86,0.42,0.25,0.19,0.081176471,0.36,0,2.17,0.72,0.75,191.33,0.01,0.03,0.28,0.94,0,0,2.14,3.04,0.36,0.33,6.55,2.29,1.06,2.26,1.47,0.09,0,0.4
11/30/1991,0.05,0.26,14.70,0.37,2.20,0.29,0.61,1.55,0.00,2.00,0.00,1.85,0.09,3.61,12.72,1.72,1.60,0.29,0.14,0.29,4.69,0.61,0.31,3.18,1.71,0.02,0.44,0.23,0.66,0.75,0.62,4.46,5.08,0.42,0.28,0.00,1.09,16.82,0.93,0.15,1.22,0.41,0.57,1.13,1.85,0.28,1.36,0.15,0.75,0.32,0.07,0.08,0.00,0.07,0.12,0.48,0.91,0.00,0.75,0.85,0.22,1.28,0.56,10.70,1.98,2.89,6.25,5.19,7.24,6.27,0.14,1.94,3.20,23.62,9.07,0.03,3.16,0.07,0.61,0.00,0.23,0.13,1.67,0.91,0.59,0.77,3.88,0,2.32,0.35,0.75,1.02,0,0,1.18,0.69,0.19,0.403627451,1.79,0.38,2.81,1.06,0.14,177.38,0.25,0.06,0.79,1.22,0.27,0.38,1.31,2.45,0.59,1.94,8.22,3.66,1.19,2.54,1.66,0.23,1.75,0.38
12/31/1991,0.04,0.22,21.88,0.18,3.16,0.33,1.45,2.08,0.71,2.27,0.10,2.64,0.07,5.34,13.77,1.86,1.77,0.34,0.21,0.76,8.37,0.87,0.45,9.28,3.47,0.02,0.46,0.24,0.81,0.93,1.07,5.74,7.99,0.44,1.01,0.00,2.22,0.00,0.57,0.22,1.09,0.47,0.42,1.39,1.41,0.48,0.38,0.64,0.73,0.55,0.29,0.34,1.18,0.16,0.13,0.18,0.27,0.00,1.69,0.69,0.21,1.24,0.59,11.94,2.19,3.22,7.29,7.45,10.77,8.33,0.12,1.70,3.09,15.86,9.52,0.04,3.29,0.16,0.82,0.00,0.16,0.12,4.65,1.86,0.28,0.74,3.97,0,1.25,0.48,0.93,2.08,1.13,1.99,0.84,0.49,0.23,0.32245098,1.43,0.28,3.89,0.92,0.91,196.96,0.01,0.07,0.56,1.64,0.23,0.32,2.38,2.47,0.41,2.12,14.54,3.06,1.63,3.48,2.27,0.25,4.66,0.55
01/31/1992,0.05,0.31,20.46,0.15,3.91,0.28,2.69,2.50,4.07,1.12,0.25,4.16,0.17,7.35,16.58,1.87,1.88,0.25,0.41,1.84,13.19,1.37,0.71,14.40,8.33,0.03,0.22,0.25,1.46,1.67,1.58,8.93,8.99,0.41,2.50,1.28,4.06,0.00,0.53,0.33,1.18,0.23,0.42,1.41,1.52,0.71,0.71,1.67,0.52,0.63,0.33,0.39,0.79,0.08,0.17,0.14,0.17,0.00,2.16,0.71,0.21,1.22,0.64,12.92,2.55,3.71,8.61,9.22,10.08,8.86,0.21,2.99,4.84,21.65,9.89,0.04,3.49,0.08,1.16,5.85,0.25,0.21,7.49,2.41,0.24,1.24,5.25,0,1.12,0.56,1.67,4.95,1.35,0.86,0.9,0.53,0.42,0.584019608,2.59,0.28,5.11,1.08,1.59,238.4,0.07,0.07,0.6,1.9,0.53,0.74,2.15,2.38,0.64,5.47,26.33,2.65,1.88,4.02,2.61,0.25,11.28,0.86
02/29/1992,0.18,1.02,32.03,0.41,13.13,0.82,24.30,11.41,46.48,5.26,3.96,25.60,0.40,32.44,29.28,3.01,6.28,0.67,4.53,14.37,106.84,8.42,4.35,79.56,58.07,0.23,1.57,1.77,6.75,7.71,7.37,33.59,35.05,0.57,19.45,50.34,11.35,24.00,2.68,0.55,7.00,1.08,3.56,4.67,12.82,3.33,2.19,19.29,2.71,4.19,4.73,5.56,6.21,0.83,1.03,2.47,1.40,1.85,6.97,4.28,2.51,14.54,3.93,52.72,10.55,20.75,27.26,30.97,15.77,26.07,1.43,20.16,33.52,71.53,35.29,0.31,12.00,0.85,7.90,85.97,0.59,0.45,59.55,8.47,0.65,5.28,26.33,0,3.02,2.21,7.71,35.45,5.76,11.25,2.84,1.67,1.93,2.029411765,9,2.38,24.7,8.27,30.22,761.17,0.94,0.49,1.9,15.94,1.26,1.77,8.1,12.12,1.49,33.4,155.75,10.51,7.49,16,10.42,2.72,88.27,5.3
03/31/1992,0.25,1.38,30.48,0.51,7.09,1.10,11.67,6.53,42.91,7.02,2.46,9.64,0.16,24.16,21.10,5.84,5.33,0.80,3.94,11.95,56.05,3.17,1.64,36.17,52.36,0.20,1.81,2.35,2.77,3.17,4.64,21.93,35.92,0.62,20.50,21.65,6.43,0.00,5.13,0.33,11.00,1.44,5.93,4.20,15.20,2.09,3.35,10.20,4.99,7.01,2.93,3.44,8.65,1.36,1.08,2.38,1.37,1.61,6.41,4.90,1.53,8.89,5.25,52.75,10.54,18.10,17.31,16.73,15.01,21.60,1.16,16.41,29.43,58.67,39.59,0.51,14.54,1.40,6.76,73.24,0.75,0.4,36.72,2.98,0.82,2.93,16.65,0,4.11,1.63,3.17,28.67,1.44,14.24,5.27,3.09,0.79,0.998921569,4.43,3.97,12.96,15.27,21.44,587.59,1.51,0.83,3.53,19.47,0.52,0.73,7.5,9.67,1.89,36.51,171.52,14.6,5.53,11.81,7.69,1.61,73.43,1.99
04/30/1992,0.34,1.91,37.31,1.76,5.17,1.13,4.06,3.98,14.80,12.50,0.40,2.86,0.24,16.93,20.41,8.73,8.37,4.68,0.73,4.92,13.51,0.94,0.49,16.98,24.98,0.22,0.83,4.23,1.44,1.65,2.02,15.73,38.97,2.11,8.54,12.24,5.64,0.00,18.32,0.14,15.37,2.56,6.51,5.66,26.80,0.91,9.34,4.14,15.02,13.50,0.71,0.83,15.25,1.85,0.71,5.01,3.75,0.00,2.34,6.02,0.39,2.24,3.17,68.66,15.53,18.24,16.91,12.20,18.38,16.16,1.22,17.24,32.22,73.87,58.24,0.30,11.81,1.90,3.25,59.90,0.45,0.35,7.62,1.28,2.82,1.21,7.7,0,13.38,1.57,1.65,12.39,3.53,2.02,11.32,6.64,0.41,0.55245098,2.45,4.36,2.15,35.01,6.93,454.82,6.76,0.7,7.59,18.05,0.77,1.08,2.99,8.49,1.15,28.1,271.53,22.4,5.33,11.38,7.41,0.38,30.25,0.59
05/31/1992,0.10,0.55,26.19,1.64,2.70,0.28,1.85,1.37,4.62,4.53,0.25,0.15,0.51,8.57,16.55,3.47,5.95,5.36,0.26,2.17,10.10,0.05,0.03,3.04,10.42,0.07,0.09,0.79,0.97,1.11,0.34,7.58,16.60,2.37,2.39,6.05,0.23,1.27,9.22,0.08,5.71,0.93,1.11,3.12,6.87,0.15,4.36,1.16,5.85,3.59,0.22,0.26,3.20,0.37,0.27,1.33,1.52,2.73,0.67,2.15,0.40,2.35,1.06,23.49,5.47,6.45,12.35,6.37,12.90,3.84,0.43,6.11,10.53,42.83,25.71,0.07,2.91,0.38,0.66,20.43,0.09,0.06,1.73,0.31,2.64,0.69,4.22,0,10.25,0.74,1.11,6.03,0,0,6.06,3.56,0.28,0.523137255,2.32,0.74,1.52,10.96,4.58,277.12,4.15,0.13,4.06,4.1,1.63,2.29,3.04,1.81,0.23,7.34,182.48,7.83,2.49,5.32,3.46,0.04,13.35,0.03
06/30/1992,0.02,0.09,18.34,0.49,1.13,0.12,0.43,0.44,3.21,1.14,0.00,0.00,0.00,5.36,12.29,2.03,3.39,1.54,0.08,1.73,0.26,0.00,0.00,0.74,3.56,0.02,0.26,0.16,0.72,0.82,0.18,5.69,6.07,0.90,0.93,3.41,0.34,19.89,0.87,0.05,1.20,0.23,0.06,1.58,2.40,0.08,1.48,0.29,1.34,0.17,0.07,0.08,0.28,0.07,0.09,1.43,0.30,13.37,0.35,0.76,0.39,2.28,0.47,9.98,2.09,2.67,6.53,2.67,9.04,1.30,0.11,1.51,2.56,20.99,10.12,0.03,0.62,0.08,0.31,20.74,0.13,0.01,0,0.08,0.79,0.38,3.42,0,2.69,0.4,0.82,2.46,0.88,1.93,1.62,0.95,0.21,0.232254902,1.03,0.04,2.5,0.61,0,203.87,0.24,0.05,1.09,1.27,0,0,2.52,1.58,0.32,2.23,41.21,3.27,1.37,2.93,1.91,0.01,10.6,0
07/31/1992,0.01,0.05,22.14,0.64,0.92,0.09,0.12,0.28,0.91,0.39,0.19,0.00,0.00,4.06,10.34,2.01,2.73,1.27,0.34,0.91,5.48,0.00,0.00,0.57,2.32,0.01,0.12,0.09,0.73,0.83,0.10,5.01,4.54,0.80,0.56,1.84,0.85,3.55,0.21,0.05,0.94,0.08,0.00,1.22,0.00,0.05,1.28,0.14,0.90,0.12,0.01,0.01,0.40,0.05,0.06,1.07,0.41,7.05,0.18,0.51,0.18,1.06,0.37,5.16,1.07,1.86,5.26,2.17,10.91,1.39,0.07,0.96,1.63,14.73,7.52,0.01,0.94,0.05,0.27,18.88,0.14,0.01,0,0.02,1.03,0.25,3.59,0,2.86,0.36,0.83,1.68,0,1.38,1.22,0.72,0.21,0.049607843,0.22,0,2.19,0.55,0,194.5,0.99,0.03,0.82,0.85,0,0,2.67,1.28,0.35,1.62,15.47,2.67,1.23,2.63,1.71,0.02,5.57,0
08/31/1992,0.00,0.01,20.75,0.11,0.90,0.03,0.00,0.23,1.30,0.86,0.13,0.00,0.00,3.28,9.86,1.47,1.09,0.23,0.25,0.48,0.00,0.00,0.00,0.10,0.89,0.00,0.12,0.03,0.69,0.79,0.06,4.18,2.23,0.40,0.06,0.00,0.48,12.04,0.00,0.01,0.00,0.18,0.00,0.62,1.04,0.03,0.04,0.06,0.32,0.10,0.00,0.00,0.00,0.00,0.02,0.00,0.08,0.00,0.30,0.15,0.02,0.14,0.00,7.91,1.77,1.10,4.01,2.12,10.22,1.25,0.03,0.47,0.71,4.97,5.15,0.00,0.40,0.00,0.16,8.51,0.08,0,0,0.01,0.18,0.13,2.07,0,0.42,0.32,0.79,0.44,0.81,0.47,0.28,0.16,0.2,0.01127451,0.05,0,0,0.53,0,160.27,0,0.01,0.19,0.48,0,0,2.32,1.22,0.21,0.1,4.97,1.1,1.07,2.29,1.49,0,2.95,0
09/30/1992,0.00,0.01,16.33,0.04,1.03,0.02,0.00,0.27,0.00,1.06,0.07,0.06,0.06,2.95,9.14,1.33,0.55,0.25,0.07,0.50,0.95,0.02,0.01,0.17,0.62,0.00,0.02,0.02,0.39,0.45,0.05,3.76,1.81,0.41,0.04,1.54,0.69,13.36,1.08,0.09,0.14,0.22,0.15,0.44,0.00,0.02,0.07,0.00,0.14,0.05,0.00,0.00,0.00,0.00,0.01,0.00,0.07,0.00,0.27,0.18,0.21,1.23,0.20,4.84,1.06,1.05,3.99,2.43,8.05,1.00,0.03,0.42,0.62,8.20,4.52,0.00,0.27,0.00,0.12,7.75,0.08,0.01,0,0.03,0.07,0.11,1.99,0,0.27,0.31,0.45,0.17,0,0.68,0.14,0.08,0.11,0.166862745,0.74,0.1,0.52,0.44,0.34,177.49,0,0.01,0.09,0.39,0.19,0.27,1.33,1,0.21,0.02,2.81,0.15,1.05,2.24,1.46,0,3.07,0.01
10/31/1992,0.01,0.04,21.19,0.09,1.97,0.17,0.31,0.63,0.69,1.25,0.32,1.28,0.12,4.54,8.54,1.83,0.96,0.13,0.86,1.40,9.52,0.42,0.22,5.12,1.63,0.01,0.56,0.15,1.33,1.52,0.88,4.39,6.65,0.36,0.24,0.00,0.35,2.95,1.87,0.15,0.78,0.26,0.10,0.93,0.93,0.40,0.02,0.14,0.59,0.21,0.02,0.02,1.17,0.09,0.06,0.59,0.00,2.82,1.05,0.63,0.32,1.85,0.38,7.79,1.16,1.89,5.04,4.65,10.44,3.97,0.06,0.88,1.61,9.18,7.00,0.01,0.66,0.09,0.87,6.74,0.22,0.02,3.39,0.43,0.15,0.28,0.86,0,0.56,0.37,1.52,0.56,0.51,3.11,0.32,0.19,0.38,0.261568627,1.16,0.07,2.19,0.63,1.34,202.34,0.03,0.01,0.21,1.1,0.37,0.52,0.92,2.11,0.56,0.81,5.9,0.46,1.25,2.67,1.74,0.2,8.58,0.26
11/30/1992,0.01,0.07,17.20,0.15,2.31,0.15,0.57,0.72,0.27,0.69,0.00,1.28,0.13,4.22,12.20,1.89,0.94,0.22,0.12,1.31,0.00,0.42,0.22,5.94,1.55,0.02,0.10,0.23,0.64,0.73,0.88,4.94,6.47,0.40,0.39,0.00,1.20,5.42,1.20,0.56,0.59,0.14,0.04,0.85,1.16,0.40,0.64,0.12,0.55,0.48,0.02,0.02,0.30,0.08,0.08,0.00,0.56,1.85,1.03,0.61,0.27,1.54,0.35,9.01,1.50,1.91,5.72,5.45,8.47,4.73,0.09,1.34,2.31,11.97,7.86,0.01,1.10,0.08,0.25,0.00,0.17,0.03,1.17,0.49,0.25,0.37,1.75,0,0.94,0.34,0.73,0.93,0.83,2.49,0.56,0.33,0.18,0.340490196,1.51,0.03,2.07,1.05,1.16,190.16,0.01,0.02,0.38,1,0.4,0.56,1.07,1.55,0.43,2.92,14.76,0.76,1.15,2.46,1.6,0.34,8.05,0.26
12/31/1992,0.05,0.27,32.67,0.30,5.85,0.81,5.66,3.01,17.32,3.11,3.85,13.35,0.18,13.02,19.53,2.73,5.07,0.33,4.85,4.35,73.22,4.39,2.27,67.93,20.50,0.11,1.87,0.77,3.12,3.57,3.25,12.78,28.82,0.44,5.82,23.24,11.66,18.34,1.38,0.53,3.36,0.64,1.02,2.95,4.53,1.46,1.39,11.93,1.75,1.75,0.95,1.12,4.62,0.51,1.31,1.56,0.62,0.00,3.35,3.70,2.26,13.11,2.27,27.86,4.30,9.74,12.01,13.80,16.09,13.22,0.68,9.61,16.31,24.36,18.73,0.06,2.87,0.52,1.89,48.53,0.46,0.11,52.81,2.74,0.48,3.98,12.97,0,1.8,1.08,3.57,13.09,1.18,11.05,1,0.59,0.89,0.635882353,2.82,0.68,12.45,2.82,15.43,409.73,0.41,0.1,0.67,5.89,0.56,0.79,4.4,6.18,1.17,15.59,41.84,2.43,3.66,7.82,5.09,3.4,26.74,2.76
01/31/1993,0.27,1.50,36.32,0.81,27.19,1.22,47.52,14.40,112.96,7.17,25.53,55.09,1.05,56.55,59.84,3.73,12.22,0.98,35.93,10.05,239.64,18.12,9.36,173.80,99.84,0.56,2.77,2.65,13.06,14.93,18.50,55.14,108.62,0.69,24.17,95.21,30.66,69.33,3.06,0.97,9.89,1.47,6.38,7.87,15.70,8.34,2.49,64.15,4.50,5.73,11.43,13.44,13.26,1.11,5.21,3.64,1.61,0.76,16.94,14.65,9.04,52.44,9.36,89.34,17.73,40.57,44.22,64.14,17.89,56.36,3.62,51.13,81.93,45.58,64.75,0.48,14.24,1.14,14.61,210.57,2.15,0.79,278.7,20.42,1.3,15.32,52.39,0,5.91,3.54,14.93,65.15,9.09,43.54,4.31,2.53,3.73,3.431960784,15.22,4.27,58.19,9.68,102.56,795.42,0.93,1.06,2.89,27.98,3.34,4.69,12.69,16.24,5.43,51.42,80.34,9.64,11.97,25.57,16.65,22.16,61.74,11.4
02/28/1993,0.29,1.62,31.19,0.49,22.37,0.97,32.46,15.17,109.75,3.70,14.38,28.00,0.99,52.54,46.95,3.14,8.90,0.71,29.42,11.21,172.68,9.21,4.76,108.84,91.66,0.37,2.53,1.46,8.54,9.76,17.19,40.24,88.29,0.58,24.05,45.03,23.45,70.36,0.88,1.01,6.51,0.76,4.11,5.66,9.42,7.76,2.07,32.98,2.12,3.35,10.04,11.80,8.36,0.69,2.89,1.16,0.62,2.93,14.42,8.82,4.75,27.58,7.94,79.48,15.56,21.32,33.29,52.77,15.36,51.86,2.42,34.17,54.60,70.81,46.45,0.59,17.57,0.71,10.97,140.94,1.30,0.93,157.63,18.38,0.78,10.96,35.44,0,3.95,3.12,9.76,58.5,4.99,25.7,3.66,2.15,2.44,4.076862745,18.08,2.75,36.6,5.4,75.21,844.24,0.62,1.12,2.45,17.75,3.12,4.38,9.84,8.14,3.29,51.68,158.09,8.37,10.55,22.53,14.67,16.52,68.84,5.79
03/31/1993,1.64,9.13,80.49,1.48,26.56,8.99,20.88,18.88,55.02,14.27,4.38,17.30,5.19,58.26,55.81,14.80,20.66,2.11,9.57,12.68,41.69,5.69,2.94,111.61,91.25,0.63,13.84,6.71,7.10,8.11,16.51,55.07,242.11,1.12,19.66,10.19,10.73,0.00,8.73,13.97,26.70,2.92,15.61,13.22,37.85,7.45,8.01,24.31,13.26,14.27,2.15,2.53,23.50,1.90,2.91,6.91,2.05,2.92,18.82,18.18,3.50,20.33,21.18,316.69,48.29,58.17,41.33,62.66,39.65,128.02,3.99,56.37,92.42,256.98,121.25,2.18,82.63,1.95,12.38,111.11,3.13,4.29,47.37,18.88,2.37,9.02,43.84,0,12.57,6.83,8.11,51.59,0.66,12.43,17.65,10.36,2.03,10.37705882,46.02,10.45,47.9,26.69,44.64,1605.88,2.37,3.66,11.83,54.65,16.44,23.08,17.64,28.42,7.9,96.23,395.86,40.29,23.11,49.36,32.14,26.67,77.89,3.58
04/30/1993,1.60,8.91,77.61,1.49,16.63,10.92,12.76,11.56,25.82,14.64,1.77,8.30,3.02,42.34,48.59,18.41,18.17,3.30,4.14,6.36,26.74,2.73,1.41,84.31,36.24,0.47,16.11,6.48,3.02,3.45,8.16,42.80,179.74,1.59,9.21,0.00,7.16,0.00,13.34,11.25,28.75,3.00,15.30,10.95,39.03,3.68,12.66,7.94,18.81,17.30,1.80,2.12,19.46,1.56,1.33,7.29,2.29,16.97,8.45,13.27,0.30,1.73,15.13,198.38,20.31,37.10,31.06,39.23,38.22,82.54,2.96,41.76,68.93,175.21,101.69,1.96,64.32,1.60,6.77,66.55,1.87,2.47,18.81,7.54,2.39,5.73,30.82,0,13.71,3.87,3.45,19.34,0,5.13,23.29,13.67,0.86,6.622647059,29.37,10.24,25.03,39.18,17.78,901.23,4.97,3.74,15.61,44.14,9.56,13.42,6.89,14.77,4.71,40.33,227.35,41.5,13.09,27.96,18.21,8.37,39.06,1.72
05/31/1993,1.73,9.65,111.20,4.41,15.02,13.47,4.80,8.34,13.58,31.07,0.53,4.92,2.56,32.09,50.21,19.92,27.11,12.26,1.06,5.80,16.54,1.62,0.84,54.44,30.16,0.56,9.61,15.05,3.64,4.16,2.80,27.87,143.60,5.04,8.71,0.00,2.20,0.00,44.32,7.03,47.54,6.36,16.89,12.72,80.70,1.26,27.98,4.01,44.79,30.27,0.58,0.68,27.79,1.17,2.61,11.96,9.62,0.14,3.29,5.04,0.00,0.00,8.75,171.13,24.48,36.55,37.62,35.43,54.77,94.04,3.61,51.03,81.96,134.61,161.04,1.48,43.20,1.20,3.84,77.47,0.78,1.36,9,3.97,7.08,1.93,15.31,0,36.5,3.72,4.16,15.75,0,0,44.15,25.91,1.04,4.279803922,18.98,11.31,4.36,81.78,14.68,648.21,18.32,3.34,29.6,31.66,8.12,11.4,2.32,16.28,1.97,34.05,476.11,68.28,12.61,26.93,17.54,3,35.65,1.02
06/30/1993,0.40,2.22,71.89,3.96,9.30,4.07,6.41,3.33,10.58,16.49,0.33,4.65,1.24,21.69,46.14,9.27,16.67,11.22,0.00,6.49,16.09,1.53,0.79,51.84,28.38,0.32,2.90,6.55,2.53,2.89,0.96,18.20,49.95,4.64,7.37,3.35,1.27,0.00,37.54,2.39,26.68,3.38,7.05,6.36,46.73,0.43,14.37,3.48,21.35,11.96,0.37,0.44,10.65,0.74,0.99,5.33,6.03,0.00,1.47,10.07,1.10,6.37,4.38,98.49,18.38,20.96,33.70,21.94,35.41,34.72,2.04,28.80,46.51,89.14,103.66,0.42,9.89,0.76,3.06,73.13,0.63,0.22,6.5,1.14,6.35,1.71,12.63,0,26.86,2.09,2.89,19.94,0,2.79,24.77,14.54,0.72,1.404803922,6.23,4.72,10.43,41.56,11.14,538.98,11.21,1.15,16.61,15.17,3.94,5.53,4.53,12.48,1.59,21.26,254.03,31.6,7.07,15.1,9.83,0.69,39.88,0.96
07/31/1993,0.07,0.40,37.19,1.70,4.22,0.98,3.18,1.05,1.47,2.30,0.00,2.10,0.67,7.65,24.81,3.70,2.90,4.69,2.64,1.82,1.53,0.69,0.36,7.47,4.36,0.06,0.37,0.52,2.11,2.41,0.22,7.52,9.45,2.12,1.49,0.00,0.37,27.44,7.77,0.22,7.75,0.47,0.55,1.29,10.49,0.10,4.04,0.76,3.91,1.28,0.15,0.18,0.39,0.07,0.29,2.32,1.47,0.00,0.50,1.88,0.00,0.00,1.36,24.06,5.19,5.83,17.20,9.95,18.32,11.72,0.40,5.64,8.86,25.13,29.18,0.08,4.68,0.07,0.00,42.46,0.28,0.06,0,0.16,2.73,0.69,5.03,0,9.06,0.74,2.41,2.92,0,1.09,6.39,3.75,0.6,0.399117647,1.77,0.37,4.15,5.65,2.31,255.57,3.23,0.14,4.28,2.83,2.11,2.96,4.05,2.86,0.71,3.15,58.99,7.08,2.51,5.36,3.49,0.19,11.17,0.43
08/31/1993,0.02,0.10,23.01,0.35,3.19,0.37,1.38,0.64,0.00,0.00,0.00,0.43,0.39,5.44,17.88,2.80,0.98,0.82,2.78,1.85,0.19,0.14,0.07,4.83,1.27,0.02,0.16,0.12,2.03,2.32,0.11,6.02,5.54,0.62,0.59,1.52,0.26,36.04,0.00,0.11,2.32,0.00,0.00,0.72,1.02,0.05,0.98,0.00,0.81,0.14,0.03,0.04,0.05,0.01,0.06,0.48,0.15,0.00,1.02,0.00,0.00,0.00,0.67,12.34,2.69,2.84,9.75,7.53,11.33,6.88,0.13,1.78,2.76,21.51,14.41,0.02,2.52,0.01,0.00,21.96,0.16,0.05,0,0.05,0.55,0.37,4.6,0,1.57,0.57,2.32,0.44,0,0.95,1.61,0.94,0.58,0.272843137,1.21,0,2.45,0.42,1.71,222.03,0,0.04,1.08,1.12,1.25,1.75,3.03,1.72,0.41,0.93,19.15,1.07,1.93,4.12,2.68,0.12,11.37,0.09
09/30/1993,0.00,0.03,25.75,0.05,2.51,0.24,0.75,0.53,0.00,0.00,0.00,0.73,0.14,4.52,13.76,2.29,0.91,0.14,0.00,0.89,0.66,0.24,0.12,3.12,0.81,0.01,0.27,0.06,2.12,2.42,0.11,5.52,5.43,0.36,0.33,0.00,0.59,7.87,3.47,0.11,0.92,0.00,0.00,0.58,0.00,0.05,0.23,0.00,0.45,0.09,0.01,0.01,0.00,0.01,0.04,0.00,0.09,0.00,0.29,0.46,0.22,1.29,0.46,10.85,2.23,1.94,6.86,5.92,12.68,4.26,0.07,1.03,1.62,12.34,10.13,0.01,0.71,0.01,0.25,11.06,0.34,0.04,0,0.11,0.09,0.52,1.16,0,0.42,0.51,2.42,0.22,0,2.55,0.47,0.28,0.61,0.390098039,1.73,0,1.92,0.85,1.12,210.92,0,0.01,0.32,0.76,0.43,0.6,2.15,0.39,0.86,0.36,7.69,0.31,1.71,3.65,2.38,0.11,5.46,0.15
10/31/1993,0.01,0.05,24.14,0.22,2.36,0.53,1.15,1.10,0.00,0.68,0.02,2.13,0.05,5.21,17.02,2.60,1.90,0.25,0.02,1.27,2.29,0.70,0.36,12.58,2.63,0.02,0.90,0.09,2.92,3.34,0.71,6.44,5.73,0.41,0.51,0.00,0.03,10.63,3.25,0.32,0.54,0.14,0.30,8.58,0.87,0.32,0.68,0.16,0.42,0.18,0.06,0.07,0.51,0.18,0.09,0.00,0.20,0.06,1.00,0.38,0.06,0.32,0.52,13.92,2.12,2.37,7.56,5.57,11.89,6.35,0.08,1.16,2.36,21.56,11.36,0.01,0.85,0.19,0.15,0.00,0.32,0.02,0.41,0.6,0.35,0.68,0,0,1.16,0.5,3.34,1.26,0,3.87,0.42,0.25,0.83,0.338235294,1.5,0.2,2.8,1.46,1.05,222.67,0,0.02,0.28,1.1,0.17,0.24,2.25,0.69,0.81,0.61,9.83,1.03,1.7,3.63,2.36,0.05,7.82,0.44
11/30/1993,0.01,0.04,23.08,0.13,2.73,0.41,1.28,1.90,0.82,0.87,0.05,2.52,0.04,5.40,16.04,2.25,1.93,0.13,0.13,1.07,3.52,0.83,0.43,7.61,2.08,0.02,0.50,0.09,0.96,1.10,0.94,6.39,8.02,0.36,0.49,0.00,0.19,20.08,0.42,0.14,0.41,0.18,0.06,3.00,0.00,0.42,0.37,0.11,0.00,0.17,0.15,0.18,0.35,0.12,0.11,0.07,0.03,0.03,1.53,0.33,0.34,1.97,0.53,13.54,2.61,2.31,6.97,6.44,11.37,8.28,0.10,1.37,2.47,22.35,9.84,0.01,0.79,0.12,0.33,0.00,0.09,0.03,4.65,1.38,0.21,1.04,2.97,0,0.74,0.5,1.1,1.05,0,3.87,0.32,0.19,0.27,0.640392157,2.84,0.04,2.99,1.01,0.63,206.83,0,0.03,0.21,1.07,0.12,0.17,1.47,1.19,0.23,0.63,5.91,0.82,1.7,3.63,2.36,0.06,6.59,0.52
12/31/1993,0.02,0.12,28.36,0.16,6.35,0.75,5.05,4.15,2.25,2.02,0.76,8.24,0.04,11.60,24.10,2.82,2.84,0.20,0.83,2.46,19.70,2.71,1.40,29.24,4.55,0.04,1.10,0.29,1.81,2.07,2.32,11.19,13.22,0.39,1.05,7.77,1.39,23.28,0.44,0.48,1.15,0.41,0.36,6.43,1.40,1.04,0.93,3.15,1.15,0.51,1.08,1.27,1.63,0.22,0.39,0.44,0.20,0.23,2.74,0.90,0.82,4.75,0.89,24.32,4.26,5.99,13.98,14.98,13.97,13.88,0.27,3.80,6.52,31.56,15.48,0.03,1.36,0.23,0.53,21.25,0.35,0.06,22.02,3.91,0.26,1.54,7.08,0,1.09,0.85,2.07,2.29,0,6.88,0.57,0.33,0.52,0.658431373,2.92,0.24,9.4,0.73,3.85,320.41,0.04,0.05,0.38,2.93,0.13,0.18,4.15,3.06,0.89,4.2,39.87,1.51,2.88,6.15,4.01,0.25,15.08,1.7
01/31/1994,0.03,0.16,26.44,0.17,5.21,0.64,3.55,4.48,4.71,3.45,0.42,3.44,0.08,9.40,20.56,2.59,2.50,0.23,0.58,2.96,27.40,1.13,0.58,17.37,7.97,0.04,0.59,0.36,1.18,1.35,2.02,9.30,12.53,0.40,1.83,0.58,2.03,10.02,0.50,0.39,1.45,0.71,0.64,1.96,2.23,0.91,1.00,3.11,0.74,0.77,0.66,0.78,1.41,0.17,0.31,0.00,0.31,0.36,1.62,0.95,0.55,3.22,0.92,20.55,3.96,4.39,10.71,12.29,13.02,12.85,0.22,3.14,5.36,37.18,13.22,0.05,2.72,0.18,0.46,4.08,0.28,0.09,13.4,3.54,0.27,1.29,4.14,0,1.19,0.87,1.35,4.13,0,6.68,0.75,0.44,0.34,1.091372549,4.84,0.43,5.68,1.29,3.08,324.24,0.07,0.09,0.5,3.03,0.26,0.37,2.36,2.58,0.71,7.03,61.15,1.94,2.95,6.3,4.1,0.26,18.18,0.71
02/28/1994,0.06,0.32,25.42,0.20,7.88,0.80,13.58,6.79,15.57,2.86,1.62,10.28,0.21,18.42,29.46,2.29,3.66,0.26,2.55,4.00,63.92,3.38,1.75,65.53,19.03,0.09,1.71,0.47,3.14,3.59,3.58,15.45,21.41,0.41,4.82,15.70,8.64,20.93,0.68,0.56,2.13,0.59,0.84,1.86,3.65,1.62,1.19,10.40,1.15,0.77,2.92,3.43,2.25,0.15,0.75,1.15,0.34,0.31,4.54,1.72,1.36,7.92,1.61,30.71,5.11,9.55,16.16,18.59,12.52,17.47,0.60,8.49,13.50,56.48,17.71,0.07,4.15,0.15,1.80,23.72,0.45,0.22,41.54,4.99,0.32,3.66,12.77,0,1.42,1.28,3.59,9.78,0.13,8.3,1.08,0.63,0.9,1.499509804,6.65,0.56,14.44,1.29,8.31,390.47,0.23,0.13,0.72,4.08,0.67,0.94,4.7,4.58,1.13,8.18,53.71,3.11,4.35,9.29,6.05,0.67,24.6,2.13
03/31/1994,0.20,1.14,36.70,0.54,6.56,2.19,4.94,6.01,9.45,6.44,0.50,3.77,0.74,14.92,26.25,5.28,5.12,0.74,0.25,2.68,15.19,1.24,0.64,25.95,14.83,0.17,2.90,1.95,2.17,2.48,2.52,14.68,33.57,0.60,3.24,6.77,2.18,0.00,4.29,1.08,9.06,1.32,5.51,4.93,14.73,1.14,2.97,3.70,3.93,5.93,0.63,0.74,6.07,1.22,0.41,1.47,1.30,0.54,3.71,4.33,1.18,6.86,4.38,60.69,10.60,17.87,15.53,15.48,18.08,29.04,1.01,14.24,25.64,78.50,38.94,0.56,13.95,1.25,3.88,28.75,0.58,0.38,10.69,2.87,0.86,1.83,14.09,0,3.94,1.56,2.48,6.77,0,10.4,4.06,2.38,0.62,1.86254902,8.26,3.69,14.35,12.13,9.23,380.25,1.27,0.7,2.72,15.64,2.35,3.3,4.33,11.7,1.47,19.03,93.69,10.76,5.29,11.3,7.36,1.07,16.44,0.78
04/30/1994,0.25,1.38,31.87,1.12,4.55,2.39,2.52,3.89,3.11,10.08,0.10,2.95,0.25,11.45,19.96,4.70,5.78,2.94,0.22,1.77,12.56,0.97,0.50,15.07,6.66,0.17,1.37,3.15,1.53,1.75,1.38,9.25,27.70,1.45,1.73,1.82,1.17,0.00,12.60,0.54,13.07,2.06,5.59,6.47,22.80,0.62,6.96,2.08,11.08,9.95,0.38,0.45,9.45,1.53,1.02,4.23,3.35,2.59,1.93,4.85,0.00,0.00,2.66,49.20,9.91,13.74,13.07,10.73,15.70,21.65,0.90,12.72,24.30,62.58,45.35,0.36,12.21,1.57,0.24,21.28,0.28,0.33,4.49,1.38,1.8,0.99,5.4,0,9.27,1.15,1.75,2.89,0.09,6.88,8.38,4.92,0.44,0.651666667,2.89,3.74,1.81,24.09,2.72,271.84,4.38,0.63,5.62,12.05,0.8,1.12,2.91,9.4,0.71,8.25,111.29,17.08,3.9,8.33,5.42,0.39,10.88,0.61
05/31/1994,0.14,0.77,37.94,2.19,3.75,1.39,3.16,2.05,3.65,10.51,0.09,1.40,0.00,11.20,22.38,4.46,8.04,5.71,0.06,1.02,8.40,0.46,0.24,15.59,9.28,0.15,0.65,2.83,1.02,1.17,0.77,8.95,23.10,2.51,1.76,8.19,0.87,0.00,16.10,0.45,12.15,2.15,4.12,5.40,21.73,0.35,8.04,1.65,13.11,8.37,0.34,0.40,6.76,1.17,0.83,2.97,3.63,4.68,0.98,4.65,0.66,3.85,1.82,41.72,8.93,12.81,15.48,8.85,18.69,10.95,0.87,12.22,22.39,56.45,47.72,0.13,4.51,1.21,0.07,18.91,0.31,0.08,4.52,0.48,3.51,1.06,5.3,0,13.69,1.07,1.17,3.95,0,9.45,8.73,5.12,0.29,0.800490196,3.55,2.76,1.63,23.81,2.2,283.58,5.07,0.37,5.85,8.6,0,0,2.07,6.72,0.78,7.39,116.14,15.93,3.63,7.75,5.05,0.1,6.24,0.29
06/30/1994,0.02,0.10,19.35,0.94,1.54,0.21,1.81,0.59,0.13,1.78,0.00,0.00,0.03,5.53,16.26,2.16,3.76,2.39,0.00,1.19,3.34,0.00,0.00,3.46,2.76,0.03,0.13,0.32,0.88,1.01,0.18,5.05,6.93,1.24,0.37,5.75,0.60,19.94,2.38,0.12,2.96,0.36,0.63,1.24,3.32,0.08,2.27,0.96,2.29,0.55,0.11,0.13,1.04,0.12,0.14,0.65,0.86,0.15,0.38,1.10,0.34,2.00,0.66,12.90,2.85,3.64,8.79,3.63,9.53,2.13,0.20,2.88,4.77,22.02,15.00,0.02,0.97,0.12,0.40,19.02,0.00,0.01,0.92,0.12,1.51,0.68,3.39,0,4.7,0.45,1.01,1.47,0,4.3,2.35,1.38,0.25,0.281862745,1.25,0.42,2.08,1.96,0,190.16,0.57,0.03,1.58,1.85,0.1,0.14,2.01,2.28,0,1.52,26.41,3.49,1.52,3.25,2.11,0.01,7.28,0
07/31/1994,0.00,0.01,20.46,0.21,0.99,0.08,0.30,0.31,0.00,0.35,0.00,0.00,0.05,3.92,12.45,1.92,2.50,0.48,0.14,1.26,2.76,0.00,0.00,0.69,0.85,0.01,0.12,0.06,0.88,1.01,0.09,4.09,4.11,0.49,0.03,2.23,1.70,16.10,0.45,0.08,1.09,0.07,0.00,1.10,0.00,0.04,0.43,0.65,0.34,0.04,0.00,0.00,0.44,0.01,0.00,0.09,0.09,0.03,0.18,0.25,0.17,0.99,0.35,6.89,1.46,1.65,5.61,2.34,10.08,1.68,0.07,0.93,1.44,12.18,7.96,0.00,0.49,0.01,0.21,16.79,0.02,0,1.21,0.03,0.33,0.32,3.01,0,0.73,0.32,1.01,0.56,0.28,2.5,0.37,0.22,0.25,0,0,0,1,0.28,0,168.35,0,0.01,0.25,0.77,0.15,0.21,3.01,1.12,0.04,0.2,4.53,0.44,1.09,2.33,1.52,0,7.74,0
08/31/1994,0.00,0.00,17.56,0.02,0.99,0.06,0.02,0.26,0.00,0.00,0.49,0.00,0.00,3.29,10.74,1.60,1.18,0.05,0.15,1.14,0.00,0.00,0.00,0.31,0.74,0.00,0.04,0.02,0.57,0.65,0.06,3.78,2.25,0.33,0.00,0.15,2.07,8.12,0.38,0.01,0.00,0.00,0.00,0.84,0.46,0.03,0.11,0.19,0.27,0.05,0.00,0.00,0.12,0.00,0.01,0.00,0.08,0.00,0.21,0.10,0.06,0.34,0.00,6.04,1.40,1.15,4.60,2.34,8.65,1.54,0.03,0.45,0.70,13.03,5.88,0.00,0.09,0.00,0.12,0.00,0.13,0,2.59,0.01,0.04,0.12,1.72,0,0.1,0.31,0.65,0.45,0.77,1.79,0.05,0.03,0.16,0.345,1.53,0,1.15,0.31,0,169.44,0,0,0.03,0.47,0.01,0.01,0.35,2.2,0.34,0,0,0.05,1.04,2.22,1.45,0,7.02,0
09/30/1994,0.00,0.01,18.02,0.04,1.17,0.06,0.02,0.31,0.00,0.54,0.00,0.00,0.03,3.03,11.00,1.58,0.61,0.10,0.00,0.55,1.49,0.00,0.00,0.65,0.66,0.01,0.10,0.03,0.90,1.03,0.04,3.78,1.96,0.35,0.01,0.87,2.38,7.81,0.74,0.06,0.17,0.11,0.01,1.00,0.09,0.02,0.24,0.00,0.25,0.07,0.00,0.00,0.00,0.00,0.04,0.00,0.07,0.00,0.30,0.17,0.22,1.30,0.26,4.88,1.01,1.10,4.53,2.76,8.87,1.37,0.04,0.54,0.83,16.29,5.49,0.00,0.23,0.00,0.12,0.00,0.00,0.01,0,0.03,0.07,0.18,0,0,0.27,0.35,1.03,0.23,0.1,1.91,0.19,0.11,0.26,0.297647059,1.32,0.01,1.42,0.35,0,166.4,0,0,0.13,0.43,0.11,0.15,0.85,1.07,0,0,0,0.15,1.17,2.5,1.63,0.01,3.4,0
10/31/1994,0.01,0.04,18.60,0.08,2.07,0.06,0.53,0.64,0.00,0.44,0.00,1.22,0.03,3.44,12.29,1.91,0.78,0.12,0.00,1.00,0.00,0.40,0.21,1.66,0.97,0.01,0.17,0.05,1.27,1.45,0.73,4.16,6.04,0.36,0.06,0.00,0.00,0.00,2.65,0.03,0.00,0.09,0.04,0.95,0.37,0.33,0.75,0.26,0.22,0.13,0.00,0.00,0.00,0.01,0.04,0.03,0.00,0.00,0.84,0.19,0.02,0.13,0.17,8.23,1.78,1.39,5.00,4.88,9.16,4.93,0.05,0.74,1.17,17.70,7.12,0.01,0.66,0.01,0.17,0.00,0.25,0.02,0.47,0.46,0.13,0.52,1.35,0,0.52,0.3,1.45,0.34,0.06,2.77,0.33,0.19,0.36,0.085686275,0.38,0.03,1.09,0.39,1.64,177.18,0,0.01,0.22,0.51,0.09,0.13,2.48,0.75,0.63,0.08,0,0.44,1.02,2.18,1.42,0.16,6.13,0.25
11/30/1994,0.03,0.17,24.51,0.33,2.52,0.48,2.35,0.78,0.09,2.00,0.58,5.99,0.26,5.02,14.99,1.78,1.35,0.47,1.73,0.66,13.21,1.97,1.02,8.14,1.23,0.05,1.73,0.41,1.13,1.29,1.06,5.44,10.03,0.49,0.45,7.66,1.61,9.32,0.68,0.50,1.91,0.41,0.84,0.88,4.25,0.48,1.77,0.87,1.50,0.72,0.18,0.21,1.06,0.40,0.36,1.75,0.63,0.01,1.22,1.56,0.51,2.94,0.88,14.55,1.27,4.35,6.09,5.94,12.07,5.92,0.25,3.56,6.72,26.65,9.34,0.03,2.66,0.41,0.45,0.00,0.39,0.08,7.23,0.56,0.53,1.93,6.84,0,2.08,0.52,1.29,0.43,0.78,6.56,1.08,0.63,0.32,0.173627451,0.77,0.56,5.23,1.43,1.31,208.18,0.62,0.06,0.72,1.21,0.83,1.17,3.08,2.79,0.98,1.45,13.22,1.88,1.76,3.76,2.45,1.34,4.07,1.24
12/31/1994,0.06,0.36,25.26,0.33,7.79,0.54,6.16,3.34,4.26,2.91,1.02,21.10,0.23,11.60,26.55,2.07,4.08,0.36,2.41,1.23,21.89,6.94,3.58,40.02,4.22,0.15,1.30,0.51,4.27,4.88,2.83,12.04,25.80,0.45,1.11,30.36,4.41,27.02,0.56,0.52,2.63,0.60,1.52,1.44,6.50,1.28,1.52,4.26,0.70,1.27,1.89,2.22,2.16,0.42,1.61,1.53,0.50,0.01,2.99,4.04,2.55,14.80,3.02,28.06,4.92,13.79,15.62,18.38,12.44,15.09,0.94,13.32,21.74,23.46,19.69,0.07,3.44,0.43,2.18,32.15,0.47,0.14,18.63,3.26,0.54,4.72,19.51,0,2.05,0.97,4.88,2.35,1.8,14.61,1.21,0.71,1.22,0.773431373,3.43,1.02,19.81,1.7,2.92,246.58,0.52,0.12,0.81,3.95,0.74,1.04,4.46,6.31,1.18,4.24,20.09,2.88,3.3,7.05,4.59,4.46,7.54,4.37
01/31/1995,0.56,3.14,70.74,1.42,51.31,3.00,83.82,27.65,288.66,14.34,42.84,70.19,2.04,130.32,108.71,9.04,27.76,1.77,55.99,36.71,462.61,23.09,11.92,251.36,288.65,1.04,6.85,6.17,18.48,21.12,45.00,124.57,255.73,0.99,74.28,134.72,78.05,86.75,5.61,3.29,23.08,2.94,13.20,14.50,31.75,20.30,5.48,124.78,9.15,11.09,25.30,29.75,25.62,2.27,9.42,6.22,2.10,178.21,39.29,27.32,17.21,99.85,19.10,239.79,47.48,79.70,78.52,121.04,34.84,120.69,6.70,94.59,152.23,243.42,131.95,0.93,30.54,2.33,23.92,337.98,4.07,1.67,462.92,39.88,2.28,21.53,93.55,0,10.71,7.84,21.12,192.23,14.01,83.46,8.57,5.03,5.28,8.124411765,36.03,8.84,116.04,18.45,192.18,2132.14,1.71,1.91,5.75,55.74,6.47,9.08,30.92,27.46,10.25,132.81,251.35,18.53,26.55,56.71,36.93,43.02,225.48,14.52
02/28/1995,0.72,4.03,45.95,0.88,18.82,4.27,12.07,12.26,58.17,4.45,4.84,6.17,2.28,35.17,50.85,9.15,9.46,1.27,6.93,9.97,39.90,2.03,1.05,69.95,99.76,0.30,5.72,2.64,3.37,3.85,13.34,37.37,97.82,0.80,20.35,0.00,11.05,0.00,3.07,6.28,13.10,0.91,7.20,6.38,16.76,6.02,4.73,15.08,5.78,6.39,3.16,3.72,9.41,1.18,0.43,0.92,1.05,0.16,8.03,8.62,2.00,11.62,10.10,140.83,21.84,24.17,26.46,44.40,22.63,77.67,1.88,26.55,44.40,143.02,63.03,1.14,38.68,1.21,4.97,25.35,1.28,2.55,51.29,15.84,1.41,4.47,24.58,0,7.48,3.31,3.85,63.96,0,7.46,7.84,4.6,0.96,4.26627451,18.92,4.82,27.53,9.77,39.46,851.17,1.44,2.42,5.26,21.22,7.21,10.12,11.17,14.43,3.23,68.03,274.22,18.09,11.21,23.94,15.59,15.73,61.22,1.28
03/31/1995,2.58,14.38,136.13,1.98,49.86,15.23,69.65,34.09,209.00,19.86,36.41,58.46,7.92,155.15,102.13,33.20,34.42,2.88,73.46,27.83,323.38,19.23,9.93,253.21,234.55,1.32,21.99,9.46,18.21,20.81,49.24,126.23,439.25,1.42,54.85,122.97,35.88,88.97,14.10,19.85,34.86,4.07,20.61,22.26,56.88,22.21,11.40,87.48,21.49,18.43,17.01,20.00,39.30,1.70,7.43,9.02,3.36,28.10,52.59,28.82,7.96,46.17,28.40,567.51,94.52,105.30,73.79,117.62,67.05,213.24,8.72,123.19,194.36,349.58,189.01,2.97,126.47,1.75,25.00,135.35,4.70,6.21,375.62,35.85,3.18,29.1,112.93,0,17.2,11.46,20.81,135.8,18.75,19.06,26.24,15.4,5.2,16.89147059,74.91,13.8,131.14,17.28,123.13,2383.75,4,5.34,17.59,81.72,25.09,35.22,35.85,51.98,11.86,127.89,452.43,58.99,38.8,82.88,53.96,57.15,170.93,12.1
04/30/1995,1.90,10.59,107.08,1.42,20.88,17.91,27.02,13.72,43.36,13.37,4.87,0.40,3.69,83.04,69.02,25.68,24.77,3.19,11.01,9.90,45.61,0.13,0.07,88.45,87.21,0.64,16.06,6.10,6.60,7.54,17.24,65.63,272.68,1.54,14.89,4.71,10.91,0.00,11.78,14.69,27.86,2.74,17.66,15.12,39.96,7.78,12.30,18.52,15.57,14.24,5.43,6.38,21.88,1.18,4.61,5.98,2.60,13.75,16.88,18.30,3.52,20.45,18.47,246.36,28.45,53.06,38.98,49.26,52.74,121.19,4.15,58.63,93.66,201.24,126.74,2.13,81.50,1.21,12.41,174.83,3.39,2.85,50.46,8.38,2.29,10.24,59.63,0,13.65,5.4,7.54,46.38,0,34.46,26.1,15.32,1.89,8.710686275,38.63,11.82,59.55,29.79,33.56,1230.06,4.22,3.84,17.5,45.26,11.7,16.43,20.4,21.82,8.56,56.02,263.64,45,18.27,39.02,25.41,14.72,60.79,0.08
05/31/1995,2.44,13.60,163.92,3.61,20.27,34.30,26.79,9.88,38.16,35.05,3.56,7.30,4.31,73.56,80.30,33.70,47.55,10.70,8.65,6.19,51.06,2.40,1.24,81.44,45.72,0.89,23.21,14.63,6.26,7.15,5.49,73.35,291.92,4.44,12.51,24.37,10.74,0.00,36.27,20.43,55.10,7.18,25.60,18.84,76.80,2.48,26.63,15.68,44.00,27.63,4.61,5.42,33.05,1.09,6.27,11.94,7.58,25.56,7.14,26.43,5.25,30.47,20.90,307.99,30.36,63.98,51.05,47.82,80.74,141.18,5.87,82.90,130.62,256.03,218.71,2.09,67.08,1.12,13.96,196.40,3.35,2.83,37.86,4.6,5.8,12.97,43.88,0,35.3,6.86,7.15,31.74,1.07,26,51.72,30.35,1.79,8.997058824,39.9,17.14,58.6,70.11,27.19,1096.6,12.04,3.77,34.67,53.36,13.66,19.18,20.64,28.42,8.44,46.8,366.68,77.29,23.23,49.62,32.31,7.06,38.03,1.51
06/30/1995,1.64,9.16,127.86,6.14,10.47,14.70,8.34,3.37,10.62,30.54,0.68,2.71,3.06,29.32,52.90,15.85,27.87,17.55,1.35,4.01,15.49,0.89,0.46,28.30,13.98,0.57,6.31,13.06,2.04,2.33,1.10,26.53,84.32,7.08,3.84,0.00,4.70,0.00,57.75,6.82,45.55,6.25,14.18,8.70,91.72,0.50,32.15,5.90,46.51,24.17,0.81,0.95,19.67,1.43,2.95,5.56,9.99,0.16,1.67,0.69,0.00,0.00,8.38,152.46,23.50,36.93,37.68,24.70,62.98,84.53,3.67,51.90,84.09,156.06,187.68,1.25,35.80,1.47,9.71,105.45,0.99,1.01,6.44,1.2,9.85,5.25,17.31,0,47.53,3.46,2.33,11.2,0,0,54.94,32.24,0.58,2.194019608,9.73,9.49,23.13,79.31,8.33,506.58,21.56,2.26,36.83,24.46,9.68,13.59,7.91,15.08,2.51,16.63,269.25,75.78,11.72,25.03,16.3,2.45,24.65,0.56
07/31/1995,0.42,2.34,69.97,5.16,6.91,3.66,4.43,1.62,2.15,12.30,0.00,3.16,1.84,9.32,35.29,5.99,5.59,13.94,0.14,2.45,7.71,1.04,0.54,8.53,4.57,0.19,1.10,1.98,1.32,1.51,0.20,13.93,19.75,5.69,1.27,0.00,0.84,0.00,38.25,1.52,20.89,2.52,3.42,2.33,41.89,0.09,16.71,2.89,15.70,8.83,0.27,0.32,3.46,0.54,0.94,1.75,7.72,0.06,1.99,3.22,0.00,0.00,2.93,51.66,9.79,12.43,25.95,16.30,34.46,34.70,1.22,17.22,28.12,70.63,78.89,0.39,13.20,0.56,5.56,46.60,0.56,0.25,0,0.26,8.28,3.12,10.35,0,31.58,1.61,1.51,2.4,0,0,28.35,16.64,0.38,1.16127451,5.15,2.29,8.2,36.62,4.08,327.77,13.13,0.69,19.01,5.9,5.82,8.17,4.63,0.89,1.4,3.55,94.85,34.01,5.45,11.64,7.58,0.66,15.08,0.65
08/31/1995,0.06,0.32,42.78,1.33,4.37,1.16,1.07,0.84,0.00,0.00,0.00,0.55,0.76,4.69,26.24,3.42,1.43,3.29,0.00,2.78,0.00,0.18,0.09,4.05,1.38,0.04,0.18,0.20,0.71,0.81,0.12,9.30,8.36,1.56,0.45,0.00,0.13,21.52,4.48,0.46,4.63,0.00,0.16,1.20,7.25,0.05,3.74,1.15,1.35,0.85,0.00,0.00,0.68,0.00,0.28,0.44,1.97,0.01,0.41,1.32,0.00,0.00,0.91,15.76,3.15,4.01,12.43,10.31,21.07,11.40,0.25,3.55,5.45,23.42,21.85,0.07,6.40,0.00,0.58,18.27,0.37,0.07,0,0.09,2.14,1.6,6.39,0,5.9,0.81,0.81,0.4,0,0.21,5.17,3.03,0.2,0.750882353,3.33,0.11,1.79,2.48,1.78,250.58,1.39,0.13,3.47,1.34,2.42,3.4,2.07,0.59,0.94,1.03,15.42,4.49,2.75,5.87,3.82,0.27,17.08,0.11
09/30/1995,0.02,0.10,35.25,0.19,3.20,0.54,0.50,0.64,0.00,1.13,0.00,0.91,0.39,5.19,19.98,2.90,1.02,0.43,0.00,3.03,0.60,0.30,0.15,3.44,1.03,0.02,0.87,0.09,0.98,1.12,0.13,7.27,6.39,0.47,0.27,0.83,0.21,6.24,3.25,0.13,1.67,0.23,0.01,0.61,0.00,0.06,1.07,0.83,0.05,0.13,0.00,0.00,0.56,0.00,0.09,0.00,0.00,0.00,0.35,0.67,0.29,1.67,0.61,9.80,1.36,2.61,8.26,7.55,17.36,6.18,0.11,1.57,2.41,19.61,13.25,0.02,2.40,0.00,0.16,7.91,0.09,0.12,0,0.14,0.3,1.26,3.42,0,1.31,0.57,1.12,0.29,0,1.9,1.53,0.9,0.28,0.275098039,1.22,0.01,1.14,0.92,0,227.63,0,0.04,1.03,0.84,1.25,1.75,2.85,0,0.23,0.47,0,0.97,1.92,4.1,2.67,0.31,18.63,0.19
10/31/1995,0.01,0.08,29.50,0.16,2.93,0.43,0.26,0.96,0.00,1.42,0.23,1.12,0.16,5.14,19.33,3.11,1.37,0.23,0.00,1.55,1.53,0.37,0.19,3.95,1.45,0.01,0.16,0.07,1.41,1.61,0.99,7.13,9.36,0.40,0.28,0.00,0.02,17.23,2.57,0.26,0.75,0.29,0.07,0.53,0.00,0.45,0.42,0.00,0.59,0.13,0.00,0.00,0.00,0.00,0.02,0.00,0.11,0.01,1.19,0.36,0.13,0.78,0.56,10.49,2.10,2.34,7.64,6.91,14.53,7.58,0.09,1.29,1.98,26.85,11.18,0.01,1.18,0.00,0.21,0.00,0.32,0.03,0,0.63,0.26,1.43,4.99,0,0.99,0.53,1.61,0.5,0,3.09,0.6,0.35,0.4,0.584019608,2.59,0.05,0,11.95,1.03,251.46,0,0.03,0.4,0.7,0.52,0.73,1.85,0,0.81,0.38,2.3,0.81,1.79,3.82,2.49,0.14,9.51,0.23
11/30/1995,0.02,0.08,30.84,0.16,3.36,0.63,0.39,1.32,0.03,0.37,0.00,8.09,0.17,4.86,17.83,2.76,2.14,0.23,0.00,1.22,1.51,2.66,1.37,5.75,1.13,0.01,0.16,0.07,0.55,0.63,1.08,7.00,12.15,0.40,0.38,0.00,0.37,11.08,0.94,0.42,0.09,0.08,0.00,0.97,0.14,0.49,0.25,0.12,0.33,0.19,0.02,0.02,0.35,0.12,0.02,0.00,0.12,0.03,1.20,0.39,0.40,2.32,0.49,11.17,2.10,2.28,7.34,7.93,15.19,8.10,0.08,1.15,2.13,11.57,10.25,0.01,1.17,0.13,0.25,1.72,0.19,0.04,0,1.26,0.26,1.46,5.48,0,0.98,0.52,0.63,0.53,0,2.78,0.59,0.35,0.16,0.496078431,2.2,0,2.53,0.7,0.75,221.92,0,0.02,0.4,0.71,0.54,0.76,2.54,0.81,0.49,0.53,6.23,0.96,1.77,3.78,2.46,0.13,7.48,1.67
12/31/1995,0.28,1.56,51.34,1.01,11.40,2.07,8.65,6.29,21.45,11.02,4.91,7.87,0.98,18.38,34.61,5.01,7.12,1.15,6.92,5.22,68.88,2.59,1.34,49.27,25.97,0.18,3.11,2.55,1.86,2.13,4.96,21.10,50.21,0.75,6.59,8.38,4.99,0.00,8.72,1.20,9.29,2.26,4.53,4.81,22.07,2.24,4.49,10.51,5.96,5.47,1.80,2.12,5.99,0.68,0.98,4.15,2.07,0.52,5.94,4.93,0.84,4.85,3.10,24.41,1.55,16.27,20.94,26.89,25.29,38.42,1.10,15.47,25.86,60.19,43.21,0.37,14.63,0.70,3.26,64.30,0.61,0.8,65.2,7.37,1.62,3.28,15.9,0,6.98,1.73,2.13,16.58,0,5.07,4.39,2.58,0.53,1.582941176,7.02,3.03,16.79,9.99,17.29,501.01,1.97,0.66,2.94,10.55,3.09,4.34,6.21,15.8,1.53,29.24,126.75,10.7,5.86,12.52,8.15,5.06,32.04,1.63
01/31/1996,0.43,2.42,45.25,0.69,16.17,2.39,13.58,8.79,58.64,7.69,9.28,17.88,1.35,23.48,47.14,5.28,8.28,1.00,12.18,5.86,142.85,5.88,3.04,100.01,85.69,0.34,4.00,2.71,7.18,8.21,7.31,30.71,72.92,0.70,13.29,10.69,14.20,37.50,5.04,1.59,11.27,1.57,3.94,5.43,15.41,3.30,3.99,34.54,6.50,4.79,1.60,1.88,8.61,1.07,2.83,3.38,1.65,0.55,8.01,6.72,3.61,20.97,7.40,77.49,13.03,30.66,25.97,38.15,22.29,67.10,2.17,30.62,50.33,58.47,57.95,0.60,25.37,1.10,12.09,79.79,0.95,1.41,107.01,12.43,1.11,11.76,38.63,0,5.72,2.43,8.21,55.85,3.03,22.88,5.15,3.02,2.05,2.665294118,11.82,2.64,33.46,8.51,51.8,555.04,1.47,1.08,3.45,13.48,4.26,5.98,7.82,11.03,2.4,48.51,133.81,12.27,8.23,17.58,11.45,13.71,35.98,3.7
02/29/1996,1.76,9.81,73.05,1.53,33.13,7.67,37.91,22.77,109.61,20.11,18.90,27.60,5.45,77.01,64.88,13.87,19.96,2.20,30.14,13.68,210.83,9.08,4.69,130.00,121.28,0.84,10.83,8.33,12.67,14.48,25.42,70.29,206.56,1.16,26.18,35.17,24.63,0.00,14.43,9.00,35.44,4.12,17.64,14.64,55.95,11.47,9.16,56.21,20.60,19.91,8.04,9.45,29.35,1.88,4.05,6.58,2.75,22.85,19.93,20.44,7.63,44.25,23.62,280.88,47.66,75.66,50.18,78.15,35.98,179.82,5.43,76.74,123.62,231.59,157.15,2.05,88.24,1.93,26.23,189.97,4.25,4.49,194.75,26.44,2.46,15.5,74.38,0,13.01,6.94,14.48,76.4,0,18.49,17.95,10.53,3.62,8.137941176,36.09,11.81,75.06,36.19,76.66,1634.02,4.42,4.45,12.03,64.02,17.26,24.23,19.56,21.6,10.72,91.29,356.73,42.65,23.5,50.2,32.68,38.95,84.02,5.71
03/31/1996,1.12,6.27,62.76,0.93,16.57,8.17,20.66,12.30,72.97,8.22,10.23,6.78,2.21,49.76,47.94,11.58,12.73,1.99,20.86,9.47,111.86,2.23,1.15,66.36,88.59,0.53,8.91,3.81,6.59,7.53,13.98,42.75,158.92,1.08,19.39,5.10,20.42,23.53,7.63,10.68,20.16,1.68,10.98,7.80,27.10,6.31,7.75,29.83,10.37,10.69,5.43,6.38,11.24,1.70,3.13,3.37,1.54,4.87,16.00,12.44,5.87,34.09,16.26,186.80,25.29,39.52,28.12,39.09,30.91,98.34,3.32,46.88,77.23,137.07,89.22,1.54,50.64,1.74,13.18,92.98,2.78,1.65,94.31,9.49,1.49,11.16,55.25,0,8.51,3.92,7.53,48.27,0,52.46,15.91,9.34,1.88,6.036372549,26.77,7.35,44.7,20.83,55.66,1048.24,2.5,3.15,10.67,28.57,7.01,9.84,15.24,9.02,7.02,66.04,213.69,27.97,13.27,28.34,18.46,20.08,58.19,1.4
04/30/1996,1.34,7.50,81.16,1.92,14.05,13.87,10.86,9.99,24.18,16.90,3.98,6.57,2.37,37.56,47.09,14.69,17.64,5.17,8.00,4.06,44.18,2.16,1.12,57.95,32.69,0.50,13.35,6.78,5.76,6.58,7.63,37.73,161.96,2.31,7.48,0.00,6.83,6.29,16.20,13.10,28.60,3.46,14.67,10.50,41.45,3.44,14.11,10.05,19.98,15.57,2.19,2.57,17.99,1.25,2.62,6.46,3.60,1.27,8.35,12.82,2.70,15.65,12.42,182.01,17.28,44.77,29.06,33.14,39.97,98.16,3.20,45.13,73.14,130.69,112.28,1.76,39.81,1.28,11.68,80.01,1.72,1.79,35.48,5.55,3.08,7.18,41.48,0,18.09,3.59,6.58,16.98,0,19.4,26.24,15.4,1.65,5.100588235,22.62,9.82,37.95,36.78,17.34,686.63,6.3,3.25,17.59,28.7,7.5,10.53,11.74,13.02,4.34,36.06,221.34,41.69,12.16,25.97,16.91,7.85,24.94,1.36
05/31/1996,1.36,7.56,90.74,4.98,12.62,14.95,11.27,5.52,20.71,34.64,2.61,6.02,2.14,41.93,56.65,17.11,31.80,14.65,6.07,3.99,32.32,1.98,1.02,58.03,23.82,0.76,9.60,13.84,5.36,6.13,4.04,39.51,150.96,5.96,4.65,26.27,6.21,0.00,54.31,7.34,47.81,7.10,17.66,12.73,96.47,1.82,28.43,8.25,49.27,23.06,1.79,2.10,26.88,1.40,5.19,7.46,9.08,10.18,4.40,19.85,5.49,31.83,6.37,220.34,36.00,60.88,38.39,29.77,44.69,94.69,4.96,70.03,111.83,162.29,212.01,1.03,30.20,1.44,12.84,115.35,1.44,0.83,24.57,1.99,7.99,6.81,38.84,0,39.78,4.17,6.13,15.37,0,10.94,45.75,26.85,1.53,3.470294118,15.39,11.82,35.48,40.09,15.48,807.15,15.51,1.86,30.67,39.87,6.77,9.5,11.44,55.57,3.62,40.98,247.53,63.65,14.11,30.14,19.62,3.18,24.53,1.25
06/30/1996,0.26,1.47,22.47,3.33,4.82,3.61,4.08,1.45,6.90,7.36,0.43,1.98,1.08,14.68,31.81,8.32,10.69,8.99,1.04,1.96,8.08,0.65,0.34,13.21,8.54,0.17,1.06,1.27,1.87,2.14,0.61,14.63,30.52,3.78,1.54,2.24,1.10,20.59,21.53,1.58,12.98,1.51,2.43,3.15,27.44,0.27,10.20,2.76,10.78,6.81,0.45,0.53,2.92,0.39,0.85,1.18,4.93,0.39,0.93,5.77,1.18,6.83,3.81,55.25,10.63,13.46,20.37,11.37,11.07,25.32,1.10,15.51,25.01,95.82,65.99,0.24,7.94,0.40,2.93,61.22,0.71,0.15,4.82,0.41,5.35,3.62,16.32,0,20.54,1.35,2.14,6.96,0,2.6,18.25,10.71,0.53,0.90872549,4.03,1.63,2.89,24.68,6.42,382.71,7.4,0.43,12.24,5.71,3.41,4.79,6.79,0,1.78,9.51,94.11,22.31,4.58,9.78,6.37,0.46,12.03,0.41
07/31/1996,0.04,0.25,40.45,1.26,2.75,1.36,2.84,0.65,1.30,1.11,0.24,0.27,0.49,8.09,21.56,4.04,3.10,3.06,0.50,1.10,9.78,0.09,0.05,5.01,2.75,0.05,0.74,0.20,1.31,1.50,0.26,9.28,9.49,1.48,0.48,0.00,0.42,27.49,4.93,0.57,3.43,0.23,0.31,1.31,5.09,0.12,3.15,1.41,1.57,3.55,0.17,0.20,1.13,0.00,0.21,1.64,0.18,0.11,0.32,1.62,0.35,2.05,1.74,21.14,3.77,5.50,11.20,6.49,19.92,10.50,0.33,4.72,7.23,30.63,23.38,0.05,3.90,0.00,0.97,32.51,0.53,0.04,0.59,0.07,2.02,1.9,9.08,0,5.62,0.74,1.5,1.57,0,4.96,4.59,2.69,0.37,0.257058824,1.14,0.21,0,16.62,2.04,265.56,0.63,0.1,3.08,1.73,1.56,2.19,4.19,0,1.33,1.94,26.68,4.14,2.51,5.36,3.49,0.14,6.75,0.06
08/31/1996,0.01,0.06,30.92,0.21,2.52,0.60,0.98,0.51,0.00,2.20,0.01,0.00,0.22,5.48,17.03,3.05,1.01,0.49,0.08,0.82,0.00,0.00,0.00,2.58,1.02,0.02,0.42,0.06,0.69,0.79,0.11,7.26,5.45,0.50,0.12,2.10,0.00,32.59,1.86,0.33,1.32,0.45,0.09,0.73,0.44,0.05,0.63,0.00,0.16,0.28,0.08,0.09,0.81,0.00,0.10,0.04,0.02,0.00,1.11,0.44,0.26,1.52,0.81,11.32,1.97,3.06,7.90,5.94,15.23,7.06,0.14,1.98,3.04,10.99,14.08,0.01,1.58,0.00,0.28,23.23,0.00,0.02,0,0.04,0.34,1.21,5.68,0,0.95,0.59,0.79,0.35,0,4.18,0.97,0.57,0.2,0.175882353,0.78,0.06,0.94,1.61,0.76,258.34,0,0.02,0.65,0.93,0.71,1,2.9,0,0,0.4,0,0.63,1.99,4.25,2.77,0.12,5.01,0
09/30/1996,0.01,0.05,26.14,0.09,2.40,0.47,1.24,0.51,0.00,0.11,0.00,0.27,0.21,5.40,16.21,2.64,1.01,0.23,0.00,0.93,1.28,0.09,0.05,3.24,0.87,0.01,0.21,0.06,0.78,0.89,0.13,6.58,5.86,0.40,0.13,0.00,0.00,22.96,0.75,0.33,0.47,0.02,0.06,0.44,0.43,0.06,0.55,1.34,0.49,0.25,0.01,0.01,0.56,0.02,0.05,0.00,0.09,0.00,0.41,0.46,0.46,2.67,0.46,9.92,1.85,2.58,6.69,5.66,12.88,5.10,0.10,1.37,2.15,3.36,11.47,0.01,1.19,0.02,0.25,25.86,0.24,0.07,0,0.1,0.14,1.04,2.19,0,0.69,0.56,0.89,0.24,0,3.12,0.77,0.45,0.22,0.338235294,1.5,0.04,3.77,1.05,0.98,234.1,0.03,0.02,0.52,0.75,0.66,0.93,2.37,1.53,0.6,0.25,0,0.51,1.91,4.08,2.66,0.15,5.71,0.06
10/31/1996,0.01,0.08,28.30,0.17,2.62,0.53,2.16,0.83,0.00,0.00,0.00,2.52,0.13,5.48,18.11,2.81,1.37,0.23,0.00,0.72,0.00,0.83,0.43,4.67,1.75,0.02,0.21,0.08,1.32,1.51,1.11,7.30,9.65,0.40,0.38,0.00,0.00,6.29,0.79,0.31,0.46,0.00,0.00,0.62,0.00,0.50,0.83,0.00,0.18,0.21,0.11,0.13,0.70,0.24,0.05,0.00,0.00,0.35,1.31,0.45,0.34,1.96,0.48,11.25,2.19,2.59,6.59,6.18,13.94,7.20,0.08,1.16,2.53,1.68,10.72,0.01,1.24,0.24,0.30,19.05,0.34,0.03,0,0.57,0.27,1.09,2.42,0,1.02,0.53,1.51,0.6,0,4.93,0.6,0.35,0.38,0.572745098,2.54,0,1.92,0.97,1.86,253.85,0.06,0.03,0.4,0.79,0.4,0.56,1.28,0.86,0.85,1.3,2.4,0.84,1.8,3.84,2.5,0.22,4.44,0.52
11/30/1996,0.23,1.26,34.76,1.08,4.82,1.35,3.48,1.71,3.36,3.84,0.46,6.32,0.85,9.66,20.84,3.95,4.52,1.22,1.59,1.91,8.94,2.08,1.07,9.89,6.23,0.11,1.33,1.79,1.01,1.15,2.26,10.22,26.20,0.78,1.92,3.24,1.14,0.00,8.28,0.71,6.66,0.79,2.51,3.89,19.28,1.02,5.07,3.16,3.57,4.09,0.69,0.81,4.16,0.59,0.62,1.83,2.16,0.00,2.43,3.92,0.38,2.21,2.13,31.99,5.64,9.07,10.56,11.37,17.12,17.94,0.66,9.28,16.08,17.76,24.09,0.30,13.35,0.60,1.48,44.57,0.56,0.66,7.79,1.64,1.73,2.95,11.81,0,7,1.06,1.15,4,0,8.77,4.18,2.45,0.29,0.692254902,3.07,1.68,8.3,8.46,4.34,400.29,1.69,0.55,2.8,4.99,2.68,3.76,3.83,8.48,1.42,4.75,76.93,9.69,3.6,7.69,5.01,3.74,11.71,1.31
12/31/1996,1.36,7.59,92.16,1.70,41.67,6.83,45.35,23.22,66.24,27.14,14.37,44.78,4.22,105.59,27.36,14.54,26.15,2.39,18.22,18.61,155.50,14.73,7.61,115.55,69.22,1.11,11.51,11.89,14.49,16.56,35.49,87.56,239.11,1.23,24.47,55.43,13.02,0.00,17.44,5.18,42.95,5.56,19.48,25.00,61.84,16.01,11.49,44.24,22.72,19.26,14.37,16.89,43.34,3.03,8.56,9.06,3.30,7.41,30.50,27.69,18.72,108.62,20.01,265.95,47.21,93.27,67.14,98.30,45.39,184.14,7.12,100.50,163.65,62.88,181.76,1.72,72.34,3.11,23.03,493.25,3.48,4.34,172.66,31.28,2.73,26.95,102.62,0,13.96,7.98,16.56,44.08,0,62.29,15.01,8.81,4.14,4.721764706,20.94,13.04,90,41.14,57.8,1701.4,2.86,3.1,10.06,75.27,13.36,18.76,33.06,44.15,8.77,47.02,425.53,35.49,27.02,57.71,37.58,46.96,114.3,9.27
01/31/1997,3.38,18.88,142.59,2.93,61.86,19.55,77.16,42.64,123.38,28.91,35.22,31.43,6.99,174.13,131.04,26.14,41.41,5.95,61.14,19.14,314.18,10.34,5.34,210.67,164.48,1.85,19.40,13.08,24.99,28.56,50.08,143.02,478.37,2.61,37.30,145.24,37.41,106.12,32.19,17.32,49.16,5.92,29.26,25.19,132.28,22.59,27.09,111.56,39.23,22.82,21.34,25.09,37.76,0.57,17.15,9.87,1.71,44.91,51.52,41.02,19.55,113.42,19.60,512.92,86.53,146.27,97.89,145.93,70.23,304.30,12.44,175.71,271.42,305.28,278.29,3.52,141.22,0.58,40.26,449.02,10.96,5.85,364.77,42.12,4.71,48.51,190.16,0,26.95,11.91,28.56,100.82,60.08,132.95,44.26,25.98,7.14,17.35147059,76.95,19.59,95.48,43.61,129.67,2040.42,10.29,6.33,29.67,74.5,22.14,31.08,46.06,75.87,27.64,102.72,430.67,84.24,40.33,86.14,56.09,64.99,117.59,6.5
02/28/1997,0.34,1.92,47.16,0.73,9.89,5.22,11.75,6.88,30.53,3.64,3.64,0.00,0.57,34.72,30.74,7.01,10.96,2.25,8.43,5.19,64.18,0.00,0.00,37.40,48.21,0.31,2.22,1.81,3.58,4.09,4.91,30.43,97.94,1.18,9.47,22.86,6.47,0.00,2.72,4.45,8.69,0.75,4.82,5.91,10.34,2.22,4.99,3.99,5.50,4.39,2.12,2.49,5.34,0.50,2.82,0.00,0.34,14.83,4.21,7.28,6.15,35.71,9.48,171.36,34.50,28.44,19.79,23.33,23.23,34.17,2.00,28.23,44.88,107.09,61.92,0.40,9.70,0.51,8.26,27.75,1.89,0.2,42.06,3.98,1.18,9.8,25.8,0,7.07,2.16,4.09,25.73,25.02,43.7,10.41,6.11,1.02,2.780294118,12.33,3.23,24.18,8.57,20.03,711.78,0.96,0.72,6.98,12.27,1.8,2.53,13.06,3.74,4.77,35.51,107.64,13.57,7.33,15.66,10.19,1.64,31.9,0
03/31/1997,0.50,2.77,56.69,1.19,6.80,9.58,6.28,2.93,15.33,9.25,1.81,4.16,0.77,19.23,31.98,8.97,17.48,4.01,4.40,3.09,27.96,1.37,0.71,28.21,21.64,0.26,6.77,3.15,1.90,2.17,1.14,22.62,86.54,1.85,5.08,14.85,3.08,0.00,8.66,9.11,16.57,1.89,8.53,6.59,22.63,0.51,8.23,8.74,9.40,9.22,0.67,0.79,7.83,0.89,2.10,2.35,1.97,0.00,1.80,6.90,2.05,11.87,6.02,144.47,18.84,14.66,19.06,16.04,27.92,31.17,1.64,23.14,38.27,99.33,61.80,0.37,11.15,0.91,8.97,0.00,1.14,0.31,20.05,1.09,1.9,5.4,8.5,0,11.51,2.18,2.17,11.16,11.31,18.57,14.9,8.74,0.54,2.838921569,12.59,5.71,4.01,21.17,13.22,502.17,3.8,0.66,9.99,11.78,2.45,3.44,8.03,11.43,2.88,18.43,116.08,20.63,7.39,15.78,10.28,1.43,18.99,0.86
04/30/1997,0.73,4.06,62.63,2.31,7.10,10.33,5.03,3.02,8.88,14.16,0.64,2.86,1.03,16.80,27.80,8.63,16.53,5.87,1.66,2.48,14.79,0.94,0.49,24.23,13.13,0.30,5.53,5.43,1.25,1.43,0.88,18.77,62.81,2.57,2.65,0.00,1.89,0.00,20.65,6.91,24.29,2.90,8.45,6.02,42.39,0.40,12.98,5.05,20.73,14.56,0.47,0.55,9.36,1.54,1.90,6.46,4.52,0.00,1.37,8.58,0.17,0.96,5.94,140.14,21.24,16.43,20.69,16.75,30.85,40.66,1.81,25.53,43.97,82.68,85.86,0.54,16.33,1.58,6.35,0.00,0.52,0.45,8.13,1.14,3.7,3.99,5.81,0,16.86,2.01,1.43,8.5,10.91,6.06,20.18,11.84,0.36,2.137647059,9.48,5.66,0,40.43,6.16,457.03,7.79,0.97,13.53,12.15,3.25,4.56,5.14,11.59,1.32,14.92,152.44,30.21,6.8,14.52,9.46,1.24,15.24,0.59
05/31/1997,0.49,2.75,55.03,3.77,5.15,5.47,3.28,1.55,4.85,15.11,0.40,2.37,1.29,12.72,27.51,5.83,10.76,10.93,1.03,2.02,15.13,0.78,0.40,11.18,9.21,0.25,2.66,3.55,1.26,1.44,0.51,13.14,29.84,4.53,1.33,0.00,2.36,0.00,35.12,2.86,21.45,3.09,4.87,2.90,42.05,0.23,15.63,3.68,20.99,12.60,0.25,0.29,4.11,0.65,0.88,3.68,6.76,8.21,0.75,4.62,0.00,0.00,2.32,93.28,16.90,13.06,20.96,12.15,27.10,30.36,1.57,22.19,36.08,49.41,78.52,0.41,11.24,0.67,2.52,0.84,0.39,0.28,5.24,0.49,6.04,3.06,9.53,0,26.78,1.3,1.44,6.56,0,0,25.75,15.11,0.36,1.084607843,4.81,3.26,0,41.23,1.69,350.41,12.5,0.75,17.26,5.95,4.1,5.76,4.38,0.27,0.99,9.33,110.69,33.68,4.41,9.42,6.13,0.64,12.38,0.49
06/30/1997,0.16,0.89,39.04,2.51,3.56,2.48,2.24,0.92,1.02,5.50,0.00,1.85,0.89,7.98,23.46,3.47,3.78,6.88,0.00,0.70,3.28,0.61,0.31,6.09,4.61,0.08,0.80,0.82,0.98,1.12,0.26,9.21,10.37,2.96,0.59,2.54,2.21,0.00,11.52,1.03,9.12,1.13,1.64,1.56,18.52,0.12,7.31,2.33,5.84,2.51,0.09,0.11,1.32,0.23,0.41,1.77,2.85,6.72,0.30,1.90,0.00,0.00,1.40,44.29,8.81,5.92,14.38,8.40,19.23,13.60,0.53,7.54,12.30,26.22,30.70,0.15,6.12,0.24,0.39,20.41,0.26,0.1,0,0.18,4.03,1.86,6.64,0,14.78,0.75,1.12,3.63,4.34,0,12.39,7.27,0.28,0.69,3.06,1.1,0.54,10.23,0,276.43,4.6,0.27,8.31,2.21,2.81,3.94,2.24,3.35,0.65,4.05,34.9,14.1,2.55,5.45,3.55,0.29,4.27,0.38
07/31/1997,0.03,0.15,33.98,0.70,2.60,0.81,1.76,0.57,0.00,0.97,0.00,0.15,0.40,6.05,17.35,2.85,1.28,1.71,0.00,0.05,9.63,0.05,0.03,2.83,1.73,0.02,0.19,0.18,0.79,0.90,0.14,7.10,5.80,0.96,0.19,0.00,2.56,25.12,0.92,0.42,1.83,0.20,0.15,0.79,4.05,0.06,1.64,1.19,1.09,0.12,0.03,0.04,0.61,0.06,0.11,0.91,0.00,0.84,1.06,0.00,0.00,0.00,0.87,23.98,5.15,2.88,9.38,6.13,16.74,7.52,0.16,2.24,3.63,12.78,15.00,0.04,3.29,0.06,0.37,11.90,0.33,0.03,0,0.05,1.12,1.08,3.1,0,2.95,0.6,0.9,1,1.71,3.3,2.79,1.64,0.23,0.611078431,2.71,0.1,1.86,0.66,0,241.99,0.06,0.06,1.87,0.9,1.26,1.77,0.88,3.57,0.83,1.01,13.06,2.26,2.04,4.36,2.84,0.15,0.34,0.03
08/31/1997,0.01,0.06,26.25,0.17,2.62,0.39,1.52,0.52,0.19,0.15,0.00,0.00,0.25,4.89,15.23,2.50,0.94,0.39,0.00,0.55,5.50,0.00,0.00,2.20,0.83,0.01,0.19,0.07,0.87,0.99,0.11,6.04,5.52,0.46,0.08,0.00,3.24,36.25,0.49,0.15,1.23,0.03,0.00,0.09,0.00,0.05,0.40,0.20,0.46,0.12,0.02,0.02,0.63,0.00,0.03,0.00,0.08,0.10,0.80,0.37,0.09,0.51,0.56,19.87,4.43,2.09,7.81,6.18,12.93,5.49,0.10,1.40,2.14,4.91,11.07,0.01,1.57,0.00,0.24,9.03,0.30,0.04,0,0.05,0.28,0.76,2.57,0,0.89,0.54,0.99,0.3,2.8,3.02,0.93,0.55,0.25,0,0,0,2.24,0.44,0,242.52,0,0.02,0.62,0.64,0.79,1.11,4.07,2.26,0.76,0.35,5.16,0.6,1.82,3.89,2.53,0.13,3.36,0
09/30/1997,0.01,0.04,29.01,0.07,2.70,0.40,1.53,0.56,0.15,0.05,0.00,1.79,0.16,5.29,15.08,2.35,0.89,0.18,0.00,1.20,4.13,0.59,0.30,3.34,0.92,0.01,0.10,0.07,0.77,0.88,0.13,5.97,5.37,0.38,0.10,0.00,2.06,9.91,3.86,0.25,0.66,0.01,0.24,0.62,0.00,0.06,0.48,0.34,0.74,0.14,0.04,0.05,0.21,0.08,0.04,0.00,0.08,0.00,0.35,0.38,0.35,2.01,0.43,15.62,3.41,1.77,7.27,6.37,14.29,4.34,0.08,1.09,1.94,2.31,9.50,0.01,0.94,0.09,0.22,6.62,0.03,0.06,0,0.11,0.11,0.6,2.12,0,0.54,0.5,0.88,0.25,3.32,3.85,0.62,0.36,0.22,0,0,0.16,1.97,2.43,0,245.46,0,0.01,0.42,0.54,0.5,0.7,4.14,0.31,0.07,0.34,2.82,0.4,1.68,3.59,2.34,0.12,7.4,0.37
10/31/1997,0.02,0.09,28.00,0.18,3.15,0.62,1.97,0.98,0.00,2.25,0.16,2.61,0.19,6.70,17.37,2.62,1.35,0.26,0.00,1.04,0.25,0.86,0.44,6.95,1.51,0.02,0.13,0.17,1.20,1.37,1.39,6.98,9.49,0.35,0.28,1.15,0.64,22.42,3.40,0.32,0.90,0.46,0.00,0.72,0.00,0.63,0.53,0.89,0.33,0.23,0.13,0.15,0.76,0.10,0.06,0.00,0.25,0.00,1.62,0.34,0.02,0.11,0.55,23.53,5.20,2.31,7.66,7.43,13.79,6.85,0.11,1.62,2.80,0.57,10.34,0.02,1.38,0.10,0.40,6.59,0.30,0.04,0,0.7,0.29,0.89,0.62,0,1.14,0.52,1.37,0.53,1.55,2.59,0.71,0.42,0.34,0.372058824,1.65,0,2.71,0.94,1.42,266.96,0,0.03,0.48,0.84,0.6,0.84,2.24,0,0.76,1,7.64,0.94,1.76,3.76,2.45,0.28,6.4,0.54
11/30/1997,0.03,0.18,34.55,0.25,5.42,0.97,4.76,1.67,8.74,2.43,0.38,3.10,0.21,12.38,19.08,2.67,3.71,0.33,4.14,3.82,35.20,1.02,0.53,33.82,10.58,0.04,1.39,0.45,0.81,0.93,3.00,11.82,22.40,0.36,3.14,14.25,2.85,18.92,1.68,0.61,1.40,0.50,0.45,2.35,1.77,1.35,0.84,8.54,1.27,0.95,0.95,1.12,3.36,0.19,0.35,0.59,0.45,1.00,3.16,1.06,0.69,4.01,0.81,39.39,7.46,4.60,11.66,12.79,17.02,8.49,0.26,3.63,6.17,10.52,15.04,0.02,1.90,0.20,1.43,21.52,0.29,0.08,28.01,1.73,0.41,1.39,5.81,0,1.56,0.93,0.93,6.13,1.47,4.93,0.94,0.55,0.23,1.228921569,5.45,0.3,5.19,1.43,5.02,435.36,0.09,0.04,0.63,4.92,0.68,0.95,0,1.29,0.74,6.85,53.01,1.74,3.14,6.71,4.37,1.15,23.45,0.64
12/31/1997,0.05,0.29,30.77,0.27,7.86,1.05,6.70,4.54,18.15,3.09,2.15,15.20,0.19,15.90,26.43,2.86,4.84,0.28,3.87,3.37,42.34,5.00,2.58,44.78,25.49,0.07,1.24,0.63,1.91,2.18,4.25,16.04,32.76,0.40,6.28,19.02,13.04,0.00,7.29,0.54,1.53,0.63,0.99,2.76,2.62,1.92,1.22,15.93,1.17,1.91,1.61,1.89,3.93,0.34,0.83,0.82,0.37,0.48,4.46,1.50,0.92,5.32,1.33,49.58,10.13,7.67,15.28,18.54,15.15,12.73,0.44,6.20,10.57,6.15,18.42,0.08,3.43,0.35,1.38,43.54,0.37,0.11,44.09,4.14,0.43,1.88,11.79,0,1.68,1.11,2.18,16.67,0.26,8.57,1.14,0.67,0.55,0.67872549,3.01,0.66,6.43,2.99,14.61,430.93,0.15,0.15,0.76,6.49,0.61,0.86,5.28,3.43,0.93,18.01,61.13,2.4,3.76,8.03,5.23,2.55,20.71,3.15
01/31/1998,0.30,1.70,59.45,0.85,37.04,3.02,38.41,18.94,115.82,10.76,15.48,45.51,0.92,80.79,88.79,7.93,17.07,1.03,17.43,16.52,227.56,14.97,7.73,260.31,140.66,0.53,3.38,4.67,10.85,12.40,28.25,67.45,160.77,0.62,29.03,101.04,30.93,19.97,0.00,1.45,15.48,2.20,7.83,10.78,24.68,12.75,4.85,65.89,5.63,9.12,11.48,13.50,20.67,1.59,3.71,4.82,1.86,13.78,25.53,10.81,7.71,44.73,9.56,185.52,39.75,50.38,56.11,87.38,29.28,77.24,3.33,47.08,77.21,89.20,87.93,1.14,15.37,1.63,18.06,215.07,1.62,0.91,158.5,29.05,1.36,14.9,61.98,0,6.27,5.13,12.4,91.76,12.21,52.44,4.79,2.81,3.1,4.690196078,20.8,5.24,45.63,15.14,70.81,1578.22,0.82,1.88,3.21,42.15,2.9,4.07,20.25,15.06,4.09,84.36,320.09,10.42,17.37,37.1,24.16,20.91,101.5,9.42
02/28/1998,0.48,2.70,53.83,0.71,42.13,1.92,71.18,27.52,319.67,5.75,57.15,66.82,1.56,122.02,99.47,6.63,17.36,1.02,76.35,44.38,426.87,21.98,11.35,286.51,352.25,0.71,3.91,1.90,16.44,18.79,42.21,102.47,193.55,0.75,69.59,112.83,53.40,168.45,2.69,1.70,10.14,1.18,5.00,8.02,12.32,19.04,3.61,147.40,4.96,4.73,17.38,20.43,12.80,0.90,6.84,1.44,0.67,32.68,37.00,11.30,9.49,55.05,11.13,215.32,46.13,50.48,59.37,99.38,26.51,97.35,4.69,66.26,104.48,131.79,80.47,0.83,27.72,0.92,14.68,227.14,3.03,1.63,437.07,35.04,1.13,23.93,83.6,0,5.96,6.14,18.79,232.59,23.65,58.72,5.77,3.39,4.7,8.478431373,37.6,3.35,80.2,7.29,178.64,2138.2,0.97,1.74,3.87,26.72,4.93,6.92,23.35,9.09,7.64,195.65,339.03,13.13,20.79,44.41,28.91,35.91,272.61,13.83
03/31/1998,1.62,9.07,71.07,1.39,25.03,7.72,20.60,17.55,101.82,10.56,11.07,15.53,5.11,55.17,66.78,14.59,14.67,2.02,12.72,19.11,143.22,5.11,2.64,116.95,145.98,0.51,10.23,5.15,5.60,6.40,15.90,52.90,185.69,0.91,31.99,0.46,11.44,0.00,6.38,8.21,22.59,2.16,12.67,9.80,34.36,7.17,8.36,32.60,10.47,13.35,7.18,8.44,16.61,1.46,2.50,5.17,1.39,12.81,17.66,13.51,0.96,5.58,13.98,245.31,40.50,46.62,37.86,59.05,35.00,121.87,3.28,46.28,75.57,133.52,101.76,1.91,81.89,1.50,11.62,80.78,3.03,4.28,64.41,17.31,2.23,10.33,38.3,0,11.81,4.7,6.4,82.23,5.4,19.58,16.51,9.69,1.6,6.246078431,27.7,8.48,32.42,24.21,61.31,1305.03,3.2,3.43,11.07,35.09,16.18,22.71,19.27,20.27,7.65,81.07,452.98,38.77,15.9,33.96,22.11,28.69,117.36,3.21
04/30/1998,1.47,8.20,63.94,1.15,19.13,9.86,18.38,12.80,65.13,11.27,7.49,16.93,3.15,48.73,58.64,15.91,15.53,2.20,12.11,13.65,70.18,5.57,2.88,90.91,71.20,0.52,9.67,4.55,5.99,6.85,10.75,41.47,174.94,1.24,20.32,24.69,11.78,14.93,12.25,6.82,19.31,2.31,11.99,8.20,32.73,4.85,9.20,19.94,12.06,11.69,4.74,5.57,12.64,1.20,3.24,4.58,1.74,12.80,11.74,12.64,2.13,12.36,12.46,225.59,37.71,40.18,33.24,45.13,31.49,95.71,3.37,47.53,76.67,94.18,90.98,1.73,68.68,1.23,8.74,55.82,2.42,2.3,50.79,9.13,1.84,14.36,39.9,0,10.22,3.63,6.85,39.33,18.17,17.6,18.93,11.11,1.71,5.616960784,24.91,8.03,31.34,25.47,37.97,993.01,3.75,3.11,12.69,27.36,9.98,14.01,16.31,16.86,6.1,48.27,258.69,35.3,12.28,26.23,17.08,12.45,83.85,3.5
05/31/1998,1.70,9.47,111.91,2.30,20.76,15.34,18.86,12.18,60.93,19.76,7.64,12.49,3.09,61.04,97.03,25.30,26.38,6.28,9.33,10.68,52.35,4.11,2.12,133.67,87.46,0.61,10.22,9.63,4.99,5.70,7.58,55.69,194.99,2.30,28.50,20.72,7.65,0.00,20.50,7.23,36.93,4.05,19.22,15.93,48.98,3.42,16.63,14.69,26.61,20.52,3.42,4.02,25.75,2.07,2.00,9.03,4.76,15.06,7.07,17.08,4.24,24.60,14.25,276.24,48.92,51.42,45.68,48.97,55.12,98.31,3.87,54.70,90.36,117.37,147.39,2.45,49.87,2.12,7.43,41.95,2.40,2.29,39.43,6.68,3.69,10.7,34.46,0,22.06,4.41,5.7,46.88,15.4,17.68,32.7,19.19,1.43,4.836764706,21.45,12.87,30.7,50.4,34.28,1163.21,7.28,4.53,21.92,44.94,9.78,13.73,15.48,18.27,6.06,66.4,421.62,51.47,14.94,31.91,20.78,6.54,65.61,2.59
06/30/1998,1.54,8.60,116.90,5.75,14.89,10.10,11.68,5.64,43.62,31.63,3.37,5.47,2.43,39.61,86.46,18.56,32.53,16.77,4.31,6.80,32.80,1.80,0.93,75.49,61.14,0.60,5.14,14.66,2.64,3.02,2.00,40.12,136.17,5.90,15.61,0.00,5.22,0.00,49.85,5.02,49.14,6.48,18.70,18.88,99.70,0.90,33.08,9.68,39.28,26.62,1.07,1.26,28.08,1.42,2.67,9.57,8.90,14.01,3.04,17.47,0.00,0.00,5.25,253.48,50.75,37.92,47.02,35.13,57.58,74.91,3.85,54.41,87.92,139.99,184.28,1.34,34.22,1.46,15.12,17.61,1.30,0.95,17.47,2.13,9.22,6.47,17.49,0,45.37,3.95,3.02,44.18,0,16.42,51.78,30.39,0.75,2.275196078,10.09,12.52,4.01,85.53,30.97,939.92,19.43,3.21,34.71,36.4,7.7,10.81,10.85,22.06,3.29,58.36,500.5,72.23,13.37,28.56,18.6,2.83,41.79,1.13
07/31/1998,0.29,1.63,65.89,3.98,8.02,2.35,3.89,2.06,8.31,7.45,0.87,3.89,1.15,15.08,50.22,6.02,8.77,10.66,0.86,3.74,8.17,1.28,0.66,18.21,10.70,0.15,1.13,2.27,1.16,1.33,0.47,15.70,26.49,3.95,3.05,0.00,1.40,2.27,22.66,1.08,14.66,1.53,3.09,4.42,34.48,0.21,13.74,2.92,8.80,5.98,0.15,0.18,5.09,0.43,0.78,1.80,4.87,0.00,1.13,3.04,0.00,0.00,1.81,85.11,18.24,11.82,31.33,18.92,32.45,24.34,0.96,13.55,22.13,51.41,65.42,0.27,9.55,0.45,3.79,34.51,0.63,0.17,1.99,0.46,6.39,4,7.15,0,23.78,1.53,1.33,7.23,11.74,4.94,20.54,12.06,0.33,1.17254902,5.2,2.07,6.23,24.4,7.84,429.82,9.04,0.49,13.77,7.45,3.63,5.1,3.64,4.25,1.58,6.19,216.98,24.72,5.17,11.04,7.19,0.49,22.95,0.81
08/31/1998,0.03,0.15,43.19,0.69,4.69,0.61,2.39,0.91,1.61,1.08,0.37,2.25,0.28,8.04,33.23,3.69,1.46,1.68,0.22,2.73,2.15,0.74,0.38,8.31,2.54,0.03,0.39,0.19,0.95,1.09,0.18,10.57,8.56,0.98,1.08,1.74,0.64,24.59,2.48,0.30,2.47,0.22,0.15,0.84,2.16,0.08,2.00,0.29,0.95,0.30,0.03,0.04,0.70,0.00,0.17,0.23,0.00,0.00,1.48,1.28,0.83,4.83,0.93,30.69,6.68,4.45,13.92,11.06,21.27,10.05,0.23,3.30,5.06,6.75,20.42,0.03,2.92,0.00,0.32,21.62,0.35,0.03,0,0.08,1.11,2,2.71,0,2.95,0.85,1.09,0.86,6.55,6.3,2.74,1.61,0.27,0.845588235,3.75,0.1,5.19,0.85,2.36,316.54,0.04,0.06,1.84,1.45,0.9,1.26,1.56,2.14,0.88,0.9,33.48,2.28,2.87,6.13,3.99,0.14,16.77,0.47
09/30/1998,0.02,0.13,36.14,0.35,3.73,0.40,1.98,0.76,1.27,1.32,0.32,2.71,0.54,6.48,26.71,3.32,1.22,0.84,0.00,1.70,0.00,0.89,0.46,6.55,1.56,0.02,0.84,0.14,0.61,0.70,0.16,8.74,7.60,0.72,0.58,6.85,0.34,6.63,0.95,0.63,1.76,0.27,0.22,0.71,1.53,0.07,1.08,0.00,0.77,0.19,0.04,0.05,0.32,0.09,0.12,0.39,0.00,0.00,0.44,1.02,0.66,3.83,0.61,25.83,4.74,3.23,9.69,8.80,17.80,6.79,0.15,2.07,3.45,2.95,15.09,0.03,3.24,0.09,0.37,12.76,0.21,0.11,0,0.16,0.56,1.53,1.17,0,1.89,0.68,0.7,0.44,5.58,2.06,1.92,1.13,0.17,0.450980392,2,0.15,2.92,1.09,0.88,297.96,0.28,0.05,1.29,1.05,1.7,2.39,3.06,1.32,0.54,0.5,9.86,1.33,2.3,4.91,3.2,0.3,10.42,0.56
10/31/1998,0.02,0.14,33.84,0.29,3.63,0.42,2.21,1.18,0.00,0.12,0.34,2.77,0.28,7.26,26.95,3.44,0.79,0.40,0.23,1.20,1.55,0.91,0.47,8.35,2.73,0.02,0.02,0.12,1.44,1.65,1.39,8.67,11.70,0.35,0.61,0.00,0.34,0.00,3.06,0.45,0.24,0.02,0.13,0.83,0.00,0.63,0.63,17.99,0.44,0.29,0.20,0.24,0.34,0.19,0.06,0.00,0.39,0.00,1.70,0.49,0.21,1.24,0.59,27.09,6.04,2.98,9.43,8.56,16.67,8.80,0.12,1.74,3.24,4.29,13.55,0.02,2.01,0.19,0.41,0.00,0.32,0.06,0.38,0.77,0.46,1.52,4.84,0,1.74,0.65,1.65,1.25,2.29,2.84,0.97,0.57,0.41,0.924509804,4.1,0.09,4.66,2.5,2.08,321.56,0.12,0.04,0.65,1,0.89,1.25,0.8,0,0.82,1.94,8.35,1.56,2.21,4.72,3.07,0.29,7.37,0.57
11/30/1998,0.08,0.47,56.53,0.46,9.95,1.64,8.13,5.25,6.32,2.90,0.83,6.93,0.37,18.19,37.86,4.93,7.62,0.49,2.45,4.81,20.67,2.28,1.18,64.87,31.08,0.08,3.21,0.79,1.41,1.61,4.73,20.51,45.63,0.58,3.11,20.17,1.60,12.39,2.34,1.20,3.15,0.59,1.31,4.81,8.49,2.13,1.57,0.00,2.31,1.84,1.77,2.08,6.29,0.32,0.55,1.91,0.58,0.00,5.41,2.07,0.75,4.36,1.33,66.36,11.54,9.23,19.56,23.47,27.84,16.38,0.48,6.80,11.44,21.40,27.03,0.13,5.47,0.33,2.42,32.61,0.45,0.21,26.02,5.58,0.74,2.21,10.84,0,2.92,1.65,1.61,19.65,3.69,7.52,1.85,1.09,0.4,1.163529412,5.16,0.88,12.49,3.58,5.61,569.41,0.32,0.23,1.24,10.86,1.16,1.63,6.72,6.1,1.13,22.28,81.13,4.02,5.59,11.94,7.77,2.18,29.52,1.43
12/31/1998,0.21,1.17,46.88,0.54,13.05,1.89,10.95,6.86,12.36,5.47,1.07,11.73,0.71,23.77,41.99,5.64,6.60,0.69,1.55,4.32,29.66,3.86,1.99,58.03,31.55,0.16,2.15,1.53,3.10,3.54,7.39,25.18,65.93,0.47,3.22,14.29,3.31,36.60,2.43,1.12,5.42,1.12,2.69,5.63,8.36,3.34,2.30,8.72,2.37,4.02,2.87,3.37,9.22,0.77,1.04,0.92,1.34,6.06,8.60,3.21,1.54,8.94,2.89,103.13,21.51,16.58,21.89,30.78,23.09,38.45,1.00,14.15,24.10,39.29,42.00,0.27,10.53,0.79,5.10,41.76,0.46,0.62,17.48,9.43,0.87,3.21,14.55,0,4.09,2.21,3.54,19.9,5.61,7.44,2.93,1.72,0.89,1.792647059,7.95,1.8,17.21,7.46,14.6,705.05,1.03,0.49,1.96,17.35,2.25,3.16,8.9,7.05,1.16,21.17,87.32,7.05,7.48,15.98,10.4,4.93,26.55,2.43
01/31/1999,0.41,2.27,43.43,0.61,13.16,2.88,12.22,8.35,15.57,9.17,0.84,22.47,1.30,27.95,33.80,5.81,8.81,0.87,2.65,4.10,41.05,7.39,3.82,49.68,21.16,0.39,4.21,3.44,6.53,7.46,9.54,24.05,84.29,0.66,2.98,30.85,2.97,38.32,2.88,2.22,12.66,1.88,6.54,6.71,14.55,4.30,3.23,11.27,4.17,5.77,4.04,4.75,13.67,1.18,2.58,2.94,0.80,3.17,6.06,7.98,5.94,34.47,8.19,168.24,34.00,34.06,20.14,31.04,21.39,78.43,2.45,34.61,56.80,64.92,72.49,0.88,22.96,1.22,12.60,33.61,1.80,1.42,28.95,10.92,0.97,10.21,40.3,0,4.98,3.13,7.46,14.09,0.79,32.56,4.82,2.83,1.87,2.88627451,12.8,4.38,38.28,9.89,11.31,718.32,0.86,1.33,3.23,28.22,4.11,5.77,10.85,15.06,4.53,13.27,103.27,11.29,10.59,22.62,14.73,15.68,25.19,4.65
02/28/1999,0.73,4.06,47.29,0.72,25.81,3.19,42.67,17.79,52.43,6.66,9.59,41.34,2.50,70.24,58.26,7.21,11.21,1.01,20.35,10.21,178.13,13.60,7.02,150.42,76.20,0.67,5.26,2.49,12.26,14.01,22.26,59.37,166.14,0.72,12.86,69.36,15.30,72.06,2.00,3.16,13.74,1.36,7.42,8.11,15.05,10.04,4.31,53.30,6.03,4.49,9.10,10.70,13.59,1.27,4.89,0.44,0.63,4.77,20.93,12.31,11.48,66.64,14.94,243.79,50.16,51.41,39.21,60.89,23.29,103.61,4.38,61.83,98.83,120.45,88.58,1.42,38.40,1.30,16.09,113.91,4.05,2,155.06,20.33,1.16,23.19,78.77,0,5.87,4.93,14.01,49.43,17.16,65.07,7.83,4.6,3.5,6.938333333,30.77,4.97,76.63,6.91,41.07,1169.82,0.78,2.57,5.25,31.52,7.91,11.1,17.52,14.04,10.2,47.36,132.65,18.61,16.69,35.65,23.21,31.82,62.72,8.55
03/31/1999,0.81,4.53,54.02,0.66,18.24,5.34,22.94,13.48,53.50,6.54,5.87,15.38,2.17,50.79,54.56,10.00,9.88,0.96,15.30,13.30,109.95,5.06,2.61,80.26,84.82,0.43,7.39,2.80,5.46,6.24,12.83,48.12,151.89,0.55,17.28,20.57,14.27,9.74,3.37,7.78,14.10,1.34,8.13,7.91,15.79,5.79,4.67,31.52,6.06,7.64,5.77,6.78,11.59,1.37,2.27,2.08,0.55,0.45,15.36,9.44,5.90,34.23,11.53,211.09,35.55,34.94,31.78,43.03,26.60,78.64,2.69,38.01,62.59,124.80,76.31,1.31,38.09,1.41,11.14,47.23,2.03,1.53,68.77,10.02,1.06,11.59,41.14,0,5.6,3.49,6.24,49.76,14.6,32.87,9.36,5.49,1.56,5.308039216,23.54,5.44,41.86,11.5,45.6,1091.06,1.04,2.39,6.28,25.45,6.87,9.64,13.96,14.37,5.11,52.22,189.14,19.81,11.81,25.23,16.43,13.87,81.67,3.18
04/30/1999,1.13,6.31,63.94,1.09,12.41,8.87,10.54,8.75,43.01,11.35,3.40,8.39,2.11,32.82,42.99,11.31,12.48,2.53,9.83,9.50,53.20,2.76,1.43,45.34,71.44,0.37,11.03,4.59,3.32,3.79,5.30,33.60,118.82,1.10,15.40,0.00,9.46,0.00,9.37,10.90,20.18,2.33,11.29,6.47,28.63,2.39,8.38,15.81,12.37,15.13,2.19,2.57,12.66,1.85,1.71,5.13,2.19,0.00,4.13,10.15,1.89,10.94,9.19,184.93,22.51,27.87,25.88,29.28,31.49,64.18,2.27,32.08,54.97,103.97,75.75,1.41,46.79,1.90,7.66,0.00,1.42,1.8,45.31,4.78,1.74,8.47,25.35,0,10.29,2.8,3.79,38.08,12.6,13.99,17.26,10.13,0.95,3.92127451,17.39,7.56,17.71,28.08,22.52,786.46,3.67,2.51,11.57,20.74,6.68,9.38,8.88,12.57,3.59,52.26,224.39,30,9.47,20.23,13.17,6.49,58.33,1.74
05/31/1999,1.59,8.89,80.53,3.93,9.78,11.41,4.19,4.41,18.63,23.14,1.12,3.86,2.30,24.72,43.37,13.23,22.28,10.89,2.87,4.37,15.43,1.27,0.66,29.30,27.88,0.54,7.52,12.71,1.85,2.11,1.38,23.79,98.03,4.55,6.15,0.00,2.94,0.00,37.79,9.72,42.92,4.74,17.16,10.62,77.12,0.62,25.88,4.39,38.18,30.19,0.81,0.95,18.80,2.45,2.51,11.39,7.64,0.00,2.25,16.28,0.21,1.19,4.80,206.45,32.37,34.39,29.32,23.07,39.67,75.15,3.28,46.36,78.78,103.11,141.91,1.44,41.24,2.51,4.74,0.00,1.02,1.38,10.98,1.57,6.3,5.09,15.94,0,32.74,2.85,2.11,16.89,8.67,0,39.75,23.33,0.53,2.205294118,9.78,11.49,2.81,80.04,12.37,613.92,15.88,3.2,26.65,23.73,7.27,10.21,7.83,9.48,2.58,29.19,334.2,62.07,9.64,20.59,13.41,2.88,26.82,0.8
06/30/1999,0.48,2.67,56.67,4.21,5.71,3.21,2.58,1.82,4.81,13.72,0.52,3.19,1.26,13.35,33.17,6.20,11.03,11.75,0.74,2.38,9.13,1.05,0.54,15.19,9.30,0.26,1.21,4.94,0.89,1.02,0.57,11.62,29.08,4.42,1.82,0.00,0.90,0.00,33.30,2.64,22.87,2.81,5.83,3.88,50.01,0.26,16.05,2.42,22.27,8.91,0.28,0.33,5.27,0.92,1.37,3.51,9.46,0.00,0.87,8.93,0.15,0.86,2.76,96.94,19.45,15.47,23.41,13.47,27.91,34.84,1.65,23.37,38.73,48.41,92.29,0.40,11.56,0.95,2.39,14.33,0.55,0.27,3.17,0.57,6.75,3.17,6.26,0,28.52,1.28,1.02,7.35,4.65,0,27,15.85,0.25,0.883921569,3.92,3.9,15.64,45.04,6.09,390.54,10.56,0.73,18.1,7.12,3.98,5.59,3.81,0,1.38,8.53,176.36,34.68,4.35,9.29,6.05,0.67,14.6,0.66
07/31/1999,0.05,0.27,34.73,1.29,2.99,0.65,1.89,0.74,0.00,2.08,0.25,0.97,0.46,7.99,23.44,3.70,2.52,3.62,0.18,1.56,4.66,0.32,0.17,5.27,2.65,0.06,0.11,0.38,0.87,0.99,0.27,8.31,8.68,1.41,0.57,0.00,0.00,19.90,4.42,0.41,5.11,0.43,0.79,1.20,9.74,0.12,3.37,0.56,2.76,0.47,0.11,0.13,1.24,0.03,0.27,0.63,2.96,0.00,0.35,2.14,0.44,2.54,1.06,28.74,6.38,4.68,12.56,7.05,17.10,11.26,0.37,5.26,8.16,9.25,25.91,0.06,2.95,0.03,0.49,27.56,0.34,0.04,0,0.1,2.07,2.16,3.92,0,6.91,0.61,0.99,1.54,6.9,3.33,5.39,3.16,0.25,0.281862745,1.25,0.53,3.75,3.87,3.07,298.51,0.72,0.1,3.61,1.59,1.47,2.06,2.91,4.41,0.85,1.58,37.29,5.1,2.08,4.44,2.89,0.14,9.56,0.2
08/31/1999,0.02,0.09,30.56,0.41,2.70,0.23,1.56,0.55,0.11,0.36,0.20,0.06,0.30,6.97,19.74,3.09,1.00,1.00,0.00,1.12,5.50,0.02,0.01,3.69,1.13,0.02,0.54,0.12,0.68,0.78,0.16,7.85,5.96,0.57,0.32,0.00,0.00,17.29,0.26,0.11,1.63,0.07,0.01,0.71,1.03,0.07,0.82,0.00,0.71,0.19,0.03,0.04,0.76,0.04,0.09,0.46,0.23,0.00,1.11,0.70,0.39,2.25,0.57,11.09,2.02,2.88,8.79,6.37,15.05,7.32,0.15,2.06,3.29,0.25,14.58,0.02,2.41,0.04,0.32,29.03,0.24,0.02,0,0.04,0.65,2.41,3.42,0,1.6,0.62,0.78,0.39,9.29,2.8,1.59,0.93,0.19,0.56372549,2.5,0.01,3.43,0.76,2.47,265.97,0,0.04,1.07,0.8,0.96,1.35,1.04,2.43,0.6,0.46,8.56,1.22,2.09,4.46,2.91,0.1,6.86,0.01
09/30/1999,0.01,0.06,25.49,0.15,2.63,0.27,1.43,0.56,0.00,0.94,0.13,0.36,0.29,5.64,18.57,2.59,0.88,0.33,0.00,0.65,7.56,0.12,0.06,3.24,0.74,0.01,0.12,0.06,0.27,0.31,0.13,7.25,5.71,0.43,0.15,0.00,0.00,7.63,0.30,0.13,0.54,0.19,0.06,0.62,0.00,0.06,0.34,0.00,0.28,0.14,0.03,0.04,1.03,0.00,0.08,0.00,0.12,0.00,0.46,0.46,0.47,2.75,0.43,9.59,2.05,2.13,7.42,6.20,12.55,4.80,0.09,1.30,1.99,23.81,10.90,0.01,1.54,0.00,0.25,3.98,0.16,0.07,0,0.11,0.23,1.32,2.54,0,0.93,0.54,0.31,0.2,6.96,1.77,0.98,0.58,0.08,0.248039216,1.1,0.04,2.84,0.89,0,265.43,0,0.02,0.66,0.59,0.92,1.29,2.19,1.92,0.41,0.27,6.19,0.64,1.84,3.93,2.56,0.18,3.98,0.08
10/31/1999,0.02,0.12,28.05,0.26,3.18,0.35,1.73,1.05,0.00,1.18,0.16,1.64,0.23,6.12,21.19,2.91,0.49,0.35,0.00,0.58,2.88,0.54,0.28,5.01,1.42,0.02,0.43,0.10,1.31,1.50,1.16,7.42,8.16,0.65,0.24,1.20,0.09,2.04,0.58,0.54,1.02,0.24,0.06,0.89,0.05,0.52,0.49,0.04,0.55,0.19,0.12,0.14,1.31,0.11,0.06,0.00,0.00,0.01,1.41,0.42,0.14,0.83,0.42,12.34,1.99,2.33,8.47,7.50,13.81,6.91,0.09,1.32,2.37,9.66,11.16,0.02,1.60,0.11,0.34,9.05,0.29,0.05,0,0.67,0.41,1.4,3.17,0,1.52,0.5,1.5,0.49,3.82,4.98,0.79,0.46,0.37,0.275098039,1.22,0.04,3.06,1.77,0.95,289.02,0.09,0.03,0.53,0.79,0.72,1.01,1.82,0.7,0.74,1.04,4.73,1.39,1.69,3.61,2.35,0.24,3.54,0.34
11/30/1999,0.03,0.19,33.44,0.22,5.12,0.40,3.22,2.74,2.58,1.43,0.24,3.74,0.12,9.07,24.34,3.36,2.22,0.22,0.88,1.69,8.38,1.23,0.64,17.30,5.45,0.03,0.59,0.23,0.86,0.98,2.17,9.76,17.27,0.36,1.09,1.05,0.64,28.33,2.27,0.34,1.15,0.29,0.28,1.72,2.49,0.98,0.97,1.52,0.85,0.57,0.83,0.98,2.30,0.19,0.18,0.00,0.92,0.08,2.25,0.84,0.48,2.77,0.59,19.49,3.76,3.68,11.06,12.08,16.47,10.82,0.16,2.26,4.08,0.00,13.15,0.05,2.30,0.20,0.72,33.49,0.28,0.07,5.39,2.3,0.35,1.67,4.5,0,1.33,0.71,0.98,3.38,2.76,4.31,0.78,0.46,0.25,0.735098039,3.26,0.19,5.18,1.46,2.71,329.62,0.15,0.1,0.52,2.05,0.38,0.53,1.69,1.7,0.71,4,43.42,1.78,2.41,5.15,3.35,0.8,10.36,0.77
12/31/1999,0.03,0.16,28.84,0.17,5.41,0.43,2.69,2.92,3.03,0.80,0.24,2.98,0.10,8.76,22.41,3.20,0.00,0.19,0.53,0.76,3.72,0.98,0.51,14.94,7.36,0.03,0.38,0.25,0.65,0.74,2.36,8.24,17.69,0.33,1.05,0.00,1.35,9.91,3.58,0.43,0.64,0.16,0.34,1.48,1.49,1.07,0.79,0.94,0.48,4.02,0.88,1.03,0.54,0.12,0.32,0.00,0.33,0.06,3.02,0.89,0.94,5.45,0.62,18.58,3.65,4.13,9.73,12.76,14.20,11.59,0.18,2.49,4.20,2.74,12.65,0.05,2.07,0.12,0.75,18.10,0.28,0.11,3.01,3.78,0.28,1.91,3.82,0,1.1,0.63,0.74,4.68,2.31,5.68,0.7,0.41,0.19,0.910980392,4.04,0.23,0,7.46,0.57,328.17,0.05,0.09,0.47,1.72,0.33,0.46,1.86,0,0.71,5.74,34.23,1.48,2.13,4.55,2.96,1,4.67,0.62
01/31/2000,0.26,1.45,45.52,0.64,12.71,1.44,9.75,6.66,16.28,8.34,1.75,21.52,0.87,22.54,36.83,4.52,8.10,0.86,3.37,6.98,51.91,7.08,3.66,95.00,31.77,0.26,3.32,2.88,4.47,5.11,6.90,22.68,63.45,0.60,5.47,22.78,4.86,23.60,3.22,1.38,9.74,1.71,6.75,6.58,18.40,3.11,2.91,11.83,4.00,5.40,2.69,3.16,11.84,1.31,2.99,4.25,2.09,0.31,7.97,6.45,3.83,22.20,4.57,84.09,15.50,22.50,21.42,29.98,22.42,47.15,1.57,22.16,38.06,43.33,49.68,0.36,15.22,1.34,6.39,65.71,1.21,0.77,40.97,9.37,1.02,6.7,22.97,0,4.86,2.31,5.11,20.1,6.42,33.16,3.82,2.24,1.28,1.991078431,8.83,4.52,26.04,9.89,14.1,835.62,0.75,0.65,2.56,19.46,2.75,3.86,6.03,14.34,3.04,21.56,172.44,8.91,7.81,16.68,10.86,11.22,42.89,4.45
02/29/2000,0.62,3.43,56.37,0.74,31.87,2.55,47.55,22.34,69.80,9.84,13.97,38.70,2.15,78.99,55.19,7.34,12.72,1.02,22.44,24.13,188.61,12.73,6.57,155.06,142.88,0.63,4.46,3.58,14.23,16.26,25.44,66.49,151.32,0.59,29.47,86.18,20.62,111.92,3.67,2.43,15.19,2.02,8.75,9.40,21.59,11.48,4.09,52.46,6.75,6.72,10.54,12.39,17.56,1.47,5.93,3.01,1.37,2.51,20.76,10.97,8.36,48.50,10.39,177.12,35.67,50.32,49.80,75.18,27.77,97.54,4.08,57.63,93.02,140.33,87.20,0.78,32.98,1.51,16.69,190.91,2.51,1.87,170.89,25.14,1.19,19.57,87.51,0,5.92,5.28,16.26,92.5,17.17,43.46,7.24,4.25,4.07,6.34754902,28.15,5.86,69.69,11.96,51.86,1546.52,0.22,1.8,4.85,31.36,6.82,9.57,17.74,15.14,6.33,88.97,269.16,17.07,17.88,38.19,24.87,29.04,148.23,8.01
03/31/2000,0.82,4.56,47.79,0.76,18.27,4.64,25.11,13.70,46.76,7.34,6.95,17.33,2.03,61.95,49.49,9.87,8.08,1.17,12.66,14.52,89.93,5.70,2.94,97.54,105.95,0.41,6.43,2.81,6.61,7.55,15.70,40.08,133.62,0.57,18.07,57.59,11.23,35.34,5.29,4.69,13.76,1.50,8.41,6.67,20.81,7.08,5.00,26.31,6.64,8.09,6.85,8.05,10.03,1.15,2.51,1.27,0.78,0.37,18.54,8.92,4.03,23.37,9.78,145.68,23.88,35.69,33.54,43.10,23.54,73.56,2.63,37.09,60.51,87.13,72.06,1.13,40.05,1.18,11.46,138.28,1.67,1.41,73.07,9.47,1.22,9.23,47.85,0,6.39,3.38,7.55,60.38,11.97,18.87,9.95,5.84,1.89,4.963039216,22.01,5.63,42.79,16.4,32.61,1091.23,2.89,2.15,6.67,22.74,6.44,9.04,13.85,11.57,4.2,64.83,206.05,21.45,11.43,24.41,15.9,10.88,89.21,3.59
04/30/2000,1.05,5.88,70.36,1.72,10.93,9.54,5.47,7.21,25.84,16.97,2.11,4.07,1.76,34.26,36.58,14.21,17.61,4.64,3.45,11.10,25.85,1.34,0.69,36.44,49.89,0.38,8.34,7.78,2.09,2.39,4.73,23.94,112.37,1.92,17.52,0.00,5.03,0.00,18.76,5.39,28.07,3.48,12.64,11.50,42.63,2.13,12.90,6.64,21.28,17.79,2.01,2.36,20.74,2.21,1.91,7.59,4.52,0.60,4.05,10.96,0.40,2.31,7.36,161.22,25.01,31.14,25.53,25.78,34.66,58.53,2.23,31.51,55.23,70.85,96.75,1.25,36.23,2.27,6.41,70.84,0.96,1.47,15.26,3.61,2.76,3.77,18.81,0,15.81,2.88,2.39,26.1,5.55,0,20.84,12.23,0.6,2.063235294,9.15,8.46,14.28,43.24,14.78,762.25,7.21,2.35,13.97,31.29,5.56,7.81,10.96,14.66,2.42,40.71,333.63,35.83,9.74,20.8,13.55,3.93,68.18,0.84
05/31/2000,0.75,4.20,62.36,3.69,7.63,5.37,3.52,3.36,12.36,20.18,0.97,2.80,1.11,19.31,32.86,9.33,18.84,10.47,1.94,5.79,19.59,0.92,0.48,18.34,24.69,0.35,1.44,6.90,1.58,1.81,1.06,15.27,64.15,4.39,5.88,0.00,2.74,0.00,32.98,2.14,27.80,4.13,8.74,7.11,55.35,0.48,18.50,4.61,25.63,23.59,0.60,0.71,13.56,1.20,2.10,5.46,6.38,0.50,1.73,10.77,0.93,5.42,4.92,97.27,19.79,24.86,24.44,18.00,30.71,43.97,2.22,31.34,51.81,49.12,105.88,0.60,17.58,1.23,4.85,67.73,0.66,0.46,8.45,1.16,5.92,4.43,15.79,0,27.48,2.01,1.81,15.83,8.34,4.89,27.74,16.28,0.45,1.269509804,5.63,5.85,0,69.38,10.47,495.11,11.43,1.54,18.6,16.45,3.5,4.91,5.69,0,1.65,26.36,277.87,40.74,6.79,14.5,9.44,1.52,35.56,0.58
06/30/2000,0.13,0.73,41.05,2.20,4.04,1.17,2.11,1.27,4.08,5.00,0.28,1.31,0.54,10.09,24.69,4.17,6.01,5.83,0.22,3.71,9.89,0.43,0.22,6.80,7.45,0.09,0.61,0.73,1.07,1.22,0.38,9.34,18.85,2.73,1.76,2.79,0.98,17.49,12.36,0.75,8.30,1.02,1.66,2.26,13.91,0.17,6.32,2.91,6.08,3.22,0.19,0.22,3.21,0.21,0.58,0.65,2.51,0.28,0.58,3.26,0.63,3.63,1.74,33.86,6.78,7.79,17.61,9.53,20.22,12.36,0.57,8.02,12.96,18.88,38.36,0.12,4.44,0.22,0.75,46.59,0.39,0.08,3.83,0.36,3.53,2.09,8.19,0,12.75,0.84,1.22,6.16,6.32,0.4,10.03,5.89,0.31,0.559215686,2.48,1.11,3.61,11.7,4.28,349.7,3.9,0.22,6.72,3.85,1.71,2.4,2.71,3.87,0.99,6.97,156.24,12.58,2.84,6.07,3.95,0.26,22.78,0.27
07/31/2000,0.02,0.09,31.49,0.54,2.36,0.29,1.70,0.58,0.72,0.61,0.13,0.21,0.19,6.86,19.01,3.16,1.58,1.29,0.14,1.07,4.15,0.07,0.04,3.44,2.73,0.03,0.08,0.14,0.74,0.85,0.22,7.72,7.66,0.77,0.77,5.00,0.11,21.45,0.78,0.40,1.33,0.12,0.00,0.38,0.86,0.10,0.99,1.54,0.89,0.15,0.09,0.11,1.26,0.00,0.17,0.33,0.00,4.15,0.29,0.72,0.52,3.03,0.76,14.54,3.01,3.42,10.17,5.57,15.51,6.08,0.18,2.51,3.86,0.00,15.56,0.02,1.54,0.00,0.37,36.68,0.26,0.01,0,0.06,0.86,1.45,2.32,0,2.28,0.55,0.85,1.58,4.26,4.77,1.77,1.04,0.21,0.142058824,0.63,0,3.82,0.81,1.92,284.62,0,0.04,1.19,1.18,0.61,0.86,3.01,3.79,0.65,1.6,41.55,1.63,1.87,3.99,2.6,0.08,6.57,0.04
08/31/2000,0.01,0.03,27.74,0.15,2.27,0.15,1.47,0.47,0.00,0.33,0.09,0.00,0.13,5.73,15.99,2.53,0.00,0.37,0.06,3.14,0.00,0.00,0.00,1.72,0.90,0.01,0.10,0.05,0.38,0.43,0.13,6.23,4.53,0.42,0.34,0.00,0.07,15.55,1.26,0.12,0.63,0.07,0.00,0.06,0.00,0.06,0.36,0.91,0.28,0.09,0.03,0.04,0.55,0.04,0.06,0.00,0.06,0.00,0.90,0.27,0.28,1.60,0.36,10.06,2.20,2.22,7.58,5.35,13.66,4.77,0.09,1.34,2.17,4.15,10.69,0.01,0.84,0.04,0.26,13.95,0.00,0.01,0,0.03,0.24,1.06,3.23,0,0.6,0.5,0.43,0.33,2.34,3.9,0.55,0.32,0.11,0.25254902,1.12,0,1.92,0.64,0.05,259.94,0,0.01,0.37,0.81,0.42,0.59,1.93,1.89,0,0.37,0,0.39,1.69,3.61,2.35,0.04,19.27,0
09/30/2000,0.01,0.04,28.15,0.11,2.42,0.32,1.46,0.52,0.00,1.23,0.10,1.37,0.13,5.84,15.88,2.25,0.37,0.26,0.00,2.39,5.91,0.45,0.23,3.66,1.04,0.01,0.49,0.07,0.93,1.06,0.13,6.02,4.30,0.39,0.33,0.47,0.09,0.12,2.34,0.30,0.08,0.25,0.25,0.55,0.56,0.06,0.94,0.00,0.49,0.11,0.03,0.04,0.92,0.00,0.08,0.21,0.00,0.00,0.55,0.58,0.71,4.12,0.38,10.13,1.64,2.10,7.03,5.71,13.87,3.84,0.10,1.40,2.13,0.00,9.66,0.01,1.08,0.00,0.29,18.79,0.33,0.05,0,0.1,0.18,1.11,2.45,0,0.71,0.45,1.06,0.29,3.74,6.07,0.7,0.41,0.27,0.288627451,1.28,0.17,2.37,0.9,0,266.96,0,0.02,0.47,0.74,0.4,0.56,1.21,1.08,0.84,0.37,0,0.47,1.52,3.25,2.11,0.15,14.69,0.28
10/31/2000,0.01,0.06,31.07,0.22,2.57,0.29,1.97,1.10,0.00,1.45,0.16,3.10,0.25,6.96,19.48,2.63,1.18,0.26,0.00,0.50,1.05,1.02,0.53,8.35,3.16,0.02,0.32,0.12,1.12,1.28,1.16,7.18,7.30,0.38,0.48,0.00,0.32,0.00,3.84,0.27,0.08,0.30,0.22,0.88,0.99,0.52,0.00,0.00,0.68,0.21,0.31,0.36,1.51,0.09,0.10,0.00,0.36,0.00,1.46,0.00,0.00,0.00,0.51,11.23,2.11,2.74,7.83,6.06,15.30,5.39,0.13,1.86,3.15,4.36,10.24,0.01,0.96,0.10,0.36,16.03,0.37,0.03,0,0.66,0.35,1.72,3.81,0,1.16,0.56,1.28,1.68,0,0,0.48,0.28,0.32,0.286372549,1.27,0.15,2.06,1.86,1.18,291.31,0,0.02,0.32,1.12,0.8,1.12,2.07,0,0.93,2.75,12.29,0,1.88,4.02,2.61,0.15,3.08,0.64
11/30/2000,0.02,0.10,23.29,0.20,3.22,0.42,1.92,2.17,1.20,0.33,0.18,2.13,0.00,5.86,18.43,2.24,0.01,0.21,0.24,0.14,1.82,0.70,0.36,9.06,3.32,0.02,0.57,0.18,0.43,0.49,1.23,6.96,8.85,0.36,0.61,14.00,0.36,6.36,2.03,0.34,0.00,0.07,0.36,0.64,1.60,0.55,0.68,0.76,0.43,0.41,0.45,0.53,0.75,0.00,0.12,0.28,0.15,0.00,1.78,0.66,0.59,3.42,0.00,12.35,2.06,2.63,7.85,7.60,11.47,7.81,0.17,2.36,3.60,8.91,9.72,0.03,1.53,0.00,0.35,10.47,0.23,0.06,1.05,1.67,0.32,1.44,4.18,0,1.19,0.51,0.49,2,3.79,5.99,0.59,0.35,0.12,0.829803922,3.68,0.24,3.7,0.68,1.33,269.26,0,0.06,0.4,1.09,0,0,0,0.43,0.58,3.07,16.35,2.95,1.71,3.65,2.38,0.21,0.85,0.44
12/31/2000,0.03,0.19,25.47,0.17,3.78,0.46,2.43,2.39,1.66,0.82,0.20,2.19,0.00,6.68,19.55,2.42,1.26,0.21,0.33,0.99,5.18,0.72,0.37,17.98,4.87,0.04,0.47,0.27,0.41,0.47,1.57,7.64,11.88,0.31,0.73,4.40,0.74,13.06,0.56,0.44,0.82,0.17,0.58,1.13,1.23,0.71,0.94,0.39,0.62,0.63,0.56,0.66,1.67,0.08,0.23,0.70,0.07,0.00,2.43,0.97,0.87,5.07,0.75,15.81,2.89,3.88,8.12,8.92,12.55,10.23,0.25,3.59,5.75,7.54,11.37,0.04,1.91,0.08,0.92,21.08,0.33,0.09,4.01,2.35,0.27,1.78,3.81,0,1.19,0.67,0.47,2.92,5.31,5.59,0.69,0.4,0.12,0.523137255,2.32,0.39,5.04,0.89,1.91,312.99,0.11,0.08,0.46,1.77,0,0,2.81,2.12,0.84,3.92,17.45,3.93,2.26,4.83,3.14,0.45,6.06,0.45
01/31/2001,0.04,0.21,32.36,0.16,5.71,0.44,4.51,3.95,9.42,1.28,1.40,4.89,0.04,8.73,22.41,2.36,1.48,0.22,1.58,2.82,24.38,1.61,0.83,36.31,17.02,0.04,0.41,0.28,1.18,1.35,2.15,10.87,12.50,0.37,3.74,5.13,3.71,25.88,0.58,0.51,1.11,0.26,0.49,0.76,1.49,0.97,0.78,4.39,0.58,0.68,0.90,1.06,1.03,0.15,0.43,0.41,0.16,0.00,1.64,0.93,0.60,3.48,0.68,15.33,2.76,4.18,11.34,13.47,15.94,10.97,0.24,3.42,5.73,2.02,10.84,0.06,3.15,0.16,1.00,25.45,0.31,0.12,21.88,3.91,0.26,2.46,4.65,0,1.15,0.78,1.35,10.18,2.94,6.33,0.77,0.45,0.34,0.978627451,4.34,0.33,5.67,0.97,4.2,338.18,0.14,0.11,0.52,1.56,0.13,0.18,2.36,1.64,0.78,13.72,27.34,2.65,2.65,5.66,3.69,0.79,17.31,1.01
02/28/2001,0.07,0.41,27.03,0.19,9.89,0.74,14.93,8.12,19.55,2.09,4.17,11.80,0.22,22.08,24.60,2.31,2.45,0.25,8.11,9.93,92.87,3.88,2.00,55.46,44.13,0.09,1.22,0.34,3.04,3.47,5.60,22.20,20.86,0.45,10.00,21.20,7.72,33.52,0.89,0.72,1.51,0.43,0.81,1.01,2.65,2.53,0.89,15.52,0.94,1.09,2.22,2.61,1.75,0.01,0.89,0.61,0.23,0.00,4.46,1.64,1.43,8.29,1.50,22.20,3.40,7.61,19.09,23.33,13.31,13.89,0.64,9.00,13.84,21.82,13.88,0.09,4.56,0.01,2.55,53.50,0.29,0.27,76.84,6.79,0.3,4.69,10.81,0,1.4,1.21,3.47,27.45,5.07,7.27,1.07,0.63,0.87,1.553627451,6.89,0.54,12,1.78,10.2,558.81,0.32,0.16,0.72,2.57,0.71,1,3.57,2.19,0.72,32.33,57.17,3.29,4.1,8.76,5.7,1.89,60.99,2.44
03/31/2001,0.36,1.98,40.81,0.67,10.19,2.58,13.35,8.81,58.25,7.83,6.14,6.84,1.14,28.32,27.91,5.82,5.39,0.93,7.07,11.89,68.76,2.25,1.16,39.20,72.34,0.24,2.89,2.43,2.33,2.66,6.17,24.21,42.64,0.70,23.93,20.98,13.86,0.00,5.68,1.48,9.85,1.60,6.21,4.15,18.66,2.78,3.24,21.74,3.59,7.75,2.57,3.02,6.41,0.92,0.95,1.89,1.95,0.00,8.12,5.77,1.88,10.91,5.31,65.15,11.28,19.23,21.55,24.04,20.10,28.92,1.51,21.26,35.47,71.99,39.76,0.67,21.30,0.94,6.11,70.44,0.65,0.73,49.42,5.41,1.07,3.89,16.44,0,5.04,1.99,2.66,39.63,5.16,7.33,5.46,3.2,0.67,1.927941176,8.55,4.16,14.95,16.45,35.53,645.14,2,0.87,3.66,17.38,3.61,5.07,8.39,12.98,1.64,54.18,194.63,14.43,6.74,14.4,9.37,3.93,73.04,1.42
04/30/2001,0.36,1.99,35.55,1.04,5.79,1.50,5.38,4.83,9.35,9.38,0.83,4.74,0.47,19.92,21.16,6.41,8.51,2.62,1.22,4.90,10.04,1.56,0.81,17.70,17.07,0.24,1.12,3.55,1.43,1.63,3.19,15.07,39.66,1.25,5.44,15.75,4.17,0.00,10.08,0.85,14.51,1.92,7.84,5.76,22.21,1.44,5.86,3.95,8.50,9.85,1.36,1.60,11.10,1.34,0.76,2.41,3.02,0.00,4.07,6.59,1.98,11.49,5.48,58.50,12.09,16.78,15.43,13.66,17.51,19.41,1.41,19.91,34.73,44.44,44.11,0.77,15.89,1.38,4.11,57.37,0.81,0.51,6.93,1.9,1.68,3.33,10.71,0,8.78,1.43,1.63,8.37,4.42,14.94,9.3,5.46,0.41,0.602058824,2.67,5.25,8.11,24.59,6.28,424.88,3.97,1.37,6.23,17.13,1.49,2.09,5.76,8.87,2.04,16.37,145.34,18.98,4.84,10.34,6.73,1.51,30.12,0.98
05/31/2001,0.28,1.56,32.09,3.11,4.42,0.77,2.75,2.34,5.22,11.60,0.30,1.12,0.76,15.02,22.03,5.14,11.52,8.27,0.84,3.17,14.11,0.37,0.19,7.68,9.23,0.21,0.12,4.71,0.81,0.93,1.23,9.50,30.81,3.91,2.44,14.61,1.45,0.00,20.81,0.29,15.88,2.38,5.38,6.84,26.30,0.55,9.80,5.04,14.36,11.84,0.55,0.65,13.04,1.33,0.92,1.52,5.88,0.13,1.42,6.45,1.29,7.48,3.25,54.98,12.80,13.27,16.98,10.43,15.81,9.61,1.27,17.89,31.59,40.96,52.73,0.27,7.99,1.36,2.11,56.93,0.32,0.17,3.73,0.6,4.99,1.68,6.24,0,20.13,1.27,0.93,5.58,4.64,1.94,14.33,8.41,0.23,0,0,3.6,0,33.79,3.76,359.3,8.37,0.74,9.61,11.93,2.42,3.4,4.56,5.44,0.8,12.05,186.14,20.97,4.29,9.16,5.97,0.33,19.45,0.23
06/30/2001,0.01,0.07,23.97,0.64,1.57,0.14,1.58,0.58,2.52,0.83,0.16,0.00,0.13,7.03,16.02,2.34,2.37,1.72,0.07,1.39,0.79,0.00,0.00,1.98,3.30,0.03,0.06,0.27,0.72,0.82,0.28,6.06,7.32,0.97,0.63,7.34,1.21,11.86,0.97,0.10,1.75,0.17,0.34,0.97,0.00,0.12,1.21,2.57,1.15,0.39,0.15,0.18,1.09,0.07,0.11,0.19,0.72,0.00,0.51,0.86,0.69,4.03,0.67,11.87,2.69,3.03,8.47,3.70,11.81,1.64,0.20,2.86,4.59,9.29,12.55,0.01,0.84,0.07,0.34,31.39,0.13,0.01,0,0.12,1.03,0.98,3.6,0,3.25,0.45,0.82,2.29,1.91,2.45,1.83,1.07,0.21,0.112745098,0.5,0.23,2.44,1.3,0,260.64,0.05,0.03,1.23,1.58,0.41,0.58,2.82,1.74,0.32,3.69,42.41,1.95,1.51,3.23,2.1,0.02,8.54,0
07/31/2001,0.00,0.02,25.09,0.22,1.27,0.03,1.38,0.41,0.17,0.21,0.11,0.00,0.00,4.58,14.42,2.13,0.69,0.50,0.00,0.85,3.42,0.00,0.00,1.05,2.10,0.01,0.02,0.06,0.28,0.32,0.13,5.40,5.04,0.47,0.26,2.26,1.03,22.05,0.24,0.06,0.57,0.04,0.03,0.81,0.00,0.06,0.46,4.32,0.34,0.08,0.06,0.07,0.49,0.02,0.05,0.33,0.12,0.00,0.23,0.34,0.33,1.91,0.22,10.57,2.46,1.81,6.78,3.00,12.36,1.57,0.09,1.22,1.93,0.65,8.35,0.00,0.57,0.02,0.18,21.77,0.09,0,0,0.06,0.35,0.66,2.61,0,0.79,0.36,0.32,1.66,2.42,2.92,0.46,0.27,0.08,0.225490196,1,0.02,1.67,0.41,0,253.02,0,0.01,0.31,0.81,0,0,1.61,2.41,0.23,2.3,23.71,1.25,1.21,2.58,1.68,0.01,5.2,0
08/31/2001,0.00,0.01,23.73,0.07,1.23,0.03,1.19,0.32,0.00,0.37,0.08,0.00,0.00,4.16,12.67,1.83,0.31,0.16,0.13,0.93,1.03,0.00,0.00,0.70,1.41,0.01,0.03,0.03,0.57,0.65,0.09,4.65,2.65,0.35,0.06,2.36,0.67,21.09,0.07,0.05,0.10,0.08,0.03,0.76,0.00,0.04,0.26,0.00,0.44,0.06,0.03,0.04,0.33,0.00,0.01,0.25,0.08,0.00,0.28,0.21,0.29,1.67,0.07,9.13,2.11,1.35,5.72,2.90,11.69,1.65,0.05,0.77,1.18,2.80,6.70,0.00,0.28,0.00,0.11,10.35,0.05,0,0,0.02,0.11,0.45,1.55,0,0.27,0.33,0.65,0.78,0.96,0.81,0.18,0.11,0.16,0.105980392,0.47,0.02,0.86,0.41,0.3,228.27,0,0,0.12,0.5,0,0,1.65,2.35,0.13,0.98,9.2,0.8,1.12,2.39,1.56,0,5.73,0
09/30/2001,0.00,0.01,21.82,0.04,1.54,0.04,1.24,0.38,0.00,0.00,0.09,0.12,0.03,3.93,12.84,1.72,0.02,0.10,0.00,0.88,1.76,0.04,0.02,0.99,0.89,0.01,0.06,0.03,0.29,0.33,0.06,4.75,2.27,0.31,0.05,2.43,0.52,12.75,1.03,0.09,0.00,0.00,0.00,0.58,0.00,0.03,0.08,1.65,0.21,0.08,0.01,0.01,0.43,0.00,0.03,0.09,0.07,0.00,0.42,0.22,0.35,2.01,0.00,8.65,1.93,1.26,5.68,3.63,10.75,1.55,0.05,0.64,0.98,5.94,6.09,0.00,0.30,0.00,0.12,9.59,0.09,0.01,0,0.04,0.07,0.41,2.09,0,0.29,0.36,0.33,0.26,1.21,3.03,0.23,0.13,0.08,0.094705882,0.42,0,1.2,1.01,0.35,199.26,0,0,0.15,0.42,0.09,0.13,1.68,0.91,0.23,0.4,4.61,0.5,1.23,2.63,1.71,0.02,5.42,0.03
10/31/2001,0.01,0.03,21.33,0.08,2.09,0.05,1.50,0.73,0.00,0.97,0.12,1.12,0.07,4.17,14.28,1.85,0.00,0.12,0.00,0.98,3.51,0.37,0.19,1.77,1.15,0.01,0.12,0.05,1.04,1.19,0.70,5.11,4.73,0.31,0.12,0.00,0.07,1.51,1.54,0.08,0.34,0.20,0.15,0.47,0.00,0.31,0.16,0.00,0.30,0.08,0.08,0.09,0.32,0.01,0.00,0.25,0.08,0.00,0.90,0.15,0.06,0.35,0.00,9.00,1.96,1.36,6.06,4.93,10.51,3.54,0.06,0.78,1.23,0.00,6.30,0.01,0.49,0.01,0.16,4.39,0.00,0.01,0,0.42,0.13,0.57,0.42,0,0.49,0.32,1.19,0.39,0,0.81,0.25,0.15,0.3,0.44872549,1.99,0.1,1.77,0.81,0,203.28,0,0.01,0.17,0.51,0.23,0.32,0.14,0.13,0,0.87,3.16,0.37,1.09,2.33,1.52,0.02,6.04,0.23
11/30/2001,0.05,0.28,28.91,0.41,4.73,0.48,3.83,2.65,6.98,4.17,1.55,3.80,0.26,10.75,20.07,2.50,4.47,0.47,1.98,2.92,29.49,1.25,0.65,27.96,12.94,0.05,1.29,0.59,0.73,0.83,2.38,10.31,18.17,0.47,3.00,14.06,3.56,0.00,1.92,0.55,2.22,0.85,0.22,2.15,7.03,1.07,1.42,6.52,1.44,1.16,0.89,1.05,2.57,0.28,0.29,1.53,1.16,0.00,2.86,1.38,0.22,1.26,1.09,22.55,3.58,4.91,11.04,11.16,14.24,7.96,0.28,3.99,6.99,20.19,12.89,0.07,3.59,0.29,0.86,27.89,0.30,0.12,18.67,2.09,0.67,1.36,5.46,0,2.48,0.84,0.83,8.06,0.39,5.05,1.22,0.72,0.21,0.577254902,2.56,0.15,5.91,2.07,10.9,376.32,0.52,0.13,0.82,3.35,0.81,1.14,3.23,3.23,0.77,10.19,65.7,2.96,2.83,6.04,3.94,1.03,17.96,0.79
12/31/2001,0.13,0.72,33.30,0.43,13.93,0.89,18.42,7.91,63.63,4.63,13.10,21.10,0.43,31.46,38.31,2.86,3.88,0.53,12.70,10.95,119.41,6.94,3.58,142.39,78.25,0.19,2.08,1.08,4.80,5.49,8.95,28.00,47.44,0.64,18.16,42.88,21.75,17.44,1.71,0.87,3.51,0.95,2.09,2.95,9.52,4.04,1.93,43.79,2.09,2.37,3.59,4.22,4.92,0.75,1.72,2.48,0.82,0.87,8.53,3.47,2.78,16.14,3.57,46.59,8.25,16.57,25.34,32.86,16.40,24.57,1.15,16.20,27.20,43.94,28.01,0.17,7.09,0.77,5.01,90.47,0.60,0.39,119.14,9.85,0.68,5.32,24.41,0,3.08,1.97,5.49,50.23,4.99,13.05,1.98,1.16,1.37,2.347352941,10.41,1.4,24.68,3.98,40.09,843.96,0.75,0.31,1.33,8.3,1.35,1.9,5.99,8.24,1.5,52.57,106.48,5.01,6.66,14.23,9.26,5.3,67.24,4.37
01/31/2002,0.30,1.68,33.72,0.52,15.11,1.08,19.59,11.21,75.71,6.48,11.78,16.63,0.99,35.61,40.28,5.97,7.26,0.72,18.66,13.16,106.13,5.47,2.82,79.08,106.37,0.23,1.47,1.96,4.18,4.78,10.01,29.53,65.44,0.52,26.01,16.98,21.45,7.44,2.83,0.86,6.78,1.33,3.67,5.76,14.18,4.52,2.65,31.94,3.77,5.04,4.08,4.80,9.42,0.88,1.40,2.87,1.24,3.37,9.33,4.96,2.41,13.99,6.41,83.86,17.82,22.86,25.48,35.64,16.61,44.25,1.44,20.29,33.89,71.04,45.56,0.56,17.51,0.91,6.91,93.77,0.68,1.09,115.87,11.53,0.83,4.86,24.42,0,4.04,2.76,4.78,64.44,5.9,9.99,3.66,2.15,1.19,3.014803922,13.37,2.46,23.03,9.11,52.65,871.99,0.94,0.82,2.45,17.54,3.15,4.42,8.53,8.75,1.71,67.77,247.7,9.26,9.36,19.99,13.02,8.64,80.83,3.44
02/28/2002,0.32,1.80,28.04,0.39,8.07,1.36,6.97,6.07,18.24,4.39,1.95,13.68,1.17,18.42,27.89,4.44,5.04,0.54,3.10,5.90,27.10,4.50,2.32,55.41,39.62,0.21,1.59,1.86,2.07,2.37,4.59,14.91,44.54,0.47,5.63,31.91,6.04,9.87,4.43,0.96,7.81,0.90,4.12,2.87,12.33,2.07,2.42,6.35,2.80,4.34,1.90,2.23,5.10,0.93,0.75,2.45,0.54,0.00,5.61,4.90,2.48,14.38,6.63,49.99,9.46,18.25,13.74,19.04,13.81,31.77,1.30,18.36,31.07,41.64,31.12,0.76,17.81,0.96,5.46,57.58,0.79,0.78,21.62,5.79,0.63,5.55,20.25,0,3.11,1.52,2.37,21.44,9.19,8.93,3.69,2.17,0.59,1.447647059,6.42,2.76,18.93,7.65,10.83,514.44,0.75,1.13,2.47,12.39,3.7,5.19,7.87,8.59,1.98,26.68,126.88,9.47,5.13,10.96,7.13,7.94,36.22,2.83
03/31/2002,0.58,3.26,36.60,0.58,10.89,2.81,9.97,8.62,13.84,6.76,1.29,20.37,1.49,26.38,28.24,7.09,6.08,0.86,3.92,4.74,26.08,6.70,3.46,40.79,29.96,0.36,4.46,2.83,6.17,7.05,5.45,23.34,68.83,0.66,5.10,21.43,5.81,9.52,6.28,2.01,13.05,1.38,7.13,4.87,16.66,2.46,3.77,7.44,5.86,6.75,2.40,2.82,8.66,1.16,1.42,2.95,0.73,0.00,6.85,7.78,4.29,24.92,10.11,77.22,12.08,27.64,21.09,25.69,18.03,48.52,2.24,31.67,52.21,45.67,50.11,1.16,28.30,1.19,9.41,96.26,1.26,1,22,5.52,0.93,8.4,35.93,0,4.77,1.96,7.05,15.38,7.68,19.99,7.43,4.36,1.76,1.806176471,8.01,4.77,31.81,13.19,10.13,587.24,1.32,1.97,4.98,18.13,4.72,6.63,10.49,11.3,3.17,24.98,125.39,15.87,6.65,14.2,9.25,11.19,29.12,4.21
04/30/2002,0.95,5.33,58.13,1.70,9.63,6.90,3.89,6.85,8.07,15.91,0.60,5.11,1.56,20.65,28.50,11.22,13.38,4.54,1.38,2.97,10.20,1.68,0.87,26.30,17.79,0.39,3.05,8.32,1.89,2.16,2.57,22.31,71.09,2.00,4.44,0.00,3.37,0.00,13.65,2.60,29.44,3.26,13.16,8.31,42.56,1.16,12.53,4.37,20.12,18.37,1.08,1.27,16.64,1.99,1.04,6.08,3.93,0.00,2.31,11.34,1.18,6.82,9.74,108.56,20.44,28.89,23.81,22.72,28.63,48.94,2.36,33.35,57.36,50.11,82.47,1.52,35.03,2.04,6.02,63.16,0.94,1.33,5.75,3.16,2.72,3.52,17.5,0,15.38,2.11,2.16,10.52,4.76,2.6,19.73,11.58,0.54,1.393529412,6.18,8.81,10.84,43.84,5.35,468.09,6.92,2.8,13.23,25.94,4.93,6.92,6.19,13.61,2.37,19.22,254.28,34.27,7.13,15.23,9.92,4.27,18.25,1.06
05/31/2002,0.58,3.22,48.54,2.97,5.66,3.13,2.52,2.64,3.93,15.74,0.40,3.98,0.77,12.92,26.18,6.17,13.19,8.43,1.14,2.15,12.33,1.31,0.68,16.96,9.32,0.31,0.68,7.63,1.25,1.43,0.63,11.34,40.52,3.61,2.04,0.00,0.22,0.00,28.92,0.82,26.41,3.22,8.54,5.63,45.92,0.28,14.87,2.06,22.59,17.44,0.36,0.42,9.87,1.86,1.51,4.73,4.77,7.37,1.09,9.31,0.89,5.16,4.65,61.99,13.40,19.55,19.44,13.35,23.91,29.73,1.83,25.78,45.35,36.45,75.88,0.45,13.69,1.91,3.04,51.37,0.46,0.35,2.25,0.83,4.77,2.33,10.35,0,22.09,1.42,1.43,6.61,5.04,4.43,21.33,12.52,0.36,0.66745098,2.96,5.72,0,50.46,4.62,354.08,9.69,1.41,14.3,11.06,2.44,3.43,4.57,8.09,1.15,9.76,173.4,32.44,4.8,10.25,6.68,1.12,13.22,0.82
06/30/2002,0.12,0.69,30.24,2.24,3.10,0.45,1.59,1.03,0.50,5.24,0.16,2.46,0.47,7.11,20.35,3.13,3.67,5.86,0.44,1.47,4.92,0.81,0.42,5.14,3.54,0.11,0.41,1.57,0.76,0.87,0.25,6.74,13.65,2.79,0.71,0.00,1.13,0.55,15.65,0.18,10.62,1.07,2.05,1.45,20.20,0.11,6.36,2.28,7.10,4.75,0.12,0.14,2.15,0.32,0.52,0.89,3.69,0.62,0.41,3.79,0.33,1.91,1.88,23.80,5.13,7.24,14.57,7.31,14.90,9.71,0.72,10.12,16.53,22.94,33.33,0.12,4.18,0.33,0.40,25.17,0.27,0.07,0,0.26,3.6,1.28,6.96,0,12.76,0.66,0.87,2.76,3.56,1.21,9.52,5.59,0.22,0.414901961,1.84,1.37,2.63,16.88,0.63,220.23,4.11,0.21,6.38,2.98,1.49,2.09,2.42,1.4,0.68,3.14,81.57,12.46,2.22,4.74,3.09,0.22,9.03,0.51
07/31/2002,0.01,0.08,29.23,0.54,1.70,0.11,1.26,0.44,0.77,0.53,0.06,0.00,0.21,4.83,14.51,2.54,2.07,1.28,0.12,0.88,0.04,0.00,0.00,1.38,1.39,0.02,0.05,0.18,0.33,0.38,0.14,5.05,5.03,0.76,0.23,3.20,0.66,13.38,1.65,0.06,1.75,0.11,0.19,0.83,1.51,0.06,1.03,0.34,0.73,0.15,0.06,0.07,0.97,0.03,0.07,0.60,0.00,1.58,0.20,0.64,0.11,0.65,0.93,10.88,2.51,2.69,7.88,4.01,14.40,4.14,0.17,2.34,3.67,9.05,12.00,0.02,1.62,0.03,0.29,17.09,0.14,0.02,0,0.04,0.86,0.82,4.65,0,2.21,0.39,0.38,0.84,1.6,2.15,1.68,0.99,0.09,0.311176471,1.38,0.13,2.9,0.78,0,213.66,0,0.03,1.13,0.97,0.67,0.94,0.88,1.13,0.36,0.87,22.92,1.54,1.32,2.82,1.84,0.05,5.39,0
08/31/2002,0.00,0.03,26.46,0.11,1.75,0.03,1.21,0.38,0.20,0.20,0.05,0.00,0.12,4.24,12.68,2.30,0.46,0.25,0.08,0.70,0.54,0.00,0.00,0.87,0.90,0.01,0.03,0.07,0.60,0.69,0.09,4.73,3.29,0.38,0.06,1.92,0.42,15.00,1.66,0.06,0.53,0.04,0.13,0.41,0.14,0.04,0.17,0.58,0.20,0.06,0.02,0.02,0.42,0.00,0.03,0.09,0.11,1.76,0.60,0.28,0.17,0.97,0.59,8.78,2.02,1.82,6.28,4.13,13.03,3.45,0.09,1.22,1.87,0.00,8.46,0.01,0.72,0.00,0.17,5.23,0.13,0.01,0,0.02,0.18,0.68,4.29,0,0.51,0.4,0.69,0.32,2.12,2.08,0.45,0.26,0.17,0.286372549,1.27,0.09,1.37,0.48,0.27,210.97,0,0.01,0.3,0.59,0.39,0.55,1.01,1.05,0.32,0.39,5.56,0.31,1.36,2.9,1.89,0.05,4.32,0
09/30/2002,0.00,0.02,26.50,0.05,1.71,0.03,1.20,0.39,0.00,0.54,0.06,0.00,0.09,3.81,12.31,2.13,0.01,0.12,0.12,0.52,0.00,0.00,0.00,0.89,0.85,0.01,0.03,0.05,0.30,0.34,0.08,4.63,3.14,0.31,0.03,0.00,0.28,0.00,2.89,0.06,0.48,0.11,0.00,0.37,0.00,0.03,0.32,0.00,0.13,0.06,0.02,0.02,0.44,0.00,0.02,0.02,0.10,0.00,0.33,0.21,0.14,0.84,0.46,42.97,10.23,1.51,5.31,4.03,13.05,2.64,0.06,0.78,1.21,0.00,7.14,0.00,0.52,0.00,0.11,0.00,0.07,0.03,0.98,0.07,0.08,0.57,2.39,0,0.36,0.35,0.34,0.23,2.87,1.16,0.36,0.21,0.09,0.405882353,1.8,0,1.52,1.28,0.11,187.57,0,0.01,0.24,0.44,0.27,0.38,0.18,0,0.19,0.32,1.47,0.25,1.2,2.56,1.67,0.05,3.19,0
10/31/2002,0.00,0.02,18.80,0.06,2.12,0.01,1.44,0.68,0.00,0.27,0.08,1.25,0.04,4.01,13.37,2.21,0.00,0.08,0.00,0.53,0.00,0.41,0.21,1.26,1.35,0.01,0.09,0.05,1.00,1.14,0.80,4.93,4.67,0.31,0.09,0.00,0.05,0.00,2.23,0.05,0.00,0.06,0.03,0.27,0.00,0.36,0.19,0.18,0.38,0.07,0.08,0.09,0.44,0.05,0.00,0.03,0.08,0.00,0.94,0.00,0.00,0.00,0.42,47.89,11.37,1.56,5.39,5.00,9.26,4.36,0.05,0.69,1.22,1.84,6.82,0.00,0.35,0.05,0.15,0.00,0.22,0.01,0,0.46,0.09,0.58,2,0,0.33,0.27,1.14,0.47,1.13,4.05,0.17,0.1,0.29,0.257058824,1.14,0.02,1.6,1.53,0,187.44,0,0.01,0.11,0.44,0.13,0.18,0.67,1.18,0.55,0.97,1.23,0.26,0.9,1.92,1.25,0,3.28,0.26
11/30/2002,0.07,0.37,25.84,0.51,3.26,0.48,2.44,0.96,1.26,4.81,0.16,2.43,0.32,6.32,15.32,3.23,3.33,0.59,1.56,1.01,11.94,0.80,0.41,4.99,2.80,0.06,1.26,1.02,0.66,0.75,1.35,7.13,14.06,0.47,0.57,3.87,0.24,6.61,2.74,0.53,3.05,0.99,0.60,1.72,7.08,0.61,1.92,0.78,1.91,1.89,0.33,0.39,2.71,0.38,0.32,1.42,0.66,0.00,1.55,1.66,0.22,1.27,2.17,128.14,29.00,5.40,7.63,7.69,12.73,12.04,0.34,4.77,8.50,20.27,16.60,0.09,4.59,0.39,0.94,0.00,0.27,0.16,5.71,0.83,0.81,1.11,4.19,0,3.07,0.66,0.75,1.62,1.94,5.49,1.49,0.87,0.19,0.349509804,1.55,0.4,4.82,3.52,4.73,229.43,0.84,0.17,1,2.86,1.02,1.43,2.21,5.82,0.69,1.87,17.73,3.65,2.23,4.76,3.1,1.29,6.2,0.5
12/31/2002,0.11,0.59,51.41,0.35,25.65,1.18,23.84,13.51,173.95,9.84,15.95,22.25,0.18,57.35,46.76,6.48,12.38,0.42,26.50,16.69,208.07,7.32,3.78,115.15,113.90,0.23,2.97,2.30,5.97,6.82,17.59,56.72,98.12,0.55,34.40,56.76,28.24,6.02,4.14,1.01,7.03,2.02,1.94,7.67,12.87,7.93,3.01,53.45,4.97,5.93,6.92,8.14,11.86,1.04,1.83,3.62,1.40,6.95,18.60,4.47,2.74,15.88,5.53,183.85,40.19,22.76,44.63,60.51,25.32,44.41,1.39,19.70,33.48,95.53,49.44,0.33,5.04,1.07,5.15,30.17,0.69,0.32,235.89,17.3,0.56,3.9,23.24,0,2.54,3.43,6.82,73.94,4.4,15.1,1.56,0.92,1.71,3.364313725,14.92,1.3,28.72,11.11,56.45,1106.36,0.68,0.23,1.05,16.67,0.57,0.8,11.87,10.22,1.74,74.4,202.58,4,11.6,24.78,16.13,6.06,102.53,4.6
01/31/2003,0.30,1.68,44.57,0.54,26.84,2.95,28.86,17.19,72.29,8.65,7.44,11.10,0.94,61.39,61.28,8.73,10.20,0.77,15.06,13.34,117.02,3.65,1.88,123.48,111.02,0.30,3.49,3.81,3.15,3.60,21.49,45.12,113.14,0.45,23.17,9.28,21.09,0.00,4.76,2.17,13.11,1.77,5.71,8.17,21.50,9.69,3.10,34.66,6.48,8.94,8.80,10.35,14.99,1.39,0.46,2.39,1.49,10.92,14.28,6.96,2.74,15.90,10.42,152.20,30.91,31.04,39.78,63.32,21.95,77.59,1.83,25.78,43.89,93.08,73.29,1.29,17.77,1.43,10.16,126.15,0.69,1.02,84.5,22.4,0.87,2.66,23.35,0,4.32,4.11,3.6,71.21,3.44,13.28,3.7,2.17,0.9,4.227941176,18.75,3.82,22.85,16.78,49.19,1056.3,1.1,1.25,2.48,29.08,2.98,4.18,15.22,14.42,1.74,66.99,328.53,9.24,13.93,29.75,19.37,9.68,81.97,2.3
02/28/2003,0.35,1.94,30.07,0.44,13.91,1.77,10.28,9.37,18.47,4.60,3.42,6.17,1.19,25.86,32.90,6.26,6.92,0.58,6.61,4.12,34.69,2.03,1.05,46.47,33.97,0.17,1.73,2.43,1.69,1.93,8.16,21.45,61.73,0.48,6.22,0.00,6.79,0.00,4.28,1.62,9.02,0.94,4.03,5.21,11.74,3.68,2.86,9.57,5.20,5.26,3.49,4.10,7.34,0.89,0.32,1.79,0.49,4.92,9.12,4.12,0.45,2.59,6.10,80.44,15.98,17.01,20.43,32.81,14.81,52.58,1.02,14.44,24.91,41.48,43.32,0.64,19.14,0.91,4.90,58.75,0.51,1.06,33.37,10.97,0.71,1.86,15.43,0,3.31,1.89,1.93,19.63,2.59,2.95,3.76,2.21,0.48,1.905392157,8.45,2.7,12.85,9.54,14.38,490.92,0.88,1.02,2.52,13.08,3.76,5.28,8.97,7.52,1.28,20.33,133.59,9.76,6.39,13.65,8.89,6.39,25.34,1.28
03/31/2003,0.66,3.67,51.01,0.62,19.28,4.53,15.75,14.08,26.21,11.07,4.18,10.34,1.75,37.43,42.83,12.34,12.50,0.91,7.56,6.03,54.51,3.40,1.76,63.49,36.56,0.29,5.22,4.43,2.90,3.31,11.11,39.55,100.70,0.69,10.08,2.32,7.01,0.00,7.94,2.90,16.33,2.27,8.14,9.04,24.48,5.01,5.49,13.59,9.88,11.06,4.68,5.50,15.54,1.65,0.81,3.70,1.58,3.15,12.52,5.15,0.00,0.00,6.90,120.53,20.84,24.68,30.81,45.48,25.12,65.55,1.70,23.99,41.95,51.03,62.47,0.98,32.66,1.70,5.13,72.91,0.74,1.27,45.95,12.76,0.99,2.98,21.54,0,5.22,2.61,3.31,20.13,3.07,1.47,7.47,4.38,0.83,2.200784314,9.76,5.45,18.07,22.82,19.14,681.31,2.15,1.54,5.01,22.36,5.54,7.78,11.51,12.56,1.86,22.09,181.64,17.64,8.84,18.88,12.29,10.66,37.06,2.14
04/30/2003,0.70,3.92,58.31,0.76,20.15,5.71,24.42,13.88,22.81,9.69,2.31,13.89,1.23,63.58,47.37,10.66,12.18,1.76,7.87,11.55,94.17,4.57,2.36,66.72,46.46,0.40,5.68,3.43,4.89,5.59,14.68,46.06,116.35,1.04,10.00,17.60,6.53,0.00,7.69,3.50,16.49,1.98,8.29,6.65,25.09,6.62,6.53,19.82,11.28,8.32,6.50,7.64,11.11,1.27,2.20,3.50,1.71,6.64,16.14,9.74,3.97,23.03,10.37,132.82,22.74,33.16,38.60,47.53,28.72,66.51,2.55,36.04,59.24,53.49,75.51,1.24,30.71,1.30,8.73,89.86,1.86,1.11,44.28,8.64,1.23,8.33,34.47,0,7.09,2.61,5.59,25.21,7.86,32.44,11.22,6.59,1.4,3.630392157,16.1,5.55,37.26,19.3,16.61,811.74,2.78,2.06,7.52,18.63,3.9,5.48,10.31,11.98,4.68,32.59,231.09,20.21,8.83,18.86,12.28,9.89,70.96,2.87
05/31/2003,1.16,6.48,80.09,3.30,14.57,7.78,17.97,6.90,27.10,24.24,2.34,7.39,1.72,56.80,55.67,16.38,21.89,8.93,6.21,8.35,51.06,2.43,1.25,57.52,58.44,0.58,4.52,10.19,3.76,4.30,5.40,43.94,129.65,4.00,12.48,42.35,8.84,0.00,29.53,3.22,34.23,4.96,14.82,11.97,59.28,2.43,19.30,13.22,29.21,19.79,2.55,3.00,20.88,1.23,2.04,5.99,5.81,10.37,5.89,16.16,4.67,27.10,12.98,183.21,36.28,44.65,40.19,34.37,39.45,63.38,3.78,53.40,85.78,89.99,136.50,1.83,31.22,1.27,7.57,117.40,1.78,1.05,28.88,2.81,5.29,5.9,33.23,0,26.55,3.46,4.3,33.34,4.28,26.49,30.03,17.62,1.07,2.728431373,12.1,9.92,32.67,58.68,24.05,804.68,12.85,3.33,20.13,31.25,5.44,7.64,13.01,17.72,4.49,53.47,361.85,48.79,11.72,25.03,16.3,3.84,51.32,1.53
06/30/2003,0.29,1.61,55.40,3.44,6.99,1.59,3.34,2.07,4.33,11.73,0.49,0.52,0.87,16.79,35.83,6.86,13.23,9.78,0.00,2.01,9.25,0.17,0.09,11.37,11.33,0.20,0.50,2.85,1.18,1.35,0.63,13.25,33.64,4.53,2.38,0.20,1.80,0.00,25.13,0.37,15.48,2.40,3.66,3.69,33.85,0.29,11.74,2.31,14.58,9.40,0.29,0.34,4.85,0.51,0.89,0.40,6.96,8.82,0.90,6.13,0.01,0.05,2.92,63.47,14.38,13.64,28.47,16.49,27.29,23.60,1.31,18.52,29.99,35.81,71.82,0.25,7.75,0.52,3.68,65.60,0.43,0.17,1.63,0.63,5.52,1.71,11.31,0,22.56,1.4,1.35,8.92,0,4.43,18.56,10.89,0.34,1.048529412,4.65,2.45,5,33.25,5.79,334,8.87,0.46,12.44,7.23,2.76,3.87,4.59,4.58,1.08,10.01,238.68,24.74,4.74,10.12,6.59,0.41,12.32,0.11
07/31/2003,0.02,0.13,32.73,0.80,3.48,0.52,2.02,0.80,0.32,0.64,0.19,0.00,0.23,6.67,21.88,3.56,2.69,1.92,0.19,0.67,7.29,0.00,0.00,3.87,2.87,0.04,0.11,0.23,0.57,0.65,0.18,8.89,8.00,1.16,0.80,5.21,0.68,16.52,0.00,0.00,2.47,0.13,0.16,1.20,2.92,0.08,1.94,0.84,1.21,0.27,0.05,0.06,0.87,0.02,0.12,0.64,0.53,3.72,0.68,1.00,0.18,1.05,1.36,16.82,3.93,4.56,13.67,8.21,16.12,7.58,0.24,3.37,5.23,11.45,19.29,0.03,2.01,0.02,0.01,37.52,0.21,0.02,0.08,0.09,1.29,1.04,6.29,0,3.46,0.56,0.65,1.65,2.51,2.96,2.56,1.5,0.16,0.338235294,1.5,0.11,5.27,1.17,2.83,246.98,0.15,0.05,1.72,1.66,0.72,1.01,2.51,1.03,0.53,1.63,56.74,2.42,1.9,4.06,2.64,0.07,4.14,0
08/31/2003,0.01,0.04,30.45,0.19,2.93,0.28,1.74,0.58,0.00,0.55,0.14,0.00,0.16,5.64,16.98,3.07,1.35,0.44,0.13,0.92,4.70,0.00,0.00,2.86,1.21,0.02,0.25,0.11,0.55,0.63,0.12,7.02,5.76,0.42,0.41,7.89,0.14,21.59,2.45,0.06,1.17,0.11,0.00,0.83,1.58,0.05,0.63,0.64,0.45,0.15,0.02,0.02,1.04,0.03,0.07,0.46,0.13,0.00,1.00,0.45,0.03,0.19,0.92,12.05,2.58,3.03,8.87,6.91,15.00,6.20,0.12,1.75,2.79,2.85,13.41,0.01,1.17,0.04,0.20,23.62,0.22,0.02,0,0.05,0.3,0.9,3.88,0,0.81,0.62,0.63,0.41,1.76,3.65,0.74,0.43,0.16,0.401372549,1.78,0,3.84,0.52,0.8,203.78,0,0.02,0.5,0.96,0.51,0.72,1.64,2.68,0.55,0.47,23.8,0.52,2.1,4.49,2.92,0.1,5.67,0
09/30/2003,0.00,0.02,25.01,0.06,2.59,0.14,1.13,0.54,0.00,0.79,0.13,0.00,0.10,4.74,15.34,2.83,0.60,0.15,0.20,0.62,1.35,0.00,0.00,2.05,0.80,0.01,0.05,0.06,0.33,0.38,0.11,5.86,4.73,0.33,0.17,3.47,0.14,21.97,2.07,0.03,0.38,0.16,0.13,0.39,0.99,0.05,0.46,0.00,0.31,0.13,0.03,0.04,0.89,0.01,0.00,0.29,0.07,0.00,0.31,0.37,0.26,1.52,0.58,9.97,2.31,2.04,7.05,6.11,12.32,3.88,0.08,1.16,1.82,1.36,9.37,0.01,0.65,0.01,0.18,19.24,0.00,0.04,0,0.11,0.09,0.5,2.61,0,0.43,0.46,0.38,0.22,1.31,1.73,0.44,0.26,0.09,0.209705882,0.93,0.09,2.59,1.18,0.72,210.11,0,0.01,0.29,0.6,0.32,0.45,1.79,1.25,0.01,0.28,11.03,0.3,1.55,3.31,2.16,0.04,3.79,0
10/31/2003,0.00,0.02,22.12,0.07,2.62,0.15,1.52,0.87,0.00,0.00,0.15,0.15,0.03,4.72,16.09,2.74,0.39,0.10,0.00,0.63,0.00,0.05,0.03,2.69,1.41,0.01,0.06,0.05,1.17,1.34,0.88,6.03,6.00,0.31,0.20,0.00,0.00,0.00,2.44,0.07,0.00,0.00,0.22,1.08,0.17,0.39,0.32,0.17,0.27,0.10,0.08,0.09,0.58,0.04,0.11,0.08,0.08,0.00,1.07,0.18,0.08,0.45,0.46,9.87,2.24,1.84,7.04,6.18,10.90,4.98,0.07,1.00,1.66,1.50,8.38,0.00,0.38,0.04,0.19,12.80,0.04,0.01,0,0.55,0.11,0.49,1.52,0,0.4,0.38,1.34,0.49,0,2.36,0.2,0.12,0.33,0.202941176,0.9,0.15,0,1.01,0.83,210.79,0,0.01,0.13,0.52,0.11,0.15,1.78,1.83,0.09,1.01,5.17,0.3,1.28,2.73,1.78,0.25,3.89,0.03
11/30/2003,0.01,0.07,23.68,0.15,3.79,0.43,2.40,1.72,1.91,0.94,0.24,2.86,0.09,6.11,17.54,2.83,2.10,0.19,0.53,0.91,8.45,0.94,0.49,9.31,2.98,0.02,0.25,0.16,0.37,0.42,1.38,7.45,11.14,0.39,1.08,2.39,0.41,0.61,1.61,0.14,0.24,0.19,0.33,1.95,1.04,0.62,0.45,1.10,0.56,0.38,0.49,0.58,1.27,0.14,0.14,0.17,0.07,4.31,1.49,0.44,0.18,1.02,0.83,12.57,2.63,2.72,8.40,8.94,11.66,7.59,0.10,1.44,2.66,11.03,9.77,0.01,0.82,0.15,0.41,10.79,0.23,0.03,1.7,1.51,0.24,1.16,3.8,0,0.87,0.51,0.42,1.76,0,6.8,0.42,0.25,0.11,0.376568627,1.67,0.22,3.63,0.29,2.93,263.21,0.05,0.02,0.28,1.39,0.28,0.39,2.15,2.44,0.58,2.01,29.92,0.85,1.72,3.67,2.39,0.3,5.58,0.59
12/31/2003,0.10,0.56,49.89,0.51,13.68,1.06,14.42,7.54,55.63,6.72,11.50,13.50,0.37,28.95,38.51,4.57,10.85,0.57,12.84,7.09,128.22,4.44,2.29,110.71,67.34,0.15,2.99,1.75,3.02,3.45,8.21,25.70,55.66,0.63,15.75,30.61,19.22,4.83,2.18,0.75,4.56,1.38,2.43,1.92,11.87,3.70,1.94,38.97,2.90,2.42,3.08,3.62,7.20,0.73,1.32,3.13,0.70,6.43,10.18,3.67,1.98,11.47,3.99,63.92,11.62,16.33,24.88,32.27,24.57,29.74,0.94,13.33,22.72,11.42,35.32,0.14,5.73,0.75,4.36,93.27,0.58,0.29,124.23,9.22,0.82,3.28,19.48,0,3.36,2.06,3.45,42.82,3.7,13.23,1.86,1.09,0.86,1.58745098,7.04,1.63,20.6,4.33,46.69,697.2,0.65,0.25,1.25,11.92,1.16,1.63,8.83,10.89,1.47,45.97,138.83,4.74,6.96,14.87,9.68,3.61,43.55,2.79
01/31/2004,0.13,0.70,32.09,0.32,12.78,0.83,13.32,7.63,36.44,2.88,6.28,12.56,0.43,26.57,31.52,2.99,4.00,0.46,8.91,7.19,83.23,4.13,2.13,80.71,64.07,0.16,1.00,0.98,3.60,4.11,8.69,22.91,43.87,0.48,12.58,7.81,12.12,8.52,1.10,0.55,2.10,0.59,2.06,2.72,8.36,3.92,1.50,26.52,1.69,1.90,3.70,4.35,4.58,0.58,1.08,1.28,0.27,8.31,5.66,2.93,1.48,8.60,4.30,54.91,11.65,14.57,20.44,30.15,15.80,36.04,0.98,13.80,22.97,19.22,31.25,0.18,8.49,0.59,5.03,79.58,0.53,0.39,70.22,10.09,0.52,3.24,19.34,0,2.43,1.79,4.11,42.93,4.49,9.75,1.85,1.09,1.03,2.144411765,9.51,1.38,19.91,3.27,30.94,653.63,0.5,0.33,1.24,6.69,1.36,1.91,5.98,5.79,1.35,39.14,118.2,4.64,6.06,12.94,8.43,4.24,44.16,2.6
02/29/2004,0.24,1.34,52.63,0.37,29.82,2.11,29.11,21.22,106.15,5.80,22.48,20.85,0.85,74.37,64.88,5.57,9.56,0.50,36.66,19.25,222.87,6.86,3.54,167.96,159.03,0.30,3.07,1.78,6.68,7.63,22.13,62.47,120.84,0.57,33.68,49.44,29.85,35.39,2.39,1.34,6.90,1.19,4.20,6.70,13.50,9.98,2.01,56.51,3.45,4.06,9.16,10.77,10.00,0.71,2.31,2.44,0.91,12.89,21.84,5.97,3.98,23.07,6.79,134.56,27.92,25.11,47.13,70.35,25.92,51.62,1.90,26.90,43.50,120.31,50.10,0.31,13.49,0.73,7.42,150.65,1.13,0.86,203.18,22.63,0.6,6.24,37.94,0,2.82,4.16,7.63,96.27,6.8,19.29,2.83,1.66,1.91,5.740980392,25.46,2.81,37.32,7.35,71.06,1352.77,0.7,0.53,1.9,20.12,2.69,3.78,14.26,8.47,2.84,95.71,269.84,7.5,14.09,30.1,19.6,8.55,118.25,4.32
03/31/2004,0.90,5.01,59.15,1.10,15.49,6.66,11.31,11.44,46.05,11.45,7.98,5.96,2.31,40.85,46.42,12.00,11.18,1.98,10.58,9.52,46.62,1.96,1.01,58.93,81.43,0.38,8.35,5.98,3.04,3.47,8.91,39.98,120.65,1.02,16.23,0.00,13.02,0.00,9.34,4.82,20.75,2.34,12.76,8.65,33.43,4.02,7.36,16.76,10.49,14.33,3.93,4.62,14.41,1.69,0.28,4.50,2.18,5.20,10.27,10.27,0.78,4.55,11.83,172.10,28.18,30.34,28.89,36.54,29.13,72.94,2.34,33.07,56.02,98.57,80.18,1.92,45.42,1.74,8.33,67.38,1.22,1.59,50.13,7.66,1.76,3.58,26.82,0,9.35,3.14,3.47,43.51,6.21,6.8,12.85,7.54,0.87,3.578529412,15.87,8.54,21.65,30.4,32.31,785.47,4.01,2.6,8.62,27.8,7.33,10.29,13.63,14.88,3.09,59.36,263.5,27.91,10.64,22.73,14.8,7.91,58.51,1.23
04/30/2004,0.64,3.57,61.69,1.79,9.93,6.10,3.39,6.57,11.71,13.43,1.96,2.31,0.87,22.87,33.43,11.37,16.45,4.95,2.73,4.05,15.21,0.76,0.39,29.73,22.93,0.29,2.69,6.90,1.27,1.45,3.03,23.00,79.41,1.88,5.96,0.00,4.60,0.00,16.92,1.93,21.75,2.75,11.20,10.03,34.90,1.36,11.48,5.42,17.95,15.55,1.29,1.52,16.83,2.01,0.76,5.17,3.71,0.00,2.66,8.52,0.56,3.25,5.82,104.08,20.39,22.98,23.00,23.42,30.39,42.88,1.65,23.35,42.11,51.76,78.60,0.89,19.12,2.07,4.40,60.99,0.61,0.69,12.9,3.31,2.88,1.51,12.15,0,15.12,2.15,1.45,14.27,4.2,4.8,16.46,9.66,0.36,1.05754902,4.69,7.5,5.66,39.24,11.87,515.81,7.06,1.82,11.04,20.71,2.76,3.87,8.63,7.98,1.55,24.52,235.49,28.16,7.27,15.53,10.11,1.47,24.88,0.48
05/31/2004,0.34,1.91,62.65,2.76,7.91,3.15,2.37,3.51,6.01,13.78,0.68,0.40,0.65,18.78,31.01,8.65,18.76,7.45,0.63,1.56,3.42,0.13,0.07,16.94,12.34,0.21,0.55,4.06,0.70,0.80,1.01,13.29,52.22,3.38,2.68,0.00,2.11,0.00,25.36,0.72,16.89,2.82,5.45,7.96,36.47,0.46,9.93,2.01,19.41,13.04,0.58,0.68,11.00,1.19,0.94,2.92,4.89,14.88,1.67,5.26,0.00,0.00,2.74,65.86,14.55,16.58,25.00,18.66,30.86,28.94,1.26,17.80,31.03,41.45,76.24,0.28,8.50,1.22,1.60,58.27,0.22,0.2,3.51,1.22,4.42,1.09,8.52,0,18.42,1.67,0.8,9.2,1.73,0,15.79,9.27,0.2,1.364215686,6.05,3.65,0,39.25,7.91,372.64,7.31,0.53,10.59,10.43,2.05,2.88,3.1,4,0.56,11.9,229.51,23.74,5.65,12.07,7.86,0.44,9.56,0.08
06/30/2004,0.06,0.32,39.54,1.35,4.26,0.84,1.60,1.34,1.78,3.10,0.33,0.00,0.28,10.25,22.75,3.82,6.13,3.57,0.37,0.94,6.32,0.00,0.00,6.54,4.60,0.06,0.26,0.49,0.47,0.54,0.38,7.50,17.02,2.00,0.90,4.17,0.61,0.00,7.15,0.15,4.79,0.64,1.17,2.37,10.86,0.17,3.46,1.62,4.66,1.60,0.19,0.22,1.94,0.11,0.18,0.62,2.81,4.33,0.59,2.02,0.09,0.52,1.26,22.25,4.93,5.10,18.52,10.05,19.47,8.06,0.39,5.49,8.78,19.64,27.38,0.06,2.35,0.11,0.35,37.34,0.02,0.04,0.4,0.38,2.17,0.68,5.93,0,7.39,0.78,0.54,3.29,3.1,0.39,5.03,2.95,0.13,0.795980392,3.53,0.78,2.04,6.06,3.78,261.82,1.81,0.1,3.37,2.84,0.89,1.25,1.94,1.34,0.06,3.32,111.97,6.41,2.63,5.62,3.66,0.09,5.76,0
07/31/2004,0.01,0.06,30.37,0.40,2.53,0.19,1.38,0.62,0.00,0.17,0.21,0.00,0.19,6.76,17.49,2.99,2.00,0.95,0.05,0.74,6.34,0.00,0.00,2.21,1.41,0.02,0.06,0.12,0.42,0.48,0.21,6.32,6.26,0.88,0.30,6.80,0.30,14.66,0.98,0.06,0.98,0.04,0.40,1.35,2.73,0.09,0.67,1.34,0.80,0.08,0.08,0.09,0.85,0.00,0.03,0.61,0.00,5.66,0.27,0.32,0.00,0.00,0.80,10.58,2.42,2.36,10.85,5.97,14.96,4.29,0.11,1.56,2.40,1.75,12.16,0.01,1.43,0.00,0.18,31.23,0.15,0.01,0,0.07,0.64,0.49,4.96,0,1.57,0.45,0.48,0.71,2.87,1.45,1.17,0.69,0.12,0.304411765,1.35,0.27,2.82,0.49,1.95,235.86,0,0.02,0.78,1.04,0.6,0.84,1.64,2.37,0.38,0.65,32.21,1.07,1.52,3.25,2.11,0.06,4.56,0
08/31/2004,0.00,0.01,26.50,0.05,2.40,0.06,1.43,0.49,0.00,0.00,0.12,0.00,0.05,5.55,14.09,2.42,0.70,0.10,0.00,0.17,0.66,0.00,0.00,1.37,0.87,0.01,0.06,0.06,0.11,0.13,0.11,5.57,4.36,0.43,0.09,3.92,0.21,13.33,0.10,0.06,0.00,0.00,0.31,1.25,1.59,0.05,0.25,0.64,0.36,0.06,0.02,0.02,0.53,0.00,0.00,0.34,0.10,8.52,1.02,0.28,0.06,0.32,0.54,8.19,1.85,1.65,7.85,5.66,13.05,3.67,0.06,0.79,1.21,0.00,8.55,0.00,0.37,0.00,0.11,19.19,0.09,0.01,0,0.03,0.08,0.41,4.35,0,0.28,0.49,0.13,0.27,2.82,2.74,0.25,0.15,0.03,0.358529412,1.59,0.21,1.88,0.47,0.06,198.97,0,0.01,0.17,0.58,0.16,0.22,1.27,2.36,0.24,0.33,7.02,0.17,1.67,3.57,2.32,0,1.02,0
09/30/2004,0.00,0.01,23.92,0.03,2.23,0.06,1.40,0.49,0.00,0.81,0.11,0.00,0.05,4.31,13.82,2.22,0.83,0.08,0.00,0.20,3.96,0.00,0.00,1.50,0.68,0.01,0.03,0.05,0.24,0.27,0.10,5.55,4.01,0.32,0.07,1.44,0.00,13.84,1.90,0.30,0.00,0.17,0.06,0.66,1.08,0.04,0.25,0.27,0.07,0.09,0.03,0.04,0.75,0.00,0.01,0.08,0.07,4.12,0.28,0.22,0.17,0.99,0.00,8.35,1.68,1.49,6.41,5.26,11.78,2.77,0.04,0.59,0.91,0.00,7.37,0.00,0.33,0.00,0.11,15.41,0.01,0.02,0,0.09,0.05,0.4,3.53,0,0.25,0.41,0.27,0.19,3.87,3.04,0.24,0.14,0.07,0.275098039,1.22,0.04,1.67,1.1,0.49,190.44,0,0,0.16,0.48,0.17,0.24,1.12,0.97,0.03,0.24,1.96,0.16,1.39,2.97,1.93,0.01,1.24,0
10/31/2004,0.02,0.12,32.26,0.26,3.14,0.45,2.57,1.04,0.56,4.34,0.20,2.92,0.25,7.08,16.62,3.31,0.00,0.36,0.45,0.36,5.60,0.96,0.50,7.59,1.74,0.02,1.01,0.29,1.28,1.46,1.35,7.88,11.17,0.47,0.49,6.31,0.20,15.18,2.50,0.28,0.81,0.89,0.31,4.54,3.06,0.61,0.73,0.00,0.82,0.27,0.26,0.31,3.31,0.13,0.34,1.08,0.36,4.94,1.63,1.06,0.45,2.59,0.94,10.14,1.14,3.25,8.50,7.41,15.89,5.34,0.15,2.05,3.55,24.11,10.48,0.02,1.84,0.13,0.15,4.10,0.32,0.05,2.25,0.68,0.41,0.93,2.44,0,1.57,0.63,1.46,0.6,1.84,4.21,0.86,0.5,0.37,0.295392157,1.31,0.21,2.14,1.22,1.41,243.67,0.18,0.04,0.58,2.03,0.79,1.11,1.08,3.11,0.8,1.26,12.34,1.29,2.13,4.55,2.96,1.04,2.24,0.6
11/30/2004,0.05,0.29,25.89,0.31,3.53,0.50,1.99,2.09,1.73,2.06,0.28,4.13,0.22,6.10,16.76,1.95,1.10,0.33,0.78,0.15,5.96,1.36,0.70,6.87,3.09,0.03,0.54,0.49,0.67,0.77,1.43,6.83,12.33,0.37,0.78,1.84,0.60,12.66,1.39,0.35,0.23,0.42,0.61,2.29,3.66,0.65,1.12,1.21,0.71,0.80,0.54,0.63,1.98,0.00,0.33,0.60,0.60,1.84,1.48,1.00,0.19,1.13,1.22,10.54,1.64,3.19,8.00,8.33,12.75,7.51,0.23,3.26,5.00,21.83,10.30,0.06,3.05,0.00,0.33,4.65,0.24,0.11,3.73,1.63,0.49,1.34,3.97,0,1.86,0.51,0.77,1.96,2.05,2.83,1.08,0.63,0.19,0.275098039,1.22,0.41,2.56,1.59,3.25,210.77,0.36,0.11,0.72,2.18,0.7,0.98,2.35,3.08,0.59,2.16,16.15,2.54,1.73,3.7,2.41,1.13,0.91,0.86
12/31/2004,0.07,0.40,33.08,0.36,8.94,1.20,8.60,5.01,43.96,4.01,7.43,12.37,0.31,16.34,24.83,3.28,3.93,0.40,7.77,5.86,64.71,4.07,2.10,54.36,55.50,0.11,1.32,1.14,2.63,3.01,4.56,18.23,33.28,0.50,15.68,19.68,11.02,47.72,1.62,1.77,2.48,0.82,1.43,2.57,6.15,2.06,1.29,15.96,1.68,2.28,1.69,1.99,3.77,0.08,1.14,1.64,0.52,3.97,6.16,2.48,1.08,6.29,2.55,19.42,1.58,8.00,16.63,21.09,16.29,15.55,0.72,10.22,15.96,28.20,20.09,0.12,4.99,0.09,1.84,50.36,0.36,0.25,84.14,6.12,0.58,4.01,11.91,0,2.39,1.19,3.01,35.18,5.02,8.24,1.47,0.86,0.75,1.217647059,5.4,0.96,9.32,3.54,28.05,479.28,0.54,0.22,0.99,5.47,0.99,1.39,3.94,6.23,0.91,38.55,86.25,3.36,4.04,8.63,5.62,3.94,35.99,2.56
01/31/2005,0.22,1.23,32.32,0.48,11.85,0.88,14.17,7.40,65.72,3.79,11.15,22.28,0.77,24.36,27.35,3.63,4.14,0.64,12.81,6.64,102.71,7.33,3.78,54.17,58.12,0.25,1.47,1.04,4.40,5.03,7.57,23.47,44.15,0.51,15.10,18.07,14.98,40.46,1.75,1.30,4.06,0.78,2.52,2.70,8.72,3.42,1.72,24.74,1.88,2.84,3.15,3.70,3.98,0.00,2.81,2.06,0.52,2.87,6.05,5.88,3.88,22.50,5.67,28.19,4.01,16.80,19.98,27.95,15.92,32.89,1.73,24.39,37.42,39.94,30.98,0.28,10.67,0.00,5.46,70.19,0.73,0.62,100.46,9.07,0.77,10.99,24.51,0,3.8,1.6,5.03,38.56,11.1,19.58,2.92,1.71,1.26,1.948235294,8.64,1.69,25.19,4.43,39.34,592.09,0.9,0.5,1.96,8.45,2.44,3.43,5.29,6.89,1.83,36.07,116.91,6.9,5.42,11.58,7.54,10.74,40.8,4.61
02/28/2005,0.36,2.01,31.75,0.55,8.13,1.20,6.30,5.92,63.44,3.40,7.00,11.04,1.26,18.36,21.80,3.52,4.37,0.79,7.87,5.15,49.07,3.63,1.87,35.32,37.43,0.35,0.92,1.54,2.98,3.41,6.02,15.13,45.43,0.48,17.86,9.62,13.59,0.00,1.51,0.58,5.86,0.70,4.20,3.42,9.41,2.72,1.93,14.49,1.93,3.46,2.46,2.89,6.14,0.51,1.51,1.16,0.33,0.17,3.88,5.51,2.12,12.33,7.45,25.32,4.58,16.22,13.36,19.18,15.64,33.77,2.29,32.39,51.29,74.08,32.66,0.48,20.55,0.53,6.42,62.55,0.85,1.22,50.79,6.33,0.87,5.18,19.53,0,4.56,1.8,3.41,24.35,7,16.33,4.33,2.54,0.85,1.404803922,6.23,2.81,17.79,5.43,37.89,496.42,0.72,0.86,2.9,12.49,4,5.62,8.96,9.09,2.14,22.94,106.76,10,6.11,13.05,8.5,10.82,31.64,2.28
03/31/2005,0.93,5.16,50.38,0.89,13.31,4.00,14.84,9.78,67.08,8.09,8.67,17.36,3.22,37.33,28.71,7.47,9.58,1.25,16.84,10.36,99.54,5.71,2.95,65.29,72.24,0.85,5.51,3.42,6.73,7.69,11.10,30.69,107.68,0.78,22.78,28.62,20.82,0.00,4.81,2.30,14.99,1.66,8.41,7.49,20.60,5.01,4.29,30.63,6.20,7.93,4.56,5.36,14.47,1.01,3.29,3.35,1.10,4.72,11.18,11.88,4.04,23.47,13.54,107.22,17.95,33.85,21.99,31.40,24.82,69.63,5.61,79.23,124.74,109.46,65.30,1.31,48.10,1.04,9.31,120.36,3.26,2.62,87.45,9.73,1.43,15.17,46.97,0,7.25,3.66,7.69,44.86,18.28,17.37,9.47,5.56,1.92,3.876176471,17.19,5.63,45.84,14.09,44.84,796.59,1.78,2.04,6.35,27.98,10.21,14.33,13.84,16.42,8.21,43.77,191.29,23.11,12.4,26.49,17.25,23.46,63.66,3.59
04/30/2005,1.39,7.76,49.85,1.11,10.42,5.39,14.10,8.11,31.25,11.43,3.11,5.29,3.33,31.00,28.53,7.97,10.82,1.85,4.35,5.35,45.70,1.74,0.90,41.22,39.17,0.55,8.21,5.12,3.74,4.27,8.15,24.68,102.56,1.02,12.56,0.00,7.60,0.00,9.26,3.10,20.22,2.34,12.35,7.98,29.91,3.67,7.63,13.52,11.80,11.10,3.51,4.13,14.52,1.21,1.36,4.46,1.95,3.64,9.58,8.69,0.00,0.00,14.51,120.13,17.56,31.19,19.14,24.58,24.56,81.55,3.58,50.51,81.28,89.89,73.43,1.99,67.20,1.25,8.20,63.84,2.21,2.38,27.01,5.55,1.78,8.39,33.39,0,9.61,2.72,4.27,21.49,10.59,5.15,16.8,9.86,1.07,2.710392157,12.02,8.27,27.49,24.3,22.37,592.72,3.43,2.98,11.26,24.12,10.53,14.78,11.2,16.43,5.58,23.95,178.74,33.53,9.2,19.65,12.8,16.13,32.89,1.09
05/31/2005,2.36,13.16,97.04,4.50,14.75,9.26,13.80,9.78,50.36,39.85,2.46,6.69,3.90,52.41,50.58,20.62,37.25,12.43,8.38,9.82,48.34,2.20,1.14,126.24,93.70,0.85,6.70,18.57,4.92,5.62,8.77,38.23,184.92,5.98,26.89,0.00,5.88,0.00,45.17,3.80,59.38,8.16,25.44,19.43,108.05,3.95,30.30,10.98,48.74,29.53,3.82,4.49,37.98,1.18,5.49,11.36,6.72,14.93,9.45,24.35,1.51,8.79,13.40,216.35,41.48,68.85,37.51,34.80,47.80,132.52,5.59,78.92,124.80,108.78,202.72,2.12,67.16,1.22,9.41,182.27,2.10,2.69,43.18,4.5,7.22,7.77,48.05,0,39.37,4.6,5.62,50.54,0,26.49,51.71,30.35,1.41,2.16245098,9.59,17.03,46.77,78.44,26.31,1097.63,17.29,4.35,34.67,48.9,12.36,17.35,18.45,32.39,5.3,71.75,398.73,81.74,15.58,33.28,21.67,9.31,60.35,1.38
06/30/2005,0.64,3.58,47.92,4.61,5.71,0.96,4.10,2.29,12.88,15.29,0.83,1.28,1.46,18.67,28.60,7.23,15.44,12.88,1.28,3.54,20.34,0.42,0.22,16.29,19.66,0.32,1.16,6.39,1.73,1.98,0.94,13.35,45.42,5.26,5.82,0.00,2.18,0.00,28.11,0.74,25.62,3.13,8.28,4.52,45.80,0.43,19.26,4.44,18.47,10.35,0.53,0.62,6.50,0.63,1.63,3.94,7.08,7.98,1.56,10.12,0.62,3.60,4.49,69.33,14.76,20.95,22.00,13.47,23.60,31.25,2.07,29.17,46.74,76.58,84.14,0.53,14.89,0.65,3.26,57.04,0.89,0.37,7.73,0.7,7.4,4.24,18.6,0,31.82,1.6,1.98,13.68,0,19.99,31.87,18.7,0.49,0.78245098,3.47,5.54,14.36,35.18,9.95,436.81,11.6,1.25,21.37,7.81,4.63,6.5,8.1,18.59,2.23,20.59,207.55,41.22,5.41,11.56,7.52,1.08,21.77,0.26
07/31/2005,0.09,0.52,34.71,1.97,2.88,0.23,2.14,0.82,2.30,2.24,0.27,0.00,0.74,9.19,19.74,3.26,3.63,5.38,0.20,1.64,7.14,0.00,0.00,4.68,6.13,0.07,0.10,0.55,0.83,0.95,0.32,7.53,11.91,2.46,1.48,1.70,0.46,20.44,4.64,0.04,5.50,0.46,0.96,1.51,10.16,0.15,5.00,1.62,2.62,0.91,0.15,0.18,0.99,0.09,0.33,0.95,2.19,0.47,0.49,1.21,0.00,0.00,2.42,24.55,5.76,5.93,13.06,6.79,17.10,9.54,0.46,6.46,10.19,29.39,25.42,0.10,5.49,0.09,0.59,29.69,0.39,0.07,0,0.15,3.16,2.06,7.47,0,10.68,0.7,0.95,4.59,4.28,0,8.41,4.94,0.24,0.441960784,1.96,0.64,5.91,3.81,4.75,268.38,2.49,0.17,5.64,2.51,2.35,3.3,3.44,4.88,0.97,4.94,76.27,8.84,2.36,5.04,3.28,0.2,10.09,0
08/31/2005,0.01,0.08,25.45,0.29,2.01,0.12,1.54,0.44,0.00,0.13,0.12,0.00,0.30,7.73,14.74,2.61,1.04,0.69,0.00,0.53,0.00,0.00,0.00,2.09,1.73,0.02,0.06,0.12,0.28,0.32,0.19,5.97,5.70,0.46,0.52,3.85,0.16,23.32,0.37,0.03,1.23,0.03,0.04,0.67,1.82,0.09,0.66,0.00,0.41,0.10,0.05,0.06,0.45,0.00,0.09,0.14,0.00,0.71,0.86,0.00,0.00,0.00,1.23,12.97,3.02,2.85,7.34,4.74,12.53,5.89,0.15,2.11,3.23,18.14,12.94,0.02,1.96,0.00,0.27,12.06,0.18,0.02,0,0.03,0.47,1.43,4.52,0,1.23,0.57,0.32,0.81,3.1,2.27,1.24,0.73,0.08,0.302156863,1.34,0.03,2.22,0.53,2.29,221.97,0,0.03,0.83,1.01,0.96,1.35,2.41,3.91,0.47,0.79,15.38,0.83,1.92,4.1,2.67,0.12,3.27,0
09/30/2005,0.01,0.05,26.86,0.09,2.13,0.14,1.51,0.48,0.00,0.85,0.13,0.00,0.26,5.14,15.14,2.57,0.85,0.23,0.00,0.09,0.00,0.00,0.00,2.28,1.05,0.02,0.30,0.07,0.41,0.47,0.11,5.48,5.34,0.36,0.38,5.12,0.01,16.35,1.80,0.23,0.46,0.17,0.06,0.47,1.12,0.05,0.13,0.00,0.33,0.08,0.03,0.04,0.51,0.00,0.04,0.20,0.09,0.87,0.48,0.34,0.06,0.32,0.85,14.51,2.96,2.19,6.54,5.02,13.23,4.13,0.10,1.48,2.27,15.42,10.03,0.01,1.20,0.00,0.20,0.00,0.06,0.07,0,0.08,0.15,1.23,3.32,0,0.71,0.54,0.47,0.29,2.04,1.64,0.79,0.46,0.12,0.191666667,0.85,0.04,2.62,1.3,0.59,203,0,0.02,0.53,0.71,0.83,1.17,2.85,1.34,0.16,0.37,8.54,0.52,1.82,3.89,2.53,0.13,0.57,0
10/31/2005,0.01,0.08,26.84,0.16,2.97,0.03,1.79,0.91,0.16,0.95,0.17,0.00,0.20,5.42,15.39,2.27,0.58,0.23,0.00,0.44,1.65,0.00,0.00,4.16,1.91,0.02,0.13,0.09,0.39,0.45,1.15,6.00,8.48,0.33,0.40,0.75,0.19,0.00,3.43,0.03,0.46,0.20,0.00,0.93,0.00,0.52,0.27,0.78,0.45,0.17,0.11,0.13,1.29,0.12,0.03,0.23,0.08,1.48,1.32,0.43,0.29,1.69,0.85,17.16,3.96,2.27,7.13,7.01,13.22,6.80,0.10,1.44,2.57,18.29,10.06,0.02,1.26,0.12,0.24,0.00,0.19,0.03,0,0.66,0.26,1.25,4.45,0,1.01,0.43,0.45,0.67,2.42,3.81,0.64,0.38,0.11,0.369803922,1.64,0,3.32,1.44,1,217.28,0,0.03,0.43,0.84,0.62,0.87,0.87,0,0.48,1.3,11.16,0.84,1.45,3.1,2.02,0.22,2.69,0
11/30/2005,0.03,0.18,19.85,0.28,4.50,0.56,2.76,1.29,2.57,2.99,0.26,2.55,0.24,8.88,18.46,3.53,2.69,0.39,0.71,1.06,11.40,0.84,0.43,13.51,3.05,0.02,0.50,0.36,0.56,0.64,1.89,8.46,15.31,0.45,0.88,24.82,0.82,15.86,2.93,0.28,0.22,0.61,0.33,1.82,6.10,0.85,1.08,1.67,1.07,0.56,0.34,0.40,1.98,0.12,0.12,0.59,0.12,0.04,2.21,0.46,0.00,0.00,1.03,26.37,5.55,3.38,10.09,10.62,9.78,7.59,0.15,2.09,3.58,49.89,12.72,0.03,2.20,0.13,0.53,0.00,0.26,0.08,3.06,1.06,0.45,1.55,4.18,0,1.76,0.72,0.64,1.66,1.71,3.61,1.06,0.62,0.16,0.620098039,2.75,0.22,2.16,1.14,2.65,296.31,0.15,0.05,0.71,2.43,0.77,1.08,1.81,2.74,0.65,1.96,34.18,1.84,2.44,5.21,3.39,0.57,6.54,0.53
12/31/2005,1.38,7.67,95.29,2.46,41.54,9.55,24.21,20.72,119.85,37.05,13.70,38.37,4.24,98.40,73.11,17.25,30.06,3.19,23.51,11.29,165.68,12.62,6.52,195.19,153.24,0.86,10.35,15.21,13.15,15.03,32.16,74.58,214.14,1.35,30.47,1.09,28.84,0.00,25.12,5.46,45.02,7.59,21.12,21.64,87.54,14.51,14.15,50.64,29.00,29.43,12.74,14.98,35.99,2.18,6.30,8.38,4.10,8.45,32.54,21.93,4.99,28.96,12.93,272.70,49.72,76.46,67.57,97.99,46.93,169.68,5.52,77.98,126.46,184.01,165.96,1.80,74.23,2.24,16.42,229.42,3.23,4.65,217.81,29.27,3.95,14.71,84.19,0,18.95,6.91,15.03,100.34,14.4,31.76,16.55,9.71,3.76,4.658627451,20.66,14.14,31.26,59.69,53.39,1192.84,5.02,3.25,11.1,55.23,13.44,18.87,26.39,46.71,8.14,95.71,338.6,39.15,23.4,49.98,32.54,36.36,69.35,7.94
01/31/2006,1.57,8.75,68.04,1.23,31.55,6.68,31.41,19.79,53.46,11.88,7.88,13.19,4.88,77.91,69.73,10.31,15.57,1.81,17.16,12.21,152.02,4.34,2.24,171.89,98.73,0.58,3.66,5.05,7.93,9.06,29.64,62.53,171.19,0.93,18.87,0.00,13.91,52.37,7.08,6.07,19.31,2.43,9.19,9.57,29.50,13.37,7.49,35.04,12.38,7.10,12.10,14.23,16.45,0.41,3.02,2.91,1.84,13.58,17.83,12.37,1.39,8.08,13.75,250.12,50.37,54.97,44.18,74.43,33.51,156.32,3.85,54.41,84.78,158.37,117.20,1.82,77.78,0.42,17.23,81.01,2.92,3.57,125.04,27.26,1.98,15.32,56.58,0,10.8,5.61,9.06,66.48,10.73,0.11,16.03,9.41,2.27,7.549411765,33.48,6.15,53.5,13.54,75.42,1426.66,2.58,3.27,10.75,28.73,15.45,21.69,17.45,16,7.35,56.86,266.44,36.62,18.98,40.54,26.4,31.87,75.03,2.73
02/28/2006,1.18,6.61,57.90,0.84,22.87,7.61,13.55,14.79,51.26,12.10,5.21,19.55,2.56,52.95,57.70,7.30,13.64,1.35,9.82,6.92,71.95,6.43,3.32,96.99,64.10,0.47,6.82,5.53,4.82,5.51,17.85,44.09,129.30,0.89,11.02,0.00,9.48,11.18,9.61,5.37,19.82,2.48,10.44,8.41,35.51,8.05,7.00,16.97,11.18,10.58,7.65,8.99,12.77,0.60,2.62,3.75,1.15,10.61,18.01,11.19,2.19,12.73,11.63,171.27,28.97,44.37,31.71,53.95,28.52,111.62,3.13,44.24,69.75,102.93,89.47,1.31,54.17,0.62,14.98,53.77,1.67,1.74,72.99,18.54,1.35,11.1,41.4,0,7.26,3.77,5.51,40.92,7.06,13.58,14.24,8.36,1.38,4.764607843,21.13,6.99,39.82,20.79,21.58,807.67,2.14,2.36,9.55,24.84,8.1,11.37,15.49,20.55,4.2,36.41,182.39,26.84,12.77,27.28,17.76,23.94,42.53,4.04
03/31/2006,0.86,4.80,70.01,0.74,36.54,8.76,52.81,25.36,81.37,7.27,14.97,37.30,1.72,95.85,73.97,14.12,15.28,2.03,36.83,15.75,211.22,12.27,6.34,181.45,94.06,0.59,7.64,2.74,11.33,12.95,29.82,83.50,226.01,0.96,20.83,67.94,21.18,145.43,6.75,8.20,13.68,1.49,6.03,8.09,21.00,13.45,5.70,48.76,9.30,5.54,12.87,15.13,13.20,0.12,6.56,2.56,1.40,9.43,32.68,10.67,6.71,38.91,13.60,264.25,47.66,51.13,55.13,86.20,34.48,98.62,3.96,55.89,86.17,130.23,89.03,0.93,33.75,0.13,17.34,157.23,1.99,1.46,186.82,24.72,1.19,24.59,66.49,0,7.73,5.15,12.95,56.96,17.06,46.53,13.6,7.98,3.24,8.703921569,38.6,4.04,74.37,11.03,47.74,1379.49,1.99,1.68,9.12,22.31,5.46,7.67,19.01,10.83,5.01,53.34,190.04,22.43,17.44,37.25,24.26,26.86,96.74,7.72
04/30/2006,1.47,8.20,102.08,2.04,32.84,10.70,53.29,20.22,136.33,18.42,20.03,29.34,2.92,129.80,101.10,28.44,19.54,5.45,36.37,23.83,196.79,9.65,4.98,190.03,181.65,1.14,16.86,6.97,14.48,16.55,24.31,101.75,339.98,1.44,40.68,79.75,30.21,110.63,13.18,19.76,35.66,3.77,20.57,14.37,49.41,10.97,12.24,52.82,17.12,12.33,10.77,12.66,21.94,0.57,13.06,6.14,2.96,16.89,24.64,28.00,23.53,136.52,31.37,410.20,61.95,109.90,65.87,77.47,50.28,122.41,7.66,108.14,167.72,253.41,170.24,1.33,43.00,0.59,26.16,192.16,7.63,1.9,181.41,11.85,3.27,35.49,113.46,0,19.11,6.92,16.55,99.26,29.47,117.54,29.27,17.18,4.14,9.490882353,42.09,13.77,121.71,30.54,81.11,1755.3,4.89,2.39,19.62,48.73,9.26,13,36.23,34.11,19.23,121.31,355.34,44.45,23.44,50.07,32.6,16.51,146.39,6.07
05/31/2006,1.72,9.61,129.98,5.34,16.16,19.54,8.39,6.36,31.21,36.09,3.57,5.59,2.97,52.16,71.94,21.47,37.19,15.45,6.48,6.09,27.29,1.84,0.95,61.52,45.02,0.72,8.95,15.00,3.08,3.52,2.83,48.20,173.63,6.53,11.65,0.00,6.89,0.00,44.74,9.00,58.48,7.39,22.24,20.57,86.06,1.28,29.82,7.46,45.28,22.72,1.56,1.83,32.20,0.41,5.12,8.03,8.73,2.10,4.32,22.76,6.42,37.27,13.84,327.17,60.67,75.08,47.92,38.12,64.02,91.74,4.84,68.33,106.13,182.01,215.88,1.29,37.49,0.42,12.68,15.94,2.65,1.07,24.74,2.48,8.57,8.05,27.15,0,43.41,4.88,3.52,30.92,2.36,34.67,52.44,30.78,0.88,3.11627451,13.82,14.89,37.91,67.61,27.62,946.41,18.54,2.33,35.16,44.49,9.39,13.18,16.31,36.2,6.69,44.55,659.36,74.14,16.53,35.31,22.99,3.57,37.44,1.16
06/30/2006,0.44,2.45,73.01,4.70,7.89,3.70,3.36,2.19,7.87,13.15,1.14,1.16,1.74,17.31,40.92,7.38,14.31,13.22,2.26,2.03,20.23,0.38,0.20,18.25,10.55,0.22,0.78,3.64,1.09,1.25,0.63,16.90,34.54,6.41,2.87,0.00,1.73,9.25,33.40,1.77,20.47,2.69,4.47,5.16,45.39,0.29,15.22,3.01,14.43,8.51,0.25,0.29,5.34,0.60,1.08,1.85,6.63,49.34,0.80,6.06,0.00,0.00,2.77,105.96,22.91,15.03,30.58,18.61,35.96,34.19,1.39,19.57,31.91,73.02,85.39,0.39,12.31,0.62,1.44,11.17,0.77,0.24,7.56,0.64,7.55,4.52,11.16,0,30.97,1.69,1.25,8.03,0,0,28.39,16.66,0.31,1.274019608,5.65,2.99,3.27,31.72,8.12,441.05,13.94,0.71,19.03,7.84,5.52,7.75,5.46,11.89,1.93,7.93,271.23,35.45,5.71,12.2,7.94,0.7,12.48,0.24
07/31/2006,0.07,0.39,53.23,1.77,5.08,0.98,2.41,1.08,0.39,0.63,0.37,0.00,0.82,9.54,27.33,4.15,3.26,4.57,0.53,0.41,5.96,0.00,0.00,6.93,2.39,0.05,0.17,0.27,0.60,0.69,0.24,11.49,10.80,2.32,1.00,2.19,0.37,30.96,3.92,0.08,3.95,0.13,0.43,1.64,9.18,0.11,4.14,0.99,1.39,0.51,0.05,0.06,0.66,0.00,0.27,0.69,1.54,7.32,1.68,2.10,0.10,0.58,1.46,27.87,6.45,5.12,17.93,11.98,26.22,12.19,0.34,4.84,7.43,30.65,25.13,0.08,5.64,0.00,0.16,18.25,0.45,0.07,1.8,0.12,2.83,2.51,6.51,0,8.53,0.95,0.69,1.18,3.52,0,6.96,4.08,0.17,0.608823529,2.7,0.29,4.81,2.43,3.35,298.09,1.74,0.15,4.67,1.85,2.6,3.65,4.02,2.29,1.15,1.02,63.68,6.36,3.23,6.9,4.49,0.24,2.51,0
08/31/2006,0.02,0.10,32.49,0.31,3.87,0.25,2.10,0.74,0.00,0.30,0.19,0.00,0.41,7.54,20.47,3.03,0.79,0.74,0.17,0.00,6.59,0.00,0.00,5.08,1.22,0.02,0.08,0.11,0.52,0.59,0.18,9.97,7.54,0.53,0.46,4.41,0.05,28.96,0.10,0.05,0.81,0.06,2.30,1.04,1.79,0.08,0.80,0.88,0.41,0.13,0.04,0.05,0.38,0.00,0.09,0.00,0.07,1.88,1.08,0.00,0.00,0.00,0.84,7.51,1.67,2.97,10.87,9.13,16.00,7.16,0.15,2.16,3.31,23.63,14.24,0.02,2.62,0.00,0.31,16.77,0.21,0.05,0.72,0.09,0.5,1.5,4.33,0,1.51,0.68,0.59,0.37,4.85,0.74,1.63,0.96,0.15,0.602058824,2.67,1.54,3.31,0.74,2.5,255.35,0,0.04,1.09,0.89,1.31,1.84,2,3.38,0.54,0.42,19.45,1.04,2.29,4.89,3.18,0.21,0,0
09/30/2006,0.01,0.05,32.00,0.08,3.34,0.07,1.76,0.67,0.00,0.20,0.13,0.00,0.23,5.91,18.73,2.31,0.31,0.21,0.00,0.00,2.11,0.00,0.00,4.10,0.94,0.02,0.08,0.07,0.27,0.31,0.15,8.40,6.04,0.36,0.25,2.28,0.10,8.15,2.34,0.03,1.27,0.04,1.75,0.54,0.07,0.07,0.20,0.87,0.28,0.12,0.04,0.05,0.81,0.00,0.04,0.00,0.09,1.39,0.40,0.47,0.13,0.76,0.00,7.81,1.77,2.25,8.58,7.88,15.76,4.95,0.11,1.53,2.35,18.76,10.60,0.01,1.13,0.00,0.19,5.97,0.15,0.07,0.84,0.15,0.13,1.12,3.78,0,0.63,0.51,0.31,0.26,3.44,2.08,0.74,0.43,0.08,0.094705882,0.42,1.17,2.28,1.18,0.29,225.83,0,0.02,0.5,0.62,0.74,1.04,3.05,0.72,0.37,0.31,8.82,0.48,1.72,3.67,2.39,0.15,0,0
10/31/2006,0.01,0.05,29.35,0.17,2.88,0.32,1.87,1.18,0.00,0.77,0.17,0.46,0.08,6.19,20.85,2.61,0.29,0.23,0.00,0.00,0.00,0.15,0.08,5.53,2.15,0.02,0.22,0.08,0.40,0.46,0.99,8.15,7.30,0.31,0.36,0.00,0.18,0.00,2.51,0.21,0.00,0.16,0.00,1.09,0.00,0.45,0.65,0.90,0.26,0.16,0.26,0.31,0.75,0.02,0.00,0.00,0.08,4.38,1.28,0.52,0.82,4.77,0.23,8.01,1.50,2.38,8.39,6.79,14.45,6.46,0.13,1.90,2.97,23.83,10.31,0.01,0.84,0.02,0.22,0.00,0.22,0.02,0,0.75,0.27,1.16,2.9,0,0.96,0.49,0.46,1.05,2.41,4.85,0.44,0.26,0.11,0.710294118,3.15,0,3.8,0.95,1.74,241.79,0,0.02,0.29,0.66,0.26,0.37,0,1.55,0.54,2.48,6.17,0.78,1.67,3.57,2.32,0,0,0.09
11/30/2006,0.08,0.42,34.17,0.47,4.46,0.76,2.17,2.87,1.27,2.48,0.22,2.19,0.26,8.36,22.44,2.35,2.07,0.51,0.42,0.76,5.01,0.72,0.37,10.56,3.68,0.03,1.28,0.34,0.66,0.75,1.75,9.58,14.13,0.41,0.72,0.00,0.50,11.35,2.67,0.39,0.04,0.51,0.34,1.51,5.04,0.79,1.89,1.21,1.06,0.59,0.63,0.74,2.26,0.10,0.13,0.86,0.87,3.49,2.61,1.15,0.22,1.25,0.96,11.37,1.06,3.89,10.19,10.52,16.83,10.64,0.17,2.37,3.95,23.63,13.39,0.10,4.57,0.11,0.69,3.26,0.29,0.22,2.34,2.47,0.76,1.49,4.71,0,3,0.7,0.75,1.96,2.77,4.74,1.59,0.93,0.19,0.518627451,2.3,0.23,3.22,1.02,1.7,310.28,0.38,0.18,1.07,1.85,0.83,1.17,2.58,2.96,0.73,4.04,35.67,3.99,2.36,5.04,3.28,0.63,4.65,0.45
12/31/2006,0.14,0.78,34.97,0.37,8.17,0.96,5.80,5.03,10.10,4.71,1.06,6.35,0.47,15.73,32.26,3.68,4.93,0.52,0.84,2.41,30.97,2.09,1.08,65.01,14.10,0.09,1.37,1.46,1.77,2.02,3.77,15.55,32.26,0.45,2.72,0.00,3.65,18.31,3.92,0.53,2.24,0.96,1.37,3.86,9.19,1.70,1.90,6.65,1.64,2.31,1.51,1.78,6.03,0.34,0.59,1.68,1.00,3.43,3.66,2.24,0.35,2.05,2.52,29.99,5.31,11.31,16.13,19.27,17.23,26.31,0.57,8.06,13.43,46.20,28.43,0.20,9.05,0.35,3.60,43.74,0.46,0.45,15.51,5.5,0.6,2.7,11.02,0,2.84,1.55,2.02,7.6,4.35,7,2.15,1.26,0.51,1.05754902,4.69,0.92,8.91,4.44,10.67,486.2,0.44,0.36,1.44,8.17,1.48,2.08,6.34,8.23,1.15,14.31,94.6,5.38,5.24,11.19,7.29,2.09,14.79,1.31
01/31/2007,0.18,0.98,23.56,0.30,6.32,0.73,2.66,5.03,6.53,2.82,0.44,3.62,0.66,8.40,23.94,2.13,2.21,0.40,0.27,1.08,7.35,1.19,0.61,16.86,7.26,0.08,0.58,1.33,0.85,0.97,2.13,10.15,20.00,0.39,1.18,0.00,1.76,7.78,1.41,0.39,2.49,0.58,1.73,2.24,6.04,0.96,1.50,1.37,1.40,1.76,0.86,1.01,3.56,0.15,0.36,0.80,0.30,5.46,1.56,2.07,0.31,1.77,3.75,20.79,4.03,9.22,11.74,14.91,11.60,24.52,0.52,7.41,11.84,41.44,22.39,0.22,10.36,0.15,2.54,15.29,0.37,0.61,5.04,4.66,0.49,2.76,8.51,0,2.19,1.02,0.97,4.09,2.98,2.94,2.31,1.36,0.24,0.69,3.06,1.16,7.29,3.27,4.37,315.92,0.28,0.4,1.55,5.37,2.1,2.95,4.82,5.18,0.94,6.99,56.64,5.93,3.46,7.39,4.81,2.15,6.62,0.75
02/28/2007,0.30,1.65,38.76,0.39,12.82,1.70,13.71,10.45,15.30,8.25,2.93,19.21,0.91,27.94,35.44,5.85,9.18,0.56,4.90,4.29,90.52,6.32,3.26,74.27,20.13,0.27,2.81,4.28,4.78,5.46,6.36,24.00,59.95,0.62,6.85,19.98,7.43,22.91,3.43,1.31,8.80,1.69,5.17,5.93,14.66,2.87,2.91,17.60,4.39,5.00,2.53,2.97,13.06,0.96,1.93,3.11,1.00,5.51,7.47,5.25,2.28,13.25,6.26,61.24,10.59,23.84,24.26,30.24,19.09,47.64,1.66,23.48,39.01,74.35,48.94,0.35,16.52,0.98,5.73,90.50,0.73,0.62,56.9,8.41,0.63,7.63,24.1,0,3.21,2.47,5.46,10.71,7.31,9.75,3.82,2.24,1.37,1.767843137,7.84,3.46,24.65,9.86,18.44,630.11,1.07,0.63,2.56,17.71,2.87,4.03,9.2,12.28,1.83,19.09,118.12,9.59,8.37,17.88,11.64,6.7,26.36,3.98
03/31/2007,0.54,3.04,44.40,0.80,8.05,4.11,5.88,6.69,13.69,8.37,0.96,5.96,1.13,17.95,29.91,7.32,7.70,1.67,1.33,2.62,33.02,1.96,1.01,32.19,18.18,0.27,2.95,4.40,2.23,2.55,3.51,19.13,59.50,0.88,4.13,6.78,3.85,0.00,7.86,1.52,13.12,1.72,7.72,5.21,24.18,1.58,5.58,6.86,7.48,8.53,1.53,1.80,9.14,0.58,1.63,2.83,1.64,4.72,4.70,7.13,1.93,11.19,8.43,69.89,12.32,24.34,18.07,18.99,21.87,44.96,1.78,25.10,40.30,81.52,56.34,0.73,25.31,0.59,5.98,55.02,0.76,0.85,14.88,3.47,1.29,4.37,17.62,0,6.8,1.93,2.55,8.53,7.41,15.19,9.5,5.58,0.64,1.720490196,7.63,5.17,15.99,18.77,12.86,511.04,2.68,1.06,6.37,16.31,3.57,5.01,9.34,14.11,1.9,17.23,151.79,18.73,6.52,13.93,9.07,4.66,16.08,1.23
04/30/2007,0.43,2.41,44.19,1.51,5.11,4.11,3.05,3.73,4.70,9.84,0.43,3.71,0.55,13.36,24.60,6.21,8.91,4.23,0.73,1.38,10.94,1.22,0.63,17.37,8.79,0.21,1.49,4.04,1.57,1.79,1.62,12.25,37.92,1.67,1.64,4.56,1.91,0.00,13.70,1.08,12.77,2.02,6.74,4.76,26.07,0.73,8.80,3.79,12.20,9.40,0.67,0.79,7.35,1.13,1.29,3.51,2.68,4.66,1.86,6.16,1.10,6.40,4.96,48.63,9.11,20.40,14.36,12.05,21.77,25.16,1.29,18.18,31.42,50.94,51.58,0.49,12.82,1.16,0.18,28.52,0.53,0.39,5.66,1.46,2.42,2.77,9.73,0,12.42,1.3,1.79,3.91,6.65,10.36,12.85,7.54,0.45,0.069901961,0.31,4.51,5.08,24.46,4.32,339.76,5.23,0.92,8.62,9.18,1.74,2.44,10.33,11.8,1.32,10.59,114.07,21.58,4.4,9.4,6.12,1.05,8.45,0.77
05/31/2007,0.28,1.56,38.76,2.65,4.08,1.63,2.42,2.04,2.84,9.62,0.26,2.16,0.43,10.18,22.40,4.82,6.88,7.10,0.49,0.79,8.97,0.71,0.37,9.21,6.56,0.18,0.38,2.70,0.92,1.05,0.72,9.46,26.71,2.99,0.89,0.00,0.79,0.00,18.72,0.11,12.44,1.97,4.27,3.39,25.40,0.33,9.75,1.59,13.02,7.84,0.33,0.39,4.42,0.84,0.80,2.03,3.90,4.90,0.92,5.51,1.02,5.94,3.92,34.31,7.75,16.47,15.38,9.62,19.09,17.86,1.10,15.60,26.56,33.93,52.98,0.26,7.20,0.86,0.79,23.12,0.37,0.17,2.71,0.56,4.25,1.89,7.66,0,17.26,0.95,1.05,3,6.99,3.37,14.19,8.33,0.26,0.79372549,3.52,2.86,3.02,23.41,2.26,288.1,6.06,0.54,9.51,6.36,1.36,1.91,3.67,10.23,0.93,9.2,114.07,21.35,3.22,6.88,4.48,0.35,4.88,0.45
06/30/2007,0.04,0.20,25.69,1.01,1.80,0.20,1.61,0.64,0.33,1.63,0.10,0.00,0.22,6.75,17.55,2.15,2.39,2.70,0.00,0.13,1.14,0.00,0.00,2.57,2.38,0.04,0.05,0.31,0.46,0.53,0.27,5.74,8.75,1.36,0.22,8.62,1.28,0.00,3.32,0.03,2.18,0.33,0.51,0.71,5.39,0.12,2.22,0.66,2.19,0.61,0.15,0.18,0.96,0.02,0.12,0.57,0.84,3.69,0.52,1.43,0.66,3.83,1.35,11.81,2.76,4.07,9.29,4.25,12.66,4.13,0.27,3.86,5.98,18.27,17.39,0.04,1.66,0.02,0.65,17.48,0.14,0.02,1.03,0.15,1.62,1.15,3.72,0,5.47,0.45,0.53,1.33,4.51,1.42,3.78,2.22,0.13,0.169117647,0.75,0.34,2.7,2.32,0,217.49,0.53,0.06,2.53,1.87,0.71,1,2.79,3.03,0.35,4.13,27.36,4.48,1.52,3.25,2.11,0.06,0.79,0
07/31/2007,0.01,0.04,27.42,0.31,1.35,0.11,1.44,0.41,0.00,0.46,0.05,0.00,0.11,5.10,14.92,2.26,1.26,0.72,0.04,0.00,6.98,0.00,0.00,1.62,2.07,0.02,0.03,0.09,0.34,0.39,0.14,5.57,8.15,0.50,0.03,1.59,0.70,4.54,0.42,0.03,0.43,0.10,0.03,0.69,1.17,0.06,0.43,1.34,0.73,0.05,0.07,0.08,1.10,0.00,0.00,0.32,0.05,3.27,0.25,0.50,0.46,2.65,0.61,10.14,2.37,2.22,6.91,3.18,13.50,3.03,0.10,1.43,2.21,11.39,9.91,0.01,0.83,0.00,0.30,6.96,0.15,0.01,1.01,0.06,0.49,0.79,2.99,0,1.21,0.47,0.39,1.3,5.06,1.96,0.81,0.48,0.1,0.182647059,0.81,0.02,2.76,0.53,0,225.34,0,0.02,0.54,0.85,0.34,0.48,2.56,2.06,0.37,3.07,13.3,0.82,1.59,3.4,2.21,0.01,0,0
08/31/2007,0.00,0.02,21.10,0.11,1.36,0.02,1.46,0.34,0.00,0.20,0.04,0.00,0.09,3.94,13.05,2.14,0.14,0.27,0.01,0.00,4.72,0.00,0.00,1.09,1.07,0.01,0.02,0.04,0.26,0.30,0.09,5.02,4.20,0.36,0.00,1.21,0.01,8.04,0.18,0.02,0.00,0.04,0.04,0.88,1.17,0.04,0.19,0.59,0.41,0.05,0.03,0.04,0.71,0.00,0.00,0.09,0.07,6.56,0.21,0.25,0.26,1.52,0.00,7.89,1.85,1.59,5.85,3.21,10.39,2.85,0.06,0.85,1.31,14.73,7.90,0.00,0.54,0.00,0.17,0.00,0.00,0.01,0,0.02,0.18,0.45,1.83,0,0.45,0.43,0.3,0.66,5.52,1.17,0.35,0.21,0.07,0.320196078,1.42,0.03,1.86,0.53,0,200.16,0,0.01,0.23,0.53,0.28,0.39,1.03,2.48,0,1.28,1.25,0.27,1.45,3.1,2.02,0,0,0
09/30/2007,0.00,0.02,7.17,0.06,1.59,0.05,1.48,0.39,0.00,0.29,0.05,0.00,0.10,4.23,12.92,2.24,0.48,0.13,0.00,0.00,0.00,0.00,0.00,1.42,0.67,0.01,0.03,0.05,0.36,0.41,0.07,4.64,3.34,0.31,0.02,0.99,0.00,11.89,1.82,0.03,0.00,0.06,0.09,0.48,0.95,0.03,0.13,0.79,0.36,0.06,0.01,0.01,0.34,0.00,0.01,0.23,0.07,2.99,0.48,0.31,0.33,1.92,0.00,7.39,1.71,1.52,5.56,3.75,3.53,2.45,0.06,0.83,1.27,32.28,7.21,0.00,0.48,0.00,0.17,0.00,0.14,0.02,1.29,0.05,0.09,0.54,0.63,0,0.38,0.44,0.41,0.23,3.99,1.42,0.34,0.2,0.1,0.372058824,1.65,0.06,3.56,0.48,0.01,191.15,0,0.01,0.23,0.48,0.33,0.46,0.98,0.95,0.36,0.45,0,0.25,1.49,3.18,2.07,0.03,0,0
10/31/2007,0.01,0.07,25.95,0.20,2.29,0.19,1.86,0.81,0.00,1.70,0.08,1.64,0.00,4.80,16.27,2.46,1.10,0.26,0.00,0.35,3.52,0.54,0.28,5.77,1.32,0.02,0.89,0.16,1.63,1.86,0.68,5.25,6.33,0.35,0.21,4.22,0.08,0.00,2.17,0.32,0.72,0.35,0.01,0.79,1.14,0.31,1.54,0.54,0.90,0.26,0.17,0.20,1.49,0.01,0.08,0.23,0.22,4.85,0.94,1.45,0.38,2.19,0.36,10.43,1.30,2.57,6.86,5.40,12.78,5.25,0.12,1.65,2.56,17.70,9.59,0.01,1.01,0.01,0.42,0.00,0.22,0.03,3.42,0.49,0.33,0.77,0,0,1.15,0.46,1.86,0.51,5.02,3.78,0.54,0.32,0.47,0,0,0.01,3.34,0.84,0.84,247.69,0,0.02,0.36,1.17,0.01,0.01,2.76,2,0.57,1.11,21.36,1.01,1.56,3.33,2.17,0.17,2.14,0.34
11/30/2007,0.02,0.10,21.10,0.16,2.50,0.18,1.66,1.67,0.00,0.76,0.09,1.55,0.07,4.09,15.23,1.42,0.60,0.16,0.00,0.27,1.38,0.51,0.26,4.61,1.87,0.02,0.16,0.13,0.27,0.31,0.69,5.42,6.68,0.31,0.24,0.86,0.00,0.00,1.92,0.28,0.87,0.15,0.01,0.60,1.93,0.31,0.55,0.00,0.37,0.36,0.25,0.29,0.33,0.11,0.06,0.00,0.22,3.72,0.99,1.05,0.22,1.29,0.45,9.64,1.87,2.16,6.33,5.90,10.39,6.26,0.09,1.32,2.38,18.20,8.34,0.03,1.38,0.12,0.37,0.00,0.17,0.04,0,1.08,0.25,0.79,2.58,0,0.92,0.37,0.31,1.17,3.76,2.46,0.51,0.3,0.08,0.502843137,2.23,0.01,2.79,0.53,1.77,212.1,0,0.06,0.34,0.8,0.23,0.32,0.63,1.92,0.43,1.56,11.58,1.15,1.25,2.67,1.74,0.2,1.67,0.32
12/31/2007,0.03,0.17,26.15,0.21,4.51,0.32,3.04,2.72,1.45,1.69,0.18,8.09,0.12,7.20,17.57,1.66,1.92,0.22,1.09,1.69,14.67,2.66,1.37,19.05,5.59,0.04,0.73,0.21,1.29,1.47,1.48,7.72,12.36,0.41,0.95,7.28,2.09,0.00,0.66,0.28,1.26,0.35,0.16,0.90,2.80,0.67,0.67,2.15,0.85,0.56,0.52,0.61,1.06,0.15,0.37,0.61,0.16,6.82,2.48,1.65,0.35,2.01,0.66,11.81,1.83,4.13,9.33,10.64,12.88,9.65,0.25,3.47,5.79,21.17,9.76,0.04,1.96,0.15,1.29,3.71,0.29,0.11,7.54,2.91,0.33,1.59,6.61,0,1.26,0.62,1.47,3.41,3.76,3.48,0.67,0.39,0.37,0.658431373,2.92,0.11,6.65,0.7,3.41,325.65,0.1,0.08,0.45,1.28,0.38,0.53,2.31,3.49,0.74,5,36.96,1.65,2.09,4.46,2.91,0.75,10.38,1.67
01/31/2008,0.08,0.45,34.01,0.25,12.24,0.82,12.29,8.50,51.46,3.59,15.22,13.47,0.26,18.99,31.00,2.91,4.37,0.35,11.99,6.71,139.80,4.43,2.29,78.51,58.19,0.12,2.24,0.70,3.75,4.29,4.23,23.90,23.11,0.57,14.31,22.39,26.10,7.64,1.25,1.05,2.87,0.74,0.64,1.37,5.58,1.91,1.27,32.42,1.94,1.40,1.69,1.99,0.00,0.31,1.06,1.63,0.48,8.96,3.37,4.10,0.92,5.33,1.71,24.16,2.51,11.08,23.17,28.87,16.75,17.16,0.77,10.90,17.71,34.13,18.57,0.11,5.03,0.32,3.40,30.88,0.38,0.23,123.09,8.71,0.4,3.59,15.95,0,1.94,1.28,4.29,36.3,5.8,7.63,1.33,0.78,1.07,2.083529412,9.24,0.43,17.97,2.28,41.32,579.85,0.4,0.21,0.89,4.73,0.82,1.15,2.92,7.12,0.95,42.9,63.08,3.35,4.32,9.23,6.01,2.52,41.22,2.79
02/29/2008,0.13,0.71,30.45,0.27,9.88,1.00,16.54,7.78,58.51,2.55,9.21,14.87,0.46,19.40,23.84,2.87,2.73,0.38,11.17,8.13,103.59,4.89,2.52,63.87,68.89,0.16,1.33,0.64,3.75,4.29,3.97,22.94,25.53,0.44,14.51,21.02,11.02,4.08,1.18,0.63,3.24,0.52,1.05,1.03,6.11,1.79,1.14,28.95,1.21,1.61,1.57,1.85,1.82,0.14,1.07,0.98,0.40,8.55,5.03,4.94,1.11,6.44,2.40,24.47,3.92,14.87,18.03,23.31,15.00,24.76,1.04,14.70,23.00,46.84,22.24,0.16,7.62,0.14,4.99,35.52,0.46,0.46,73.37,6.89,0.44,4.99,20.7,0,2.1,1.36,4.29,39.8,7.9,6.63,1.67,0.98,1.07,1.869313725,8.29,0.7,21.1,2.66,46.8,601.16,0.5,0.3,1.12,4.07,1.47,2.06,3.78,6.2,1.15,48.28,82.04,4.49,4.61,9.85,6.41,3.28,49.95,3.08
03/31/2008,0.38,2.14,39.35,0.56,7.68,3.00,5.90,6.67,30.17,5.59,1.93,3.59,1.43,14.03,24.21,4.96,3.87,0.79,2.44,3.96,20.44,1.18,0.61,17.50,29.91,0.20,3.62,2.59,1.77,2.02,2.50,16.92,41.83,0.50,7.32,3.38,2.10,0.00,3.43,2.76,8.29,1.14,5.08,2.73,15.08,1.13,2.40,7.96,2.93,5.86,1.06,1.25,4.70,1.00,0.81,2.07,1.00,7.25,3.56,6.62,0.75,4.33,5.74,66.40,9.58,22.17,15.51,18.12,19.38,36.16,1.21,17.03,29.26,85.21,38.42,0.46,21.97,1.03,4.86,19.99,0.69,0.96,14.16,4.28,0.9,2.09,17.16,0,4.38,1.85,2.02,15.46,6.16,1.87,5.04,2.96,0.51,2.232352941,9.9,3.4,14.85,11.44,25.28,534.05,0.99,0.83,3.38,13.98,4.54,6.37,6.7,12.97,1.73,23.93,128.25,12.69,6.27,13.39,8.72,4.28,24.35,0.74
04/30/2008,0.70,3.90,38.96,1.08,7.12,4.64,2.93,5.66,12.79,11.15,0.76,1.34,1.47,13.12,23.69,6.42,7.24,2.22,0.83,2.09,5.28,0.44,0.23,11.98,15.31,0.25,3.91,5.47,1.15,1.31,1.73,16.71,42.66,1.03,5.50,0.00,0.68,0.00,11.87,2.30,15.35,2.28,9.29,4.88,27.03,0.78,7.09,3.84,10.98,11.18,0.72,0.85,10.72,1.75,0.85,3.48,3.23,4.92,2.34,0.53,0.00,0.00,7.91,60.28,8.27,23.06,17.15,16.80,19.19,38.15,1.44,20.27,36.55,78.16,53.75,0.85,31.39,1.80,2.96,31.24,0.72,1.13,3.98,2.56,1.74,1.07,11.87,0,9.09,1.52,1.31,7.59,1.3,0,11.94,7.01,0.33,1.010196078,4.48,6.22,9.33,26.65,13.1,348.68,4.36,1.31,8,19.09,4.67,6.56,5.55,15.38,1.81,14.42,142.35,24.35,5.14,10.98,7.15,2.65,12.85,0.28
05/31/2008,0.53,2.98,51.01,2.97,6.70,3.19,2.07,3.79,11.63,18.03,0.37,0.00,0.72,14.45,27.79,8.93,16.05,8.48,0.52,1.86,6.23,0.00,0.00,12.27,11.18,0.31,1.69,7.26,0.93,1.06,0.97,14.82,46.11,3.28,4.53,0.00,0.62,0.00,27.58,3.03,21.75,3.69,7.38,9.02,39.82,0.44,13.59,2.92,24.53,13.91,0.43,0.51,16.94,2.38,1.47,2.20,7.57,10.71,1.26,9.75,0.56,3.25,3.95,76.27,13.60,25.37,22.63,15.81,25.12,28.21,1.74,24.64,45.21,68.13,84.91,0.46,14.16,2.44,1.72,41.58,0.24,0.32,2.34,1.21,4.76,0.82,5.55,0,22.44,1.77,1.06,6.92,0,0,20.48,12.02,0.27,0,0,4.94,6.47,38.75,11.21,402.44,9.47,0.96,13.73,19.37,2.28,3.2,6.96,19.01,0.61,14.03,252.37,32.79,5.99,12.79,8.33,0.63,11.4,0
06/30/2008,0.08,0.45,26.59,1.77,2.24,0.22,1.56,0.79,3.01,3.75,0.18,0.00,0.39,4.73,17.09,2.90,4.81,4.58,0.11,0.51,7.47,0.00,0.00,3.04,3.78,0.07,0.18,0.87,0.43,0.49,0.15,7.73,10.52,2.10,0.89,4.68,0.39,1.76,7.50,0.15,6.19,0.77,0.96,1.87,13.21,0.07,3.65,2.11,4.64,2.19,0.08,0.09,2.62,0.27,0.21,0.16,1.91,14.69,0.30,0.00,0.00,0.00,1.61,19.06,4.25,6.24,11.44,5.28,13.10,4.11,0.41,5.83,9.79,30.70,23.58,0.08,2.81,0.28,0.18,18.70,0.15,0.05,0.5,0.18,2.84,0.53,5.98,0,9.87,0.6,0.49,2.87,0.55,0,6.63,3.89,0.12,0.234509804,1.04,0.64,3.06,7.13,2.01,227.32,3,0.14,4.44,3.43,1.24,1.74,2.1,3.67,0.38,4.1,77.08,9.28,2.02,4.31,2.81,0.08,3.16,0
07/31/2008,0.01,0.05,6.58,0.40,1.39,0.14,1.32,0.41,0.00,0.13,0.09,0.00,0.10,3.41,14.26,1.87,1.55,0.95,0.05,0.13,3.33,0.00,0.00,0.87,1.61,0.02,0.03,0.12,0.32,0.37,0.08,5.56,4.51,0.83,0.24,4.46,0.17,17.69,0.41,0.05,1.36,0.03,0.00,1.01,1.81,0.04,0.66,1.98,0.87,0.07,0.04,0.05,1.15,0.02,0.03,0.51,0.20,9.77,0.15,0.58,0.06,0.32,0.27,9.66,2.24,2.16,7.03,3.28,3.24,2.63,0.10,1.41,2.24,41.28,10.04,0.01,0.77,0.02,0.18,8.62,0.05,0.01,0.07,0.05,0.65,0.32,3.35,0,1.67,0.37,0.37,1.13,4.93,0,1.04,0.61,0.09,0.133039216,0.59,0,3.18,0.49,0,186.49,0,0.02,0.7,1.04,0.32,0.45,1.44,2.34,0.13,1.35,14.84,1.09,1.25,2.67,1.74,0.04,0.81,0
08/31/2008,0.00,0.02,13.45,0.15,1.39,0.10,1.30,0.34,0.00,0.02,0.05,0.00,0.09,3.33,12.62,1.69,0.68,0.35,0.00,0.00,2.18,0.00,0.00,0.41,1.04,0.01,0.02,0.04,0.22,0.25,0.06,4.73,2.40,0.68,0.03,3.55,0.09,15.55,0.43,0.02,0.50,0.00,0.00,0.79,0.54,0.03,0.33,1.60,0.28,0.05,0.02,0.02,1.14,0.00,0.00,0.21,0.11,3.84,0.25,0.66,0.17,0.98,0.23,7.08,1.66,1.49,5.80,3.28,6.63,2.51,0.05,0.74,1.15,24.92,7.54,0.01,0.62,0.00,0.11,0.00,0.01,0.01,0,0.02,0.24,0.23,2.71,0,0.54,0.33,0.25,0.53,2.29,0,0.42,0.25,0.06,0,0,0,2.62,0.44,0.84,176.27,0,0.01,0.28,0.53,0.28,0.39,1.65,1.89,0.03,0.63,3.7,0.35,1.13,2.41,1.57,0,0,0
09/30/2008,0.00,0.02,23.64,0.09,1.55,0.09,1.08,0.37,0.00,0.62,0.06,0.00,0.14,2.99,11.81,1.51,0.60,0.21,0.05,0.53,2.17,0.00,0.00,0.56,0.76,0.01,0.02,0.03,0.23,0.26,0.04,4.37,1.97,0.55,0.02,3.01,0.04,5.28,1.02,0.02,0.45,0.13,0.13,0.27,0.53,0.02,0.12,1.39,0.13,0.05,0.01,0.01,0.95,0.00,0.00,0.00,0.08,0.00,0.28,0.39,0.07,0.42,0.24,6.81,1.59,0.97,5.34,3.66,11.64,1.99,0.04,0.56,0.87,7.53,6.25,0.01,0.68,0.00,0.08,0.00,0.03,0.02,0.23,0.05,0.15,0.18,1.47,0,0.54,0.29,0.26,0.22,1.36,0,0.46,0.27,0.07,0,0,0.09,2.66,0.53,0.48,142.02,0,0.01,0.31,0.39,0.45,0.63,2,0,0.08,0.33,1.1,0.33,0.98,2.09,1.36,0,3.26,0
10/31/2008,0.01,0.06,23.67,0.16,2.12,0.05,1.32,0.76,0.00,0.41,0.09,1.12,0.16,4.40,12.94,1.92,1.06,0.23,0.00,0.32,3.41,0.37,0.19,2.09,1.94,0.01,0.12,0.08,1.30,1.49,0.73,4.97,4.90,0.32,0.15,0.00,0.04,7.55,1.82,0.02,0.00,0.08,0.00,0.81,1.72,0.33,0.24,0.00,1.30,0.13,0.10,0.12,1.47,0.05,0.00,0.22,0.00,0.00,0.95,0.42,0.02,0.13,0.97,8.13,1.81,1.65,6.28,5.00,11.66,3.79,0.06,0.79,1.35,11.44,6.87,0.01,1.00,0.05,0.36,0.00,0.44,0.02,0,0.41,0.26,0.29,0,0,0.96,0.33,1.49,0.96,1.98,1.07,0.52,0.31,0.37,0.110490196,0.49,0,4.58,0.56,0,201.46,0,0.02,0.35,0.7,0.5,0.7,0.91,0,1.12,1.77,9.73,0.75,1.12,2.39,1.56,0.06,1.96,0.23
11/30/2008,0.06,0.33,27.81,0.41,3.07,0.49,1.80,1.76,0.00,3.63,0.16,2.49,0.24,6.15,14.91,2.51,3.21,0.45,0.41,1.51,7.06,0.82,0.42,6.90,4.44,0.04,1.27,0.56,0.60,0.69,1.31,7.05,12.56,0.58,0.95,2.24,0.17,0.00,3.94,0.53,2.27,0.74,0.55,2.23,5.14,0.59,1.60,0.47,1.76,0.84,0.48,0.56,2.71,0.23,0.16,0.79,1.15,0.00,1.42,1.53,0.38,2.18,1.24,17.04,2.29,3.98,7.39,7.24,13.70,7.46,0.23,3.19,5.62,28.01,12.47,0.09,4.05,0.24,0.49,0.00,0.17,0.16,1.99,1.3,0.66,1.47,4.08,0,2.51,0.61,0.69,2.6,2.21,1.21,1.23,0.72,0.17,0.516372549,2.29,0.37,4.35,2.52,3.48,248.76,0.71,0.16,0.82,3.63,0.77,1.08,1.01,4.53,0.44,4.38,46.86,3.25,2.06,4.4,2.87,0.85,9.31,0.52
12/31/2008,0.05,0.27,23.04,0.21,3.50,0.43,2.56,2.07,0.00,1.38,0.19,4.62,0.15,6.48,15.64,1.64,1.96,0.23,0.47,0.66,5.32,1.52,0.78,17.30,3.63,0.04,1.01,0.25,0.78,0.89,1.59,6.90,14.73,0.43,0.54,3.26,0.29,11.17,0.68,0.32,0.00,0.28,0.27,1.06,3.30,0.72,0.91,0.84,0.99,0.39,0.59,0.69,1.41,0.12,0.21,0.70,0.24,1.62,2.26,0.88,0.14,0.82,2.45,11.80,1.51,3.49,7.15,8.26,11.35,7.63,0.23,3.31,5.45,17.28,9.16,0.06,2.54,0.12,0.66,3.05,0.24,0.16,5.82,2.24,0.33,0.82,4.53,0,1.37,0.59,0.89,2.11,3.11,3.34,0.77,0.45,0.22,0.570490196,2.53,0.18,5.28,0.79,3.71,237.72,0.28,0.11,0.52,1.32,0.49,0.69,2.29,2.67,0.61,2.99,17.57,1.99,1.99,4.25,2.77,0.75,4.07,0.96
01/31/2009,0.19,1.06,24.55,0.43,5.03,0.92,3.40,2.95,2.16,3.81,0.14,0.52,0.68,7.41,18.13,2.31,3.19,0.62,0.31,1.26,3.99,0.17,0.09,15.45,4.88,0.10,0.64,1.85,0.82,0.94,1.98,9.71,22.48,0.49,0.58,1.99,0.00,0.00,1.99,0.43,3.36,0.78,2.69,2.16,10.25,0.89,1.76,0.75,1.43,2.93,0.72,0.85,2.75,0.31,0.47,1.20,1.04,0.00,2.89,2.98,0.26,1.51,5.29,23.82,4.65,8.96,9.78,11.87,12.09,16.86,0.65,9.18,15.04,28.94,18.80,0.28,11.75,0.31,2.34,17.42,0.49,0.57,4.35,3.36,0.7,2.38,7.38,0,3.46,0.91,0.94,2.85,2.08,2.03,2.66,1.56,0.23,1.019215686,4.52,1.8,7.88,5.82,4.65,242.18,0.99,0.5,1.78,6.94,2.14,3,2.62,8.41,1.24,4.21,33.86,6.56,3.07,6.56,4.27,3.07,7.72,0.11
02/28/2009,0.32,1.80,35.42,0.44,15.96,2.16,25.55,11.34,15.88,7.92,3.02,14.29,1.16,41.98,30.68,5.40,7.98,0.60,8.20,8.64,75.88,4.70,2.43,74.07,40.49,0.28,2.21,3.40,3.90,4.46,12.02,36.77,60.55,0.55,8.28,17.65,4.75,7.01,3.07,0.72,8.57,1.62,4.71,4.86,14.48,5.42,1.69,12.62,4.27,5.28,4.91,5.77,9.49,0.95,1.86,2.47,0.96,0.00,9.12,7.04,3.43,19.90,0.36,70.11,13.92,21.86,28.09,37.65,17.45,37.95,1.76,24.90,41.18,84.73,40.37,0.39,17.22,0.98,5.14,83.83,0.78,1.23,64.89,11.9,0.7,5.95,22.54,0,3.42,2.66,4.46,24.45,6.16,4.82,3.45,2.02,1.11,2.847941176,12.63,3.15,28.54,9.87,14.32,663.43,0.97,0.7,2.31,16.76,3.66,5.14,7.7,13.6,1.97,32.42,76.81,9.04,9.02,19.27,12.55,8.67,53.06,2.96
03/31/2009,0.85,4.74,47.70,0.85,18.14,6.05,23.65,14.35,21.52,10.21,4.57,17.24,2.71,45.51,42.19,9.96,12.25,1.22,4.58,10.79,57.23,5.67,2.93,50.28,40.04,0.47,7.29,5.08,5.10,5.83,11.13,44.61,113.65,0.72,10.10,11.49,5.09,0.00,5.29,3.67,17.36,2.09,10.19,9.54,25.65,5.02,4.47,16.70,8.67,9.79,4.74,5.57,16.50,1.30,2.84,3.58,1.84,0.00,13.69,13.38,5.42,31.44,7.49,142.06,23.18,37.62,33.80,42.79,23.49,77.26,3.00,42.34,69.04,147.91,78.27,0.96,42.68,1.34,10.05,106.54,1.82,1.62,48.8,11.03,1.37,10.07,32.81,0,7,3.84,5.83,22.18,8.65,12.57,9.87,5.79,1.46,3.840098039,17.03,6.82,40.17,18.12,28.87,1051.6,2.11,1.72,6.62,32.32,8.58,12.05,15.68,17.99,4.58,30.94,184.68,23.17,12.99,27.75,18.07,16.42,66.25,3.57
04/30/2009,1.02,5.70,40.42,1.34,6.33,6.54,3.18,5.00,4.34,12.12,0.50,4.44,1.87,18.51,23.18,7.47,11.09,3.04,0.43,3.31,7.26,1.46,0.75,13.04,14.14,0.33,4.02,6.58,1.39,1.59,2.88,13.47,61.03,1.69,2.84,0.00,0.47,0.00,13.76,1.57,20.63,2.48,10.07,7.69,33.91,1.30,9.15,2.51,15.07,14.75,1.22,1.43,12.66,1.37,0.79,3.51,3.21,2.93,3.24,1.58,0.00,0.00,11.78,78.43,13.26,24.35,15.13,14.93,19.91,54.79,2.04,28.83,48.50,69.76,64.68,1.36,40.67,1.41,3.39,38.37,0.75,1.57,4.01,2.32,2.15,5.25,12.54,0,11.93,1.69,1.59,7.14,0,0,17.12,10.05,0.4,0.872647059,3.87,6.74,7.36,33.02,7.66,457.3,5.89,2.16,11.48,18.48,5.93,8.32,8.23,12.85,1.89,10.99,136.27,31.17,5.73,12.24,7.97,5.37,20.35,0.92
05/31/2009,0.91,5.06,62.53,4.38,8.01,4.86,5.87,4.23,6.86,27.05,0.31,6.93,1.51,22.58,29.48,12.15,20.64,12.62,0.27,5.67,19.30,2.28,1.18,17.34,23.13,0.55,2.72,12.64,3.03,3.46,1.80,16.92,77.70,5.17,2.66,0.00,1.55,0.00,39.35,0.70,38.35,5.54,13.88,11.37,72.62,0.81,20.51,3.73,33.78,21.74,0.85,1.00,19.41,0.89,2.12,4.47,8.44,3.37,2.17,17.70,4.57,26.52,0.00,126.29,26.93,40.92,26.61,18.90,30.80,53.66,3.60,50.87,80.84,82.61,129.86,1.19,21.41,0.92,5.42,80.28,1.22,0.55,6.63,1.41,7.03,5.63,22.79,0,33.16,2.53,3.46,11.29,5.12,6.33,33.2,19.49,0.87,0.450980392,2,9.29,20.53,63.23,7.39,599.28,14.19,2.63,22.26,26.12,4.78,6.71,11.48,24.86,3.08,24.17,206.98,49.28,8.56,18.28,11.91,2.21,34.82,1.43
06/30/2009,0.11,0.59,31.68,1.91,2.65,1.65,1.82,0.90,0.62,4.05,0.16,1.43,0.57,7.87,20.43,3.31,4.03,5.08,0.00,1.42,5.88,0.47,0.24,4.84,7.06,0.09,0.57,0.76,0.64,0.73,0.30,7.77,13.46,2.50,0.76,3.10,0.91,0.00,10.30,0.49,6.72,0.83,1.27,2.28,13.77,0.13,4.51,0.89,5.39,2.69,0.15,0.18,1.41,0.14,0.30,0.06,3.27,5.49,0.49,3.23,0.47,2.75,3.01,25.83,5.15,7.28,12.89,6.25,15.60,8.72,0.60,8.41,13.35,35.86,29.90,0.10,3.80,0.14,0.69,30.14,0.42,0.06,0,0.22,3.07,1.28,6.32,0,10.94,0.72,0.73,4.35,2.68,0,8.31,4.88,0.18,0.620098039,2.75,0.85,2.04,10.4,2.25,273.57,3.34,0.18,5.57,3.05,1.8,2.53,2.64,4.32,1.06,9.6,56.95,10.44,2.43,5.19,3.38,0.15,8.71,0.3
07/31/2009,0.02,0.09,25.87,0.54,1.55,0.51,1.40,0.41,0.00,1.22,0.04,0.00,0.22,5.04,14.54,1.74,2.10,1.28,0.10,0.41,3.55,0.00,0.00,0.90,2.17,0.02,0.04,0.14,0.38,0.43,0.15,5.44,4.15,1.03,0.12,2.54,0.29,16.29,1.03,0.15,1.55,0.25,0.15,0.42,3.30,0.07,1.16,0.12,0.74,0.11,0.06,0.07,0.55,0.00,0.07,0.35,0.00,1.06,0.22,0.89,0.24,1.42,0.76,10.22,2.27,2.75,7.46,3.66,12.74,4.23,0.16,2.27,3.49,16.80,12.27,0.02,1.78,0.00,0.30,11.70,0.16,0.02,0,0.04,0.86,0.79,4.06,0,2.22,0.35,0.43,1.65,2.29,1.32,1.76,1.03,0.11,0.223235294,0.99,0.1,1,0.52,0.52,211.49,0,0.04,1.18,1.11,0.69,0.97,1.43,3.53,0.4,2.69,14.99,1.57,1.19,2.54,1.66,0.07,2.52,0
08/31/2009,0.01,0.03,24.54,0.13,1.52,0.22,1.37,0.34,0.00,0.43,0.02,0.00,0.16,4.33,13.17,1.99,0.73,0.30,0.11,0.08,0.00,0.00,0.00,0.37,1.46,0.01,0.06,0.05,0.16,0.18,0.09,4.75,3.24,0.36,0.01,0.30,0.26,20.06,0.86,0.08,0.49,0.09,0.00,0.81,2.13,0.04,0.24,0.11,0.40,0.06,0.02,0.02,0.84,0.00,0.00,0.14,0.11,0.53,0.58,0.34,0.04,0.21,0.39,8.32,1.86,1.83,5.65,3.59,12.09,3.68,0.08,1.12,1.71,10.25,8.80,0.01,0.94,0.00,0.14,6.18,0.10,0.02,0,0.02,0.21,0.21,4.17,0,0.63,0.42,0.18,0.93,3.35,2,0.58,0.34,0.05,0.142058824,0.63,0,1.51,0.44,0,181.21,0,0.01,0.39,0.66,0.51,0.72,1.5,2.04,0.24,1.25,7.82,0.4,1.41,3.01,1.96,0.03,0.49,0
09/30/2009,0.00,0.02,21.97,0.04,1.53,0.16,1.41,0.36,0.00,0.72,0.03,0.00,0.10,3.68,12.01,1.68,0.57,0.10,0.29,0.07,0.48,0.00,0.00,0.74,0.88,0.01,0.06,0.03,0.32,0.37,0.07,4.43,2.90,0.31,0.01,0.19,0.26,27.11,1.07,0.09,0.13,0.15,0.21,0.47,1.63,0.03,0.07,0.00,0.14,0.06,0.02,0.02,1.02,0.00,0.02,0.15,0.07,2.64,0.31,0.33,0.10,0.59,0.28,7.76,1.72,1.40,4.95,3.61,10.82,2.59,0.06,0.82,1.27,13.13,6.96,0.00,0.46,0.00,0.12,0.00,0.12,0.03,0,0.06,0.07,0.3,3.08,0,0.3,0.34,0.37,0.28,3.26,1.59,0.31,0.18,0.09,0.189411765,0.84,0.14,1.14,0.41,0,164.87,0,0.01,0.21,0.45,0.32,0.45,0.65,0.22,0.3,0.43,0,0.21,1.14,2.43,1.59,0.04,0.44,0
10/31/2009,0.04,0.23,26.08,0.39,2.37,0.46,1.68,0.80,0.00,1.71,0.11,1.19,0.31,4.93,13.69,2.65,2.36,0.48,0.94,2.28,4.48,0.39,0.20,3.39,2.68,0.02,0.33,0.17,0.38,0.43,0.89,5.58,7.47,0.55,0.59,0.54,0.60,0.00,2.14,0.12,0.21,0.35,0.22,1.08,4.42,0.40,1.00,0.03,0.50,0.18,0.08,0.09,1.25,0.08,0.02,0.38,0.56,3.19,1.10,0.18,0.00,0.00,2.66,10.76,2.13,2.30,6.49,5.59,12.84,4.82,0.13,1.81,3.03,23.23,9.11,0.04,2.82,0.08,0.29,0.00,0.12,0.09,3.02,0.5,0.62,0.67,3.91,0,2.29,0.48,0.43,1.23,2.77,1.42,0.97,0.57,0.11,0.360784314,1.6,0.15,2.83,0.75,1.23,267.17,0.82,0.08,0.65,1.29,0.99,1.39,1.16,2.05,0.3,1.91,16.68,2.38,1.61,3.44,2.24,0.35,13.98,0.25
11/30/2009,0.02,0.14,21.51,0.14,2.84,0.41,1.58,1.19,0.00,1.03,0.10,1.25,0.13,4.70,13.25,1.37,1.11,0.15,0.05,0.65,2.47,0.41,0.21,4.40,4.34,0.02,0.68,0.11,0.32,0.37,1.05,5.68,7.86,0.36,0.37,0.00,0.46,5.76,4.74,0.04,0.00,0.21,0.04,1.13,1.19,0.48,0.30,0.01,0.46,0.10,0.41,0.48,1.37,0.07,0.00,0.01,0.14,1.36,1.14,0.00,0.00,0.00,1.50,9.60,1.59,2.03,6.47,6.70,10.60,6.14,0.10,1.45,2.44,13.97,7.75,0.04,1.76,0.07,0.29,3.29,0.11,0.05,1.19,1.06,0.23,0.84,4.44,0,0.91,0.35,0.37,2.75,1.19,1.58,0.61,0.36,0.09,0.166862745,0.74,0.03,2.57,0.42,0.63,216.35,0,0.08,0.41,1.05,0.41,0.58,1.67,1.73,0.27,3.34,14.4,1.24,1.2,2.56,1.67,0.24,3.99,0.26
12/31/2009,0.05,0.28,23.52,0.26,4.19,0.50,3.49,2.51,1.87,1.86,0.17,4.13,0.10,8.26,16.17,1.88,1.90,0.28,0.48,1.88,9.18,1.36,0.70,10.54,6.96,0.05,1.18,0.31,1.04,1.19,1.98,7.99,13.83,0.49,0.99,4.38,1.83,15.62,0.70,0.46,0.00,0.38,0.40,1.60,3.93,0.89,1.79,1.13,0.89,0.16,0.74,0.87,2.03,0.08,0.37,1.03,0.17,1.69,2.35,1.18,0.49,2.87,2.61,13.55,1.62,4.64,8.77,9.88,11.58,7.88,0.33,4.62,7.34,18.39,10.88,0.08,3.19,0.08,1.27,13.58,0.30,0.19,8.96,2.31,0.41,1.82,6.91,0,1.66,0.56,1.19,4.41,1.65,5.7,0.96,0.56,0.3,0.157843137,0.7,0.27,6.4,0.68,2.33,289.61,0.33,0.14,0.64,2.53,0.32,0.45,3.36,2.76,0.76,5.5,32.33,2.33,1.89,4.04,2.63,1.21,11.53,0.86
01/31/2010,0.15,0.81,38.65,0.33,18.66,1.38,25.33,10.55,59.11,3.90,14.63,15.02,0.50,34.21,37.58,4.43,5.66,0.46,14.82,16.36,156.75,4.94,2.55,107.78,89.44,0.15,1.94,0.82,3.60,4.11,10.35,36.68,48.21,0.59,20.93,17.20,21.59,20.39,1.39,0.61,2.36,0.80,1.51,3.65,9.14,4.67,1.27,33.55,1.44,1.27,4.16,4.89,4.13,0.16,1.25,1.75,0.52,4.59,10.09,2.80,1.25,7.25,4.63,36.98,6.34,12.74,31.77,44.02,19.03,23.16,1.02,14.38,22.57,52.50,24.26,0.19,7.59,0.17,3.96,74.97,0.54,0.41,141.44,13.84,0.54,3.79,16.96,0,2.66,1.85,4.11,57.79,4.12,6.56,1.99,1.17,1.03,2.584117647,11.46,1.01,19.92,2.88,40.98,939.21,0.66,0.34,1.33,7.29,1.59,2.23,4.42,7.39,1.36,58.68,149.79,4.83,6.26,13.37,8.71,4.55,100.48,3.11
02/28/2010,0.19,1.06,29.60,0.34,13.59,1.79,20.30,9.68,50.15,2.78,5.30,8.88,0.69,32.84,32.37,3.48,3.47,0.49,8.14,13.84,56.31,2.92,1.51,77.22,79.75,0.18,1.21,0.84,2.45,2.80,10.31,26.31,40.53,0.51,16.23,10.87,7.61,15.82,0.90,0.75,2.85,0.57,2.57,2.95,8.58,4.65,1.18,16.87,1.24,1.73,4.17,4.90,3.41,0.19,1.29,1.36,0.32,3.96,7.54,3.55,1.93,11.22,5.00,39.20,7.46,14.48,21.67,32.06,14.58,24.72,1.18,16.63,26.10,72.04,25.71,0.26,11.35,0.19,5.93,53.34,0.77,0.63,59.21,10.78,0.55,3.86,19.54,0,2.76,1.75,2.8,50.7,5.05,10.14,2.36,1.39,0.7,2.493921569,11.06,1.72,17.51,3.48,33.43,838.7,0.59,0.46,1.58,9.7,2.18,3.06,4.71,7.66,1.93,49.5,149.29,5.77,5.93,12.67,8.25,6.01,85.03,1.84
03/31/2010,0.49,2.72,35.79,0.58,13.95,4.03,14.38,10.07,26.44,5.93,3.75,10.61,1.78,28.12,29.87,4.81,5.81,0.78,9.82,9.00,58.76,3.49,1.80,39.21,46.46,0.28,4.07,2.22,3.23,3.69,8.03,25.77,62.59,0.70,10.08,0.00,4.84,0.00,3.31,2.30,9.01,1.22,5.78,4.40,14.83,3.62,2.47,15.11,3.22,6.05,3.30,3.88,7.03,0.63,1.44,2.53,0.94,2.77,9.41,6.10,2.08,12.06,6.52,68.69,10.14,20.67,22.44,32.91,17.63,44.30,1.78,25.18,40.63,92.88,42.16,0.60,26.18,0.65,7.46,54.65,1.06,1.55,52.83,10.3,0.94,4.74,23.61,0,4.52,2.41,3.69,26.83,6.08,6.13,5.06,2.97,0.92,3.195196078,14.17,3.87,20.57,11.45,25.33,633.28,1.46,1.08,3.39,16.28,5.65,7.93,7.12,11.33,2.68,28.67,149.88,13.23,8.17,17.45,11.36,10.13,55.31,2.2
04/30/2010,1.06,5.89,44.59,0.94,14.71,6.89,18.58,11.12,52.53,10.38,3.53,12.86,2.79,40.11,32.81,8.29,9.59,1.49,8.96,10.47,91.92,4.23,2.18,49.03,66.68,0.40,8.96,4.64,4.30,4.91,9.49,36.34,97.30,1.06,19.76,3.39,7.92,0.00,7.89,4.07,17.61,2.13,10.11,6.77,28.11,4.28,5.79,20.34,8.95,13.25,4.24,4.99,13.47,0.90,1.20,3.68,2.23,7.34,11.71,9.55,0.14,0.81,14.79,112.00,13.88,32.42,27.50,34.70,21.96,68.70,2.58,36.38,58.61,108.39,67.18,1.58,52.22,0.92,8.97,86.13,1.30,1.87,57.96,7.45,1.51,6.66,30.65,0,8.07,2.85,4.91,35.91,8.66,3.17,12.65,7.42,1.23,3.341764706,14.82,6.77,27.08,24.49,35.22,725.38,3.46,2.33,8.48,26.27,8.85,12.42,9.92,13.05,3.27,46.47,215.59,27.34,9.65,20.61,13.42,15.11,64.33,2.66
05/31/2010,1.24,6.94,61.94,2.08,11.07,5.56,8.12,7.32,22.80,18.47,1.17,6.08,2.21,31.93,34.01,12.63,17.88,5.84,3.14,6.01,24.46,2.00,1.03,29.03,32.60,0.47,5.41,9.65,2.53,2.89,4.16,29.34,108.92,2.39,9.43,0.00,2.51,0.00,19.63,3.85,30.06,3.78,16.30,11.55,46.57,1.87,14.21,6.08,22.76,21.28,1.77,2.08,22.12,1.84,1.41,6.21,4.40,26.82,3.66,13.36,2.04,11.82,9.57,140.63,24.53,35.58,26.64,26.11,30.51,76.12,2.95,41.64,69.62,86.46,99.36,2.11,40.54,1.89,7.03,89.34,1.24,1.65,16.16,3.55,3.33,5.16,23.31,0,19.42,2.82,2.89,17.75,8.96,7.17,25.69,15.08,0.72,1.384509804,6.14,10.91,20.05,49.98,20.13,584.02,8.22,3.21,17.22,28.63,7,9.83,12.42,13.63,3.13,29.6,283.91,42.67,9.56,20.42,13.3,5.99,36.93,1.26
06/30/2010,0.84,4.70,62.91,5.15,8.64,1.97,2.54,3.57,10.94,25.11,0.48,2.34,1.42,20.55,36.80,10.68,23.90,13.99,1.66,3.53,17.85,0.77,0.40,18.64,16.27,0.44,1.38,11.37,1.15,1.31,0.98,14.61,69.72,6.52,3.80,0.00,0.97,0.00,42.87,1.05,33.02,5.14,12.14,10.19,75.25,0.44,22.85,3.41,31.61,21.28,0.54,0.63,18.20,1.50,2.10,3.08,7.03,11.83,1.62,13.34,0.53,3.07,4.93,111.66,24.40,29.65,30.71,20.38,30.99,47.97,2.74,38.71,64.09,76.20,125.67,0.67,19.95,1.54,3.68,76.63,0.77,0.5,7.72,1.16,8.27,2.65,12.39,0,35.5,2.26,1.31,11.39,5.31,0,34.43,20.21,0.33,1.102647059,4.89,8.13,14.98,64.46,11.63,469.91,14.81,1.78,23.08,20,4.51,6.33,4.3,16.82,1.93,17.15,387.53,49.21,7.66,16.36,10.65,1.52,21.66,0.48
07/31/2010,0.05,0.30,36.70,1.39,3.70,0.82,1.66,1.03,1.03,2.54,0.20,0.76,0.44,8.07,23.41,3.48,5.12,3.78,0.86,1.20,7.99,0.25,0.13,3.14,4.55,0.07,0.06,0.67,0.64,0.73,0.26,8.23,12.22,1.78,0.85,2.36,0.41,0.00,6.07,0.11,5.09,0.52,1.00,1.86,10.90,0.12,3.59,1.10,3.19,1.22,0.11,0.13,1.72,0.10,0.25,0.18,1.78,3.55,0.37,2.23,0.46,2.65,0.80,22.12,5.14,6.07,16.29,8.73,18.08,8.74,0.44,6.28,9.97,29.25,27.45,0.06,3.51,0.11,0.56,58.10,0.28,0.04,3.03,0.19,2.24,1.23,7.7,0,7.27,0.74,0.73,3.44,5.67,2.72,5.25,3.08,0.18,1.014705882,4.5,0.67,5.02,5.2,3,247.02,1.39,0.1,3.52,2.99,1.39,1.95,0,2.26,0.69,3.73,104.08,5.56,2.5,5.34,3.48,0.13,7.35,0.16
08/31/2010,0.01,0.05,21.88,0.22,2.26,0.09,1.22,0.48,0.00,0.42,0.10,0.00,0.22,5.32,14.44,2.26,1.59,0.52,0.27,0.40,0.00,0.00,0.00,1.29,1.79,0.02,0.06,0.11,0.17,0.19,0.12,6.04,4.47,0.47,0.31,1.04,0.09,9.09,0.28,0.03,0.60,0.09,0.03,0.68,2.03,0.05,0.37,0.53,0.37,0.10,0.02,0.02,0.24,0.00,0.05,0.32,0.00,0.02,0.80,0.56,0.22,1.25,0.72,9.95,2.30,2.75,7.78,5.33,10.78,4.93,0.13,1.85,2.84,20.14,12.22,0.01,1.36,0.00,0.24,35.16,0.36,0.01,1.77,0.03,0.36,0.68,3.76,0,0.92,0.48,0.19,0.92,4.48,2.34,0.86,0.5,0.05,0.644901961,2.86,0.02,3.21,0.59,1.5,214.78,0,0.02,0.58,1.05,0.71,1,0,2.66,0.91,0.92,19.58,0.6,1.64,3.5,2.28,0.06,2.45,0
09/30/2010,0.01,0.03,25.39,0.07,2.17,0.19,1.26,0.48,0.00,0.14,0.11,0.00,0.18,4.51,12.85,2.13,0.82,0.17,0.21,0.00,0.92,0.00,0.00,2.03,1.22,0.01,0.40,0.06,0.37,0.42,0.10,5.36,3.99,0.36,0.20,0.14,0.31,11.58,0.62,0.02,0.00,0.03,0.00,0.58,1.34,0.04,0.08,0.98,0.17,0.11,0.02,0.02,1.24,0.00,0.02,0.25,0.06,4.62,0.38,0.35,0.23,1.35,0.70,8.93,1.72,1.94,6.40,5.12,12.51,3.55,0.08,1.13,1.74,17.70,9.18,0.01,0.80,0.00,0.19,16.65,0.01,0.05,1.18,0.09,0.11,0.48,3.61,0,0.51,0.44,0.42,0.35,4.47,2.63,0.54,0.32,0.11,0.090196078,0.4,0,3.96,0.73,0.2,220.41,0,0.01,0.36,0.68,0.57,0.8,1.8,1.71,0.02,0.46,13.37,0.36,1.48,3.16,2.06,0.07,0,0
10/31/2010,0.15,0.83,28.70,0.94,3.59,0.77,1.85,1.14,2.31,5.74,0.27,2.68,0.66,6.19,15.85,3.69,2.92,1.15,0.63,0.90,13.36,0.88,0.45,8.30,5.03,0.08,1.18,1.29,0.96,1.10,1.24,7.72,12.34,0.94,1.33,3.76,0.84,0.00,7.06,0.48,3.96,1.17,1.85,1.24,17.48,0.56,5.08,1.39,2.83,2.55,0.12,0.14,4.59,0.23,0.38,1.39,1.12,0.40,1.46,0.00,0.00,0.00,4.20,10.59,0.88,6.33,9.04,8.47,14.14,10.39,0.48,6.74,11.05,21.12,17.73,0.19,9.93,0.23,0.89,24.42,0.35,0.33,3.11,0.79,1.51,4.33,7.27,0,5.97,0.69,1.1,2.71,2.45,1.75,3.38,1.98,0.27,0,0,1.24,4.74,7.38,3.98,226.48,1.67,0.35,2.27,2.93,2.1,2.95,3.07,6.73,0.88,3.64,39.19,7.22,2.33,4.98,3.24,2.45,5.51,0.55
11/30/2010,0.16,0.90,29.24,0.57,4.50,0.39,2.91,1.79,3.97,4.05,0.30,11.28,0.52,7.51,17.05,2.84,3.36,0.63,0.87,1.47,12.02,3.71,1.92,12.49,8.14,0.10,1.21,1.16,0.84,0.96,1.77,8.29,19.11,0.69,1.05,6.50,0.51,3.33,7.22,0.17,2.87,0.83,1.58,1.74,9.76,0.80,2.89,1.96,2.44,3.93,0.59,0.69,3.31,0.17,0.61,1.69,1.12,2.52,1.89,0.00,0.00,0.00,4.11,19.89,3.40,8.94,9.43,10.62,14.40,15.95,0.68,9.58,15.24,27.79,19.02,0.22,8.72,0.18,2.07,20.15,0.36,0.57,5.6,1.75,0.91,2.78,11.29,0,3.9,0.73,0.96,5.17,8.31,0,2.5,1.47,0.24,0.536666667,2.38,1.06,7.46,7.85,2.67,267.54,1.02,0.39,1.68,3.52,1.65,2.32,1.91,4.16,0.9,6.38,63.27,5.97,2.46,5.25,3.42,2.96,9.01,2.33
12/31/2010,0.94,5.26,49.04,1.30,20.98,1.71,24.93,11.09,37.98,13.90,6.28,33.47,2.95,44.06,43.45,10.30,12.07,1.89,6.46,7.38,109.47,11.01,5.68,130.07,51.52,0.71,3.00,6.76,7.27,8.31,13.38,40.40,127.00,0.97,8.47,41.12,9.04,43.54,7.76,1.42,19.58,2.85,11.77,8.39,34.74,6.03,7.22,22.49,9.62,11.23,5.06,5.95,18.84,1.10,5.53,4.48,2.63,5.14,15.84,35.54,3.10,17.96,12.29,156.75,33.24,62.67,35.99,49.49,24.15,100.68,4.67,65.98,104.68,117.73,102.44,1.23,50.14,1.13,19.07,116.28,2.82,3.13,74.23,14.46,2.08,18.63,72.43,0,11.09,4.02,8.31,32.54,28.52,26.97,10.92,6.41,2.08,2.484901961,11.02,7.88,69.51,21.04,27.08,831.62,2.31,2.22,7.32,35.29,9.33,13.1,17.85,22.47,7.12,34.92,187.06,24.96,13.61,29.07,18.93,30.25,45.33,6.93
01/31/2011,0.72,4.04,31.76,0.68,10.59,1.69,7.21,5.41,27.65,4.65,4.01,16.51,2.42,19.23,27.06,3.72,4.72,0.93,3.33,3.90,34.17,5.43,2.80,30.03,32.84,0.26,0.94,2.11,3.60,4.11,6.65,17.51,55.70,0.63,6.91,0.00,4.02,24.73,3.49,1.53,8.22,0.95,4.96,3.07,15.72,3.00,4.09,10.05,4.25,5.73,2.90,3.41,5.99,0.19,1.06,1.42,0.74,3.85,4.26,0.00,0.00,0.00,13.26,64.00,12.91,21.82,15.97,24.98,15.64,61.94,1.71,24.10,37.61,82.40,47.85,0.88,37.52,0.20,7.14,21.64,1.37,2.31,32.54,8.49,1.09,7.58,23.42,0,5.42,1.98,4.11,21.83,6.33,0,7.08,4.16,1.03,2.067745098,9.17,3.32,20.81,10.34,24.6,462.43,1.27,1.58,4.75,12.28,7.67,10.77,8.45,8.28,3.44,20.45,134.81,17.21,6.7,14.31,9.32,14.23,23.98,3.42
02/28/2011,0.59,3.31,34.74,0.43,14.73,4.15,14.76,9.88,14.56,4.44,6.19,24.47,1.85,28.29,25.56,3.83,6.21,0.66,10.13,4.68,70.86,8.05,4.16,44.79,18.48,0.22,2.70,1.69,4.64,5.30,10.17,26.04,56.40,0.72,3.20,6.26,6.13,37.33,2.22,1.52,6.73,0.91,3.50,2.45,9.76,4.59,3.30,16.31,3.74,4.45,4.27,5.02,6.01,0.16,1.18,1.78,0.52,4.22,6.27,0.00,0.00,0.00,9.86,54.19,8.80,15.79,21.62,34.75,17.11,45.52,1.44,20.36,31.76,72.41,37.28,0.67,29.46,0.17,5.06,34.90,0.70,1.23,81.28,12.49,0.69,6.66,20.17,0,3.94,2.05,5.3,12.38,2.73,0,5.85,3.43,1.33,2.31127451,10.25,2.34,19.38,8.03,16.15,491.22,1.08,1.21,3.92,12.3,5.86,8.23,8.09,5.94,1.76,11.54,88.14,13.75,6.94,14.82,9.65,11.22,28.78,5.06
03/31/2011,1.20,6.68,58.48,0.85,32.28,5.40,47.96,21.90,86.10,8.20,20.82,57.70,3.21,83.16,57.86,12.00,10.94,1.25,36.58,19.09,235.91,18.98,9.80,171.55,132.39,0.86,7.10,2.87,15.31,17.50,26.87,78.89,200.60,0.81,21.50,56.83,20.24,157.52,3.07,6.05,12.42,1.68,8.35,5.79,21.61,12.12,5.68,54.70,6.17,5.72,11.05,12.99,13.02,0.42,8.13,3.55,1.21,9.93,26.14,46.70,4.63,26.84,20.83,234.56,43.21,63.59,47.68,76.15,28.81,129.00,5.76,81.29,126.05,170.73,100.53,1.32,55.18,0.43,14.36,190.49,3.26,2.3,220.73,25.12,1.36,21.04,104.11,0,7.44,5.76,17.5,80.61,51.29,47.35,13.04,7.65,4.37,8.922647059,39.57,5.59,112.3,10.46,57.01,1475.74,1.48,2.38,8.74,28.76,10.18,14.29,19.54,13.97,8.23,81.27,231.72,27.18,19.51,41.67,27.13,42.61,117.29,11.94
04/30/2011,2.03,11.34,76.19,1.69,21.82,14.69,20.83,15.48,44.35,14.87,4.78,11.70,4.16,58.49,49.54,16.56,13.78,3.93,5.84,9.10,34.07,3.85,1.99,53.96,61.70,0.69,17.06,7.82,5.87,6.71,15.24,61.59,221.87,1.18,13.96,0.00,7.59,0.00,11.64,15.38,27.89,3.04,17.01,9.53,41.75,6.87,10.99,16.23,15.13,17.85,6.87,8.08,19.80,1.16,4.03,4.47,3.43,4.26,17.93,28.39,1.57,9.13,29.95,269.04,32.21,62.78,37.58,51.47,37.53,140.93,4.54,64.09,101.95,227.32,138.35,2.32,81.63,1.19,11.06,98.46,3.26,3.22,34.94,11.47,2.7,12.67,55.48,0,16.31,5.01,6.71,33.28,26.93,8.67,29.49,17.31,1.68,6.57754902,29.17,11.39,64.67,35.44,37.29,933.58,4.97,3.87,19.77,44.16,13.18,18.5,23.17,22.26,8.22,43.1,244.44,49.9,16.96,36.23,23.59,14,55.93,2.42
05/31/2011,1.79,9.98,97.00,3.10,17.81,15.28,11.80,10.91,15.31,22.37,2.20,6.35,3.43,48.40,53.48,17.32,24.53,9.40,3.25,4.71,17.06,2.09,1.08,46.60,27.56,0.59,15.40,11.90,2.44,2.79,7.21,50.10,173.23,3.21,6.05,5.08,2.47,0.00,25.41,8.48,38.57,4.58,19.66,14.08,52.50,3.25,19.07,5.34,30.35,23.92,3.07,3.61,26.46,1.39,1.19,6.82,5.89,23.70,5.94,16.04,0.04,0.26,18.95,214.91,27.76,46.03,40.02,42.01,47.78,95.37,3.79,53.53,86.50,137.32,144.19,2.79,47.63,1.43,2.02,133.11,2.31,1.75,15.43,5.81,4.98,8.16,28.55,0,29.74,4.02,2.79,14.27,3.54,0,42.21,24.77,0.7,2.705882353,12,13.16,33.66,58.12,17.15,727.35,9.84,4.45,28.3,39.65,10.85,15.23,19.97,19.93,5.83,23.05,279.3,61.27,13.6,29.05,18.91,4.31,28.92,1.31
06/30/2011,1.46,8.16,99.96,6.20,11.79,10.82,6.74,4.60,24.73,31.77,1.52,4.20,3.03,36.74,55.44,16.26,35.86,17.52,3.23,3.01,27.64,1.38,0.71,40.21,21.76,0.66,6.26,18.29,1.14,1.30,1.94,31.31,123.31,7.05,7.60,0.00,2.03,0.00,55.12,4.75,53.46,6.51,18.60,16.22,109.81,0.88,28.96,5.29,48.00,31.67,1.08,1.27,29.40,2.04,2.42,5.56,8.52,12.35,3.06,0.96,0.00,0.00,1.45,197.74,36.51,42.27,38.36,27.81,49.23,76.34,4.16,58.69,96.43,132.18,182.86,1.32,32.27,2.10,1.62,83.31,1.13,0.89,15.5,1.67,9.95,6.97,17.71,0,46.51,3.67,1.3,14.49,0,0,52.9,31.05,0.33,1.055294118,4.68,12.45,34.18,90.3,22.95,562.44,18.95,3.17,35.47,35.99,9.6,13.48,12.35,13.07,2.85,23.51,352.19,71.26,12.43,26.55,17.29,2.68,18.51,0.87
07/31/2011,0.32,1.78,57.09,4.37,6.28,2.03,2.67,1.67,4.72,13.28,0.39,0.88,1.70,14.42,38.87,6.52,15.09,11.78,1.50,1.19,12.66,0.29,0.15,10.41,7.09,0.22,0.09,3.62,0.00,0.00,0.51,13.40,24.81,4.91,1.61,0.00,0.69,0.00,37.97,0.03,21.31,2.72,4.29,3.57,47.19,0.23,12.33,1.67,16.26,10.79,0.21,0.25,4.61,0.55,0.97,0.00,7.23,4.28,0.67,0.00,0.00,0.00,2.72,63.91,15.23,13.92,25.43,14.81,28.12,33.25,1.44,20.29,32.83,65.08,83.32,0.30,10.93,0.56,1.31,57.22,0.65,0.2,5.97,0.37,7.01,4.03,10.14,0,26.04,1.47,0,5.66,0,0,23.34,13.7,0,0.789215686,3.5,2.87,8.49,39.44,5.21,292.23,8.48,0.54,15.65,7.58,5.39,7.57,5.4,0.54,1.65,6.36,127.57,26.61,4.97,10.62,6.91,0.58,7.32,0.18
08/31/2011,0.04,0.20,34.11,0.82,3.76,0.88,1.85,0.75,0.00,1.04,0.16,0.00,0.58,7.96,23.54,3.51,2.40,2.01,0.45,0.49,6.47,0.00,0.00,4.22,2.46,0.04,0.12,0.26,5.74,6.56,0.17,10.05,7.44,1.03,0.52,1.29,0.17,13.03,3.84,0.05,3.01,0.21,0.28,1.60,6.00,0.08,2.11,0.00,1.41,0.38,0.03,0.04,1.12,0.00,0.16,0.20,0.74,0.92,1.56,0.00,0.00,0.00,1.85,18.42,4.25,4.68,11.83,8.87,16.80,11.13,0.28,3.97,6.09,26.86,22.34,0.05,4.96,0.00,0.20,16.19,0.43,0.05,2.97,0.06,1.31,1.9,3.53,0,3.44,0.78,6.56,1.29,3.87,0,3.45,2.02,1.64,0.430686275,1.91,0.19,4.69,1.94,2.42,218.92,0.2,0.09,2.31,1.7,1.83,2.57,2.8,1.31,1.08,1.31,28.49,2.65,2.63,5.62,3.66,0.18,3.01,0
09/30/2011,0.02,0.08,32.08,0.17,3.09,0.44,1.51,0.64,0.00,0.69,0.12,0.09,0.40,5.45,16.67,2.60,1.93,0.39,0.29,0.08,2.32,0.03,0.02,3.09,1.26,0.02,0.01,0.11,0.59,0.67,0.13,7.60,6.06,0.55,0.21,3.33,0.23,34.42,2.15,0.02,0.00,0.14,0.12,1.17,2.08,0.06,0.57,0.68,0.55,0.15,0.04,0.05,1.02,0.00,0.09,0.30,0.05,0.00,0.36,0.00,0.00,0.00,1.79,10.51,2.50,2.71,8.31,7.29,15.80,5.90,0.14,1.92,2.94,19.19,13.45,0.02,2.13,0.00,0.34,13.36,0.30,0.11,1.91,0.13,0.27,1.67,1.49,0,1.18,0.56,0.67,0.36,2.96,0,1.36,0.8,0.17,0.133039216,0.59,0.08,4.23,1,0,207.85,0,0.03,0.91,1.08,1.27,1.78,3.05,0.76,0.76,0.47,13.3,0.87,1.91,4.08,2.66,0.28,0.49,0.02
10/31/2011,0.07,0.39,31.64,0.76,3.28,0.43,2.13,1.29,0.74,2.20,0.21,2.13,0.37,5.75,18.25,3.14,2.11,0.68,0.00,0.47,6.13,0.70,0.36,7.00,3.23,0.03,0.31,0.29,1.36,1.55,0.98,8.35,10.18,0.60,0.50,3.17,0.41,0.00,4.47,0.02,1.61,0.45,0.45,0.52,1.40,0.44,1.76,0.80,0.82,0.60,0.22,0.26,3.56,0.05,0.13,0.16,0.93,0.27,1.24,1.24,0.08,0.49,3.28,12.79,2.74,3.62,9.14,7.74,15.58,9.59,0.22,3.04,4.82,28.77,14.78,0.10,4.83,0.05,0.46,9.02,0.17,0.2,0.14,0.88,1.22,1.51,1.61,0,3.54,0.62,1.55,1.7,4.61,1.27,1.64,0.96,0.39,0.381078431,1.69,0.3,3.53,2.13,1.3,231.65,0.25,0.17,1.1,1.7,1.17,1.64,0.35,3.88,0.42,3.23,22.8,4.1,2.1,4.49,2.92,0.75,2.9,0.44
11/30/2011,0.06,0.35,27.41,0.26,3.80,0.79,2.11,2.41,1.98,1.02,0.23,1.73,0.24,5.89,16.55,2.00,1.61,0.25,0.60,0.65,3.32,0.57,0.29,7.59,3.88,0.03,0.60,0.26,0.53,0.61,1.19,8.23,12.81,0.35,0.70,0.00,0.70,3.51,2.73,0.01,0.02,0.21,0.18,0.24,1.76,0.54,0.61,0.00,0.53,0.81,0.44,0.52,1.15,0.20,0.03,0.27,0.11,0.36,1.45,0.00,0.00,0.00,3.64,14.43,2.86,3.16,8.61,8.96,13.50,10.78,0.16,2.24,4.05,30.35,12.77,0.08,3.36,0.20,0.44,0.00,0.12,0.17,5.51,2.05,0.41,1.45,1.84,0,1.45,0.59,0.61,2.23,2.09,1.29,1.04,0.61,0.15,0.915490196,4.06,0.12,2.95,1.66,1.4,245.99,0,0.15,0.7,1.49,0.75,1.05,0.41,1.97,0.31,3.73,21.05,2.47,2.01,4.29,2.8,0.46,3.99,0.36
12/31/2011,0.04,0.23,23.56,0.12,3.99,0.54,2.56,2.36,0.98,0.37,0.22,1.12,0.18,5.53,15.97,1.16,0.80,0.16,0.00,0.54,1.10,0.37,0.19,6.28,3.29,0.02,0.06,0.20,0.40,0.46,1.40,7.68,10.46,0.31,0.54,0.00,0.26,10.89,0.58,0.18,0.00,0.08,0.19,0.72,3.27,0.63,0.17,0.55,0.32,0.32,0.51,0.60,0.40,0.00,0.06,0.00,0.10,3.47,2.10,0.00,0.00,0.00,2.33,11.51,2.52,2.64,7.85,9.41,11.61,12.79,0.16,2.27,3.48,31.03,11.06,0.06,3.02,0.00,0.36,4.96,0.12,0.13,0,2.65,0.19,1.5,3.96,0,0.87,0.45,0.46,1.87,1.66,0,0.73,0.43,0.11,0.90872549,4.03,0.13,2.6,0.65,1.33,222.19,0,0.12,0.49,1.09,0.57,0.8,0,0.93,0.3,2.96,17.29,1.6,1.52,3.25,2.11,0.53,3.32,0.23
01/31/2012,0.20,1.11,33.05,0.41,6.39,1.29,4.78,3.75,6.52,4.05,1.27,4.04,0.67,9.95,24.69,2.40,3.96,0.50,1.66,1.81,27.83,1.33,0.69,34.09,10.76,0.08,1.46,1.11,1.33,1.52,2.52,11.31,22.42,0.56,2.47,2.38,3.52,15.62,2.44,0.67,2.17,0.83,1.73,2.45,9.70,1.13,1.95,5.10,1.70,2.18,1.00,1.18,2.19,0.17,0.54,1.35,1.18,6.18,2.90,0.00,0.00,0.00,5.68,27.72,4.53,6.42,11.90,15.07,16.28,20.47,0.54,7.64,12.24,34.91,19.47,0.25,11.49,0.17,1.51,20.70,0.37,0.74,23.86,4.49,0.66,2.15,10.29,0,2.77,1.01,1.52,6.13,3.36,0.92,2.4,1.41,0.38,1.808431373,8.02,1.16,5.29,4.26,6.96,278.95,0.66,0.45,1.61,3.97,2.11,2.96,0,6.1,0.94,9.71,42.29,6.48,3.43,7.33,4.77,2.79,11.13,0.84
02/29/2012,0.17,0.93,23.51,0.35,4.66,1.01,2.17,3.59,3.93,2.14,0.42,1.92,0.65,6.73,18.03,1.79,2.81,0.33,0.67,1.39,9.22,0.63,0.33,10.39,6.71,0.06,0.91,0.97,0.33,0.38,1.87,8.31,17.85,0.41,1.17,0.00,2.35,0.00,1.61,0.57,1.31,0.44,1.49,1.83,5.17,0.84,1.39,2.67,1.15,1.93,0.78,0.92,1.89,0.15,0.20,1.05,0.17,3.70,1.31,0.00,0.00,0.00,4.62,20.86,3.53,4.53,8.27,10.99,11.58,16.00,0.36,5.02,8.18,31.42,14.28,0.20,9.62,0.16,1.15,0.75,0.25,0.41,8.25,3.55,0.57,1.41,4.48,0,1.9,0.87,0.38,3.99,0,0,1.83,1.07,0.09,1.589705882,7.05,1,3.23,3.68,3.57,253.78,0.61,0.37,1.23,3.7,2.05,2.88,0,3.43,0.62,5.54,58.95,5.41,2.96,6.32,4.12,1.94,8.53,0.4
03/31/2012,0.47,2.63,47.84,0.55,16.84,3.85,20.21,13.15,17.88,10.66,3.40,30.86,1.21,41.97,35.82,8.30,11.08,0.80,10.55,8.69,82.30,10.15,5.24,73.34,30.75,0.49,4.29,4.85,8.21,9.38,11.01,39.70,90.95,0.70,6.05,44.80,4.77,12.70,5.57,1.62,15.03,2.18,9.32,8.07,26.93,4.97,4.43,19.32,5.92,9.88,4.44,5.22,15.27,1.13,3.67,3.89,1.45,6.67,10.65,17.45,5.81,33.73,0.00,121.97,23.40,42.25,30.22,39.73,23.56,75.00,3.16,44.59,71.94,114.77,75.20,0.52,24.03,1.16,10.75,114.13,1.76,0.84,93.28,11.75,0.88,9.87,48.85,0,4.38,3.61,9.38,17.99,11.27,25.1,6.25,3.67,2.35,5.364411765,23.79,6.24,45.74,18.29,21.47,827.47,1.27,0.94,4.19,30.49,3.82,5.36,2.33,17.07,4.45,25.34,183.32,14.2,12.22,26.1,17,14.27,53.4,6.38
04/30/2012,0.84,4.67,58.32,1.66,13.37,5.77,15.59,10.77,18.85,18.11,2.60,22.86,1.33,36.80,40.33,11.96,14.05,5.09,6.07,8.37,58.70,7.52,3.88,52.17,41.99,0.56,5.06,8.73,5.44,6.22,7.07,36.23,100.84,1.98,7.98,10.00,5.19,0.00,18.32,2.00,28.20,3.71,14.12,9.36,48.66,3.19,12.39,14.74,19.34,18.58,3.06,3.60,19.09,1.71,3.16,5.46,3.62,5.09,8.85,18.20,3.91,22.71,2.26,137.97,26.09,45.32,29.44,31.54,28.72,82.64,3.58,50.63,83.00,131.24,106.81,1.42,31.09,1.76,7.82,71.71,1.46,1.09,41.6,5.76,2.66,8.32,38.06,0,16.45,2.95,6.22,21.53,16.67,11.51,19.73,11.58,1.55,3.975392157,17.63,9.45,37.93,44.75,22.58,766.66,7.02,2.23,13.23,28.98,4.21,5.91,2.81,18.5,3.68,35.88,303.03,33.93,10,21.36,13.91,6.76,51.4,4.73
05/31/2012,0.38,2.13,50.00,3.24,6.82,2.32,4.05,3.65,4.99,13.29,0.55,3.68,0.73,18.86,30.98,8.32,13.99,8.00,1.40,2.46,10.27,1.21,0.62,16.56,13.67,0.27,0.61,4.89,1.54,1.76,1.66,15.40,50.39,2.88,1.80,0.00,0.96,0.00,25.35,0.27,16.06,2.72,5.32,5.55,32.78,0.75,10.46,2.40,18.82,11.97,0.74,0.87,9.91,0.90,1.01,0.83,4.88,20.07,1.85,8.69,1.19,6.93,4.64,79.80,18.30,23.72,22.58,16.09,24.63,35.75,1.74,24.51,40.40,80.15,89.59,0.31,9.54,0.93,3.49,29.50,0.69,0.23,9.49,1.17,5.2,3.09,15.01,0,19.91,1.67,1.76,6.52,4.93,0,17.27,10.14,0.44,1.986568627,8.81,3.56,11,36.8,7.27,385.86,6.76,1.03,11.58,12.37,2.3,3.23,1.21,3.06,1.73,15.59,237.48,26.06,5.67,12.11,7.89,0.66,15.11,0.76
06/30/2012,0.05,0.28,28.81,1.31,2.73,0.66,2.32,0.93,0.00,3.42,0.22,0.79,0.18,8.60,20.97,2.85,4.00,3.13,0.71,1.08,3.39,0.26,0.13,4.86,4.69,0.07,0.06,0.59,0.58,0.66,0.34,8.16,12.54,1.32,0.44,6.29,0.32,9.36,5.81,0.02,3.34,0.70,1.00,1.55,9.43,0.16,3.47,1.04,3.32,1.18,0.18,0.21,1.72,0.05,0.27,0.06,1.44,13.26,0.61,2.13,0.23,1.33,1.77,23.83,5.65,7.41,13.32,6.44,14.19,7.28,0.47,6.64,10.34,36.43,28.15,0.05,2.03,0.05,0.40,11.82,0.30,0.03,4.11,0.23,2.1,1.67,7.8,0,6.51,0.61,0.66,2.81,5.02,2.14,4.58,2.69,0.17,0.775686275,3.44,0.67,5.86,4.86,2.33,229.08,0.88,0.09,3.07,3.51,0.57,0.8,0.45,2.03,0.75,7.03,81.16,5.7,2.08,4.44,2.89,0.1,6.66,0.16
07/31/2012,0.01,0.05,27.76,0.36,1.56,0.30,1.42,0.44,0.00,0.37,0.13,0.00,0.14,5.22,14.48,2.27,1.48,0.95,0.89,0.24,9.61,0.00,0.00,1.63,2.20,0.02,0.08,0.13,0.16,0.18,0.15,6.48,6.83,0.57,0.09,5.56,0.32,18.39,1.58,0.02,0.66,0.08,0.12,0.26,1.84,0.07,0.62,1.30,0.76,0.14,0.07,0.08,0.75,0.00,0.08,0.57,0.04,0.63,0.24,0.66,0.10,0.60,0.80,11.84,2.74,3.05,7.60,3.68,13.67,4.41,0.16,2.20,3.38,20.63,13.05,0.01,1.04,0.00,0.31,34.47,0.21,0.01,5.43,0.05,0.58,1,4.32,0,1.64,0.47,0.18,1.52,4.33,0,1.17,0.69,0.05,0.602058824,2.67,0.08,3.49,0.58,0.8,187.02,0,0.02,0.78,1.19,0.44,0.62,0.4,1.79,0.53,2.69,32.78,1.11,1.58,3.37,2.2,0.06,1.49,0
08/31/2012,0.00,0.02,22.93,0.08,1.54,0.15,1.10,0.36,0.00,0.51,0.09,0.00,0.13,4.00,12.17,2.19,0.85,0.31,0.74,0.03,2.16,0.00,0.00,0.80,1.57,0.01,0.08,0.06,0.00,0.00,0.08,5.26,3.89,0.45,0.01,2.11,0.30,20.36,0.67,0.00,0.00,0.10,0.00,0.05,0.97,0.04,0.16,0.85,0.31,0.12,0.02,0.02,1.52,0.00,0.01,0.42,0.07,1.52,0.40,0.00,0.00,0.00,0.73,9.64,2.24,1.91,6.11,3.63,11.29,3.68,0.08,1.16,1.78,19.92,9.03,0.01,0.71,0.00,0.20,2.33,0.18,0.01,4.06,0.02,0.13,0.76,3.28,0,0.56,0.45,0,1.07,4.89,0,0.52,0.31,0,0.326960784,1.45,0,2.11,0.6,0.48,175.68,0,0.01,0.35,0.65,0.4,0.56,0.19,2.14,0.45,1.7,7.92,0.34,1.53,3.27,2.13,0.05,0.19,0
09/30/2012,0.00,0.02,21.52,0.05,1.65,0.11,1.11,0.39,0.00,0.80,0.09,0.00,0.08,3.90,12.45,1.74,0.51,0.12,0.31,0.10,2.55,0.00,0.00,0.79,1.06,0.01,0.08,0.04,0.00,0.00,0.07,4.91,2.84,0.31,0.01,1.90,0.32,15.49,1.95,0.01,0.00,0.16,0.03,0.00,0.48,0.03,0.24,0.59,0.08,0.08,0.02,0.02,1.95,0.00,0.00,0.14,0.08,1.44,0.39,0.00,0.00,0.00,0.42,8.11,1.86,1.54,5.46,3.89,10.60,2.62,0.07,0.94,1.46,17.20,7.14,0.00,0.45,0.00,0.15,0.00,0.04,0.02,2.42,0.06,0.08,0.59,1.87,0,0.34,0.35,0,0.41,3.9,0,0.32,0.19,0,0.142058824,0.63,0.02,1.57,0.54,0,166.47,0,0.01,0.21,0.48,0.26,0.37,0,0.84,0.1,0.64,6.18,0.23,1.17,2.5,1.63,0,0.61,0
10/31/2012,0.01,0.07,22.98,0.11,2.07,0.16,1.45,0.73,0.00,1.83,0.11,2.19,0.15,4.88,15.30,2.17,1.24,0.25,0.31,0.22,0.92,0.72,0.37,2.76,1.49,0.01,0.02,0.10,0.27,0.31,0.83,5.71,5.47,0.36,0.06,1.43,0.30,0.00,2.41,0.01,0.00,0.37,0.00,0.74,0.39,0.38,0.31,0.49,0.57,0.14,0.13,0.15,2.79,0.00,0.08,0.41,0.00,1.02,1.07,1.85,0.23,1.33,1.01,9.09,2.16,2.04,6.07,4.88,11.32,4.38,0.09,1.32,2.01,20.07,8.15,0.01,1.02,0.00,0.28,0.00,0.16,0.03,0.89,0.41,0.17,0.72,0.97,0,1.07,0.38,0.31,0.69,4.72,0.06,0.63,0.37,0.08,0,0,0,1.94,0.59,0.92,168,0,0.02,0.42,0.82,0.48,0.67,1.22,1.69,0.4,1.28,5.82,0.89,1.27,2.71,1.77,0.24,1.38,0.45
11/30/2012,0.13,0.71,36.75,0.60,6.37,1.81,6.87,3.59,4.96,12.65,2.61,2.61,0.47,14.98,23.63,4.57,9.13,0.69,3.24,2.27,27.18,0.86,0.44,26.37,6.42,0.15,0.60,2.83,2.70,3.09,3.58,15.52,32.50,0.51,3.07,3.80,3.76,5.86,5.48,0.85,5.18,2.59,2.60,4.98,15.95,1.62,2.24,7.38,4.84,6.10,1.32,1.55,6.40,0.86,1.05,2.73,1.25,4.59,4.63,5.92,0.46,2.65,0.08,45.51,9.49,14.29,14.11,15.03,18.10,29.34,0.88,12.47,21.83,59.06,37.98,0.17,7.19,0.89,1.95,4.49,0.37,0.36,37.64,3.27,0.96,2.11,13.56,0,4.03,1.42,3.09,3.81,3.29,5,2.43,1.43,0.77,0.962843137,4.27,1.74,7.78,12.44,5.88,390.75,0.51,0.31,1.63,12.28,1.49,2.09,3.74,14.57,0.92,6,71.49,5.8,4.8,10.25,6.68,3.18,13.93,0.54
12/31/2012,0.87,4.86,66.92,1.39,29.74,5.77,28.61,20.32,58.57,16.01,14.24,47.21,2.84,66.60,69.05,11.20,19.52,1.74,21.83,8.78,175.83,15.53,8.02,154.21,75.91,0.60,3.72,7.96,10.11,11.55,18.83,64.25,126.19,0.93,15.67,15.12,24.05,49.07,11.12,2.13,18.52,3.28,9.80,10.77,40.41,8.50,7.10,41.65,15.01,14.11,7.66,9.01,20.25,0.93,3.57,4.27,2.98,5.89,17.36,10.65,0.06,0.36,9.54,164.38,33.65,42.62,52.20,70.16,32.96,106.21,3.93,55.48,88.05,179.00,103.79,1.06,48.60,0.96,9.87,127.74,1.54,2.3,165.98,21.81,2.23,9.65,48.81,0,9.83,5.22,11.55,45.51,9.45,0,10.17,5.97,2.89,5.616960784,24.91,6.56,53.41,27.53,68.85,925.15,3.66,1.91,6.82,33.95,9,12.63,10.5,24.41,3.89,58.88,182.53,26.8,17.67,37.74,24.58,17.85,53.92,9.77
01/31/2013,0.27,1.51,28.64,0.41,7.58,1.50,7.07,6.10,19.02,3.48,2.43,7.63,0.53,18.54,26.43,3.77,4.97,0.54,3.62,2.81,23.04,2.51,1.30,22.08,24.74,0.18,5.67,1.35,2.06,2.35,4.48,16.23,41.33,0.48,4.75,0.00,5.63,16.27,3.19,0.77,3.66,0.71,3.41,3.02,13.73,2.02,2.36,8.09,2.85,2.24,1.91,2.25,3.68,0.05,1.09,1.08,0.38,4.49,5.49,4.58,0.20,1.18,6.19,45.32,4.45,14.16,13.89,17.88,14.10,29.61,1.20,17.01,26.26,54.60,33.08,0.32,14.11,0.05,5.21,16.73,0.61,0.37,24.17,4.72,0.66,2.98,15.27,0,2.46,1.31,2.35,13.07,5.22,3.95,4.1,2.41,0.59,1.770098039,7.85,2.28,14.85,5.37,16.58,380.65,0.77,0.58,2.75,7.78,1.68,2.36,3.33,5.91,1.54,18.62,67.38,7.96,4.43,9.46,6.16,3.57,17.28,1.58
02/28/2013,0.18,1.03,25.96,0.25,6.07,1.73,4.06,4.72,7.04,1.62,0.92,4.80,0.35,13.42,22.49,3.60,3.64,0.65,1.24,1.64,9.43,1.58,0.82,12.70,12.52,0.13,1.31,1.25,0.97,1.11,3.12,12.83,36.53,0.47,2.04,2.71,2.65,0.00,3.61,0.90,3.53,0.33,2.66,1.99,21.73,1.41,1.84,2.77,2.40,2.16,1.39,1.63,2.81,0.25,0.82,0.71,0.26,3.94,3.82,0.00,0.00,0.00,2.73,44.68,8.53,10.36,11.90,14.32,12.79,18.90,0.87,12.32,19.68,55.11,26.16,0.20,7.68,0.26,3.34,21.55,0.53,0.31,9.09,2.93,0.4,1.49,8.66,0,2.38,0.97,1.11,6.39,3.49,4.56,3.49,2.05,0.28,0,0,1.78,8.16,5.17,7.41,344.05,0.62,0.37,2.34,7.36,1.11,1.56,23.33,4.17,1.35,9.49,63.94,6.14,3.29,7.03,4.58,1.39,10.07,0.99
03/31/2013,0.41,2.28,49.35,0.72,7.31,4.18,4.86,5.69,6.41,7.85,0.69,4.13,0.67,18.76,26.42,7.70,8.47,1.73,1.81,2.04,21.75,1.36,0.70,17.50,11.92,0.21,1.08,3.60,1.12,1.28,2.80,19.41,62.61,0.87,2.53,20.47,2.14,0.00,7.81,2.27,10.50,1.61,7.16,5.71,21.20,1.26,5.27,3.15,7.21,6.21,1.17,1.38,8.76,0.77,1.63,2.64,1.61,5.34,3.00,11.88,1.03,5.96,2.82,76.52,15.04,15.86,17.09,17.24,24.31,11.82,1.29,18.18,30.30,81.71,40.48,0.38,13.75,0.79,3.41,0.00,0.76,0.59,15.64,2.71,1.15,2.04,10.72,0,6.4,1.72,1.28,5.85,4.93,8.77,8.26,4.85,0.32,2.723921569,12.08,4.79,8.88,16.36,8.14,413.66,2.49,0.69,5.54,14.97,2.13,2.99,0,8.13,1.92,12.01,114.5,14.64,5.83,12.45,8.11,1.66,12.54,0.86
04/30/2013,0.44,2.48,42.29,1.77,5.59,3.21,3.45,2.88,4.67,9.49,0.45,3.16,0.62,16.88,27.05,7.21,11.25,5.13,1.21,1.49,12.00,1.04,0.54,29.63,13.30,0.20,5.36,4.17,0.00,0.00,1.44,16.14,47.07,2.06,3.17,5.42,1.50,0.00,15.86,1.50,12.30,1.94,5.60,6.50,26.30,0.65,9.07,2.71,12.66,9.50,0.67,0.79,8.14,1.08,0.97,1.41,3.24,6.00,1.66,6.71,0.16,0.94,6.97,66.79,9.19,16.23,17.92,13.19,20.83,17.54,1.17,16.51,28.70,70.43,51.62,0.43,10.86,1.11,2.74,4.20,0.60,0.27,40.35,0.95,2.84,1.56,7.7,0,14.19,1.47,0,6.82,10.13,0,14.31,8.4,0,1.485980392,6.59,3.75,2.94,27.57,7.48,406.39,6.69,0.93,9.59,10.32,1.95,2.74,2.31,5.6,1.51,14.89,160.2,23.08,4.97,10.62,6.91,0.78,9.13,0.65
05/31/2013,0.24,1.34,33.17,2.70,3.58,1.24,2.08,1.44,0.29,5.33,0.25,0.82,0.66,8.14,20.81,3.39,5.03,6.65,0.72,0.67,0.29,0.27,0.14,6.62,5.41,0.10,2.01,1.11,2.13,2.43,0.39,8.64,17.46,3.16,0.86,4.78,0.78,0.00,12.63,0.49,7.70,1.09,2.40,2.28,19.51,0.17,7.23,1.32,7.40,3.70,0.21,0.25,1.59,0.33,0.41,0.08,3.64,5.81,0.67,0.00,0.00,0.00,9.57,26.88,3.96,6.98,14.59,8.45,16.34,7.43,0.62,8.71,14.38,38.53,29.77,0.20,5.99,0.33,0.81,7.71,0.35,0.14,21.17,0.42,4.34,1.29,3.89,0,15.92,0.72,2.43,3.36,0,0,12.99,7.62,0.61,0.791470588,3.51,1.61,1.09,13.34,2.61,239.85,5.86,0.36,8.71,3.39,2.09,2.93,1.89,3.86,0.89,7.07,83.22,18.93,2.43,5.19,3.38,0.2,4.12,0.17
06/30/2013,0.05,0.28,28.21,1.79,2.03,0.61,1.33,0.64,0.00,2.21,0.13,0.91,0.22,5.69,15.69,2.57,2.67,3.23,1.00,0.09,7.47,0.30,0.15,3.31,2.18,0.04,0.22,0.39,0.00,0.00,0.19,6.93,11.54,1.87,0.26,7.08,1.26,10.48,2.77,0.01,1.68,0.45,0.58,1.46,9.05,0.09,3.52,0.09,1.58,0.42,0.09,0.11,1.01,0.08,0.20,0.10,0.68,17.49,0.31,0.64,0.00,0.00,3.64,12.17,2.69,3.20,9.64,4.79,13.89,3.65,0.24,3.38,5.42,22.36,13.71,0.05,2.19,0.08,0.52,6.29,0.22,0.03,5.34,0.14,2.87,0.97,4.16,0,6.6,0.56,0,1.67,3.72,0,4.06,2.38,0,0.593039216,2.63,0.39,1.85,1.82,0,210.57,0.96,0.09,2.72,1.7,0.71,1,1.17,2.65,0.55,2.63,19.02,5.52,1.91,4.08,2.66,0.08,0.57,0.19
07/31/2013,0.01,0.05,26.48,0.39,1.29,0.64,0.98,0.34,0.00,1.62,0.05,0.00,0.15,4.58,13.62,1.88,1.10,0.83,0.90,0.03,4.91,0.00,0.00,1.37,1.25,0.02,0.03,0.13,0.11,0.13,0.14,5.47,4.36,0.60,0.04,5.32,1.58,10.61,1.71,0.06,0.00,0.33,0.04,0.64,1.51,0.06,0.73,0.51,0.57,0.12,0.05,0.06,0.41,0.00,0.05,0.45,0.12,0.00,0.19,0.00,0.00,0.00,1.49,9.43,2.18,1.92,6.06,3.04,13.04,2.79,0.10,1.44,2.21,18.75,8.59,0.01,1.26,0.00,0.24,0.00,0.16,0.01,4.52,0.03,0.62,0.63,2.56,0,1.37,0.38,0.13,0.91,0,0,1.01,0.59,0.03,0.390098039,1.73,0.03,0.07,0.51,0,172.52,0,0.02,0.68,0.78,0.47,0.66,0.6,2.28,0.4,1.23,10.32,0.96,1.28,2.73,1.78,0.03,0.16,0
08/31/2013,0.00,0.02,24.76,0.00,1.48,0.28,0.98,0.32,0.00,1.01,0.05,0.00,0.09,4.19,12.66,1.93,0.61,0.18,0.91,0.00,2.07,0.00,0.00,0.75,0.92,0.01,0.89,0.05,0.04,0.05,0.09,5.23,3.24,0.36,0.00,3.66,0.30,14.28,1.04,0.12,0.00,0.21,0.00,0.56,1.36,0.04,0.16,0.77,0.22,0.09,0.02,0.02,0.22,0.00,0.03,0.41,0.08,0.00,0.53,0.69,0.07,0.39,0.49,8.43,1.02,1.41,5.28,3.49,12.20,2.67,0.06,0.85,1.29,13.62,6.54,0.00,0.54,0.00,0.14,0.00,0.11,0.01,0,0.02,0,0.46,3.85,0,0.39,0.41,0.05,0.48,0,0,0.43,0.25,0.01,0.272843137,1.21,0,0.3,0.47,0,175.65,0,0.01,0.29,0.42,0.28,0.39,1.16,0.5,0.26,0.64,5.74,0.23,1.38,2.95,1.92,0.03,0,0
09/30/2013,0.00,0.02,21.88,0.03,1.70,0.90,1.07,0.39,0.00,0.94,0.06,0.03,0.09,4.22,11.96,1.91,1.04,0.11,0.19,0.21,0.00,0.01,0.01,1.18,0.73,0.01,0.29,0.07,0.02,0.02,0.08,5.08,2.54,0.35,0.01,4.73,0.36,11.39,0.70,0.31,0.00,0.19,0.16,0.65,1.26,0.04,0.14,0.11,0.40,0.08,0.02,0.02,1.11,0.00,0.02,0.39,0.08,0.00,0.40,1.50,0.19,1.10,0.38,5.71,0.77,1.66,5.38,4.01,10.78,2.22,0.06,0.83,1.26,16.01,6.75,0.00,0.45,0.00,0.21,0.00,0.01,0.02,1.38,0.06,0.05,0.47,0,0,0.32,0.38,0.02,0.21,0,1.17,0.33,0.19,0.01,0.139803922,0.62,0.11,1.46,0.53,0.11,170.79,0,0.01,0.22,0.61,0.29,0.41,1.08,3.75,0.04,0.34,7.77,0.22,1.3,2.78,1.81,0.05,1.28,0.01
10/31/2013,0.00,0.02,20.60,0.02,1.58,0.18,1.37,0.69,0.00,0.46,0.07,0.00,0.00,4.59,12.60,2.16,0.23,0.12,0.00,0.15,0.39,0.00,0.00,2.56,1.16,0.01,1.99,0.07,0.65,0.74,0.57,5.32,3.99,0.31,0.05,3.36,0.39,0.00,5.29,0.10,0.00,0.09,0.00,0.52,0.73,0.26,0.21,0.00,0.00,0.12,0.14,0.16,1.17,0.00,0.00,0.08,0.08,0.74,0.13,0.44,0.31,1.81,0.38,12.97,1.03,1.48,5.68,3.73,10.15,3.19,0.06,0.82,1.27,17.31,6.59,0.00,0.35,0.00,0.17,0.00,0.08,0.01,0,0.32,0.03,0,0,0,0.49,0.39,0.74,0.47,3,1.4,0.27,0.16,0.19,0.293137255,1.3,0,1.11,0.51,0.99,170.66,0,0.01,0.18,0.49,0,0,0.71,6.4,0.2,1.72,7.92,1.05,1.33,2.84,1.85,0,0.94,0
11/30/2013,0.01,0.05,19.74,0.05,1.94,0.43,1.35,1.51,0.00,0.71,0.10,1.03,0.04,4.93,12.95,1.47,0.71,0.15,0.06,0.34,0.46,0.34,0.18,4.12,1.28,0.01,1.00,0.14,0.79,0.90,0.78,5.66,5.47,0.31,0.16,1.22,0.06,0.94,0.11,0.19,0.00,0.15,0.06,0.30,0.00,0.35,0.10,0.00,0.28,0.08,0.27,0.32,0.28,0.06,0.00,0.00,0.06,0.81,0.11,0.45,0.30,1.72,0.78,9.91,1.19,1.73,5.72,4.58,9.72,4.50,0.07,0.98,1.68,21.08,6.88,0.01,0.69,0.06,0.25,0.00,0.15,0.02,0.3,0.82,0.07,0.25,0,0,0.74,0.41,0.9,0.58,2.06,1.22,0.42,0.25,0.23,0.47127451,2.09,0.04,1.45,0.36,1.72,181.74,0,0.02,0.28,0.57,0.12,0.17,1.35,3.53,0.38,1.97,8.07,1.11,1.4,2.99,1.95,0.03,2.08,0.21
12/31/2013,0.01,0.07,18.41,0.09,2.28,0.31,1.32,1.62,0.00,0.36,0.13,0.85,0.03,5.10,13.45,1.13,0.49,0.16,0.13,0.34,4.47,0.28,0.14,4.35,1.50,0.01,0.15,0.10,0.43,0.49,0.90,5.57,5.75,0.31,0.23,0.00,0.08,0.00,0.12,0.11,0.00,0.07,0.01,0.83,0.97,0.40,0.39,0.02,0.26,0.04,0.31,0.36,0.19,0.00,0.05,0.11,0.02,0.80,0.12,0.43,0.13,0.77,1.23,10.01,2.14,1.88,5.72,5.38,9.07,6.71,0.08,1.11,1.71,20.14,7.21,0.02,1.18,0.00,0.25,0.00,0.12,0.04,1.79,1.23,0.14,0.31,0,0,0.93,0.4,0.49,0.67,1.95,0.97,0.53,0.31,0.12,0.55245098,2.45,0.01,1.8,0.19,2.04,177.85,0,0.04,0.36,0.55,0.1,0.14,1.15,3.26,0.31,1.97,7.74,1.38,1.35,2.88,1.88,0.1,2.08,0.18
01/31/2014,0.03,0.16,20.91,0.23,2.39,0.56,1.33,1.65,0.00,1.15,0.12,0.91,0.00,4.94,13.04,1.10,1.10,0.20,0.11,0.08,37.07,0.30,0.15,4.15,1.23,0.02,0.03,0.21,0.39,0.45,0.92,5.52,5.68,0.31,0.21,0.00,0.13,0.00,0.48,0.29,0.00,0.24,0.19,1.11,3.11,0.41,0.60,0.00,0.56,0.30,0.38,0.45,0.48,0.00,0.06,0.30,0.03,1.28,0.12,0.01,0.00,0.00,2.09,11.33,2.40,1.98,5.81,5.64,10.30,6.96,0.11,1.51,2.31,19.46,7.39,0.04,1.55,0.00,0.23,0.00,0.16,0.08,4.01,1.32,0.36,0.31,0,0,1.12,0.44,0.45,0.55,2.11,1.37,0.55,0.32,0.11,0.642647059,2.85,0.13,1.35,0.66,2.04,164.56,0.07,0.06,0.37,0.66,0,0,0.79,4.14,0.4,1.68,9.27,2.74,1.5,3.2,2.09,0.13,0.5,0.19
02/28/2014,0.20,1.13,32.08,0.62,5.08,1.61,4.22,4.52,3.69,10.23,0.32,13.86,0.00,12.05,19.80,3.31,5.63,0.78,1.26,1.22,37.02,4.56,2.35,26.92,4.44,0.21,0.56,4.24,2.91,3.33,2.35,11.11,19.20,0.58,1.53,11.87,3.98,2.87,5.09,0.69,7.99,2.10,5.12,3.32,22.41,1.06,3.63,4.73,4.41,7.00,0.89,1.05,5.45,0.89,1.67,3.15,2.18,2.06,1.19,6.38,2.28,13.22,0.09,41.81,8.80,18.84,11.50,11.98,15.80,30.67,1.33,18.78,31.58,48.44,34.78,0.27,13.96,0.91,3.68,25.52,0.73,0.64,31.1,3.15,0.99,4.28,18.23,0,4.23,1.49,3.33,1.99,7.47,12.79,3.4,2,0.83,1.370980392,6.08,3.43,11.64,13.32,3.85,287.93,0.53,0.49,2.28,9.4,0,0,3.66,14.51,1.84,5.92,47.4,15.69,5.03,10.74,7,2.78,7.48,2.87
03/31/2014,0.32,1.77,42.66,0.72,11.67,2.74,11.55,11.16,15.90,8.40,1.03,12.68,0.50,26.90,35.39,7.31,9.59,0.96,1.07,3.61,29.11,4.17,2.15,68.72,24.42,0.24,1.90,3.66,3.12,3.57,4.41,25.55,40.90,0.62,5.40,28.16,5.15,0.00,6.78,0.51,8.66,1.72,5.06,6.78,21.18,1.99,4.91,7.34,6.54,8.47,1.77,2.08,12.10,0.81,1.41,2.40,1.91,2.58,2.00,5.78,1.07,6.18,4.99,73.40,15.22,24.49,28.31,27.53,21.01,31.11,1.53,21.59,35.65,86.45,50.06,0.39,19.63,0.83,4.95,77.62,0.63,0.55,19.12,5.77,1.16,3.45,18.12,0,4.6,2.24,3.57,10.9,4.24,5.62,5.58,3.27,0.89,1.909901961,8.47,3.39,16.37,17.88,16.54,572.26,1.73,0.7,3.74,19.88,1.59,2.23,6.1,11.29,1.6,30.01,152.28,14.88,7.6,16.23,10.57,2.35,22.18,2.62
04/30/2014,0.34,1.92,31.11,1.69,4.28,1.81,4.96,3.70,4.27,8.65,0.71,8.94,0.52,15.36,20.91,6.36,6.67,3.57,1.13,1.52,4.33,2.94,1.52,21.02,12.76,0.23,1.98,3.18,1.60,1.83,1.65,11.95,25.36,1.53,2.33,14.76,4.91,0.00,11.63,0.24,10.27,1.77,5.45,4.35,24.29,0.74,7.68,4.72,8.90,9.76,0.67,0.79,6.98,0.82,1.42,1.60,2.89,2.99,0.55,6.30,1.26,7.32,7.29,49.50,9.67,19.12,14.57,10.10,15.32,15.02,1.41,19.92,33.13,69.09,46.75,0.35,12.38,0.84,2.59,26.42,0.47,0.42,17.48,1.06,2.71,1.94,11.17,0,10.97,1.24,1.83,4.85,5.11,1.38,9.93,5.83,0.46,1.019215686,4.52,3.65,7.28,26.23,8.13,359.35,4.94,0.57,6.66,10.9,1.66,2.33,3.6,8.82,1.18,17.89,76.24,18.36,4.21,8.99,5.86,0.6,9.34,1.85
05/31/2014,0.19,1.04,24.81,2.46,2.29,0.85,1.73,1.32,0.00,4.99,0.11,1.82,0.75,6.55,16.47,2.99,3.42,6.09,0.18,0.08,2.36,0.60,0.31,3.86,3.77,0.11,0.30,1.25,0.73,0.83,0.27,6.52,10.18,2.57,0.45,6.62,0.52,0.00,11.13,0.06,5.81,1.02,2.30,1.93,16.13,0.12,6.88,0.85,6.35,4.98,0.13,0.15,1.83,0.29,0.49,0.31,2.96,3.62,0.12,1.18,0.00,0.00,9.51,20.25,4.51,7.82,10.65,5.40,12.22,5.13,0.67,9.48,15.47,26.82,26.18,0.16,5.36,0.30,0.71,2.16,0.23,0.11,3.15,0.26,3.94,0.88,0.16,0,14.66,0.54,0.83,1.57,0,0,10.5,6.16,0.21,0.405882353,1.8,1.54,0.56,16.81,2.54,200.77,4.74,0.28,7.04,3.33,2.36,3.31,2.52,6.68,0.58,7.56,31.61,12.76,1.84,3.93,2.56,0.11,0.48,0.38
06/30/2014,0.02,0.13,20.52,0.98,1.01,0.26,1.39,0.42,0.00,0.62,0.02,0.00,0.22,3.70,13.94,1.70,0.89,2.31,0.31,0.14,4.13,0.00,0.00,0.76,1.21,0.03,0.03,0.22,0.15,0.17,0.12,4.72,4.16,1.28,0.04,5.89,0.20,17.80,1.38,0.06,0.07,0.13,0.31,0.98,3.92,0.05,1.89,0.33,0.81,0.31,0.06,0.07,0.48,0.02,0.07,0.08,0.75,0.00,0.05,1.04,0.13,0.78,3.23,9.29,2.14,2.48,6.37,2.38,10.11,1.48,0.17,2.44,3.82,16.09,10.12,0.02,1.13,0.02,0.28,4.26,0.13,0.01,4.28,0.07,1.57,0.28,0,0,4.6,0.33,0.17,0.59,0.92,0,2.64,1.55,0.04,0.232254902,1.03,0.21,1.41,1.34,0,155.38,0.33,0.04,1.77,0.96,0.69,0.97,1.58,6.71,0.32,2.44,12.41,2.45,1.13,2.41,1.57,0.01,0.85,0
07/31/2014,0.00,0.02,24.76,0.26,0.79,0.12,1.13,0.28,0.00,0.64,0.00,0.12,0.00,3.24,12.46,1.56,1.05,0.56,0.25,0.00,0.44,0.04,0.02,0.25,0.51,0.01,0.06,0.06,0.08,0.09,0.07,4.19,3.58,0.53,0.00,3.48,0.00,21.74,0.21,0.03,0.00,0.13,0.00,0.74,1.17,0.03,0.37,0.20,0.46,0.11,0.03,0.04,0.59,0.00,0.01,0.53,0.00,1.89,0.03,0.37,0.16,0.90,0.77,9.38,2.17,1.46,4.94,1.86,12.20,1.55,0.07,0.97,1.49,11.64,7.20,0.00,0.51,0.00,0.12,0.00,0.00,0,4.53,0.03,0.41,0.06,0,0,0.92,0.31,0.09,0.3,1.91,0,0.49,0.29,0.02,0.329215686,1.46,0,0.63,0.46,0.12,149.83,0,0.01,0.33,0.45,0,0,0.47,4.19,0,1.01,7.57,1.33,1.04,2.22,1.45,0,0,0.03
08/31/2014,0.00,0.01,22.69,0.04,0.86,0.39,0.75,0.25,0.00,0.86,0.00,0.00,0.00,3.60,11.66,1.69,0.63,0.23,0.10,0.00,2.07,0.00,0.00,0.19,0.63,0.01,0.20,0.04,0.00,0.00,0.07,4.01,1.74,0.39,0.00,1.56,0.25,20.47,0.32,0.06,0.00,0.18,0.00,0.58,1.32,0.03,0.45,0.07,0.51,0.10,0.02,0.02,0.27,0.00,0.03,0.49,0.06,0.00,0.02,0.38,0.14,0.83,0.44,8.75,1.84,1.29,4.60,2.03,11.18,1.57,0.05,0.66,1.01,10.50,6.12,0.00,0.37,0.00,0.11,0.00,0.25,0,3.28,0.01,0.06,0.1,0.53,0,0.38,0.31,0,0.32,4.38,0,0.31,0.18,0,0.191666667,0.85,0,0.19,0.45,0,155.38,0,0,0.21,0.33,0,0,1.09,3.62,0.63,0.95,2.66,1.35,1.06,2.26,1.47,0,0,0
09/30/2014,0.00,0.01,20.28,0.00,1.00,0.27,0.75,0.28,0.00,1.20,0.01,0.27,0.00,3.38,11.43,1.74,0.79,0.10,0.02,0.00,4.45,0.09,0.05,0.68,0.40,0.01,0.23,0.04,0.02,0.02,0.04,3.73,1.36,0.35,0.01,2.05,0.26,21.99,1.39,0.10,0.22,0.25,0.18,0.25,0.00,0.02,0.32,0.24,0.29,0.06,0.01,0.01,0.64,0.00,0.04,0.37,0.06,4.82,0.10,0.37,0.30,1.73,0.09,7.73,1.53,1.08,4.30,2.36,9.99,1.31,0.04,0.63,0.98,10.96,5.24,0.00,0.30,0.00,0.10,0.00,0.00,0.01,2.07,0.03,0,0.35,0.38,0,0.29,0.32,0.02,0.12,3.18,0.36,0.28,0.16,0.01,0.112745098,0.5,0.12,0.09,0.41,0,138.87,0,0,0.19,0.28,0,0,0.97,1.77,0,0.35,5.92,0.82,1.08,2.31,1.5,0.02,0,0.06
10/31/2014,0.00,0.02,18.16,0.08,1.52,0.29,0.77,0.59,0.00,0.85,0.05,0.58,0.00,3.91,13.13,1.69,1.23,0.14,0.00,0.54,12.24,0.19,0.10,2.65,0.59,0.01,0.09,0.06,0.27,0.31,0.53,4.28,2.89,0.31,0.06,3.00,0.33,0.00,3.05,0.04,0.00,0.17,0.00,0.51,1.40,0.24,0.22,0.30,0.34,0.08,0.11,0.13,1.56,0.00,0.03,0.21,0.00,8.43,0.16,0.40,0.47,2.72,0.43,9.11,2.06,1.48,5.06,3.59,8.95,2.54,0.07,1.00,1.53,14.02,5.99,0.00,0.36,0.00,0.16,0.00,0.08,0.01,1.09,0.27,0.13,0.25,0,0,0.58,0.28,0.31,0.2,0,0.2,0.23,0.13,0.08,0.056372549,0.25,0,2.96,0.37,0.74,182.16,0,0.01,0.15,0.63,0,0,0.51,0.92,0.19,0.5,18.65,1.51,0.96,2.05,1.34,0.02,3.32,0.12
11/30/2014,0.02,0.13,21.28,0.54,2.59,0.40,1.27,1.69,0.13,2.16,0.08,1.37,0.02,4.90,14.48,1.80,1.68,0.33,0.57,0.39,138.65,0.45,0.23,9.92,1.84,0.02,0.04,0.28,0.62,0.71,0.81,5.21,6.79,0.34,0.31,3.63,0.17,0.89,0.86,0.16,0.00,0.44,0.04,1.00,3.73,0.37,1.28,0.45,0.82,0.25,0.29,0.34,1.01,0.02,0.17,0.78,0.22,2.69,0.30,0.83,0.27,1.54,2.27,11.08,2.46,2.67,7.05,6.11,10.48,4.16,0.15,2.13,3.31,19.23,7.76,0.03,1.88,0.02,0.54,0.00,0.23,0.07,4.3,1.05,0.87,0.53,1.9,0,1.83,0.44,0.71,1.03,1.42,1.36,0.54,0.32,0.18,0.453235294,2.01,0.03,1.79,0.82,2.07,186.42,0,0.06,0.36,1.51,0.06,0.08,0.95,2.48,0.57,1.49,30.97,2.42,1.49,3.18,2.07,0.14,2.38,0.28
12/31/2014,0.13,0.73,50.80,0.76,21.10,2.45,20.24,15.85,58.78,12.76,10.86,22.95,0.34,37.10,73.97,7.74,11.59,0.72,12.07,11.74,10.41,7.55,3.90,159.90,100.24,0.26,0.13,2.42,4.76,5.44,7.81,39.89,56.45,0.52,23.92,25.14,32.33,26.15,7.75,0.47,5.46,2.61,2.97,8.14,18.13,3.52,2.49,29.24,6.79,8.06,3.05,3.59,12.04,0.76,1.78,2.16,1.92,3.16,2.79,4.41,2.71,15.74,2.27,81.65,19.02,24.33,42.89,49.77,25.02,38.80,1.66,23.46,38.38,125.95,51.14,0.18,9.93,0.78,6.43,92.49,0.46,0.43,125.64,13.94,1.21,3.93,25.18,0,3.84,3.35,5.44,61.71,2.77,5.24,2.23,1.31,1.36,2.516470588,11.16,1.99,19.98,15.45,48.73,931.19,0.99,0.33,1.5,17.23,1.09,1.53,12.59,16.3,1.17,73.62,270.7,8.59,11.33,24.2,15.76,1.85,72.15,4.75
01/31/2015,0.08,0.45,22.61,0.23,4.86,1.26,2.29,4.38,5.49,3.19,0.91,2.71,0.21,9.13,23.24,2.49,3.90,0.29,1.80,1.71,75.49,0.89,0.46,13.59,11.63,0.07,2.77,1.24,0.58,0.66,1.79,8.61,18.70,0.41,1.86,0.00,8.80,0.00,3.14,0.26,1.59,0.65,1.31,3.02,6.65,0.81,1.33,3.03,2.80,3.11,0.70,0.82,3.79,0.16,0.37,0.53,0.21,1.59,0.92,1.64,0.63,3.67,2.29,29.33,4.02,7.09,10.34,11.46,11.14,15.00,0.47,6.68,10.77,40.56,19.82,0.10,5.60,0.17,1.72,7.46,0.17,0.16,11.39,2.7,0.36,1.02,6.87,0,1.54,0.89,0.66,6.88,1.5,0.68,1.44,0.85,0.17,0.773431373,3.43,0.88,3.02,6.51,1.07,317.69,0.46,0.18,0.97,6.29,0.65,0.91,3.52,3.55,0.43,8.06,80.94,4.54,3,6.41,4.17,0.55,10.52,0.56
02/28/2015,0.31,1.75,43.71,1.04,7.88,4.08,7.89,6.79,27.28,10.14,5.76,6.81,0.79,19.62,27.32,7.92,12.33,1.87,10.90,10.60,10.96,2.24,1.16,35.64,63.85,0.24,0.16,3.81,1.68,1.92,3.16,19.76,48.61,0.98,10.99,21.54,13.99,0.00,10.42,1.12,10.36,2.08,6.18,6.67,28.17,1.43,5.15,15.59,11.25,7.76,1.36,1.60,13.08,0.94,1.63,2.84,2.30,3.87,1.22,5.92,0.69,4.03,6.31,84.77,19.09,17.80,19.60,18.59,21.53,16.82,1.47,20.79,34.84,107.91,49.92,0.35,17.83,0.96,2.99,22.39,0.54,0.5,70.4,3.01,1.66,2.78,15.54,0,7.43,1.94,1.92,32.98,3.85,5.16,7.78,4.57,0.48,1.573921569,6.98,4.14,13.17,20.24,20.44,720.66,3.37,0.64,5.22,18.97,2.49,3.5,5.31,12.6,1.37,50.41,289.02,15.46,6.57,14.03,9.14,1.1,65.08,1.41
03/31/2015,0.08,0.42,25.01,0.78,2.99,1.47,1.78,1.93,3.83,2.79,0.91,2.22,0.14,8.33,17.22,3.39,4.52,1.84,1.66,1.77,10.49,0.73,0.38,9.00,10.21,0.08,3.75,1.13,0.57,0.65,0.89,7.46,15.49,0.97,1.71,8.24,2.89,0.00,6.00,0.26,2.97,0.57,1.40,2.44,10.61,0.40,2.63,2.17,4.29,2.83,0.35,0.41,2.05,0.08,0.55,0.66,0.88,1.94,0.23,2.33,1.27,7.37,2.79,25.53,2.12,5.36,10.19,7.05,12.32,4.00,0.55,7.70,12.07,36.49,18.76,0.07,2.41,0.09,1.19,2.68,0.25,0.05,8.53,0.6,1.25,0.54,5.66,0,4.86,0.67,0.65,5.9,1.06,0.76,3.7,2.17,0.16,0.703529412,3.12,0.94,2.91,7.98,4.46,262.18,1.69,0.13,2.48,3.85,0.44,0.62,2.82,3.46,0.62,12.4,65.44,5.85,2.27,4.85,3.16,0.07,10.85,0.46
04/30/2015,0.08,0.46,21.80,0.88,2.26,0.98,1.36,1.23,2.00,2.85,0.53,1.37,0.00,6.18,14.46,2.73,3.37,1.99,0.87,1.30,4.05,0.45,0.23,5.41,5.47,0.06,0.09,0.80,0.63,0.72,0.42,5.59,11.77,1.08,0.84,8.96,1.11,0.00,5.39,0.30,2.84,0.58,1.67,2.06,10.87,0.19,2.84,1.16,3.28,1.96,0.18,0.21,1.70,0.10,0.45,1.11,0.98,1.23,0.18,2.26,0.81,4.70,3.43,17.71,3.87,4.19,8.75,5.33,10.74,1.93,0.41,5.86,9.28,25.69,14.92,0.07,2.60,0.10,0.92,0.00,0.28,0.05,3.22,0.31,1.41,0.44,1.68,0,5.24,0.52,0.72,3.61,1.17,1.29,3.82,2.24,0.18,0.484803922,2.15,1.12,2.6,6.72,1.72,220.81,2.06,0.12,2.56,2.87,0,0,2.14,4.91,0.7,6.4,55.28,7.95,1.76,3.76,2.45,0.06,8.01,0.28
05/31/2015,0.05,0.30,22.11,1.16,1.55,1.33,1.05,0.59,0.00,2.71,0.23,0.15,0.00,5.48,15.16,2.14,1.87,3.71,0.32,0.76,5.66,0.05,0.03,2.16,3.15,0.06,0.06,0.71,0.62,0.71,0.20,5.23,7.40,1.72,0.39,6.09,0.74,0.00,4.68,0.28,2.86,0.55,1.64,1.48,9.33,0.09,4.29,0.18,2.67,1.36,0.11,0.13,1.15,0.21,0.25,0.74,1.55,8.88,0.11,2.27,0.73,4.22,3.87,12.70,2.71,3.62,8.23,3.66,10.89,1.38,0.41,5.74,9.47,19.69,12.45,0.05,1.75,0.22,0.52,0.00,0.19,0.03,1.94,0.13,1.87,0.49,0,0,8.32,0.41,0.71,2.5,0.82,1.27,5.05,2.96,0.18,0,0,1.1,1.98,5,1.02,185.11,2.77,0.09,3.39,1.4,0,0,3.69,7.81,0.49,3.35,39.48,8.74,1.39,2.97,1.93,0.03,4.67,0.03
06/30/2015,0.01,0.08,23.73,0.54,1.10,0.33,1.02,0.39,0.00,0.87,0.05,0.00,0.00,3.98,12.10,1.73,1.04,1.84,0.32,0.42,4.33,0.00,0.00,0.60,1.11,0.03,0.34,0.27,0.41,0.47,0.12,4.27,5.39,1.08,0.08,4.16,1.42,7.33,1.16,0.00,0.28,0.18,0.24,0.84,2.52,0.05,1.73,1.09,0.90,0.25,0.06,0.07,0.66,0.04,0.08,0.52,0.35,2.51,0.06,0.86,0.39,2.29,2.06,14.33,3.10,1.98,6.00,2.59,11.69,1.01,0.17,2.36,3.75,14.83,7.43,0.01,0.77,0.04,0.22,0.00,0.14,0.01,4.45,0.07,0.87,0.33,0,0,3.63,0.35,0.47,0.61,1.03,1.81,2.05,1.2,0.12,0.338235294,1.5,0.16,1.9,1.1,0,164.49,0.43,0.03,1.37,0.73,0,0,0.96,7.33,0.35,0.79,18.04,3.16,1.2,2.56,1.67,0.01,2.58,0
07/31/2015,0.00,0.02,22.03,0.13,0.85,0.33,0.84,0.25,0.00,0.53,0.01,0.91,0.00,3.30,11.48,1.59,0.96,0.71,0.00,0.32,1.58,0.30,0.15,0.25,0.46,0.01,0.06,0.08,0.00,0.00,0.08,3.64,3.60,0.52,0.01,0.00,0.54,17.39,0.69,0.00,0.00,0.11,0.03,0.78,0.03,0.04,0.30,0.84,0.84,0.13,0.04,0.05,0.49,0.02,0.01,0.43,0.07,1.40,0.02,0.37,0.40,2.31,0.89,8.88,2.07,1.16,4.60,2.01,10.85,1.12,0.08,1.07,1.69,13.02,5.68,0.00,0.51,0.02,0.10,0.00,0.02,0,1.19,0.02,0.21,0.16,0,0,1.17,0.31,0,0.22,0,0,0.75,0.44,0,0.435196078,1.93,0.02,1.32,0.54,0,150.74,0.03,0.01,0.5,0.4,0,0,0,6.04,0.04,0.23,9,2.12,1.06,2.26,1.47,0,1.97,0.19
08/31/2015,0.00,0.01,20.51,0.00,0.97,0.40,0.80,0.24,0.00,0.60,0.00,1.52,0.00,2.97,10.72,1.66,0.44,0.15,0.65,0.34,2.82,0.50,0.26,0.08,0.37,0.01,0.42,0.03,0.00,0.00,0.05,3.64,2.00,0.35,0.00,3.82,0.40,13.77,0.57,0.00,0.00,0.12,0.00,0.60,0.18,0.02,0.23,0.18,0.27,0.06,0.02,0.02,0.25,0.00,0.02,0.35,0.08,0.00,0.10,0.25,0.39,2.28,0.24,6.60,1.16,0.91,4.02,2.29,10.10,1.11,0.04,0.62,0.95,10.58,4.45,0.00,0.19,0.00,0.05,0.00,0.02,0,0.22,0.01,0,0.15,0.97,0,0.23,0.32,0,0.12,1.36,0.91,0.19,0.11,0,0.232254902,1.03,0,0.89,0.32,0,137.02,0,0,0.13,0.26,0,0,0.91,1.7,0.04,0.17,5.12,1.17,1.09,2.33,1.52,0.01,2.07,0.31
09/30/2015,0.00,0.01,16.42,0.00,1.13,0.11,0.83,0.29,0.00,0.63,0.02,0.24,0.00,3.12,10.09,1.67,0.72,0.11,0.15,0.28,1.23,0.08,0.04,0.40,0.48,0.00,0.47,0.03,0.00,0.00,0.04,3.87,1.88,0.36,0.01,0.73,0.38,10.75,1.14,0.00,0.00,0.13,0.04,0.23,0.01,0.02,0.03,0.08,0.07,0.04,0.01,0.01,0.94,0.00,0.00,0.20,0.07,1.65,0.04,0.24,0.36,2.06,0.31,6.46,1.08,0.90,4.13,2.67,8.09,0.91,0.03,0.43,0.66,13.59,4.12,0.06,0.27,0.00,0.05,0.00,0.08,0.01,0,0.04,0,0,0.81,0,0.3,0.32,0,0.13,0,0,0.27,0.16,0,0.232254902,1.03,0.03,2.73,0.29,0,142.77,0,0,0.18,0.24,0.01,0.01,0.1,0,0.19,0.2,6.8,0.74,1.07,2.29,1.49,0,1.73,0.05
10/31/2015,0.01,0.05,18.79,0.08,1.68,0.13,1.04,0.55,0.00,1.14,0.08,0.06,0.13,3.43,10.43,1.66,0.52,0.16,0.00,0.00,2.10,0.02,0.01,1.09,0.56,0.01,0.18,0.06,0.71,0.81,0.62,3.90,4.92,0.34,0.02,0.00,0.21,0.00,1.31,0.05,0.00,0.23,0.01,0.32,1.65,0.28,0.14,0.00,0.28,0.11,0.06,0.07,2.02,0.00,0.00,0.44,0.10,7.24,0.25,1.03,0.25,1.46,0.72,8.22,1.75,1.10,4.46,3.96,9.26,3.09,0.05,0.74,1.12,13.04,4.86,0.01,0.77,0.00,0.09,0.00,0.12,0.02,0,0.36,0.12,0.16,0,0,0.7,0.3,0.81,0.19,0.58,1.01,0.44,0.26,0.2,0.12627451,0.56,0.01,2.16,0.45,0.5,140.95,0,0.02,0.29,0.33,0.4,0.56,0.05,0,0.3,0.42,0,0.55,1.01,2.16,1.4,0.04,0,0.01
11/30/2015,0.04,0.22,17.60,0.46,2.02,0.31,1.57,0.64,0.00,1.58,0.08,1.16,0.30,4.09,11.41,1.67,0.83,0.37,0.49,0.00,34.83,0.38,0.20,3.47,0.63,0.02,0.70,0.13,0.59,0.67,0.83,4.47,6.37,0.44,0.11,0.38,0.04,0.00,1.29,0.21,0.00,0.32,0.10,0.67,3.48,0.38,0.35,0.00,0.36,0.14,0.24,0.28,0.58,0.00,0.00,0.60,0.41,6.82,0.63,0.28,0.00,0.00,2.55,6.00,0.53,1.71,5.12,4.77,8.67,3.48,0.11,1.53,2.36,10.12,5.92,0.04,2.50,0.00,0.25,0.00,0.18,0.09,2.08,0.41,0.74,0.95,5.72,0,1.85,0.34,0.67,0.21,0,0,0.8,0.47,0.17,0.160098039,0.71,0.07,0,0.59,1.22,155.69,0.35,0.08,0.54,0.68,0.96,1.35,1.83,0,0.46,0.47,3.6,2.15,1.14,2.43,1.59,0.28,0,0.24
12/31/2015,0.13,0.72,29.51,0.67,7.24,1.34,6.75,3.94,9.38,7.07,0.29,8.06,0.72,12.33,29.34,3.77,5.02,0.60,1.36,1.28,126.09,2.65,1.37,54.09,18.17,0.14,1.95,1.31,2.76,3.15,3.04,13.16,28.62,0.58,2.66,16.35,4.63,0.00,3.22,0.63,3.81,1.45,2.61,2.50,14.38,1.37,0.00,5.81,2.54,1.88,1.13,1.33,3.88,0.27,1.44,1.92,0.83,3.40,4.44,11.55,3.03,17.59,2.16,30.19,4.68,12.39,14.88,17.08,14.54,16.75,0.90,12.69,20.31,33.54,24.34,0.18,7.28,0.28,3.44,29.62,1.04,0.39,15.81,3.85,1.08,4.39,15.1,0,3.68,1.12,3.15,11.39,4.08,15.92,2.07,1.21,0.79,0.974117647,4.32,1.75,11.63,4.43,11.48,308.47,0.75,0.32,1.39,7.02,2.28,3.2,3.64,8.73,2.63,13.61,52.99,5.32,3.78,8.07,5.26,4.78,7.87,1.67
01/31/2016,0.40,2.21,44.85,1.10,25.24,3.23,29.85,14.54,52.80,13.03,4.73,26.36,1.61,42.52,56.21,7.94,10.48,0.98,8.00,12.05,31.30,8.67,4.48,191.02,122.24,0.41,3.58,4.19,7.06,8.07,13.16,46.07,96.85,0.70,21.29,34.80,21.34,0.00,5.90,1.19,13.01,2.67,6.86,7.44,28.92,5.94,0.69,28.03,6.38,7.09,5.34,6.28,14.19,1.10,3.53,2.93,1.10,6.06,9.05,23.17,5.84,33.87,0.88,107.83,21.14,43.42,41.26,59.54,22.09,63.29,2.64,37.23,60.56,102.22,68.99,0.53,22.30,1.13,11.22,128.55,2.05,1.29,80.78,19.32,1.77,10.23,43.31,0,5.58,3.66,8.07,78.58,6.06,26.08,4.45,2.61,2.02,3.725098039,16.52,4.59,38.41,13.5,38.84,1017.86,1.23,0.96,2.98,30.55,5.09,7.15,11.25,18.12,5.17,79.65,219.62,11.79,12.38,26.44,17.22,16.05,74.04,5.45
02/29/2016,0.72,4.01,33.43,0.62,12.77,3.67,8.23,8.89,18.58,7.85,0.92,10.43,2.44,20.97,31.18,4.66,6.86,1.05,2.00,3.90,173.89,3.43,1.77,38.42,33.73,0.28,3.63,3.95,2.09,2.39,6.64,23.18,64.78,0.62,6.35,0.00,8.11,0.00,6.24,2.34,12.58,1.61,7.24,4.97,22.94,3.00,4.35,8.04,7.82,7.97,2.64,3.10,10.16,0.56,0.73,2.31,1.21,2.27,6.55,7.53,0.21,1.23,8.58,80.55,13.38,23.70,19.72,30.12,16.47,63.76,1.83,25.87,41.44,85.28,55.25,1.10,37.98,0.57,6.54,39.35,1.07,1.99,17.54,10.19,0.99,7.67,16.94,0,6.02,2.42,2.39,20.93,0,0,7.69,4.51,0.6,2.568333333,11.39,4.85,16.09,14.52,10.9,569.5,1.67,1.79,5.16,18.56,7.72,10.84,7.2,12.35,2.7,21.14,179.88,18.8,8.18,17.47,11.38,11.92,23.97,2.16
03/31/2016,1.49,8.30,90.87,1.22,37.66,9.38,44.06,27.28,73.01,21.78,11.53,41.50,4.19,88.99,69.05,22.12,27.24,2.76,23.40,19.10,18.18,13.65,7.05,162.54,110.33,0.85,12.32,9.69,13.09,14.96,21.53,83.25,260.98,1.05,24.56,35.39,21.94,23.12,14.13,5.84,31.63,4.46,17.19,18.79,50.69,9.71,2.71,44.43,21.24,14.96,9.22,10.84,32.75,0.63,6.06,5.99,3.09,5.92,14.45,29.22,5.06,29.39,10.32,279.82,49.07,81.35,66.35,88.84,44.76,148.63,5.70,80.48,125.45,252.78,163.74,1.64,66.89,0.64,15.65,215.09,3.06,2.53,155.9,22.19,1.96,14.44,75.35,0,12.57,6.76,14.96,60.01,20.91,18.1,20.87,12.25,3.74,7.614803922,33.77,11.51,83.18,32.01,68.07,1636.44,4.03,2.95,13.99,64.43,13.27,18.63,27.04,28.17,7.71,76.41,441.25,39.27,22.89,48.89,31.84,21.38,117.35,8.59
04/30/2016,1.05,5.86,64.73,1.81,9.45,7.72,4.57,5.17,11.19,16.72,1.41,8.54,2.49,22.44,35.18,10.62,17.26,6.33,2.91,3.41,11.64,2.81,1.45,25.82,23.07,0.37,3.73,8.46,0.00,0.00,2.16,18.96,80.04,2.34,4.36,0.00,6.77,0.00,22.51,3.17,24.39,3.42,11.40,8.39,42.36,0.97,7.84,5.54,23.39,13.82,1.00,1.18,14.11,0.65,2.02,5.12,4.62,2.89,1.60,2.54,0.00,0.00,10.72,98.03,16.65,26.03,25.21,22.29,31.88,54.62,2.43,34.36,54.76,87.03,99.61,0.91,29.28,0.67,3.86,45.13,0.88,1.09,17.6,2.26,2.9,4.16,15.21,0,19.77,2.25,0,13.49,0,0,25.49,14.96,0,1.94372549,8.62,7.63,21.74,36.37,9.7,486.99,8.07,1.77,17.09,17.77,7.89,11.08,6.54,13.59,2.21,23.82,256.73,39.22,7.62,16.28,10.6,1.75,20.95,1.77
05/31/2016,0.69,3.83,56.38,3.51,6.76,3.89,2.40,2.65,4.52,15.84,0.69,2.25,1.88,13.54,29.34,6.48,14.81,10.05,1.14,1.93,8.32,0.74,0.38,13.85,10.45,0.28,1.71,4.95,7.94,9.07,0.65,12.51,36.00,4.24,1.81,0.00,1.92,0.00,31.55,1.37,18.18,3.24,6.15,5.04,37.79,0.29,10.88,2.83,21.66,12.08,0.36,0.42,6.28,0.94,1.09,2.79,5.74,20.33,1.13,0.00,0.00,0.00,14.84,56.90,10.59,18.06,23.89,15.95,27.77,36.66,1.77,25.02,41.30,70.67,86.82,0.54,15.74,0.96,2.67,11.62,0.55,0.42,6.15,0.89,5.62,2.91,6.14,0,26.04,1.44,9.07,7.59,0,0,26.68,15.66,2.27,1.093627451,4.85,4.12,9.06,37.04,6.46,303.81,10.67,0.97,17.89,7.95,5.96,8.37,4.38,12.28,1.39,10.67,172.31,37.59,4.88,10.42,6.79,0.8,11.87,0.47
06/30/2016,0.16,0.90,31.26,2.87,3.84,0.93,1.37,1.10,0.05,4.54,0.20,1.49,1.31,7.87,22.08,2.95,4.23,7.14,0.81,0.91,1.44,0.49,0.25,5.91,3.60,0.09,0.19,0.74,0.00,0.00,0.28,8.46,9.85,3.48,0.69,0.00,0.00,0.00,12.56,0.02,6.24,0.93,1.24,1.57,14.92,0.12,2.99,1.40,5.50,2.82,0.13,0.15,1.15,0.16,0.30,0.00,2.99,0.00,0.49,0.00,0.00,0.00,8.34,21.55,4.97,6.21,16.46,9.06,15.40,13.16,0.57,8.02,12.81,40.08,34.91,0.15,5.74,0.16,0.90,20.31,0.35,0.1,3.85,0.25,4.61,1.83,2.88,0,15.45,0.63,0,2.6,0,0,12.02,7.05,0,0.59754902,2.65,0.83,1.92,10.82,3.04,223.69,5.15,0.27,8.06,2.55,4.15,5.83,1.75,7.49,0.89,2.8,60.39,14.98,2.13,4.55,2.96,0.22,5.61,0.31
07/31/2016,0.02,0.10,19.90,0.66,2.22,0.35,1.20,0.50,0.00,0.00,0.07,0.00,0.42,5.20,16.31,1.85,1.92,1.16,0.21,0.37,0.00,0.00,0.00,1.90,1.19,0.02,0.59,0.14,0.00,0.00,0.14,5.39,4.14,0.90,0.16,4.81,0.00,19.97,1.61,0.01,0.48,0.00,0.10,0.82,2.26,0.06,0.00,0.68,0.70,0.18,0.05,0.06,0.24,0.00,0.09,0.35,0.34,4.45,0.36,0.00,0.00,0.00,2.09,9.41,1.66,2.61,8.43,5.24,9.80,5.82,0.14,1.91,2.93,31.93,13.39,0.02,2.51,0.00,0.27,0.00,0.17,0.02,1.95,0.04,1.06,1.31,0,0,1.94,0.4,0,0.63,3.29,0.65,1.57,0.92,0,0.216470588,0.96,0.07,2.51,0.73,1.5,176.13,0,0.04,1.05,0.89,1.34,1.88,1.88,8.8,0.43,0.62,21.36,1.42,1.37,2.93,1.91,0.14,2.28,0
08/31/2016,0.01,0.03,18.40,0.02,1.94,0.48,1.24,0.40,0.00,1.33,0.03,0.00,0.16,3.91,13.53,1.73,0.66,0.16,0.10,0.23,0.00,0.00,0.00,0.77,0.64,0.01,0.48,0.05,0.11,0.13,0.07,4.73,3.06,0.41,0.03,4.38,0.00,21.80,0.42,0.01,0.00,0.27,0.00,0.46,1.24,0.03,0.00,0.34,0.26,0.10,0.01,0.01,0.00,0.00,0.00,0.28,0.05,2.04,0.49,0.00,0.00,0.00,0.65,8.00,1.43,1.72,6.06,4.58,9.06,4.23,0.08,1.07,1.64,24.77,8.96,0.01,0.74,0.00,0.13,0.00,0.22,0.03,0.78,0.04,0.03,0.08,0,0,0.46,0.37,0.13,0.21,1.26,0,0.54,0.32,0.03,0.414901961,1.84,0,0,0.59,0.67,160.53,0,0.01,0.36,0.48,0.51,0.72,0.65,7.35,0.55,0.26,6.74,0.32,1.25,2.67,1.74,0.01,1.4,0
09/30/2016,0.00,0.02,13.83,0.02,1.88,0.12,1.62,0.41,0.00,2.00,0.05,0.00,0.09,3.68,12.35,1.74,0.31,0.09,0.06,0.00,15.82,0.00,0.00,0.81,0.70,0.01,0.11,0.03,0.24,0.27,0.08,4.70,3.61,0.33,0.03,3.95,0.00,0.00,0.17,0.01,0.00,0.41,0.00,0.75,1.36,0.04,0.00,0.09,0.01,0.09,0.02,0.02,0.03,0.00,0.00,0.20,0.03,3.02,0.14,0.00,0.00,0.00,0.35,7.27,1.62,1.42,5.36,4.43,6.81,3.09,0.06,0.86,1.31,29.34,7.25,0.00,0.41,0.00,0.11,0.00,0.09,0.02,0.18,0.08,0.02,0.17,0,0,0.25,0.36,0.27,0.19,0,0,0.29,0.17,0.07,0.423921569,1.88,0,0,0.64,0.56,154.97,0,0.01,0.19,0.37,0.3,0.42,0.65,2.29,0.23,0.26,3.91,0.18,1.23,2.63,1.71,0.03,0,0
10/31/2016,0.27,1.53,30.59,2.23,5.26,0.27,4.43,1.61,0.83,9.22,0.18,3.50,1.78,9.95,17.27,4.78,5.46,1.83,2.74,1.40,16.60,1.15,0.59,15.38,2.79,0.11,1.16,2.02,2.87,3.28,2.10,9.17,18.38,1.46,0.63,3.14,0.32,0.00,11.07,0.26,7.45,1.89,3.42,2.88,17.48,0.95,3.03,1.57,4.05,4.64,0.20,0.24,3.61,0.21,0.38,2.57,1.97,1.90,0.85,3.26,0.00,0.00,7.20,21.25,3.69,8.41,12.51,12.41,15.07,13.11,0.75,10.53,16.81,39.20,23.32,0.39,18.28,0.22,0.26,0.00,0.49,0.74,10.91,1.18,3.57,6.9,1.22,0,9.86,0.91,3.28,0.97,0,26.92,4.71,2.76,0.82,0.455490196,2.02,2.29,4.54,11.91,1.76,302.1,3.67,0.7,3.16,5.04,5.63,7.9,2.85,14.53,1.23,1.93,92.06,12.64,3.09,6.6,4.3,4.07,8.63,0.72
11/30/2016,0.23,1.31,23.97,0.48,8.42,0.60,6.91,3.50,5.70,5.48,0.24,7.17,1.06,13.03,20.06,3.77,3.61,0.67,1.37,2.24,74.25,2.36,1.22,43.40,15.04,0.13,0.57,1.55,1.44,1.65,3.30,13.26,24.12,0.72,2.02,8.60,2.94,22.96,5.86,0.14,5.03,1.12,2.39,2.64,12.43,1.49,0.00,2.66,3.95,5.06,1.16,1.36,3.86,0.15,1.10,0.99,0.81,2.03,6.09,3.56,0.53,3.07,4.11,25.76,5.48,11.58,16.64,19.86,11.81,21.09,0.89,12.62,19.82,38.59,27.06,0.26,10.20,0.15,3.86,1.65,0.87,0.7,16.19,3.52,0.78,2.96,10.12,0,4.33,0.92,1.65,9.79,4.25,1.78,3.16,1.85,0.41,0.487058824,2.16,1.6,8.44,9.86,3.03,409.73,1.03,0.46,2.12,6.52,3.35,4.7,3.59,8.66,2.2,10.8,97.23,7.2,3.11,6.64,4.33,4.61,13.79,1.48
12/31/2016,1.18,6.58,54.80,1.53,35.51,4.39,33.45,17.82,24.21,26.51,3.22,26.72,4.54,69.47,66.47,10.79,14.29,2.21,6.29,6.01,329.86,8.79,4.54,143.41,52.33,0.63,3.93,12.81,7.95,9.09,22.46,58.04,126.33,1.11,10.13,0.00,7.31,20.06,18.48,1.52,28.61,5.43,13.80,9.76,58.29,10.13,1.00,16.10,20.28,23.44,8.65,10.17,19.40,1.27,4.38,4.35,2.28,3.24,16.85,15.90,1.76,10.22,5.21,130.72,25.96,62.02,56.45,83.77,26.99,103.94,4.08,57.60,92.35,87.94,106.87,1.57,63.30,1.30,10.96,148.90,2.42,3.96,69.16,25.64,2.45,9.71,53.04,0,12.88,3.87,9.09,33.63,17.05,10.8,12.82,7.52,2.27,3.09372549,13.72,9.24,31.26,42.85,23.77,772.54,3.76,2.82,8.59,36.2,14.39,20.2,12.36,26.92,6.09,33.95,184.33,30.12,13.11,28,18.23,28.15,36.89,5.53
01/31/2017,2.70,15.08,66.07,1.98,47.69,13.22,61.70,29.21,110.32,16.07,31.79,64.11,9.43,121.71,81.84,16.72,23.96,2.98,51.25,15.79,320.37,21.09,10.89,217.19,150.47,1.34,11.98,10.67,24.04,27.47,44.80,96.29,264.04,1.86,30.38,70.68,39.45,72.04,17.69,8.73,38.18,3.29,17.61,14.06,52.92,20.21,2.94,75.52,27.39,20.07,18.66,21.94,22.08,0.29,9.95,6.48,3.33,8.04,16.56,41.38,15.42,89.46,34.95,304.51,52.46,120.53,66.04,112.50,32.54,244.78,9.02,127.42,196.45,243.03,191.60,3.15,133.43,0.30,21.63,256.43,5.97,6.81,408.13,40.89,3.18,40.7,142.49,0,17.83,8.59,27.47,100.24,35.71,41.83,26.54,15.58,6.87,11.05352941,49.02,11.79,137.53,37.85,101.77,1453.23,4.98,5.67,17.79,53.6,29.87,41.93,31.27,34.72,15.05,89.36,220.03,60.81,29.09,62.14,40.46,75.01,97,13.27
02/28/2017,2.95,16.47,134.53,1.89,61.13,28.92,76.39,40.91,180.83,27.49,36.02,57.88,7.28,152.56,103.58,32.74,46.68,4.56,70.90,25.20,82.79,19.04,9.83,189.26,190.24,1.82,22.07,11.45,26.26,30.01,47.13,137.45,566.87,1.94,45.02,10.32,50.59,127.65,19.32,18.89,55.89,5.63,27.11,26.77,99.60,21.26,7.70,90.94,35.31,19.13,20.60,24.22,19.97,0.29,18.07,6.92,4.69,5.93,50.81,61.83,27.88,161.77,24.28,605.02,104.41,168.40,90.80,144.21,66.26,344.83,12.28,173.46,267.12,431.98,292.24,3.23,125.33,0.30,42.45,318.97,7.33,4.62,375.74,41.76,3.04,49.73,163.47,0,20.37,14.2,30.01,114,19.14,164.21,39.56,23.22,7.5,25.36990196,112.51,18.15,209.44,44.3,125.79,2716.91,5.23,5.82,26.52,96.3,23.06,32.37,54.24,26.39,18.47,109.97,476.65,68.46,48.08,102.7,66.87,73.29,154.77,11.98
03/31/2017,1.65,9.21,75.22,0.82,19.15,21.37,19.07,12.81,50.27,15.70,6.40,30.04,4.32,54.37,55.27,19.75,19.69,3.89,12.36,9.18,68.46,9.88,5.10,107.84,68.19,0.59,18.86,5.34,7.00,8.00,9.84,51.43,245.82,1.05,15.43,0.00,13.61,45.05,9.79,20.33,25.59,3.22,14.33,12.16,38.27,4.44,2.01,20.34,19.34,10.26,4.10,4.82,4.73,0.12,5.80,4.11,3.42,0.00,9.71,20.53,6.52,37.81,19.34,266.04,24.74,33.15,36.20,45.17,37.05,125.99,4.00,56.46,87.02,191.58,135.21,1.42,51.17,0.12,15.62,74.67,2.57,2.48,69.19,7.95,1.31,14.18,39.14,0,15.84,4.9,8,37.02,10.56,27.67,27.88,16.36,2,9.808823529,43.5,9.59,60.65,24.63,32.52,1245.93,3.72,2.55,18.69,34.73,13.69,19.22,22.77,20.99,6.47,47.91,338.89,42.91,16.59,35.44,23.07,9.12,56.38,6.21
04/30/2017,1.22,6.79,106.54,1.39,18.32,18.83,23.27,8.65,39.58,25.71,3.94,35.90,3.50,63.40,62.84,26.89,32.60,8.66,12.57,10.53,20.91,11.81,6.10,105.99,54.81,0.86,24.07,8.54,8.75,10.00,5.90,67.66,274.02,1.80,12.88,33.98,11.45,60.42,17.24,20.89,37.96,5.27,21.23,17.24,54.42,2.66,5.67,16.50,30.68,14.14,2.93,3.44,11.30,0.08,7.12,6.03,5.31,22.75,4.52,31.13,14.03,81.44,6.32,349.09,38.92,56.08,45.79,43.22,52.47,90.30,5.82,82.20,126.39,231.35,185.59,1.05,26.69,0.08,9.34,120.07,2.47,0.75,57.53,4,2.23,13.42,50.2,0,25.42,6.17,10,31.41,8.08,54.78,37.35,21.92,2.5,10.44470588,46.32,14.21,87.71,38.83,26.02,1256.89,6.46,1.88,25.04,54.51,11.09,15.57,23.67,33.91,6.23,48.48,285.84,47.39,20.9,44.64,29.07,4.61,64.7,7.43
05/31/2017,1.82,10.15,97.29,5.13,12.04,15.08,5.58,4.22,14.53,36.86,1.61,11.10,5.10,32.79,51.91,15.80,38.23,16.23,4.06,3.28,12.95,3.65,1.88,34.45,21.38,0.68,12.72,14.62,2.14,2.45,1.54,31.57,110.25,6.16,6.50,0.00,3.36,0.00,50.97,12.39,53.89,7.55,21.79,13.40,114.18,0.69,15.85,5.33,53.63,24.06,0.77,0.91,18.22,0.50,3.40,6.73,9.30,45.24,0.29,0.00,0.00,0.00,12.34,219.14,27.55,33.13,39.31,28.40,47.92,98.93,4.51,63.70,99.30,192.35,208.07,1.37,38.80,0.51,0.60,15.98,1.17,1.13,13.1,1.6,8.22,6.87,15.27,0,45.5,3.74,2.45,15.83,0,0,57.03,33.47,0.61,3.285392157,14.57,14.59,33.12,68.73,12.73,627.34,18.72,2.46,38.23,29,16.16,22.69,9.45,23.59,2.95,20.38,342.65,77.42,12.68,27.08,17.64,2.74,20.18,2.3
06/30/2017,0.62,3.44,63.48,7.03,7.71,3.88,3.23,2.01,3.17,21.57,0.67,4.16,3.64,14.60,36.93,7.32,13.76,16.79,1.43,1.45,6.70,1.37,0.71,13.88,6.61,0.31,0.64,4.09,1.12,1.28,0.49,16.06,25.58,7.91,1.81,0.00,0.64,0.00,47.60,2.21,26.73,4.42,6.84,3.94,84.97,0.22,9.24,2.86,27.67,12.43,0.17,0.20,4.34,0.65,1.30,0.00,7.44,39.70,3.11,0.00,0.00,0.00,16.05,74.13,14.96,16.62,29.53,18.19,31.27,52.57,1.99,28.17,45.25,107.58,118.47,0.55,16.62,0.67,3.95,4.50,0.69,0.33,5.84,0.5,11.28,4.24,6.22,0,40.09,1.67,1.28,4.65,0,0,38.05,22.33,0.32,1.213137255,5.38,4.58,8.27,44.29,4.8,357.08,17.1,0.98,25.51,7.96,11.54,16.2,5.43,12.4,1.73,4.27,128.79,47.67,5.66,12.09,7.87,0.94,8.94,0.86
07/31/2017,0.11,0.59,31.31,3.47,4.87,1.17,2.58,0.99,0.00,1.11,0.28,0.49,1.84,7.96,24.75,4.49,2.92,6.64,0.36,0.26,4.91,0.16,0.08,5.68,1.53,0.06,0.31,0.42,0.62,0.71,0.17,10.89,10.40,3.48,0.47,0.00,0.06,19.44,7.56,0.38,5.80,0.23,0.39,0.96,18.47,0.08,0.00,0.60,3.21,1.67,0.02,0.02,0.50,0.01,0.36,0.00,2.04,23.25,0.05,1.16,0.00,0.00,6.46,24.70,5.25,6.50,15.93,11.49,15.42,16.89,0.43,6.07,9.35,54.27,32.16,0.13,7.46,0.01,0.01,0.00,0.36,0.1,0,0.09,5.57,2.39,3.39,0,12.72,1.03,0.71,0.56,0,0,9.17,5.38,0.18,0.895196078,3.97,0.26,4.28,7.13,2.07,262.77,3.52,0.23,6.15,2.02,5.84,8.2,3,7.13,0.9,0.59,23.17,9.63,3.48,7.43,4.84,0.34,1.6,0.1
08/31/2017,0.03,0.17,24.82,1.03,3.70,0.36,2.33,0.71,0.00,0.00,0.19,0.00,0.76,5.89,18.90,3.06,0.79,1.37,0.36,0.00,0.00,0.00,0.00,3.62,0.80,0.02,0.70,0.10,0.36,0.41,0.14,8.28,7.98,1.08,0.18,0.00,0.08,25.58,0.16,0.36,0.66,0.00,0.00,0.53,0.00,0.06,0.00,0.51,0.76,0.11,0.03,0.04,0.35,0.00,0.11,0.54,0.34,4.04,1.10,1.07,0.24,1.42,3.36,11.06,1.60,3.18,10.10,8.73,12.22,8.16,0.16,2.32,3.54,41.06,15.81,0.04,4.11,0.00,0.27,0.00,0.26,0.05,0.69,0.1,1.65,1.54,3.75,0,2.36,0.69,0.41,0.23,4.11,0,2.08,1.22,0.1,0.525392157,2.33,0,3.58,0.75,0.24,216.81,0,0.07,1.39,0.82,2.41,3.38,2.69,3.63,0.67,0.27,9.98,1.73,2.32,4.96,3.23,0.25,0,0
09/30/2017,0.02,0.12,14.84,0.45,3.15,0.32,2.27,0.63,0.82,0.87,0.18,0.00,0.62,5.64,17.35,2.31,0.89,0.50,0.03,0.00,4.49,0.00,0.00,3.09,0.72,0.02,0.94,0.08,0.05,0.06,0.15,7.10,6.03,0.63,0.14,0.00,0.12,21.79,1.37,0.23,0.09,0.18,0.00,0.43,1.68,0.07,0.00,0.00,0.70,0.19,0.04,0.05,0.50,0.00,0.09,0.69,0.15,0.00,0.39,0.41,0.00,0.00,2.35,9.49,1.11,2.42,8.00,7.43,7.31,5.89,0.15,2.12,3.25,43.88,12.05,0.02,2.87,0.00,0.26,0.00,0.16,0.15,0.23,0.14,0.72,1.3,1.94,0,1.53,0.51,0.06,0.2,0.04,1.66,1.55,0.91,0.01,0.394607843,1.75,0,2.18,1.31,0,199.46,0,0.04,1.04,0.65,1.97,2.77,1.81,1.78,0.4,0.24,6.88,1.14,1.74,3.72,2.42,0.31,0,0
10/31/2017,0.02,0.11,9.60,0.17,2.65,0.57,2.64,0.91,0.23,0.14,0.22,0.70,0.26,5.68,18.48,2.73,0.72,0.34,0.00,0.00,10.52,0.23,0.12,4.35,1.47,0.01,0.82,0.09,1.52,1.74,1.01,7.47,7.93,0.31,0.19,0.00,0.31,0.00,2.62,0.25,0.00,0.03,0.00,0.45,0.50,0.45,0.21,0.01,0.78,0.30,0.20,0.24,0.95,0.00,0.03,0.32,0.24,0.00,0.12,0.76,0.20,1.14,1.56,9.20,1.13,2.57,7.46,6.25,4.73,7.05,0.07,1.00,1.53,51.01,11.05,0.02,1.57,0.00,0.05,0.00,0.16,0.05,0,0.52,0.27,0.72,2.32,0,1.47,0.51,1.74,0.65,0.45,4.99,0.9,0.53,0.43,0.56372549,2.5,0,4.32,1.27,0,214.31,0,0.03,0.6,0.6,0.81,1.14,0.67,0.8,0.42,1.95,9.52,1.31,1.71,3.65,2.38,0.17,0,0.14
11/30/2017,0.51,2.83,28.63,1.77,7.62,1.54,5.18,4.42,2.25,12.39,0.30,7.96,2.10,12.72,26.65,4.10,8.94,1.62,0.71,0.39,0.74,2.62,1.35,27.27,4.96,0.19,2.78,2.73,2.66,3.04,3.01,16.11,30.87,1.00,0.70,0.00,0.46,0.00,7.65,1.19,8.35,2.54,4.03,4.86,30.13,1.36,2.43,2.16,7.33,8.97,1.11,1.31,7.64,0.32,0.48,2.57,2.07,0.00,2.63,0.00,0.00,0.00,14.01,52.52,8.61,24.78,16.12,17.98,14.10,51.28,1.24,17.58,27.96,86.84,53.57,0.68,28.92,0.32,2.11,22.73,1.54,1.64,8.44,4.36,2.84,5.34,18.56,0,9.44,1.28,3.04,2.42,0,0,6.2,3.64,0.76,0.480294118,2.13,2.7,14.43,17.62,3.73,342.79,2.75,1.23,4.16,11.45,6.66,9.35,4.54,13.64,3.88,6.18,48.26,17.22,4.35,9.29,6.05,5.89,2.4,1.65
12/31/2017,0.25,1.42,13.07,0.19,5.45,0.79,3.99,3.12,1.50,1.36,0.31,4.80,1.09,7.99,20.09,2.07,2.20,0.43,0.10,0.00,33.52,1.58,0.82,9.48,3.24,0.07,0.14,0.80,0.64,0.73,2.16,9.65,21.12,0.63,0.51,0.00,0.27,12.84,1.52,0.47,1.32,0.28,1.00,1.55,6.23,0.98,0.00,0.00,2.36,2.48,0.79,0.93,1.64,0.00,0.14,0.30,0.47,0.00,1.75,0.00,0.00,0.00,7.30,22.91,4.87,7.77,10.24,12.86,6.44,26.94,0.46,6.49,9.97,52.18,21.95,0.31,13.95,0.00,1.38,0.00,0.68,0.86,2.23,3.72,0.31,2.02,8.84,0,2.37,0.82,0.73,1.58,0,0.01,2.93,1.72,0.18,1.219901961,5.41,0.67,7.06,4.51,1.69,253.34,0.47,0.56,1.96,3.53,3.46,4.86,1.67,0,1.71,3.95,18.34,7,2.77,5.92,3.85,2.7,0,0.99
01/31/2018,0.53,2.97,19.54,0.62,12.29,1.86,9.97,8.32,3.57,8.10,0.63,17.15,1.92,17.06,31.54,3.80,7.21,0.75,2.01,0.60,4.77,5.64,2.91,37.29,5.71,0.20,2.22,2.87,3.14,3.59,4.95,19.19,42.85,0.82,0.94,0.00,4.66,12.94,7.00,1.21,8.02,1.66,4.05,4.19,20.47,2.23,0.95,6.25,7.40,7.71,2.09,2.46,6.36,0.51,0.96,2.14,0.95,0.00,2.96,1.80,0.00,0.00,8.13,51.71,8.95,19.35,20.96,28.99,9.63,54.52,1.31,18.45,29.91,81.52,44.01,0.62,27.43,0.53,3.85,31.47,1.31,1.12,28.82,9.47,1,5.58,19.88,0,4.38,1.88,3.59,2.87,0,0,5.53,3.25,0.9,2.252647059,9.99,2.71,14.72,14.47,3.11,362.34,1.92,1.11,3.71,9.51,6.07,8.52,4.45,9.61,3.29,6.41,64.01,14.1,6.37,13.61,8.86,9.01,3.68,3.55
02/28/2018,0.28,1.54,20.75,0.26,6.42,1.23,4.76,4.77,2.91,2.70,0.34,4.71,0.87,9.30,21.55,2.01,3.45,0.35,0.51,0.13,56.93,1.55,0.80,11.10,4.37,0.09,0.64,1.16,1.04,1.19,2.80,11.05,24.82,0.56,0.63,0.00,2.21,0.00,2.35,0.63,3.02,0.55,1.76,2.59,8.54,1.26,0.76,1.17,3.22,3.15,1.16,1.36,2.87,0.19,0.39,0.85,0.50,0.47,1.21,3.23,0.43,2.50,4.63,28.33,5.51,9.14,10.82,15.14,10.22,28.04,0.59,8.32,13.34,39.57,22.57,0.29,12.90,0.19,2.00,1.83,0.57,0.46,5.57,4.77,0.41,2.54,6.89,0,2.03,1.01,1.19,2.26,1.21,0,3.26,1.91,0.3,1.265,5.61,1.18,5.1,6.05,1.21,249.17,0.7,0.53,2.19,5.44,2.77,3.89,3.05,4.82,1.43,4.86,42.71,7.29,3.43,7.33,4.77,4.03,0.8,0.98
03/31/2018,0.83,4.65,47.69,1.02,18.52,5.67,23.37,14.36,5.81,16.85,1.23,35.33,1.99,45.92,44.32,11.28,13.17,2.07,6.13,1.63,48.83,11.62,6.00,58.14,9.80,0.62,8.96,7.53,10.97,12.54,12.22,43.87,134.68,1.04,1.53,0.00,4.86,44.72,8.63,5.73,18.27,3.45,11.74,7.91,35.99,5.51,3.17,9.92,13.49,9.11,4.99,5.87,17.67,1.41,5.99,5.28,2.15,0.82,10.11,26.36,8.81,51.12,4.79,180.75,28.59,64.79,33.31,43.69,23.49,107.58,4.03,56.85,91.64,149.54,109.69,0.89,35.39,1.45,11.15,110.64,1.62,1.32,58.82,11.52,1.64,14.18,66.84,0,8.32,4.28,12.54,4.84,26.23,44.78,13.23,7.76,3.13,5.138921569,22.79,7.86,61.52,21.7,12.02,634.81,2.82,1.61,8.87,32.04,6.31,8.86,14.41,25.77,4.07,10.74,90.66,23.7,14.5,30.97,20.17,22.27,10.04,7.31
04/30/2018,1.11,6.20,67.68,2.88,12.99,8.29,12.45,8.86,13.21,22.98,1.81,17.60,3.13,43.46,50.41,15.05,18.05,8.49,2.59,1.56,8.55,5.79,2.99,70.92,24.76,0.60,8.75,11.79,5.96,6.81,7.98,37.65,118.71,2.78,3.07,14.86,6.93,0.00,21.34,7.91,31.82,4.71,16.67,9.86,58.35,3.60,5.68,9.58,26.57,15.80,3.45,4.06,18.51,0.71,5.58,5.13,6.01,0.00,5.84,27.57,7.47,43.32,6.47,163.95,22.62,59.22,33.59,30.64,33.34,62.09,3.99,56.31,88.63,123.32,128.17,0.93,29.55,0.73,8.56,87.95,1.46,0.96,22.95,3.95,4.63,7.77,39.16,0,25.23,3.28,6.81,10.87,20.54,20.75,30.53,17.92,1.7,2.683333333,11.9,11.16,38.74,43.07,13.84,525.99,9.07,1.68,20.47,32.3,9.91,13.91,14.63,21.51,3.68,28.49,155.97,46.38,11.12,23.75,15.47,5.49,9.56,3.64
05/31/2018,0.32,1.79,28.75,2.65,4.46,2.96,3.66,1.94,1.86,6.61,0.32,3.22,1.49,14.51,27.66,5.37,6.20,8.20,1.03,0.59,7.18,1.06,0.55,15.35,5.92,0.18,1.78,2.10,1.39,1.59,0.73,13.02,31.11,3.54,0.52,16.31,2.28,0.00,16.45,2.58,13.22,1.35,3.63,2.92,24.62,0.33,4.78,4.30,12.94,6.78,0.41,0.48,2.78,0.38,1.09,0.70,4.28,2.12,0.87,7.82,1.24,7.17,8.12,47.01,6.90,14.53,16.65,10.52,14.16,17.87,1.17,16.57,26.60,63.51,56.17,0.27,7.70,0.39,2.29,30.05,0.47,0.19,7.2,0.59,4.25,2.2,12.73,0,19.75,1.13,1.59,2.41,9.83,0,18.05,10.59,0.4,1.350686275,5.99,2.43,8.24,23.41,2.1,289.44,7.64,0.49,12.1,5.71,4.72,6.63,3.93,6.2,1.19,9.06,74.85,23.89,3.82,8.16,5.31,0.51,3.61,0.67
06/30/2018,0.07,0.38,20.12,1.36,2.18,0.88,2.18,0.73,0.00,0.49,0.13,1.16,0.65,8.18,19.77,2.63,2.99,3.90,0.57,0.00,4.04,0.38,0.20,5.07,2.30,0.06,0.74,0.32,0.72,0.82,0.33,8.21,12.70,2.02,0.10,11.09,0.00,7.12,3.12,0.77,3.78,0.10,0.51,1.15,0.00,0.15,1.78,1.70,2.41,0.89,0.17,0.20,0.73,0.03,0.27,0.00,1.51,10.61,0.56,3.54,1.13,6.57,3.18,20.30,3.35,4.67,10.25,5.14,9.91,7.48,0.38,5.34,8.30,47.38,21.37,0.07,3.00,0.03,1.44,30.46,0.24,0.05,3.36,0.18,2.18,0.92,6.85,0,8.03,0.58,0.82,1.18,5.26,0,6.16,3.62,0.21,0.649411765,2.88,0.34,5.17,3.84,1.67,233.9,1.7,0.12,4.13,1.89,2.06,2.89,1.91,1.63,0.61,4.61,17.04,6.89,1.97,4.21,2.74,0.13,0,0.24
07/31/2018,0.01,0.08,0.00,0.48,1.54,0.33,1.32,0.40,0.00,0.00,0.05,2.37,0.32,5.96,16.60,2.07,0.92,1.03,0.56,0.04,2.45,0.78,0.40,1.86,1.25,0.02,0.60,0.08,0.50,0.57,0.18,5.98,5.52,0.73,0.00,4.46,0.00,32.30,0.00,0.43,0.63,0.00,0.12,0.54,0.63,0.08,0.08,0.94,0.95,0.18,0.08,0.09,0.41,0.00,0.13,0.30,0.32,1.88,0.33,1.26,0.41,2.37,1.47,10.66,1.52,2.40,7.18,3.63,0.00,4.78,0.16,2.29,3.50,53.22,11.76,0.02,1.81,0.00,0.66,0.00,0.14,0.02,3.43,0.04,0.78,0.7,5.71,0,1.71,0.43,0.57,0.7,6.16,0.54,1.41,0.83,0.14,0.24127451,1.07,0.08,2.99,0.74,0,195.53,0,0.03,0.95,0.82,1,1.4,2.21,1.88,0.35,2.13,10.41,1.25,1.44,3.08,2,0.06,0.26,0.49
08/31/2018,0.00,0.03,0.00,0.03,1.73,0.20,1.28,0.39,0.00,0.00,0.05,1.22,0.15,4.60,14.45,2.31,0.49,0.23,0.12,0.00,0.21,0.40,0.21,1.24,0.93,0.01,0.74,0.04,0.60,0.69,0.10,5.34,4.39,0.38,0.00,2.63,0.00,30.84,0.00,0.22,0.00,0.00,0.00,0.26,1.23,0.04,0.00,1.20,0.51,0.10,0.02,0.02,0.00,0.00,0.08,0.12,0.07,0.00,0.33,1.30,0.54,3.16,0.69,7.78,0.91,1.94,6.44,4.08,0.00,3.82,0.08,1.20,1.84,53.81,8.42,0.01,0.77,0.00,0.22,0.00,0.05,0.01,0.31,0.02,0.05,0.79,3.42,0,0.49,0.49,0.69,0.57,5.58,0,0.54,0.32,0.17,0.491568627,2.18,0,2.25,0.6,0,162.1,0,0.01,0.36,0.49,0.46,0.65,1.12,1.93,0.14,1.46,1.39,0.31,1.66,3.55,2.31,0.07,0,0.25
09/30/2018,0.00,0.02,0.00,0.08,1.89,0.33,1.21,0.43,0.00,0.00,0.06,0.00,0.15,3.95,13.33,1.98,0.50,0.14,0.09,0.00,3.11,0.00,0.00,1.23,0.69,0.01,1.36,0.03,0.77,0.88,0.08,4.90,3.43,0.31,0.00,0.02,0.00,17.64,0.12,0.52,0.00,0.00,0.00,0.29,1.16,0.04,0.00,0.68,0.30,0.08,0.02,0.02,0.61,0.00,0.05,0.15,0.05,1.11,0.35,0.83,0.32,1.86,0.57,5.82,0.00,1.63,5.97,4.46,0.00,2.73,0.09,1.25,1.91,50.22,6.80,0.00,0.63,0.00,0.16,0.00,0.05,0.04,0.49,0.07,0.13,0.64,0.79,0,0.41,0.4,0.88,0.24,5.62,0,0.4,0.23,0.22,0.225490196,1,0,2.37,0.55,1.02,165.58,0,0.01,0.27,0.39,0.47,0.66,1.4,0.64,0.12,0.6,2.43,0.29,1.37,2.93,1.91,0.1,0,0
10/31/2018,0.01,0.07,18.63,0.07,2.56,0.18,1.36,0.81,0.00,0.00,0.09,0.88,0.16,4.54,14.49,1.84,0.78,0.20,0.00,0.15,11.30,0.29,0.15,3.57,0.97,0.01,0.43,0.06,1.83,2.09,0.91,5.36,6.22,0.36,0.05,0.00,0.00,0.00,2.37,0.11,0.00,0.00,0.09,0.77,0.24,0.41,0.29,0.16,0.36,0.16,0.09,0.11,1.02,0.00,0.02,0.21,0.11,3.34,0.60,0.45,0.10,0.59,0.98,8.60,1.53,1.79,6.35,6.04,9.18,4.74,0.08,1.07,1.64,24.95,7.11,0.01,1.07,0.00,0.21,0.00,0.15,0.03,0,0.56,0.11,0.54,0,0,0.88,0.34,2.09,0.34,3.8,0,0.63,0.37,0.52,0.02254902,0.1,0.06,2.5,0.69,1.16,182.74,0,0.02,0.42,0.47,0.5,0.7,2.11,0.98,0.39,0.68,2.89,0.73,1.15,2.46,1.6,0.14,0.95,0.18
11/30/2018,0.03,0.16,22.18,0.15,3.08,0.56,2.14,0.91,0.00,1.13,0.15,2.89,0.27,6.97,16.27,2.61,2.12,0.35,1.73,0.77,15.31,0.95,0.49,12.21,1.42,0.03,1.38,0.27,0.76,0.87,1.52,6.79,10.37,0.45,0.80,0.00,0.70,5.47,1.65,0.53,0.01,0.23,0.12,0.59,2.63,0.69,0.48,1.73,0.96,0.14,0.39,0.46,1.38,0.07,0.14,0.59,0.26,2.23,1.22,1.72,0.59,3.45,1.70,13.54,1.34,3.34,7.18,7.27,10.93,7.35,0.20,2.76,4.45,16.08,11.45,0.02,1.93,0.07,0.80,0.00,0.28,0.07,7.55,0.66,0.24,1.57,4.4,0,1.58,0.52,0.87,0.49,3.05,2.5,1.06,0.62,0.22,0.687745098,3.05,0.08,4.97,0.61,3.69,222.5,0.12,0.04,0.71,1.8,0.85,1.19,0,3.71,0.72,1,17.96,1.64,1.77,3.78,2.46,0.62,4.74,0.6
12/31/2018,0.06,0.34,11.43,0.36,6.51,0.75,4.58,3.41,2.96,1.98,0.19,6.57,0.29,11.46,27.57,2.80,2.68,0.32,1.17,1.33,134.94,2.16,1.12,42.57,7.90,0.05,0.83,0.53,0.86,0.98,2.96,13.48,20.26,0.40,1.14,1.86,3.23,16.03,0.51,0.59,0.10,0.41,1.24,1.90,8.33,1.34,0.90,2.65,0.77,0.26,1.12,1.32,2.01,0.00,0.49,0.00,0.53,2.37,4.02,2.26,0.50,2.89,3.09,14.79,2.13,5.32,12.96,15.36,5.63,10.23,0.37,5.16,7.91,52.39,14.01,0.09,3.88,0.00,2.99,10.33,0.31,0.13,10.57,3.22,0.58,2.07,7.45,0,2,0.76,0.98,5.13,6.23,2.39,1.31,0.77,0.25,0.723823529,3.21,0.83,6.4,1.1,6.54,304.56,0.14,0.16,0.88,4.21,0.92,1.29,2.92,4.7,0.79,5.65,44.59,2.82,2.56,5.47,3.56,1.77,8.17,1.36
01/31/2019,0.18,1.03,27.06,0.45,23.56,1.53,22.16,12.01,54.73,6.57,8.88,22.89,0.77,41.15,53.93,7.32,9.08,0.72,10.21,9.09,316.03,7.53,3.89,115.55,63.07,0.36,2.90,2.10,6.66,7.61,13.06,46.52,90.53,0.55,14.51,34.91,22.20,24.42,1.58,1.30,6.85,1.35,4.84,6.70,20.66,5.89,1.67,35.02,2.73,2.51,5.07,5.96,8.96,0.62,3.46,0.00,0.92,3.28,6.61,16.80,7.07,41.01,0.57,79.70,14.95,27.16,38.33,55.58,13.33,37.54,2.32,32.80,52.25,114.34,45.86,0.24,9.70,0.63,6.30,91.74,1.78,0.59,107.21,17.15,0.72,8.46,35.28,0,4.48,2.86,7.61,40.36,12.02,24.24,3.4,2,1.9,3.107254902,13.78,3.24,39.27,5.46,51.98,788.89,0.36,0.43,2.28,19.9,2.43,3.41,10.02,15.71,4.48,42.04,148.48,6.8,9.69,20.7,13.48,11.9,55.82,4.74
02/28/2019,0.85,4.76,32.78,0.92,39.68,3.15,54.27,25.24,149.15,11.07,26.30,44.23,2.97,78.21,76.47,10.02,13.35,1.68,48.46,17.87,194.02,14.55,7.51,143.05,133.30,0.69,6.23,3.46,14.72,16.82,27.52,75.48,152.63,0.94,40.96,64.34,57.82,104.49,5.00,2.76,16.21,2.27,8.72,7.83,28.66,12.42,3.88,82.23,7.31,7.30,11.39,13.39,16.71,1.15,6.07,0.08,1.81,7.67,8.60,20.16,5.93,34.39,14.75,151.68,27.46,45.64,57.31,93.61,16.15,81.97,4.52,63.87,101.60,172.26,74.09,1.12,46.24,1.18,11.54,181.21,2.83,2.94,322.12,33.1,1.47,19.6,73.23,0,9.66,5.25,16.82,88.27,32.13,30.37,10.06,5.9,4.21,6.674509804,29.6,5.84,79.4,14.05,85.57,1157.22,2.05,2.01,6.74,26.05,9.42,13.22,15.34,16.99,7.13,79.63,169.72,22.7,17.79,38,24.74,33.78,109.78,9.15
03/31/2019,1.18,6.57,13.78,0.27,30.34,6.14,43.53,21.38,163.19,8.18,12.61,22.34,3.99,80.05,70.40,13.37,13.59,1.46,23.24,16.69,47.22,7.35,3.79,152.30,162.78,0.72,6.43,3.17,11.01,12.58,24.17,66.53,213.05,0.56,33.68,40.64,32.35,55.84,3.50,6.17,14.53,1.67,10.41,10.44,23.25,10.90,4.24,47.20,6.09,6.75,10.37,12.19,17.57,0.36,4.82,0.08,1.65,4.96,18.33,29.81,10.73,62.27,20.50,243.39,45.88,60.03,46.42,71.57,6.79,118.71,4.86,68.68,106.51,248.10,103.67,1.45,59.32,0.37,16.10,167.41,2.89,2.85,143.7,21.27,0.43,18.37,69.87,0,8.48,5.91,12.58,96.19,32.19,49.44,13.25,7.78,3.15,7.569705882,33.57,6.97,83.31,12.21,73.33,1424.45,1.08,3.85,8.88,41.74,12.65,17.76,25.74,21.54,7.28,95.7,220.05,28.14,20.02,42.76,27.84,36.62,102.5,4.62
04/30/2019,2.67,14.92,62.77,2.31,24.21,19.62,18.67,16.38,50.61,30.54,4.15,15.99,6.00,57.92,59.12,20.91,30.85,4.88,8.33,11.62,32.64,5.26,2.72,102.67,81.31,0.69,20.47,13.19,4.77,5.45,12.54,59.68,248.46,1.92,16.92,0.00,13.73,0.00,22.30,21.81,40.61,6.25,23.75,17.55,63.14,5.66,14.52,15.17,28.67,24.71,5.50,6.47,27.84,0.80,0.51,8.61,5.01,6.99,4.12,0.00,0.00,0.00,31.55,289.22,27.21,58.08,45.56,57.11,30.92,150.57,4.54,64.10,100.87,300.55,160.90,3.86,108.92,0.82,6.74,120.67,2.34,4.45,41.88,10.38,3.7,13.68,31.72,0,21.47,5.51,5.45,43.29,0,0,36.42,21.38,1.36,7.02627451,31.16,15.9,38.81,49.65,28.25,1338.55,8.11,6.77,24.42,55.25,18.99,26.66,22.21,31.37,5.91,62.27,448.65,66.72,18.64,39.81,25.92,14.56,71.37,3.31
05/31/2019,1.52,8.47,68.54,3.04,15.39,11.44,10.95,6.86,20.76,29.88,2.34,7.30,2.84,43.93,55.27,17.00,38.89,10.44,4.83,7.64,11.49,2.40,1.24,38.41,29.34,0.56,9.30,14.78,2.69,3.07,4.38,38.58,144.29,3.64,8.35,0.00,9.71,0.00,33.80,7.41,38.79,6.12,19.08,14.07,61.72,1.98,19.32,12.09,40.51,24.98,2.08,2.45,24.99,0.60,2.00,13.12,6.88,25.25,0.90,16.42,0.43,2.51,11.45,184.31,27.58,34.72,42.46,36.31,33.76,76.66,3.70,52.28,82.12,169.26,147.94,1.86,37.69,0.62,2.10,96.24,1.44,1.09,20.49,2.7,4.87,7,14.28,0,31.23,3.71,3.07,19.84,15.94,0,41.51,24.36,0.77,3.057647059,13.56,12.77,25.87,64.97,15.92,692.45,11.59,3.97,27.83,35.17,9,12.63,10.82,16.9,3.62,30.35,352.35,58.89,12.57,26.85,17.48,3.25,46.94,1.51
06/30/2019,0.91,5.07,45.71,6.13,8.43,3.21,4.77,2.43,6.17,22.61,0.78,5.17,3.51,24.85,41.65,8.07,24.33,15.99,1.02,2.13,7.21,1.70,0.88,15.02,9.63,0.42,2.03,10.53,1.79,2.05,1.16,17.88,47.25,7.04,2.60,0.00,3.05,0.00,53.37,2.55,33.08,4.63,10.89,4.96,80.04,0.52,12.20,4.64,31.27,17.11,0.60,0.71,8.75,0.68,2.06,1.06,8.18,16.63,1.53,2.98,0.00,0.00,10.86,76.98,13.92,20.35,33.47,19.89,22.51,47.97,2.75,38.91,61.83,131.11,123.29,0.74,20.81,0.70,3.49,55.08,0.97,0.53,5.46,0.75,9.84,5.31,8.22,0,40.13,1.88,2.05,7.65,0,0,40.84,23.97,0.51,1.140980392,5.06,7.29,12.23,54,7.95,404.14,16.34,1.56,27.38,14.17,11.1,15.58,5.75,19.84,2.46,8.12,171.88,54.13,6.36,13.58,8.85,1.43,13.06,1.07
07/31/2019,0.11,0.61,42.28,2.51,3.94,0.79,2.45,0.88,0.15,2.26,0.27,0.00,1.32,10.37,26.24,3.87,5.11,6.00,0.50,1.13,2.11,0.00,0.00,5.12,2.62,0.07,0.87,0.47,0.75,0.86,0.34,9.25,12.21,2.97,0.93,8.82,0.51,15.81,10.76,0.60,6.74,0.46,1.14,1.44,18.79,0.15,1.66,2.76,3.28,1.88,0.12,0.14,1.11,0.03,0.36,2.15,2.06,17.35,0.69,0.00,0.00,0.00,4.32,32.07,6.24,5.11,14.87,9.29,20.82,12.60,0.49,6.92,10.70,33.40,30.35,0.11,6.03,0.03,1.43,14.81,0.52,0.08,1.25,0.1,4.03,2.13,5.5,0,12.07,0.85,0.86,1.4,3.23,0,9.26,5.43,0.21,0.739607843,3.28,0.76,5.23,7.99,4,256.01,3.15,0.2,6.21,2.75,4.18,5.87,2.74,3.37,1.3,1.32,34.23,10.12,2.89,6.17,4.02,0.22,6.96,0
08/31/2019,0.02,0.11,28.70,0.56,3.14,0.30,1.92,0.61,0.00,0.05,0.14,0.00,0.51,7.25,20.57,2.98,2.87,1.02,0.21,0.70,0.00,0.00,0.00,3.17,1.05,0.02,0.12,0.11,0.53,0.61,0.15,6.41,6.61,0.74,0.30,9.59,0.09,34.53,0.00,0.25,0.70,0.01,0.00,0.84,0.62,0.07,0.00,1.05,0.83,0.14,0.02,0.02,0.48,0.00,0.13,0.88,0.27,9.40,0.36,1.63,0.53,3.08,2.14,10.08,2.05,2.79,9.30,7.41,14.14,7.47,0.16,2.27,3.49,23.33,15.05,0.03,2.86,0.00,0.65,18.95,0.40,0.03,0,0.06,0.9,1.38,2.66,0,1.76,0.66,0.61,0.33,7.95,0,1.68,0.99,0.15,0.554705882,2.46,0,3.89,0.89,1.89,214.01,0,0.05,1.13,1.06,1.63,2.29,1.79,5.97,1.01,0.39,10.94,1.27,2.24,4.78,3.12,0.13,4.28,0
09/30/2019,0.01,0.06,28.66,0.07,3.03,0.47,1.69,0.62,0.00,0.50,0.13,0.00,0.36,6.31,18.68,2.77,2.98,0.30,0.00,0.41,0.59,0.00,0.00,3.32,0.77,0.02,0.29,0.08,1.01,1.15,0.15,7.04,6.33,0.45,0.20,11.80,0.00,30.92,2.15,0.25,0.00,0.10,0.00,0.70,1.57,0.07,0.00,0.38,0.80,0.11,0.04,0.05,0.76,0.00,0.10,0.30,0.09,8.16,1.18,0.00,0.00,0.00,1.36,8.26,1.45,2.53,8.06,7.15,14.11,5.14,0.11,1.61,2.48,26.06,11.89,0.01,1.59,0.00,0.56,1.12,0.31,0.09,0,0.13,0.11,1.49,0,0,0.91,0.6,1.15,0.22,6.78,2.21,1.1,0.65,0.29,0.453235294,2.01,0,3.24,0.74,0,214.8,0,0.02,0.74,0.84,1.14,1.6,1.84,3.39,0.78,0.27,1.26,0.67,2.02,4.31,2.81,0.24,2.54,0
10/31/2019,0.01,0.08,25.04,0.10,2.43,0.44,1.54,1.17,0.50,0.00,0.17,0.00,0.20,5.75,18.89,2.60,5.46,0.27,0.00,0.22,6.75,0.00,0.00,4.44,1.60,0.02,0.14,0.07,0.71,0.81,0.77,7.17,6.69,0.31,0.23,4.69,0.20,0.00,2.43,0.10,0.00,0.00,0.00,0.96,21.17,0.35,0.00,0.00,0.34,0.19,0.21,0.25,0.14,0.00,0.07,0.00,0.24,8.00,0.67,0.00,0.00,0.00,1.26,10.10,2.18,2.36,7.79,5.73,12.33,6.84,0.11,1.52,2.34,23.09,10.86,0.01,1.07,0.00,0.48,0.00,0.21,0.03,0,0.62,0.16,0.65,0,0,1.21,0.5,0.81,0.68,3.59,0,0.7,0.41,0.2,0.692254902,3.07,0,3.76,0.81,0,234.8,0,0.02,0.47,0.75,0.62,0.87,0.7,2.6,0.53,2.36,4.32,1.07,1.68,3.59,2.34,0.19,1.37,0
11/30/2019,0.02,0.12,23.84,0.04,2.67,0.55,1.81,1.86,0.69,0.25,0.21,0.52,0.16,5.65,16.61,1.75,8.70,0.18,0.19,0.79,37.57,0.17,0.09,5.47,1.84,0.01,0.48,0.06,0.46,0.53,0.99,6.80,9.36,0.35,0.30,2.27,0.38,15.97,0.71,0.44,0.00,0.05,0.09,0.87,0.82,0.45,0.00,1.25,0.50,0.14,0.35,0.41,0.44,0.00,0.07,0.29,0.32,0.00,0.39,0.00,0.00,0.00,1.59,9.44,1.35,2.11,6.82,6.30,11.74,7.32,0.10,1.42,2.17,9.01,9.10,0.04,1.61,0.00,0.41,0.00,0.33,0.04,1.1,1.36,0.06,0.47,2.69,0,1.04,0.51,0.53,0.84,1.26,3.63,0.75,0.44,0.13,0.412647059,1.83,0.06,2.79,0.61,0.48,209.43,0,0.07,0.5,0.61,0.5,0.7,2.77,1.67,0.83,2.53,12.65,1.31,1.73,3.7,2.41,0.28,4.88,0.11
12/31/2019,0.14,0.76,37.50,0.29,5.72,1.76,5.81,3.69,4.37,5.11,1.40,8.00,0.52,14.47,26.71,4.28,14.50,0.65,2.73,4.15,33.78,2.63,1.36,35.07,12.51,0.14,2.97,1.41,2.24,2.56,2.88,13.85,32.90,0.55,2.74,15.15,7.76,19.07,1.18,1.22,3.27,1.05,3.66,4.97,11.65,1.30,1.72,8.24,2.28,1.56,1.13,1.33,7.76,0.21,1.20,4.18,0.86,2.89,2.30,6.22,1.39,8.04,4.17,28.65,2.70,13.03,12.75,13.49,18.47,25.93,0.89,12.60,19.99,48.10,31.24,0.20,8.76,0.21,2.11,53.92,0.88,0.43,43.28,3.47,0.47,3.3,15.16,0,3.65,1.8,2.56,5.85,0.8,14.86,2.77,1.63,0.64,1.093627451,4.85,2.45,14.13,3.19,10.19,413.13,0.28,0.35,1.86,11.41,1.65,2.32,6.98,10.01,2.21,15.85,56.65,5.9,6.09,13.01,8.47,3.38,25.51,1.65
01/31/2020,0.16,0.87,32.65,0.25,7.43,1.42,7.44,6.43,5.60,3.30,0.95,5.65,0.52,14.38,28.13,3.09,5.90,0.39,1.77,3.20,12.63,1.86,0.96,48.31,10.44,0.10,1.22,0.90,1.73,1.98,2.85,15.00,27.53,0.35,1.94,11.84,6.73,5.22,1.08,0.77,1.43,0.68,2.46,2.87,6.34,1.29,1.60,7.24,1.45,1.50,1.10,1.29,3.80,0.19,0.63,1.12,0.43,3.65,2.34,4.01,0.84,4.90,4.68,33.05,5.95,9.50,15.40,17.53,16.08,22.72,0.64,9.06,14.50,44.25,23.86,0.19,8.89,0.20,3.98,26.05,0.61,0.58,20.73,4.93,0.4,2.3,9.77,0,2.19,1.46,1.98,4.82,0,6.96,2.14,1.26,0.49,1.596470588,7.08,1.65,9.94,2.92,6.44,432.85,0.13,0.35,1.43,8.92,1.65,2.32,4.98,7.29,1.54,12.55,66.58,5.17,4.96,10.59,6.9,2.97,19.66,1.17
02/29/2020,0.18,1.03,22.31,0.23,4.53,1.02,2.81,3.91,4.25,2.51,0.62,2.19,0.67,8.64,18.67,2.31,2.94,0.38,0.87,2.06,10.64,0.72,0.37,13.02,7.33,0.07,0.41,1.18,0.72,0.82,1.59,9.20,20.82,0.41,0.89,0.00,6.26,0.00,1.48,0.51,2.12,0.51,1.87,2.46,5.63,0.72,2.05,3.44,1.23,2.56,0.62,0.73,3.08,0.15,0.27,1.06,0.47,2.49,1.33,2.47,0.19,1.12,4.52,26.68,5.49,6.00,9.32,10.69,10.99,20.62,0.45,6.34,10.20,39.51,19.97,0.22,10.75,0.16,2.50,9.91,0.48,0.46,8.63,2.86,0.37,1.77,5.15,0,2.15,0.93,0.82,3.19,0,0.33,2.38,1.4,0.21,1.181568627,5.24,1.25,4.24,4.81,1.15,298.57,0.44,0.4,1.6,6.36,2.13,2.99,2.59,4.04,1.22,8.74,45.84,6.15,3.15,6.73,4.38,2.27,12.66,0.45
03/31/2020,0.29,1.63,32.39,0.36,4.30,2.05,2.63,4.08,2.30,4.29,0.49,8.06,0.72,8.61,22.20,3.20,4.72,0.53,0.95,1.43,13.68,2.65,1.37,24.48,4.42,0.14,3.02,1.59,2.08,2.38,1.43,9.30,25.66,0.59,0.60,2.06,4.22,15.00,3.17,1.24,3.92,0.88,2.54,2.47,9.89,0.64,3.44,2.42,2.97,4.49,0.59,0.69,3.86,0.28,0.90,2.83,0.74,8.02,2.09,3.82,0.29,1.71,6.39,31.90,3.40,9.17,9.76,10.14,15.95,24.54,0.89,12.60,20.21,40.20,22.94,0.33,15.60,0.28,2.37,8.21,0.54,0.58,6.93,2.21,0.58,3.48,10.56,0,2.96,1.03,2.38,1.74,3.9,5.88,3.76,2.21,0.59,1.325882353,5.88,1.7,9.17,8.22,0,285.01,1.26,0.6,2.52,5.61,2.29,3.21,2.79,6.23,1.35,5.31,38.42,9.24,3.5,7.48,4.87,4.43,8.78,1.67
04/30/2020,0.74,4.12,38.95,1.63,5.98,5.47,3.80,5.31,1.34,13.71,0.35,10.88,1.47,12.66,23.54,7.65,8.46,3.36,0.72,3.66,9.93,3.58,1.85,27.73,6.14,0.43,4.24,6.08,3.95,4.51,1.80,14.88,48.27,1.50,0.61,3.48,2.12,0.00,14.49,2.21,15.32,2.81,11.02,5.45,35.01,0.81,7.88,4.21,12.96,13.52,0.76,0.89,11.45,1.41,2.69,4.95,3.24,20.52,6.48,18.07,3.85,22.36,12.05,78.08,12.31,30.56,15.72,14.11,19.18,53.54,2.70,38.10,62.86,88.60,71.58,1.01,30.33,1.45,7.99,35.35,1.73,1.04,6.87,2.14,2.61,6.5,24.06,0,11.96,1.71,4.51,2.42,15.47,10.71,14.46,8.49,1.13,1.260490196,5.59,7.38,22.57,29.98,3.43,375.91,5.83,1.74,9.69,21.95,4.66,6.54,6.35,21.88,4.36,8.13,100.96,27.8,5.79,12.37,8.05,6.52,22.48,2.25
05/31/2020,0.46,2.55,39.61,2.84,4.70,1.95,2.43,3.07,0.00,14.53,0.19,3.22,0.87,10.64,23.96,6.46,9.76,8.52,0.63,1.84,3.28,1.06,0.55,24.21,5.11,0.30,1.24,5.67,1.77,2.02,0.99,10.86,32.38,3.75,0.28,0.00,1.64,0.00,24.40,0.58,22.15,2.98,6.98,4.19,42.27,0.45,10.95,3.51,19.55,13.05,0.39,0.46,9.43,1.52,1.21,0.00,5.39,17.18,1.06,11.73,1.73,10.02,1.65,57.49,11.99,21.63,17.35,11.09,19.51,27.29,1.78,25.20,43.42,52.96,78.83,0.36,11.54,1.56,3.19,36.89,0.71,0.28,4.31,0.85,4.55,2.43,11.42,0,21.73,1.25,2.02,1.9,5.4,0,19.48,11.43,0.51,0.142058824,0.63,4.67,6.62,38.67,3.36,316.25,8.43,1.25,13.06,12.85,2.75,3.86,5.8,14.87,1.79,7.94,91.47,29.89,4.24,9.06,5.9,0.74,11.31,0.67
06/30/2020,0.06,0.35,23.65,1.26,1.77,0.47,1.46,0.75,0.00,1.82,0.07,0.55,0.33,6.36,17.43,2.83,2.41,3.84,0.28,0.79,2.21,0.18,0.09,6.20,3.24,0.07,0.39,0.68,0.64,0.73,0.21,5.86,10.51,2.02,0.13,8.43,1.07,0.00,4.82,0.28,4.63,0.37,1.08,1.28,11.78,0.10,3.11,1.49,3.61,1.74,0.12,0.14,1.69,0.11,0.29,0.00,1.74,10.93,0.57,4.05,0.83,4.81,1.82,18.60,3.80,5.47,9.40,4.18,11.65,5.45,0.44,6.26,9.96,26.21,25.13,0.06,2.39,0.12,1.70,35.40,0.38,0.04,0.64,0.16,2.02,0.94,6.6,0,8.08,0.58,0.73,1.42,7.06,0,5.94,3.49,0.18,0.329215686,1.46,0.72,3.77,6.67,0.42,207.38,1.47,0.11,3.98,3.05,1.06,1.49,2.61,3.32,0.96,6.73,26.81,7.24,1.95,4.17,2.71,0.1,4.86,0.11
07/31/2020,0.01,0.05,24.73,0.36,1.07,0.24,1.13,0.37,0.00,0.00,0.01,2.19,0.15,5.38,14.51,1.95,1.40,0.93,0.05,0.34,3.03,0.72,0.37,2.04,1.32,0.02,0.34,0.13,0.40,0.46,0.15,4.84,5.54,0.60,0.01,7.39,0.79,15.75,0.09,0.18,0.70,0.00,0.16,0.59,1.25,0.07,0.59,0.72,1.17,0.17,0.07,0.08,0.65,0.01,0.05,0.13,0.31,6.98,0.22,1.78,0.58,3.35,0.77,10.59,2.02,2.41,6.11,2.52,12.18,3.36,0.14,1.93,2.99,16.90,11.17,0.01,1.09,0.01,0.50,23.60,0.22,0.01,0,0.05,0.58,0.45,4.91,0,1.56,0.39,0.46,0.68,5.99,0,1.11,0.65,0.11,0.263823529,1.17,0.11,2.41,0.71,0,174.72,0,0.02,0.74,0.95,0.48,0.67,1.64,2,0.56,2.55,9.03,1.05,1.33,2.84,1.85,0.03,2.07,0.45
08/31/2020,0.00,0.02,11.17,0.02,1.09,0.16,1.19,0.30,0.00,0.00,0.01,2.13,0.10,4.36,13.77,1.89,0.76,0.22,0.17,0.12,1.49,0.70,0.36,1.34,0.86,0.01,0.52,0.04,0.78,0.89,0.09,4.59,2.96,0.40,0.00,2.89,0.12,18.12,0.08,0.07,0.00,0.00,0.00,0.36,1.62,0.04,0.20,0.15,0.64,0.11,0.03,0.04,0.64,0.01,0.01,0.06,0.07,5.42,0.19,0.80,0.24,1.39,0.58,8.79,1.52,1.69,5.51,2.57,5.50,2.78,0.09,1.22,1.90,32.22,7.71,0.00,0.58,0.01,0.17,8.36,0.16,0.01,0.33,0.02,0.03,0.21,1.32,0,0.46,0.37,0.89,0.49,6.63,1.51,0.46,0.27,0.22,0.288627451,1.28,0,1.59,0.49,0,157.51,0,0.01,0.31,0.54,0.31,0.44,0.68,3.01,0.41,1.45,2.68,0.27,1.26,2.69,1.75,0.03,0.73,0.44
09/30/2020,0.00,0.01,22.60,0.00,1.34,0.18,1.05,0.35,0.00,0.00,0.03,0.85,0.06,3.50,13.14,1.78,0.60,0.08,0.01,0.00,4.18,0.28,0.14,1.24,0.52,0.01,0.39,0.03,0.42,0.48,0.05,4.14,2.24,0.31,0.00,2.65,0.23,23.09,0.00,0.21,0.00,0.00,0.10,0.29,1.45,0.02,0.10,0.03,0.42,0.08,0.01,0.01,0.73,0.00,0.02,0.00,0.03,1.95,0.26,0.55,0.15,0.86,0.28,7.11,1.11,1.36,5.31,3.16,11.13,1.93,0.09,1.23,1.90,12.09,5.95,0.00,0.30,0.00,0.13,0.97,0.22,0.02,0,0.04,0,0.17,0,0,0.24,0.34,0.48,0.16,3.58,1.96,0.25,0.15,0.12,0.335980392,1.49,0.07,1.52,0.56,0.47,160.66,0,0,0.17,0.41,0.2,0.28,0,5.05,0.54,0.47,0,0.15,1.16,2.48,1.61,0.02,0,0.18
10/31/2020,0.00,0.01,21.14,0.02,1.46,0.08,1.06,0.85,0.00,0.00,0.05,0.46,0.03,3.28,13.27,2.12,0.44,0.14,0.39,0.09,0.00,0.15,0.08,1.55,0.82,0.01,0.22,0.03,1.41,1.61,0.26,4.58,2.82,0.32,0.00,0.00,0.29,5.22,3.85,0.15,0.00,0.00,0.00,0.28,0.00,0.12,0.03,0.00,0.36,0.11,0.06,0.07,0.92,0.00,0.00,0.00,0.10,2.84,0.11,0.43,0.19,1.09,0.44,7.63,1.38,1.37,5.95,3.44,10.41,2.25,0.06,0.86,1.31,14.52,5.79,0.00,0.34,0.00,0.12,0.00,0.00,0.01,0,0.29,0.03,0.07,0,0,0.56,0.38,1.61,0.21,2.92,1.58,0.29,0.17,0.4,0,0,0,6.87,0.46,0,181.83,0,0.01,0.19,0.4,0.11,0.15,11.53,6.12,0,1.79,1.59,0.64,1.28,2.73,1.78,0,0.57,0.09
11/30/2020,0.01,0.06,21.15,0.12,2.01,0.44,1.75,1.68,0.00,0.59,0.08,0.43,0.03,4.79,13.12,1.28,1.16,0.19,0.18,0.40,7.08,0.14,0.07,4.49,0.97,0.02,1.25,0.13,0.46,0.53,0.49,5.66,3.38,0.33,0.10,2.02,0.25,10.48,2.56,0.49,0.00,0.12,0.10,0.48,1.06,0.22,0.20,0.00,0.64,0.11,0.16,0.19,0.74,0.00,0.07,0.18,0.35,4.57,0.23,0.00,0.00,0.00,1.21,5.69,0.00,2.22,6.40,4.74,10.42,4.33,0.11,1.61,2.47,21.65,7.60,0.02,0.99,0.00,0.47,0.00,0.19,0.03,0,0.81,0.2,0.35,0.14,0,1.05,0.37,0.53,0.27,3.36,1.7,0.51,0.3,0.13,0.153333333,0.68,0.07,3.44,0.38,1.59,195.07,0,0.03,0.34,0.99,0.1,0.14,1.77,2.76,0.48,2,4.89,1.59,1.26,2.69,1.75,0,2.43,0.09
12/31/2020,0.02,0.11,21.72,0.15,2.28,0.54,2.19,1.81,0.00,0.84,0.14,1.22,0.10,5.47,14.90,1.67,1.60,0.21,0.00,0.49,13.85,0.40,0.21,7.25,1.31,0.02,1.22,0.19,0.50,0.57,0.62,6.33,5.66,0.36,0.24,3.12,1.12,11.80,0.00,0.49,0.00,0.17,0.19,0.59,1.80,0.28,0.29,0.62,0.51,0.16,0.22,0.26,1.00,0.00,0.18,0.26,0.33,2.64,0.48,0.56,0.03,0.16,1.93,5.81,0.00,2.75,6.56,5.38,10.70,6.39,0.14,1.96,2.99,25.93,8.85,0.03,1.35,0.00,0.87,8.29,0.25,0.06,2.31,1.03,0.24,0.42,2.52,0,1.2,0.61,0.57,0.36,2.21,3.26,0.64,0.38,0.14,0.469019608,2.08,0.13,3.69,0.33,2.04,199.3,0,0.05,0.43,1.29,0.31,0.44,1.71,2.45,0.62,2.58,12.19,1.63,2.05,4.38,2.85,0,3.03,0.25
01/31/2021,0.03,0.18,25.87,0.21,3.65,0.75,3.62,3.55,2.25,1.74,0.20,6.96,0.03,7.32,16.67,1.94,2.50,0.27,0.00,1.77,13.51,2.29,1.18,19.27,4.13,0.05,1.46,1.22,1.11,1.27,0.91,9.43,7.10,0.41,0.93,6.67,4.51,20.22,0.38,0.69,0.00,0.36,0.45,1.19,3.25,0.41,0.74,1.93,0.91,0.37,0.32,0.38,1.66,0.03,0.46,0.46,0.34,1.03,0.43,1.42,0.30,1.76,2.03,6.48,0.00,3.97,9.59,8.61,12.74,8.60,0.31,4.43,6.91,29.16,11.27,0.05,3.00,0.03,1.24,23.94,0.32,0.1,5.02,1.9,0.34,0.94,5.01,0,1.35,0.83,1.27,1.17,3.64,5.8,0.79,0.46,0.32,0.606568627,2.69,0.3,6.38,0.78,1.55,271.51,0.17,0.1,0.53,2.31,0.11,0.15,2.53,4.64,0.81,7.78,37.68,3.08,2.82,6.02,3.92,0,10.86,1.44
02/28/2021,0.08,0.42,24.35,0.28,4.54,0.90,4.92,4.72,4.21,2.16,0.15,5.53,0.26,11.01,18.79,2.77,2.46,0.35,0.00,2.42,14.73,1.82,0.94,35.67,9.02,0.10,0.74,0.73,1.33,1.52,1.26,12.93,11.71,0.45,1.19,10.96,8.35,8.97,0.60,0.49,0.45,0.44,1.45,1.75,7.96,0.57,0.99,4.03,0.84,0.70,0.44,0.52,1.99,0.13,0.77,0.24,0.44,2.42,1.20,4.01,1.26,7.29,4.20,6.64,0.34,9.18,11.83,10.71,11.99,11.79,0.68,9.56,15.08,57.70,17.02,0.10,5.65,0.14,3.66,51.21,0.68,0.27,3.39,2.22,0.44,1.71,7.69,0,1.89,1.13,1.52,2.54,3.52,11.14,1.55,0.91,0.38,1.039509804,4.61,0.97,10.3,1.42,2.53,307.16,0.11,0.18,1.04,5.27,0.82,1.15,3,8.27,1.72,16.18,49.03,5.03,3.84,8.2,5.34,0.01,14.87,1.14
03/31/2021,0.13,0.72,25.94,0.32,3.93,1.32,3.91,4.39,2.61,3.29,0.14,5.32,0.45,11.25,19.06,3.64,2.90,0.47,0.00,2.01,4.36,1.75,0.90,28.17,5.16,0.11,1.33,1.33,2.16,2.47,1.13,10.98,13.38,0.44,0.64,11.48,2.80,0.00,0.89,0.71,2.05,0.67,3.08,1.99,10.27,0.51,1.34,2.85,1.33,2.04,0.42,0.49,2.89,0.20,0.82,0.38,0.71,3.21,1.52,5.26,1.49,8.63,5.17,11.14,0.60,8.73,11.46,9.27,12.78,12.14,0.72,10.22,16.31,51.82,19.81,0.16,9.18,0.21,3.54,54.57,0.83,0.26,2.95,1.43,0.52,1.65,1.47,0,2.62,1.02,2.47,1.27,3.42,7.79,2.74,1.61,0.62,0.94254902,4.18,2.06,8.96,3.92,4.65,308.45,0.51,0.29,1.84,6.38,1.42,1.99,2.7,12.58,2.1,9.21,47.98,7.68,3.45,7.37,4.8,0.01,12.34,1.1
04/30/2021,0.30,1.67,28.39,1.50,3.10,2.96,2.62,3.29,1.04,10.01,0.07,1.06,0.65,8.22,16.67,4.90,5.82,3.34,0.00,1.30,4.95,0.35,0.18,9.25,3.75,0.18,0.00,4.51,0.65,0.74,0.64,9.46,12.19,1.22,0.53,2.56,0.64,0.00,11.37,0.00,7.97,2.05,6.66,4.45,26.84,0.29,6.34,1.37,8.01,10.46,0.24,0.28,7.13,1.04,0.92,1.15,3.23,4.96,0.53,6.12,0.24,1.40,10.00,28.11,6.38,10.32,11.21,7.31,13.98,12.54,1.07,15.18,26.53,58.76,36.49,0.32,15.17,1.07,2.45,32.38,0.50,0.38,0.22,0.74,2.4,1.6,2.5,0,10.66,0.95,0.74,0.88,0,0,9.6,5.63,0.19,0.363039216,1.61,4.46,0,23.62,1.53,225.88,4.87,0.7,6.44,8.38,2.06,2.89,2.31,12.73,1.26,8.01,97.42,18.81,3.22,6.88,4.48,0,7.96,0.22
05/31/2021,0.13,0.72,25.65,2.09,1.97,0.92,1.48,1.35,0.00,6.17,0.01,0.36,0.54,6.15,15.85,3.39,4.13,5.87,0.00,0.68,2.16,0.12,0.06,3.94,2.58,0.12,0.00,2.32,0.51,0.58,0.34,6.95,7.51,2.54,0.13,0.00,0.46,0.00,13.76,0.00,6.36,1.26,2.49,2.07,17.90,0.15,5.55,0.18,8.97,6.15,0.12,0.14,3.10,0.50,0.50,0.00,3.83,9.19,0.18,3.63,0.00,0.02,5.96,22.83,5.18,6.43,10.19,4.65,12.63,5.53,0.74,10.51,17.68,35.42,29.32,0.11,4.30,0.52,1.03,18.04,0.23,0.08,0,0.2,3.36,0.66,3.9,0,13.91,0.6,0.58,0.62,0,0,9.1,5.34,0.15,0.360784314,1.6,1.67,1.39,19.19,0,184.22,4.46,0.2,6.1,2.38,1.7,2.39,1.09,5.7,0.58,6.74,66.9,12.46,2.02,4.31,2.81,0,4.2,0.08
06/30/2021,0.01,0.07,19.31,0.63,0.86,0.21,0.72,0.44,0.00,0.40,0.00,0.00,0.19,4.31,13.42,2.11,1.03,1.84,0.00,0.06,1.15,0.00,0.00,0.67,0.64,0.02,0.00,0.19,0.24,0.27,0.09,4.47,4.22,1.12,0.00,0.00,0.41,7.76,1.83,0.00,0.01,0.08,0.13,0.64,5.28,0.04,1.34,1.50,1.45,0.29,0.04,0.05,0.78,0.00,0.10,0.00,0.82,4.91,0.03,0.00,0.00,0.00,2.24,10.01,2.27,1.81,5.84,2.03,9.51,0.57,0.15,2.05,3.15,15.64,8.93,0.01,0.74,0.00,0.15,22.54,0.14,0.01,0,0.06,1.01,0.3,2.14,0,3.54,0.38,0.27,0.19,2.42,0,1.95,1.14,0.07,0.329215686,1.46,0.09,6.55,1.27,0.03,148.69,0,0.02,1.31,0.69,0.59,0.83,0.75,1.5,0.37,2.11,16.1,1.29,1.29,2.76,1.79,0,0.38,0
07/31/2021,0.00,0.01,15.73,0.04,0.69,0.08,0.61,0.31,0.00,0.00,0.00,0.12,0.00,3.35,12.61,1.57,0.72,0.43,0.00,0.00,0.00,0.04,0.02,0.20,0.51,0.01,0.00,0.03,0.26,0.30,0.06,3.93,2.63,0.43,0.00,0.00,0.36,10.93,0.00,0.00,0.00,0.00,0.01,0.42,1.88,0.03,0.35,0.09,0.45,0.10,0.03,0.04,0.86,0.00,0.02,0.20,0.16,7.25,0.01,0.00,0.00,0.00,0.58,8.14,1.85,1.07,5.04,1.63,7.75,0.61,0.05,0.73,1.13,22.36,5.85,0.00,0.36,0.00,0.07,16.05,0.13,0,0,0.03,0.06,0.23,1.69,0,0.69,0.3,0.3,0.15,2.6,1.17,0.5,0.29,0.07,0.200686275,0.89,0.01,6.6,0.45,0,144.83,0,0.01,0.34,0.36,0,0,0.32,1.42,0.32,1.46,1.08,2.03,1.01,2.16,1.4,0,0,0.03
08/31/2021,0.00,0.01,16.87,0.00,0.73,0.17,0.63,0.25,0.00,0.00,0.00,1.09,0.00,3.25,12.29,1.41,0.52,0.18,0.00,0.00,5.56,0.36,0.19,0.17,0.53,0.01,0.00,0.02,0.20,0.23,0.04,3.83,1.12,0.33,0.00,0.00,0.12,16.33,0.14,0.00,0.00,0.00,0.06,0.62,2.11,0.02,0.26,0.07,0.43,0.08,0.02,0.02,0.31,0.00,0.00,0.05,0.06,4.25,0.01,0.00,0.00,0.00,0.31,8.12,1.84,0.89,4.75,1.72,8.31,0.67,0.03,0.48,0.75,20.96,4.81,0.00,0.23,0.00,0.05,0.00,0.06,0,0,0.01,0,0,2.82,0,0.28,0.25,0.23,0.19,3.78,0,0.24,0.14,0.06,0.155588235,0.69,0.04,6.38,0.41,0,143.46,0,0,0.16,0.28,0,0,0.42,0.93,0.15,1.47,0.13,1.51,0.85,1.82,1.18,0,0,0.23
09/30/2021,0.00,0.01,8.33,0.00,0.83,0.15,0.63,0.27,0.00,0.00,0.00,2.68,0.02,3.11,11.92,1.81,0.58,0.10,0.00,0.62,0.00,0.88,0.45,0.53,0.38,0.00,0.00,0.02,0.18,0.21,0.03,3.64,0.99,0.34,0.00,0.00,0.00,9.29,0.59,0.00,0.00,0.00,0.09,0.59,2.21,0.01,0.00,0.21,0.51,0.03,0.01,0.01,0.34,0.00,0.00,0.06,0.04,0.00,0.11,0.00,0.00,0.00,0.29,7.12,1.62,0.94,4.32,1.96,4.26,0.66,0.03,0.48,0.73,26.85,4.65,0.00,0.24,0.00,0.01,0.00,0.32,0.01,0,0.02,0,0,0,0,0.27,0.32,0.21,0.08,1.86,0.99,0.24,0.14,0.05,0,0,0.06,7.1,0.2,0,146.41,0,0,0.16,0.29,0.06,0.08,1.91,0.63,0.82,0.56,0,0.55,1.08,2.31,1.5,0,3.79,0.55
