,I_AMADR,I_ANG017,I_BANOS,I_BCK040,I_BEARD,I_BUR005,I_BVC007,I_CAP000,I_CFS001,I_CHC000,I_CHW031,I_CLV026,I_CMCHE,I_CMP001,I_CMP014,I_COL003,I_COT033,I_CSM035,I_DBC024,I_DCM027,I_DCT050,I_DED044,I_DEE023,I_DONLL,I_DPC008,I_DSC035,I_EBTML,I_ELENR,I_ESTMN,I_FRS046,I_FSL012,I_GRZ012,I_HNSLY,I_HTCHY,I_ING008,I_JBP006,I_JNKSN,I_LJC022,I_LLOYD,I_LOSVQ,I_LPC007,I_LYONS,I_MCD055,I_MCLRE,I_MFM008,I_MFS013,I_MFS022,I_MFS047,I_MIL003,I_MLRTN_UNIMP,I_MOK079,I_MPS038,I_MSH015,I_NFM010,I_NFS005,I_NFS009,I_NFS033,I_NHGAN,I_ORG000,I_ORT014,I_OWN040,I_PARDE,I_PCRST,I_PEDRO,I_QNT005,I_RLIEF,I_SFM005,I_SFS030,I_SFS033,I_SJR258,I_SJR265,I_SLO007,I_SLTSP,I_SLUIS,I_SPICE,I_STS059,I_STS072,I_TGC003,I_TULOC,I_TUO054,I_UBEAR
10/31/1921,0.04,0.03,0,0.01,0,0,0.16,0,0.77,0,0,0,0,0.02,0.07,0.11,0,0.33,0,0,0.01,0,0.07,0.43,0,0.06,0.21,0,0.05,0.01,0,0,0.18,1.04,0,0,0.02,0,0.07,0,0,0.13,0,3.1,0.2,0,0.12,0.39,0.07,21.09,0.34,0.02,0,0.15,0.09,1.58,0.62,0,0,0,0.02,0,0.14,4.69,0,0.5,0.2,0.03,0.09,0,0,0,1.08,0,0.77,0,8.24,0.01,0,0,0.24
11/30/1921,0.09,0.04,0,0.01,0,0,0.21,0,1.01,0,0.01,0,0.01,0.05,0.19,0.1,0,0.84,0,0,0.01,0,0.19,0.56,0,0.14,0.66,0,0.07,0.01,0,0,0.26,0.73,0,0,0.06,0,0.05,0,0,0.17,0,3.5,0.28,0,0.16,0.51,0.09,10.13,0.31,1.01,0.01,0.15,0.01,0.18,0.13,0.08,0,0,0.03,0.01,0.18,5.3,0,0.65,0.28,0.04,0.12,0,0,0,1.05,0,0.16,0,0,0.01,0.01,0,0.23
12/31/1921,1.11,0.28,1.57,3.1,1,2.18,1.35,0.19,2.38,1.07,0.78,2.49,0.9,0.51,1.4,0.55,0.73,11.33,0.75,0.39,2.19,1.27,2.6,3.03,0.42,2.41,7.58,1.89,10.67,1.17,0,0.38,9.45,4.58,0.38,0,0.58,4.05,3.59,0.09,0.36,0.47,0.71,44.1,1.59,0.32,0.85,1.12,0.56,59.26,0.82,6.92,0.77,0.13,0,0,0.32,12.88,0.43,1.01,0.75,0.9,0.83,44.07,0.34,1.43,1.78,0.11,0.55,1.06,0.22,0.31,4.26,0.86,0.29,0.41,7.12,0.01,1.94,0.47,0.94
1/31/1922,1.42,0.35,1.6,3.02,1.17,2.59,1.71,0.37,2.56,2.03,0.73,3.16,0.99,0.53,1.72,1.28,0.67,14.59,0.69,0.52,2.03,1.09,3.31,4.31,0.59,3.82,4.56,8.42,9.9,1.08,0,0.71,8.42,12.9,0.71,0,0.78,4.98,7.15,0.2,0.67,0.59,0.84,40.2,2.05,0.37,1.21,0.84,0.71,65.72,1.8,15.54,1.06,2.66,0.18,3.12,1.22,14.1,0.81,1.91,0.7,0.99,0.95,42.81,0.64,1.07,2.54,0.13,0.63,1.38,0.41,0.59,7.7,0.99,1.12,0.45,10.88,0.2,2.12,0.44,1.7
2/28/1922,8.4,1.06,7.21,11.51,3.45,9.87,5.17,1.82,5.35,10.1,3.03,20.58,7.16,2.62,7.21,3.1,2.81,89.36,2.9,6.1,8.47,4.48,16.26,11.94,3.11,23.38,9.59,6.62,41.3,4.52,0,3.53,35.59,15.29,3.54,0,5.33,42.18,5.07,1.1,3.36,1.97,3.21,163.2,7.45,1.09,3.37,1.49,2.15,94.2,0,15.95,12.39,12.05,0.18,3.23,1.51,102.35,4.03,9.52,2.9,7.16,2.24,160.66,3.2,1.9,9.58,0.45,1.49,6.83,2.59,2.96,16.85,3.7,1.84,3.25,42.41,0.9,15.38,1.82,3.72
3/31/1922,5.61,1.07,3.06,6.75,3.31,5.32,5.22,0.81,3.73,4.5,2.03,5.92,2.76,1.65,5.76,2.28,1.88,58.52,1.94,2,5.66,2.73,7.96,11.2,1.73,16.1,4.37,10.97,27.63,3.02,0,1.57,25.97,26.89,1.58,40,3.86,12.98,10.94,0.14,1.5,2.18,1.73,117.3,7.69,1.04,3.16,1.1,2.17,106.83,1.47,2.95,3.92,12.85,0.92,16.28,3.21,39.42,1.79,4.24,1.8,2.76,2.03,131.26,1.43,1.4,9.93,0.5,1.36,4.8,1.16,1.32,14.75,1.43,4.21,1.25,36.75,0.96,5.92,1.22,3.26
4/30/1922,6.75,1.81,1.51,4.71,5.4,2.67,8.82,0.4,6.36,2.22,1.28,1.28,1.9,2.42,7.45,4.59,1.19,69.89,1.23,0.7,3.58,1.37,5.81,20.83,1.03,16.63,2.13,28.19,17.48,1.91,0,0.78,18.89,58.92,0.78,50,4.14,6.09,28.87,0.01,0.74,3.81,0.87,124.3,12.04,1.71,5.88,1.71,3.67,206.83,10,0.16,2.41,22.94,1.53,27.21,5.83,27.18,0.88,2.09,0.95,1.9,3.88,143.6,0.7,2.17,15.14,0.87,2.59,2.79,0.31,0.65,31.47,0.72,7.21,0.86,62.72,1.71,4.09,0.77,6.94
5/31/1922,7.83,3.59,0.3,3.15,12.06,1.05,17.53,0.08,35.35,0.47,0.66,0,0.6,3.75,15.23,22.43,0.61,74.42,0.63,0.02,1.84,0.55,2.99,85.01,0.38,11.73,1.81,78.45,8.97,0.98,0,0.16,14.01,291.93,0.16,40,4,0,111.79,0,0.16,6.55,0.34,416.5,18.4,3.81,23.98,12.61,7.3,689.71,19.74,0,0.46,64.67,4.13,73.29,28.74,8.59,0.19,0.44,0.47,0.6,22.38,234.96,0.15,16.05,20.98,1.48,14.92,0.23,0.03,0.14,147.47,0.21,39.25,0.27,89.3,4.83,1.29,0.4,32.57
6/30/1922,2.63,1.24,0.03,0.32,7.41,0.04,6.04,0.01,49.9,0.04,0.08,0,0.16,1.56,5.57,21.32,0.07,24.71,0.07,0.01,0.21,0.17,0.13,73.9,0.11,1.95,0.76,59.2,1.04,0.11,0,0.01,2.74,392.27,0.01,0,0.85,0,143.19,0,0.01,3.05,0.01,400.4,5.56,2.34,20.84,19.54,2.51,756.43,18.32,0,0.03,42.85,2.43,43.21,23.99,2.24,0.02,0.04,0.05,0.16,25.29,157.22,0.01,24.87,5.64,0.69,16.86,0.01,0,0.01,154.35,0.05,36.71,0.07,17.45,3.2,0.34,0.05,34.06
7/31/1922,0.34,0.25,0.01,0.13,1.09,0.03,1.21,0,17.57,0.01,0.03,0,0.03,0.26,0.74,1.69,0.03,3.06,0.03,0,0.08,0.01,0,16.66,0.04,0.15,0.3,12.35,0.41,0.04,0,0,1.42,111.93,0,0,0.16,0,37.75,0,0,0.81,0.01,86.3,0.97,0.34,4.7,8.27,0.5,267.1,4.94,2.76,0,1.9,0.23,4.04,2.83,0.37,0,0.01,0.04,0.03,5.62,32.51,0,10.52,1.01,0.18,3.75,0,0,0,23.85,0.03,6.14,0.01,1.19,0.14,0.06,0.02,5.26
8/31/1922,0.06,0.13,0,0.02,0.66,0,0.62,0,4.25,0,0,0,0,0.05,0.18,0.04,0,0.48,0,0,0,0,0,2.59,0,0.02,0.2,1.03,0,0,0,0,0.39,16.3,0,0,0.04,0,2.38,0,0,0.32,0,15.5,0.34,0.21,0.73,2.07,0.26,69.24,0.6,0,0,0,0.05,0.81,0.57,0,0,0,0.06,0,1.01,7.51,0,2.64,0.35,0.07,0.67,0.01,0,0,1.51,0,1.41,0,0,0,0,0,0.33
9/30/1922,0.02,0.04,0,0.01,0.38,0,0.19,0,1.14,0,0,0,0,0.02,0.06,0.01,0,0.15,0,0,0,0,0,0.13,0,0.01,0.14,1.07,0,0,0,0,0.07,3.58,0,0,0.01,0,0.17,0,0,0.16,0,6.1,0.18,0.12,0.04,0.61,0.08,24.61,0.15,0,0,0,0.09,1.63,0.57,0,0,0,0.02,0,0.18,5.57,0,0.77,0.18,0.03,0.12,0,0,0,0.46,0,0.8,0,0,0,0,0,0.1
10/31/1922,0.09,0.05,0,0.01,0,0,0.24,0,1.2,0,0,0,0.02,0.04,0.18,0.16,0,0.85,0,0,0.01,0,0.19,0.59,0,0.14,0.96,0.71,0.06,0.01,0,0,0.21,1.83,0,0,0.06,0,0.68,0,0,0.19,0,5.8,0.31,0,0.17,0.62,0.1,13.66,0.39,0.07,0.01,0.16,0.06,1.02,0.48,0.22,0,0,0.02,0.02,0.22,7.38,0,0.79,0.31,0.04,0.14,0,0,0,1.73,0,0.6,0.01,0,0.01,0.03,0,0.38
11/30/1922,0.96,0.17,0.28,0.49,0.61,0.27,0.82,0.01,1.8,0.07,0.14,0.88,0.37,0.45,1.24,0.63,0.13,9.77,0.13,0.14,0.39,0.12,2.25,1.85,0.07,1.96,4.02,3.25,1.92,0.21,0,0.03,2.25,4.59,0.03,0,0.51,1.5,5.19,0.02,0.02,0.33,0.09,16,0.87,0.19,0.52,0.9,0.34,28.81,1.78,0.18,0.22,0,0.05,0.9,0.48,5.22,0.03,0.07,0.18,0.37,0.55,18.5,0.02,1.15,0.96,0.07,0.37,0.07,0.02,0.02,4.78,0.14,0.47,0.17,1.72,0,0.78,0.08,1.05
12/31/1922,8.37,0.79,3.11,6.15,2.76,5.06,3.87,0.61,5.28,3.38,1.48,12.75,4.23,2.73,8.1,3.45,1.37,88.2,1.41,3.18,4.12,1.51,17.12,9.4,1.04,23.15,9.72,11.83,20.12,2.2,0,1.18,17.01,17.78,1.19,0,5.13,23.63,12.83,0.6,1.13,1.33,1.64,58.3,6.16,0.87,2.65,1.67,1.61,84.46,0,0.46,6.12,11.41,0,0,0.82,60.48,1.35,3.19,1.4,4.23,2.01,80.6,1.07,2.13,7.79,0.3,1.34,2.59,0.77,0.99,19.71,1.9,0.76,1.92,30.94,0.85,9.09,0.89,4.35
1/31/1923,6.13,0.78,3.46,5.74,2.34,5.01,3.82,0.85,3.12,4.71,1.5,5.84,2.19,1.75,5.67,2.21,1.39,64.49,1.43,1.82,4.19,1.74,9.68,8.39,1.43,17.6,4.01,7.53,20.42,2.23,0,1.65,17.33,18.06,1.65,15,4.33,12.6,8.08,0.17,1.57,1.54,1.63,65.8,4.02,0.74,2.37,0.97,1.59,62.25,2.08,5.76,3.39,11.23,0,0,0.65,31.27,1.88,4.44,1.42,2.19,1.63,79.02,1.49,1.23,5.19,0.35,1.08,3.12,1.24,1.38,14.62,1.96,0.8,0.99,41.24,0.84,4.7,0.9,3.23
2/28/1923,3.63,0.58,2.19,3.4,1.93,2.67,2.85,0.58,2.03,3.2,0.91,4.06,1.73,1.27,3.32,1.51,0.85,38.45,0.87,1.26,2.55,1.11,4,5.98,1.01,9.89,1.61,6.48,12.44,1.36,0,1.12,10.92,15.94,1.12,0,2.11,8.16,7.54,0.11,1.07,1.24,0.87,50.2,3.82,0.61,1.69,0.56,1.19,65,0.4,4.16,2.28,7.11,0.18,3.18,1.16,24.77,1.28,3.02,0.87,1.73,1.12,49.01,1.02,0.71,4.91,0.28,0.74,2.1,0.73,0.94,10.41,0.79,1.4,0.79,22.27,0.53,3.72,0.55,2.29
3/31/1923,3.18,0.82,1.13,2.16,2.35,1.68,3.99,0.3,2.87,1.66,0.6,1.12,0.69,1.13,2.81,2.2,0.56,33.68,0.57,0.44,1.68,0.53,2.99,8.91,0.59,8.18,0.84,16.11,8.18,0.89,0,0.58,7.63,22.72,0.58,0,1.94,2.97,17.99,0.03,0.55,1.74,0.55,55.8,4.33,0.74,2.51,0.78,1.66,97.9,4.94,3.5,0.85,9.74,1.06,18.85,3.55,9.9,0.66,1.56,0.54,0.69,1.72,55.93,0.52,0.99,5.4,0.39,1.15,1.77,0.47,0.49,15.65,0.52,4.6,0.31,19.61,0.73,1.49,0.36,3.46
4/30/1923,7.92,1.97,2.59,6.94,6.29,4.85,9.6,0.68,10.76,3.77,2.01,0.9,1.3,3.42,14.73,7.51,1.86,75.75,1.92,0.5,5.62,1.8,3.96,31.14,1.58,14.22,3.9,33.26,27.42,3,0,1.32,27.39,63.36,1.32,0,4.58,4.46,35.36,0.01,1.25,3.61,1.58,158,12.14,1.99,8.78,3.52,4,221.64,6.58,0.73,1.53,23.61,2.35,41.81,12.95,18.59,1.5,3.55,1.65,1.3,7.27,132.55,1.19,4.48,14.36,0.82,4.85,4.47,0.81,1.1,50.21,1.21,16.92,0.59,38.38,1.76,2.79,1.21,11.09
5/31/1923,3.26,1.9,0.55,3.09,8.05,1.32,9.26,0.15,33.46,0.81,0.7,0,0.5,1.86,6.82,18.62,0.64,30.71,0.66,0.02,1.94,0.43,0.28,68.25,0.5,2.54,0.47,55.67,9.48,1.04,0,0.28,12.18,241.77,0.28,0,1.13,0,91.66,0,0.27,3.16,0.43,288,5.52,2.54,19.25,12.91,3.86,508.78,8.88,0,0.4,33.3,2.31,41.03,22.8,7.08,0.32,0.76,0.52,0.5,20.51,131.78,0.26,16.43,5.75,0.71,13.68,0.52,0.03,0.24,127.54,0.29,32,0.23,46.83,2.49,1.06,0.42,28.15
6/30/1923,1.26,0.42,0.07,0.93,2.7,0.13,2.07,0.02,25.92,0.11,0.21,0,0.17,0.77,2.66,8.14,0.19,11.83,0.2,0.01,0.58,0.17,0.04,30.09,0.14,0.91,0.58,26.84,2.83,0.31,0,0.04,5.43,175.31,0.04,0,0.4,0,60.8,0,0.04,0.93,0.04,155,1.92,0.85,8.49,10.49,0.86,304.81,5.49,0,0.06,14.51,0.53,9.46,7.11,2.43,0.04,0.1,0.13,0.17,12.14,56.06,0.03,13.35,1.94,0.21,8.09,0.04,0,0.03,63.46,0.08,11.89,0.08,14.92,1.08,0.37,0.12,14
7/31/1923,0.32,0.19,0.02,0.18,0.98,0.02,0.92,0,14.69,0.02,0.06,0,0.04,0.24,0.67,1.43,0.06,2.9,0.06,0,0.17,0.03,0,13.47,0.07,0.15,0.18,10.87,0.81,0.09,0,0.01,2.28,100.04,0.01,0,0.14,0,25.82,0,0.01,0.54,0.01,66.4,0.59,0.31,3.8,6.97,0.38,194.89,3.2,13.49,0.01,1.08,0.19,3.42,2.66,0.59,0.01,0.02,0.04,0.04,5.07,21.07,0.01,8.87,0.61,0.12,3.38,0.01,0,0.01,19.34,0.03,5.32,0.02,1.27,0.08,0.09,0.04,4.27
8/31/1923,0.06,0.08,0,0.06,0.15,0.02,0.38,0,3.18,0,0.01,0,0.01,0.04,0.16,0.02,0.01,0.49,0.01,0,0.03,0,0,2.71,0,0.02,0.12,1.73,0.14,0.02,0,0,0.62,13.4,0,0,0.04,0,1.66,0,0,0.12,0.01,13.4,0.25,0.05,0.76,1.52,0.16,50.89,0.13,0,0,0,0.04,0.71,0.62,0.18,0,0,0.03,0.01,0.88,10.54,0,1.93,0.25,0.03,0.59,0,0,0,0.86,0,1.47,0.01,0,0,0.03,0.01,0.19
9/30/1923,0.07,0.09,0,0.02,0.8,0,0.44,0,2.8,0,0,0,0.02,0.05,0.2,0.06,0,0.51,0,0,0,0,0,0.6,0,0.03,0.11,2.62,0,0,0,0,0.31,7.86,0,0,0.05,0,3.46,0,0,0.3,0,9.3,0.24,0.25,0.17,1.48,0.18,28.56,0.55,0,0,0,0.07,1.28,0.57,0.33,0,0,0.06,0.02,0.53,8.33,0,1.89,0.24,0.07,0.36,0.01,0,0,2.15,0,0.96,0.01,0,0,0.05,0,0.47
10/31/1923,0.18,0.13,0,0.58,0.47,0.06,0.63,0,1.97,0,0.03,0.09,0.08,0.16,0.71,0.71,0.03,1.28,0.03,0,0.09,0,0.07,0.93,0,0,0.16,3.22,0.44,0.05,0,0,0,15.67,0,0,0.06,0.03,5.68,0,0,0,0.02,13.2,0.39,0.15,0.26,1.09,0.26,28.26,0,0,0,0,0,0,1.06,1.2,0,0,0.02,0.08,0.66,3.92,0,1.39,0.42,0,0.44,0,0,0,5.48,0,1.16,0.04,0,0,0.18,0.02,1.21
11/30/1923,0.16,0.1,0,0.57,0.4,0.06,0.47,0,0.89,0,0.04,0.1,0.08,0.13,0.58,0.43,0.04,1.23,0.04,0,0.11,0,0.07,1.24,0,0,0.14,2.88,0.56,0.06,0,0,0,2.17,0,0,0.07,0.03,2.43,0,0,0,0.02,9,0.36,0.13,0.35,0.32,0.2,16.33,0.36,0,0,0,0,0,0.57,1.19,0,0,0.03,0.08,0.37,6.12,0,0.41,0.43,0,0.25,0,0,0,2.79,0,0.74,0.04,0.71,0,0.18,0.02,0.62
12/31/1923,0.26,0.1,0,0.47,0.43,0.03,0.51,0,0.73,0,0.05,0.15,0.12,0.19,0.87,0.42,0.05,2.07,0.05,0,0.14,0,0.09,1.06,0,0,0.81,2.29,0.68,0.07,0,0,0,3.54,0,0,0.12,0.06,1.63,0,0,0,0.01,7.9,0.55,0.13,0.3,0.26,0.21,14.47,0.7,0,0,0,0,0,0.62,1.75,0,0,0.03,0.12,0.36,6.27,0,0.33,0.66,0,0.24,0,0,0,2.41,0,0.75,0.06,2.24,0,0.26,0.03,0.53
1/31/1924,0.39,0.13,0,0,0.49,0,0.64,0,0.74,0,0.07,0.19,0.17,0.28,0.81,0.51,0.07,3.63,0.07,0,0.2,0,0.13,1.48,0,0,1.17,3.42,0.96,0.11,0,0,1.99,5.83,0,0,0.16,0.08,3.96,0.01,0,0.01,0,10.2,0.82,0.15,0.42,0.3,0.27,15.04,1.19,0,0,0,0,0,0.64,2.43,0,0,0.05,0.17,0.44,12.09,0,0.39,0.98,0,0.29,0,0,0,3.78,0,0.76,0.08,4.54,0,0.37,0.04,0.84
2/29/1924,0.9,0.3,0,0.19,1.16,0.02,1.48,0,1.58,0,0.01,0.25,0.24,0.66,2.64,1.08,0.01,7.46,0.01,0,0.02,0,0.2,3.43,0,0,1.93,7.5,0.11,0.01,0,0,0,10.35,0,0,0.4,0.12,8.54,0.02,0,0.02,0.01,15,1.27,0.37,0.97,0.53,0.62,21.1,2.77,0,0,0,0,0,1.59,3.45,0,0,0,0.24,0.99,15.23,0,0.67,1.45,0,0.66,0,0,0,8.22,0,2.04,0.11,9.62,0,0.52,0,1.81
3/31/1924,0.41,0.27,0,0.12,1.1,0.01,1.33,0,1.63,0,0.04,0.16,0.17,0.34,1.81,1.42,0.03,2.83,0.03,0,0.1,0,0.06,3.91,0,0,1.33,5.36,0.48,0.05,0,0,0,13.33,0,0,0.18,0.06,6.57,0,0,0.01,0,19.3,0.64,0.35,1.1,0.58,0.55,27.15,0,0,0,0,0,0,1.93,2.43,0,0,0.02,0.17,1.15,12.58,0,0.74,0.7,0,0.77,0,0,0,11.19,0,2.49,0.08,9.26,0,0.37,0.02,2.47
4/30/1924,0.67,0.53,0,0.39,2.16,0.03,2.58,0,8.55,0,0.09,0.11,0.19,0.67,4.08,5.74,0.09,3.42,0.09,0,0.26,0,0.04,12.73,0,0,0.33,17.39,1.25,0.14,0,0,0,58.28,0,0,0.22,0.06,28.37,0,0,0,0.01,67.2,1,0.68,3.59,3.93,1.07,96.21,0,0,0,0,0,0,2.9,2.65,0,0,0.05,0.19,5.97,34.76,0,5,0.98,0,3.98,0,0,0,42.68,0,3.95,0.08,19.89,0,0.4,0.06,9.42
5/31/1924,0.24,0.3,0,0.17,2.18,0.01,1.45,0,18.84,0,0,0,0.14,0.28,1.58,7.02,0,1.12,0,0,0,0,0,13.52,0,0,0.1,15.24,0,0,0,0,0,128.38,0,0,0.05,0.02,38.25,0,0,0,0,91,0.29,0.69,3.81,9.62,0.6,165.8,0,0,0,0,0,0,4.33,1.93,0,0,0,0.14,10.22,27.53,0,12.24,0.28,0,6.81,0,0,0,60.67,0,6.13,0.06,0,0,0.29,0,13.39
6/30/1924,0.02,0.05,0,0.05,0.2,0,0.24,0,4.18,0,0,0,0.01,0.03,0.17,0,0,0.05,0,0,0,0,0,0.72,0,0,0.02,0.44,0,0,0,0,0,14.19,0,0,0.01,0,2.13,0,0,0,0,12.6,0.06,0.06,0.2,2.57,0.1,36.12,0.97,0,0,0,0,0,1.28,0.19,0,0,0,0.01,1.33,0.09,0,3.27,0.05,0,0.88,0,0,0,0,0,2.09,0.01,0,0,0.03,0,0
7/31/1924,0,0.01,0,0.02,0,0,0.07,0,0.62,0,0,0,0,0,0.01,0.54,0,0,0,0,0,0,0,0,0,0,0,0.15,0,0,0,0,0,9.52,0,0,0,0,0.12,0,0,0,0,3.8,0.01,0,0,0.42,0.03,17.89,0,0,0,0,0,0,0.72,0,0,0,0,0,0.1,7.02,0,0.54,0.01,0,0.07,0,0,0,8.09,0,1.29,0,0,0,0,0,1.78
8/31/1924,0,0,0,0,0,0,0,0,0,0,0,0,0,0,0,0.01,0,0,0,0,0,0,0,0,0,0,0,0.2,0,0,0,0,0,2.16,0,0,0,0,0.03,0,0,0,0,1.8,0.01,0,0,0,0,9.62,0,0,0,0,0,0,0.39,0,0,0,0,0,0,0,0,0,0.01,0,0,0,0,0,0.35,0,0.91,0,0,0,0,0,0.08
9/30/1924,0,0,0,0,0,0,0,0,0,0,0,0,0,0,0,0.02,0,0,0,0,0,0,0,0,0,0,0.01,0.1,0,0,0,0,0,0,0,0,0,0,0.01,0,0,0,0,1.2,0.02,0,0,0,0,5.85,0,0,0,0,0,0,0.17,0,0,0,0,0,0,0,0,0,0.02,0,0,0,0,0,0.9,0,0.28,0,0,0,0,0,0.2
10/31/1924,0.07,0.05,0,0,0,0,0.24,0,1.18,0,0,0,0,0.03,0.15,0.3,0,0.64,0,0,0,0,0.15,0.61,0,0.11,0.39,2.56,0,0,0,0,0,3.18,0,0,0.05,0,6.34,0,0,0.2,0,4.7,0.3,0,0.17,0.61,0.1,10,1.04,0,0,0.21,0.08,1.36,0.54,0,0,0,0,0,0.21,2.58,0,0.77,0.3,0.04,0.14,0,0,0,3.12,0,0.68,0,0,0.02,0,0,0.69
11/30/1924,0.43,0.29,0.11,0.25,0.97,0.13,1.44,0,2.76,0.02,0.07,0.35,0.17,0.21,0.61,1.39,0.06,4.24,0.06,0.05,0.19,0.08,0.95,3.16,0.02,0.76,0.54,8.3,0.92,0.1,0,0.01,1.13,16.02,0.01,0,0.23,0.56,11.15,0,0.01,0.52,0.04,21.5,0.73,0.31,0.89,1.32,0.6,26.35,3.85,0.15,0.09,1.88,0.1,1.83,0.88,2.45,0.01,0.02,0.09,0.17,0.91,12.4,0.01,1.68,0.79,0.12,0.61,0.02,0.01,0.01,8.95,0.04,0.89,0.08,4.87,0.14,0.37,0.04,1.97
12/31/1924,1.22,0.31,0.14,0.51,1.02,0.32,1.5,0.02,2.27,0.1,0.12,1.66,0.56,0.51,1.53,1.53,0.11,12.45,0.11,0.26,0.33,0.14,2.84,3.93,0.03,3.03,2.26,7.9,1.62,0.18,0,0.03,1.31,17.16,0.03,0,0.62,2.65,10.07,0.01,0.03,0.53,0.1,22.8,1.44,0.32,1.11,0.72,0.62,27.57,2.42,0.88,0.48,4.83,0.3,5.27,1.53,8.03,0.04,0.09,0.11,0.56,0.83,15.85,0.03,0.92,1.74,0.12,0.56,0.06,0.01,0.03,8.78,0.13,1.54,0.26,6.03,0.36,1.21,0.07,1.94
1/31/1925,1.11,0.31,0.22,0.6,0.92,0.43,1.49,0.03,1.85,0.15,0.13,1.31,0.42,0.4,1.35,1.52,0.12,11.42,0.12,0.21,0.36,0.17,2.58,4,0.05,2.96,2.11,5.44,1.74,0.19,0,0.05,1.45,13.44,0.05,0,0.7,2.04,6.3,0,0.05,0.53,0.14,21.2,1.17,0.29,1.13,0.53,0.62,26.62,2.12,6.33,0.4,6.43,0.31,5.5,1.26,5.96,0.06,0.14,0.12,0.42,0.71,19,0.05,0.67,1.46,0.12,0.47,0.14,0.03,0.04,7.85,0.07,1.53,0.19,7.79,0.48,0.9,0.08,1.73
2/28/1925,10.88,1.57,2.56,5.51,5.13,4.54,7.66,0.54,6.14,3,1.29,15.39,5.46,3.33,10.2,4.62,1.2,114.58,1.23,4.41,3.61,1.77,18.84,16.2,0.88,30.18,14.08,23.62,17.59,1.92,0,1.05,14.8,39.75,1.05,0,7.18,30.88,19.64,0.04,1,3.15,1.47,106,11.82,1.62,4.57,1.79,3.19,86.47,4.69,13.68,8.15,24.17,2.09,37.17,6.61,77.99,1.2,2.83,1.22,5.46,3.13,143.3,0.95,2.28,15.22,0.71,2.08,1.78,0.7,0.88,30.63,1.3,8.47,2.48,25.79,1.81,11.72,0.78,6.76
3/31/1925,3.58,1.28,1.15,2.08,3.81,1.55,6.26,0.27,4.59,1.52,0.51,1.95,0.8,1.29,3.33,4.36,0.48,37.8,0.49,0.57,1.44,0.91,3.73,14.72,0.47,9.45,3.25,20.64,7.01,0.77,0,0.53,6.21,45.43,0.53,0,2.07,3.73,22.01,0.01,0.5,2.7,0.5,77.5,5.2,1.2,4.15,1.25,2.61,101.12,8.39,0.99,1.02,20.1,1.89,33.55,7.21,11.41,0.6,1.43,0.48,0.8,2.81,77.25,0.48,1.59,6.5,0.61,1.88,0.99,0.33,0.44,30.33,0.38,9.09,0.36,20.49,1.5,1.71,0.31,6.7
4/30/1925,8.01,2.29,1.22,3.72,8.24,2.52,11.2,0.29,14.47,1.6,1.01,3,2.55,3.21,12.99,10.88,0.94,78.5,0.96,1.27,2.82,1.34,5.29,41.07,0.63,16.73,5.56,37.45,13.75,1.5,0,0.56,13.36,106.13,0.56,0,4.91,9.35,47.23,0.01,0.53,4.1,0.82,180,12.19,2.6,11.58,4.91,4.66,217.74,5.31,0,2.96,32.08,2.04,36.18,13.58,36.47,0.64,1.51,0.83,2.55,9.83,158.91,0.51,6.24,14.4,0.93,6.55,1.58,0.34,0.47,70.73,0.5,18.27,1.16,63.34,2.4,5.48,0.61,15.62
5/31/1925,3.82,1.67,0.37,1.79,6.44,0.71,8.15,0.09,37.24,0.49,0.39,0,0.42,2.2,8.26,19.37,0.36,35.76,0.38,0.01,1.1,0.54,0.34,68.89,0.27,2.94,4.46,47.2,5.36,0.59,0,0.17,6.57,285.65,0.17,0,1.34,0,95.56,0,0.16,3.01,0.23,261,6.34,2.03,19.43,14.34,3.39,421.61,12.05,0,0.26,36.82,3.41,60.51,27.84,5.93,0.19,0.46,0.29,0.42,21.63,109.79,0.15,18.25,6.57,0.68,14.42,0.4,0.04,0.14,132.93,0.16,39.01,0.19,8.67,2.75,0.89,0.24,29.34
6/30/1925,1.2,0.41,0.05,0.54,3.18,0.07,2.01,0.01,28.55,0.06,0.13,0,0.1,0.74,2.59,8.93,0.12,11.17,0.12,0,0.36,0.14,0.04,32.74,0.1,0.85,0.82,25.65,1.76,0.19,0,0.02,3.62,229.94,0.02,0,0.38,0,61.66,0,0.02,1.08,0.02,147,1.86,1,9.23,11.8,0.84,314.15,9.24,0,0.02,17.71,1.36,24.13,13.48,1.48,0.03,0.06,0.09,0.1,12.79,35.05,0.02,15.02,1.91,0.25,8.53,0.02,0,0.02,72.59,0.05,22.27,0.05,0,1.32,0.22,0.08,16.01
7/31/1925,0.2,0.16,0,0,0.54,0,0.8,0,11.11,0,0,0,0.01,0.16,0.45,0.84,0,1.76,0,0,0,0.01,0,9.72,0,0.07,0.33,6.09,0,0,0,0,0,78.14,0,0,0.1,0,13.78,0,0,0.46,0,48.9,0.42,0.17,2.74,5.43,0.33,149.49,2.44,0.12,0,0.78,0.36,6.4,3.77,0.15,0,0,0,0.01,3.35,13.85,0,6.92,0.44,0.11,2.23,0,0,0,12.12,0,7.75,0,0,0.06,0.02,0,2.67
8/31/1925,0.05,0.09,0,0.01,0.44,0,0.42,0,2.93,0,0,0,0,0.04,0.14,0.04,0,0.39,0,0,0,0,0,1.69,0,0.02,0.23,1.98,0,0,0,0,0.15,18.36,0,0,0.03,0,4,0,0,0.2,0,15.2,0.13,0.14,0.48,1.45,0.17,54.32,0.3,0,0,0,0.11,2,0.95,0,0,0,0.02,0,0.71,0,0,1.84,0.13,0.05,0.47,0,0,0,1.26,0,2.34,0,0,0,0,0,0.28
9/30/1925,0.05,0.05,0,0.01,0.44,0,0.22,0,1.33,0,0,0,0,0.04,0.15,0.05,0,0.36,0,0,0,0,0,0.11,0,0.02,0.2,0.83,0,0,0,0,0.08,4.02,0,0,0.03,0,0.72,0,0,0.17,0,4.6,0.14,0.14,0.03,0.72,0.09,14.04,0.62,0,0,0,0.08,1.49,0.53,0,0,0,0.02,0,0.21,0.28,0,0.92,0.14,0.04,0.14,0,0,0,1.85,0,0.61,0,0,0,0,0,0.41
10/31/1925,0.11,0.07,0,0.07,0.15,0.03,0.33,0,1.47,0,0.02,0,0.01,0.07,0.26,0.23,0.01,0.99,0.01,0,0.04,0.01,0.2,0.62,0,0.14,0.18,2.44,0.21,0.02,0,0,0.3,8.46,0,0,0.06,0,4.74,0,0,0.21,0.01,7.9,0.31,0.05,0.17,0.85,0.14,20.09,0.32,0,0,0,0.06,1.02,0.53,0.12,0,0,0.03,0.01,0.32,0,0,1.08,0.31,0.05,0.22,0,0,0,2.39,0,0.62,0,0,0,0.02,0.01,0.53
11/30/1925,0.17,0.12,0.06,0.2,0.4,0.1,0.59,0,0.96,0.01,0.05,0.14,0.07,0.09,0.29,0.45,0.04,1.61,0.04,0.02,0.13,0.04,0.33,1.14,0.01,0.26,0.58,2.34,0.64,0.07,0,0,0.57,7.77,0,0,0.08,0.22,4.46,0,0,0.14,0.03,8.2,0.49,0.13,0.32,0.45,0.25,18.48,0.75,0.04,0.01,0,0.08,1.5,0.65,1,0,0.01,0.04,0.07,0.41,1.61,0,0.57,0.57,0.03,0.28,0,0,0,3.21,0.02,0.57,0.03,0,0,0.15,0.03,0.71
12/31/1925,0.32,0.14,0.08,0.39,0.49,0.26,0.67,0.01,1.16,0.04,0.07,0.35,0.14,0.16,0.55,1.14,0.07,3.09,0.07,0.05,0.21,0.08,0.63,1.72,0.01,0.63,1.15,5.21,1.02,0.11,0,0.01,0.82,13,0.01,0,0.15,0.52,7.77,0,0.01,0.22,0.08,11.8,0.58,0.15,0.49,0.39,0.28,21.28,0,0.08,0.03,2.12,0.14,2.41,0.69,1.93,0.02,0.04,0.07,0.14,0.43,6.74,0.01,0.49,0.72,0.05,0.29,0.01,0,0.01,7.04,0.04,0.82,0.06,1.36,0.16,0.29,0.04,1.55
1/31/1926,0.33,0.13,0.15,0.67,0.4,0.46,0.64,0.02,0.93,0.08,0.13,0.44,0.16,0.15,0.57,0.95,0.12,3.26,0.12,0.06,0.36,0.14,0.65,1.78,0.03,0.68,2.74,3.13,1.77,0.19,0,0.03,1.42,5.9,0.03,0,0.18,0.63,3.17,0.01,0.03,0.22,0.15,9.5,0.93,0.13,0.5,0.29,0.27,17.41,0,9.04,0.04,3.17,0.13,2.38,0.65,2.24,0.03,0.08,0.11,0.16,0.37,6.67,0.03,0.37,1.16,0.05,0.25,0.04,0.01,0.02,5.66,0.04,0.79,0.07,2.67,0.24,0.34,0.08,1.25
2/28/1926,4.15,0.77,0.75,2.17,2.74,1.74,3.77,0.12,3.57,0.65,0.45,6.36,2.57,1.58,5.35,1.94,0.42,42.14,0.43,1.64,1.25,0.6,6.23,8.12,0.17,8.77,5.25,7.73,6.12,0.67,0,0.23,5,16.53,0.23,0,2.6,11.78,7.96,0.14,0.22,1.52,0.57,62.9,4.01,0.86,2.29,1.15,1.57,57.77,0,3.87,1.04,6.78,0.63,11.11,2.54,36.67,0.26,0.61,0.42,2.57,1.85,68.09,0.21,1.46,5.09,0.34,1.23,0.2,0.1,0.19,13.94,0.3,3.28,1.17,20.08,0.51,5.51,0.27,3.07
3/31/1926,1.81,0.86,0.54,0.8,2.81,0.56,4.19,0.1,3.6,0.54,0.18,0.61,0.31,0.79,2.37,3.03,0.17,18.4,0.17,0.18,0.51,0.44,1.66,10.36,0.15,3.69,0.82,19.7,2.47,0.27,0,0.19,2.03,41.3,0.19,0,0.98,1.18,24.26,0.02,0.18,1.76,0.18,55,2.31,0.89,2.92,1.08,1.74,94.78,8.63,0,0.11,8.9,0.7,12.44,3.51,4.37,0.22,0.51,0.16,0.31,2.3,42.07,0.17,1.38,2.83,0.4,1.53,0.15,0.08,0.16,22.7,0.12,4.36,0.14,23.34,0.67,0.66,0.11,5.02
4/30/1926,3.89,1.53,0.98,4.46,5.73,2.52,7.46,0.18,19.33,0.98,1.08,0.7,0.95,2.08,9.56,11.25,1,34.78,1.03,0.3,3,1.2,1.67,38.29,0.35,5.24,4.7,42.35,14.65,1.6,0,0.34,13.61,168.65,0.34,0,2.02,2.38,66.57,0.03,0.32,1.72,0.82,217.2,6.52,1.81,10.8,7.79,3.11,349.66,0,0,0.29,10.95,1.85,32.85,17.28,13.63,0.39,0.92,0.88,0.95,12.65,104.08,0.31,9.92,7.33,0.39,8.44,0.45,0.13,0.29,80.56,0.26,23.6,0.43,16.96,0.82,2.05,0.65,17.78
5/31/1926,0.93,0.46,0.05,0,2.94,0,2.24,0.01,22.42,0.05,0.1,0,0.09,0.65,2.79,8,0.09,7.89,0.09,0,0.27,0.17,0.04,25.72,0.05,0.56,0.57,22.38,1.33,0.15,0,0.02,0,178.84,0.02,0,0.28,0,52.6,0,0.02,0,0,173.2,1.26,0.93,7.25,9.81,0.93,378.63,0.34,0,0.01,4.45,0.83,14.81,11.16,1.33,0.02,0.05,0.08,0.09,11.72,49.9,0.02,12.49,1.24,0,7.82,0.01,0,0.02,64.48,0.03,17.21,0.04,0,0.33,0.2,0.06,14.23
6/30/1926,0.14,0.11,0,0.32,0.58,0.04,0.52,0,9.35,0,0,0,0.01,0.12,0.43,0.76,0,1.12,0,0,0,0.02,0,6.47,0,0.06,0.25,4.83,0,0,0,0,1.87,59.49,0,0,0.06,0,11.09,0,0,0.04,0.01,48.1,0.27,0.18,1.83,4.81,0.22,148.86,0.03,0,0,0,0.12,2.19,2.05,0.16,0,0,0,0.01,3.36,13.82,0,6.13,0.28,0.01,2.24,0,0,0,11.94,0,4.27,0.01,0,0,0.02,0,2.63
7/31/1926,0.02,0.04,0,0,0.08,0,0.2,0,1.94,0,0,0,0,0.02,0.08,0,0,0.12,0,0,0,0,0,1.22,0,0.01,0.15,1.16,0,0,0,0,0.01,12.52,0,0,0.01,0,1.1,0,0,0.03,0,10.5,0.04,0.03,0.34,1.01,0.08,48.81,0.79,0.07,0,0,0.02,0.32,0.25,0,0,0,0,0,0.55,4.13,0,1.28,0.04,0.01,0.37,0,0,0,0,0,0.62,0,0,0,0,0,0
8/31/1926,0,0.02,0,0,0.2,0,0.12,0,0.94,0,0,0,0,0,0,0.02,0,0,0,0,0,0,0,0.16,0,0,0.1,0.67,0,0,0,0,0,4.23,0,0,0,0,0.07,0,0,0.05,0,3.5,0.03,0.06,0.05,0.52,0.05,13.82,0,0,0,0,0.01,0.25,0.13,0,0,0,0,0,0.22,0,0,0.66,0.03,0.01,0.15,0,0,0,0.7,0,0.24,0,0,0,0,0,0.15
9/30/1926,0,0.02,0,0,0.16,0,0.12,0,0.86,0,0,0,0,0,0.01,0.03,0,0.02,0,0,0,0,0,0,0,0,0.08,0.34,0,0,0,0,0,1.8,0,0,0,0,0.02,0,0,0.1,0,2,0.03,0.05,0,0.51,0.05,7.82,0,0,0,0,0.02,0.32,0.17,0,0,0,0,0,0.14,0,0,0.65,0.03,0.02,0.09,0,0,0,1.02,0,0.17,0,0,0,0,0,0.22
10/31/1926,0.05,0.04,0,0,0,0,0.2,0,0.96,0,0,0,0,0.02,0.09,0.1,0,0.44,0,0,0,0,0.1,0.52,0,0.07,0.59,0.16,0.01,0,0,0,0.03,2.63,0,0,0.03,0,0.2,0,0,0.16,0,2.1,0.17,0,0.15,0.49,0.08,7.03,0.25,0.01,0,0.15,0.04,0.64,0.29,0,0,0,0,0,0.17,2.49,0,0.62,0.18,0.04,0.11,0,0,0,1.06,0,0.36,0,0,0.01,0,0,0.23
11/30/1926,1.16,0.24,0.93,1.99,0.74,1.34,1.15,0.1,2.63,0.57,0.5,3.35,1.16,0.54,1.52,1.72,0.46,11.79,0.48,0.53,1.4,0.72,2.71,2.67,0.24,2.43,5.18,13.83,6.82,0.75,0,0.2,6.29,17.28,0.2,0,0.62,5.34,10.77,0.02,0.19,0.49,0.44,30.8,3.39,0.23,0.75,1.29,0.48,55.02,7.16,0.68,1.02,2.31,0.18,3.26,1.23,16.63,0.23,0.54,0.51,1.16,0.76,31.9,0.18,1.65,3.96,0.11,0.51,0.54,0.1,0.17,11.8,0.52,1.28,0.53,0,0.17,2.5,0.3,2.6
12/31/1926,1.14,0.61,0.79,1.85,1.9,1.46,2.97,0.16,4.15,0.9,0.43,0.95,0.3,0.44,1.38,2.42,0.4,11.8,0.41,0.15,1.21,0.63,2.68,7.6,0.27,3.1,1.03,7.95,5.92,0.65,0,0.32,4.96,19.34,0.32,0,0.58,1.49,9.99,0.03,0.3,1.02,0.47,26.9,1.85,0.6,2.14,1.35,1.24,48.41,0.81,2.27,0.3,8.53,0.56,9.98,2.6,4.28,0.36,0.85,0.41,0.3,1.57,22.48,0.29,1.71,2.32,0.23,1.05,0.71,0.2,0.26,13.42,0.43,2.93,0.14,14.84,0.64,0.64,0.26,2.96
1/31/1927,2.74,0.51,0.87,1.59,1.89,1.48,2.51,0.19,2.81,1.07,0.37,2.67,0.86,0.88,3.12,2.19,0.35,28.23,0.36,0.69,1.04,0.54,6.22,5.43,0.31,7.47,4.07,6.59,5.08,0.56,0,0.38,4.41,15.13,0.38,0,1.86,4.74,7.92,0.03,0.36,0.95,0.48,33.1,2.63,0.6,1.53,0.74,1.05,49.91,3.38,11.15,1.32,11.69,0.46,8.09,1.66,12.25,0.43,1.01,0.37,0.86,1.09,33.34,0.34,0.95,3.4,0.21,0.73,0.7,0.25,0.31,13.12,0.55,2.17,0.39,16.16,0.87,1.84,0.22,2.9
2/28/1927,10.68,1.68,5.49,9.91,5.23,8.17,8.18,1.37,5.85,7.56,2.6,14.91,5.36,3.15,9.16,4.44,2.4,113.39,2.48,4.45,7.25,3.63,18.13,17.57,2.33,30.49,9.34,20.83,35.36,3.87,0,2.65,30.83,38.39,2.65,0,7.09,30.88,18.75,0.32,2.52,3.45,2.65,136.7,11.63,1.65,4.96,1.72,3.41,153.18,5.19,10.31,8.58,22.55,1.29,22.83,4.51,76.53,3.02,7.13,2.44,5.36,3.21,143.6,2.4,2.18,15.03,0.78,2.14,5.23,1.9,2.22,29.82,2.65,5.72,2.43,54.38,1.69,11.5,1.56,6.57
3/31/1927,5.75,1.42,1.56,3.14,4.18,2.45,6.94,0.4,5.15,2.24,0.97,2.74,1.11,2.02,5.22,3.96,0.9,60.98,0.93,0.81,2.71,1.49,6.18,17.02,0.9,15.54,3.59,19.34,13.23,1.45,0,0.78,12.34,39.02,0.79,0,3.35,5.27,18.35,0.07,0.75,2.98,0.8,87.3,8.14,1.32,4.8,1.41,2.89,152.21,5.2,4.63,1.5,18.18,1.17,20.82,5.01,15.89,0.89,2.11,0.84,1.11,3.23,82.43,0.71,1.79,10.17,0.67,2.16,2.31,0.58,0.66,27.4,0.7,6.29,0.51,45.38,1.36,2.39,0.58,6.06
4/30/1927,9.81,2.3,1.34,4.53,8.32,2.5,11.24,0.35,14.93,1.92,1.16,2.57,2.71,4.1,16.64,9.73,1.07,95.54,1.11,1.21,3.24,1.51,5.58,42.46,0.88,18.82,4.72,34.35,15.79,1.73,0,0.67,17.67,85.15,0.67,0,5.76,9.11,42.09,0.02,0.64,4.12,0.81,179.1,14.61,2.63,11.98,5.06,4.68,277.74,5.94,0.39,3.24,28.93,2.49,44.25,15.64,38.72,0.77,1.81,0.91,2.71,10.13,189.21,0.61,6.44,17,0.93,6.75,2.22,0.26,0.56,62.9,0.62,20.92,1.23,54.07,2.16,5.82,0.7,13.89
5/31/1927,3.4,1.61,0.14,1.47,6.17,0.4,7.86,0.04,32.29,0.22,0.31,0,0.32,1.93,7.08,16.38,0.28,32.08,0.29,0.01,0.85,0.41,0.28,64.75,0.2,2.65,0.85,40.23,4.17,0.46,0,0.08,6.51,234.28,0.08,0,1.18,0,79.52,0,0.07,3.04,0.13,295.7,6.55,1.95,18.26,12.28,3.27,509.69,10.17,0.06,0.18,33.15,2.78,49.4,24.06,4.55,0.09,0.21,0.18,0.32,19.31,99.88,0.07,15.63,6.78,0.69,12.88,0.13,0.01,0.07,110.14,0.11,33.79,0.14,24.93,2.48,0.68,0.18,24.31
6/30/1927,1.33,0.67,0.04,0.47,4.31,0.06,3.26,0.01,37.7,0.05,0.1,0,0.11,0.82,2.76,13.88,0.09,12.57,0.1,0,0.28,0.13,0.04,46.79,0.09,0.95,0.9,37.11,1.36,0.15,0,0.02,3.75,318.71,0.02,0,0.43,0,94.2,0,0.02,1.79,0.02,225.6,2.12,1.36,13.2,15.03,1.36,499.11,12.36,0.04,0.02,28.22,1.4,24.78,14.78,1.55,0.02,0.05,0.08,0.11,17.55,26.1,0.02,19.12,2.19,0.41,11.7,0.01,0,0.02,105.2,0.05,24.66,0.05,5.46,2.11,0.23,0.06,23.21
7/31/1927,0.22,0.19,0.01,0.03,0.66,0.01,0.91,0,13.36,0.01,0,0,0.01,0.18,0.51,1.37,0,1.96,0,0,0.01,0.02,0,12.1,0.04,0.08,0.3,9.02,0.06,0.01,0,0,0.36,96.66,0,0,0.12,0,22.15,0,0,0.61,0,53.6,0.65,0.21,3.41,6.48,0.38,199.04,3.93,5.69,0,1.48,0.18,3.15,2.07,0.19,0,0.01,0.02,0.01,4.04,18.46,0,8.24,0.67,0.14,2.7,0,0,0,19.37,0.03,4.96,0.01,0,0.11,0.03,0,4.27
8/31/1927,0.05,0.1,0,0.01,0.41,0,0.5,0,3.56,0,0,0,0,0.04,0.15,0.05,0,0.41,0,0,0,0,0,2.52,0,0.02,0.2,1.58,0,0,0,0,0.18,13.93,0,0,0.04,0,1.73,0,0,0.21,0,10.3,0.24,0.13,0.71,1.71,0.21,48.4,0.51,0,0,0,0.06,1.05,0.44,0,0,0,0.03,0,0.91,7.35,0,2.17,0.24,0.05,0.61,0,0,0,1.71,0,1.01,0,0,0,0,0,0.38
9/30/1927,0.03,0.06,0,0.01,0.61,0,0.3,0,1.78,0,0,0,0,0.03,0.1,0.03,0,0.27,0,0,0,0,0,0.19,0,0.01,0.14,1.24,0,0,0,0,0.08,4.32,0,0,0.02,0,0.22,0,0,0.25,0,2.6,0.2,0.19,0.05,0.96,0.12,16.84,0.37,0,0,0,0.04,0.79,0.35,0,0,0,0.02,0,0.28,7.34,0,1.22,0.2,0.06,0.18,0,0,0,0.86,0,0.35,0,0,0,0,0,0.19
10/31/1927,0.1,0.08,0.06,0.18,0,0.09,0.37,0,1.81,0.01,0.05,0.01,0.02,0.05,0.22,0.15,0.04,0.91,0.05,0,0.14,0.06,0.21,0.86,0.01,0.15,0.26,3.18,0.66,0.07,0,0,0.85,5.07,0,0,0.07,0,5.72,0,0,0.28,0.03,9.3,0.63,0,0.24,0.99,0.15,21.97,1.44,0.01,0.01,0.01,0.06,1.14,0.56,0.25,0,0.01,0.07,0.02,0.34,1.34,0,1.25,0.64,0.06,0.23,0.02,0,0,4.19,0.02,0.71,0.01,0,0,0.04,0.03,0.92
11/30/1927,0.68,0.43,0.64,2.01,1.63,1.43,2.1,0.09,3.22,0.48,0.45,0.45,0.21,0.33,0.92,1.79,0.41,6.84,0.43,0.07,1.24,0.57,1.54,4.95,0.16,1.35,1.84,14.27,6.07,0.66,0,0.17,5.04,29.46,0.17,0,0.35,0.81,20.53,0.03,0.16,0.65,0.46,43.4,1.28,0.51,1.4,1.23,0.87,69.04,4.61,0.11,0.09,4.76,0.37,6.54,2.02,2.93,0.19,0.45,0.4,0.21,1.27,22.48,0.15,1.56,1.51,0.15,0.84,0.39,0.09,0.14,13.67,0.31,2.1,0.09,6.48,0.36,0.44,0.27,3.02
12/31/1927,1.07,0.25,0.63,1.51,0.82,1.34,1.24,0.13,1.6,0.7,0.33,1.61,0.53,0.42,1.41,0.86,0.31,10.9,0.32,0.25,0.92,0.42,2.42,3.27,0.2,2.75,2.39,4.27,4.5,0.49,0,0.25,3.84,13.29,0.25,0,0.56,2.46,4.91,0.01,0.23,0.43,0.44,22.2,1.18,0.26,0.92,0.47,0.52,32.91,1.82,1.57,0.44,4.6,0.25,4.51,1.11,7.53,0.28,0.66,0.33,0.53,0.62,21.44,0.22,0.6,1.48,0.1,0.41,0.39,0.14,0.21,6.34,0.35,1.34,0.24,4.82,0.34,1.13,0.2,1.4
1/31/1928,0.98,0.31,0.96,2.17,1.14,1.79,1.53,0.2,1.58,1.11,0.52,1.03,0.33,0.35,1.21,0.74,0.49,9.98,0.5,0.16,1.46,0.63,2.22,3.1,0.32,2.52,1.82,6.5,7.14,0.78,0,0.39,5.95,14.73,0.39,0,0.66,1.59,7.28,0.05,0.37,0.59,0.58,21.4,1.3,0.36,0.87,0.44,0.64,33.88,2.32,5.73,0.28,6.11,0.26,4.56,0.91,4.78,0.44,1.05,0.49,0.33,0.69,22.44,0.35,0.56,1.64,0.14,0.46,0.66,0.28,0.33,8.24,0.57,1.24,0.15,10.57,0.46,0.72,0.31,1.82
2/29/1928,2.04,0.49,1.4,2.72,1.49,2.02,2.4,0.33,1.9,1.81,0.68,4.1,1.35,0.65,2.29,0.63,0.63,21.16,0.65,1.07,1.9,0.97,3.84,5.37,0.56,5.4,1.6,8.14,9.27,1.01,0,0.63,8.03,14.97,0.64,0,1.31,7.47,7.11,0.08,0.6,0.95,0.66,48.2,2.82,0.47,1.51,0.64,1,47.63,3.97,2.64,1.84,6.81,0.4,7.04,1.39,19.32,0.72,1.71,0.64,1.35,1.06,51.58,0.58,0.81,3.65,0.22,0.71,0.98,0.38,0.53,10.91,0.43,1.84,0.61,16.47,0.51,2.9,0.41,2.41
3/31/1928,11.75,2.59,1.26,3.59,7.85,2.41,12.65,0.3,11.69,1.63,0.99,10.92,4.45,3.96,11.51,12.78,0.92,123.23,0.94,3.4,2.76,1.35,15.34,33.83,0.61,30.6,3.87,44.07,13.48,1.47,0,0.57,12.79,70.49,0.57,0,7.39,23.1,43.69,0.04,0.54,5.08,0.78,159.1,14.23,2.48,9.54,3.61,5.27,152.42,13.86,0.36,5.62,35.56,2.24,39.87,11.59,63.6,0.65,1.54,0.82,4.45,7.55,184.58,0.52,4.6,17.94,1.15,5.03,1.52,0.37,0.48,74.15,0.5,14.96,2.02,64.77,2.66,9.56,0.59,16.38
4/30/1928,6.46,1.33,0.51,2.21,5.15,0.74,6.49,0.12,18.78,0.67,0.56,0.9,1.41,3.14,13.43,10.01,0.52,60.45,0.54,0.44,1.57,0.73,2.56,39.53,0.34,9.65,1.48,26.88,7.66,0.84,0,0.23,9.6,77.14,0.23,0,3.37,3.78,35.08,0.02,0.22,1.94,0.24,142.1,10.4,1.63,11.15,7.24,2.7,193.88,4.22,0.05,1.36,15.74,1.84,32.66,15.96,20.13,0.27,0.63,0.4,1.41,11.87,124.33,0.21,9.21,11.71,0.44,7.91,0.61,0.07,0.2,63.86,0.22,22.04,0.64,21.21,1.18,3.03,0.34,14.09
5/31/1928,1.78,0.81,0.04,0,4.87,0,3.95,0.01,33.41,0.05,0.03,0,0.22,1.07,4.08,13.89,0.03,16.41,0.03,0.01,0.08,0.12,0.09,46.11,0.08,1.28,0.56,33.09,0.41,0.04,0,0.02,0,266.76,0.02,0,0.56,0,75.65,0,0.02,1.24,0,205.7,3.22,1.54,13,13.7,1.64,375.01,6.93,0,0.09,20.31,1.59,28.22,17.16,3.17,0.02,0.05,0.06,0.22,17.39,72.25,0.02,17.44,3.23,0.28,11.59,0.02,0,0.02,100.7,0.05,26.21,0.1,3.4,1.52,0.48,0.02,22.22
6/30/1928,0.36,0.17,0,0.27,0.94,0.04,0.84,0,13.56,0,0,0,0.06,0.26,0.77,1.12,0,3.33,0,0,0,0.02,0.01,11.98,0,0.21,0.18,7.28,0,0,0,0,1.98,99.68,0,0,0.14,0,21.11,0,0,0.38,0.01,68.3,0.88,0.3,3.38,6.49,0.35,176.63,2.78,0,0.01,0.64,0.24,4.25,3.08,0.83,0,0,0,0.06,4.88,24.58,0,8.26,0.92,0.09,3.25,0,0,0,18.45,0,6.3,0.03,0,0.05,0.12,0,4.07
7/31/1928,0.1,0.08,0,0.03,0.15,0.01,0.38,0,3.43,0,0,0,0.01,0.08,0.29,0.12,0,0.86,0,0,0,0,0,2.74,0,0.04,0.1,2.13,0,0,0,0,0.32,17.31,0,0,0.06,0,1.8,0,0,0.11,0,15.3,0.32,0.05,0.77,1.68,0.16,47.05,3.28,9.18,0,0,0.04,0.72,0.44,0.12,0,0,0,0.01,0.97,6.38,0,2.14,0.33,0.03,0.65,0,0,0,0.58,0,1.1,0,0,0,0.02,0,0.13
8/31/1928,0.03,0.05,0,0,0.44,0,0.22,0,1.44,0,0,0,0,0.02,0.09,0.06,0,0.23,0,0,0,0,0,0.16,0,0.01,0.07,0.17,0,0,0,0,0,5.26,0,0,0.02,0,0.11,0,0,0.15,0,1.8,0.09,0.14,0.05,0.78,0.09,16.16,0,0,0,0,0.03,0.51,0.24,0,0,0,0,0,0.28,1.76,0,0.99,0.1,0.03,0.18,0,0,0,1.91,0,0.31,0,0,0,0,0,0.42
9/30/1928,0.02,0.02,0,0,0.23,0,0.11,0,0.71,0,0,0,0,0.02,0.07,0.04,0,0.16,0,0,0,0,0,0.01,0,0.01,0.05,0,0,0,0,0,0,2.5,0,0,0.02,0,0.04,0,0,0.1,0,0,0.08,0.07,0,0.4,0.05,7.59,0.01,0,0,0,0.02,0.3,0.14,0,0,0,0,0,0.11,0.02,0,0.51,0.08,0.02,0.07,0,0,0,0.01,0,0.14,0,0,0,0,0,0
10/31/1928,0.04,0.02,0,0,0,0,0.09,0,0.55,0,0,0,0,0.03,0.14,0.07,0,0.36,0,0,0,0,0.07,0.11,0,0.05,0.07,1.35,0,0,0,0,0,2.3,0,0,0.03,0,0.04,0,0,0.07,0,2.8,0.16,0,0.03,0.32,0.04,9.49,0.04,0,0,0,0.04,0.72,0.37,0,0,0,0,0,0.1,0,0,0.4,0.16,0.01,0.07,0,0,0,0.78,0,0.46,0,0,0,0,0,0.17
11/30/1928,0.18,0.08,0,0.35,0.29,0.17,0.39,0,1.09,0,0.05,0.1,0.06,0.11,0.35,0.14,0.05,1.68,0.05,0.01,0.15,0.03,0.32,0.7,0,0.24,0.65,0.97,0.74,0.08,0,0,0.61,1.41,0,0,0.08,0.15,1.66,0.01,0,0.14,0.06,5.1,0.54,0.09,0.2,0.62,0.16,10.79,0.19,0,0,0,0.03,0.45,0.26,0.9,0,0,0.05,0.06,0.33,1.72,0,0.78,0.61,0.03,0.22,0,0,0,1.65,0,0.24,0.03,0,0,0.14,0.03,0.36
12/31/1928,0.36,0.11,0,0.64,0.44,0.4,0.55,0,1.04,0,0.09,0.45,0.19,0.19,0.71,0.48,0.09,3.45,0.09,0.06,0.26,0.08,0.65,1.17,0,0.63,2.23,2.92,1.29,0.14,0,0,0.94,4.54,0,0,0.17,0.59,2.5,0.02,0,0.14,0.13,7.4,0.82,0.14,0.33,0.45,0.23,15.07,0.5,0.05,0,0,0.03,0.55,0.35,2.7,0,0,0.08,0.19,0.42,8.1,0,0.58,1,0.03,0.28,0,0,0,2.37,0,0.31,0.09,1.72,0,0.41,0.06,0.52
1/31/1929,0.58,0.13,0,0.69,0.39,0.48,0.63,0,0.97,0,0.11,0.79,0.33,0.26,1.06,0.3,0.1,5.51,0.1,0.15,0.3,0.08,1.03,1.73,0,1.01,0.82,3.14,1.44,0.16,0,0,1.06,4.36,0,0,0.35,1.16,2.23,0.01,0,0.2,0.16,11.2,0.81,0.12,0.49,0.3,0.26,16.27,0.64,0.98,0,0.64,0.05,0.81,0.38,4.73,0,0,0.09,0.33,0.38,9.27,0,0.39,1.03,0.04,0.25,0,0,0,3.07,0,0.42,0.15,4.26,0.05,0.71,0.06,0.68
2/28/1929,1.51,0.23,0,0.59,0.92,0.35,1.14,0,1.5,0,0.1,1.66,0.76,0.64,1.94,0.33,0.09,15.33,0.1,0.39,0.28,0.15,2.13,2.48,0,2.69,1.41,5.29,1.37,0.15,0,0,1.02,6.96,0,0,0.83,2.9,4.11,0.01,0,0.38,0.11,21.9,1.83,0.29,0.7,0.46,0.47,22.76,0.86,4.83,0,1.66,0.12,2.08,0.73,10.83,0,0,0.08,0.76,0.63,24.03,0,0.59,2.32,0.09,0.42,0,0,0,5.47,0,0.88,0.34,7.91,0.12,1.63,0.06,1.21
3/31/1929,1.64,0.47,0,0.57,1.58,0.33,2.28,0,2.02,0,0.1,1.16,0.6,0.66,2.53,2.5,0.09,16.17,0.09,0.28,0.27,0.23,1.93,5.07,0,3.05,1.75,16.12,1.31,0.14,0,0,0.98,28.87,0,0,1.05,1.99,18.23,0.01,0,0.86,0.11,47.2,2.22,0.5,1.43,0.7,0.95,67.09,2.58,0.82,0,6.49,0.87,15.38,3.27,8.59,0,0,0.08,0.6,1.16,36.12,0,0.89,2.77,0.2,0.77,0,0,0,12.46,0,4.13,0.27,3.89,0.49,1.29,0.06,2.75
4/30/1929,2.38,1.09,0,1.42,3.71,0.73,5.32,0,5.05,0,0.27,0.5,0.53,1.17,4.5,5.36,0.25,22.54,0.26,0.17,0.75,0.32,1.55,13.42,0,3.76,1.32,19.91,3.64,0.4,0,0,3.01,48.36,0,0,1.33,1.38,23.58,0,0,1.95,0.24,77.6,4.36,1.17,3.79,1.61,2.22,108.27,4.31,0.02,0,11.12,1.01,17.87,6.92,7.58,0,0,0.2,0.53,3.35,56.09,0,2.05,5.15,0.44,2.23,0,0,0,28.93,0,9.02,0.24,24.75,0.83,1.14,0.16,6.39
5/31/1929,1.66,1.15,0,0.54,4.93,0.15,5.64,0,21.01,0,0.12,0,0.11,1.04,5.17,13.4,0.12,13.74,0.12,0.01,0.35,0.19,0.45,37.07,0,1.57,0.29,32.62,1.7,0.19,0,0,1.25,201.51,0,0,0.74,0.03,69.33,0,0,0.59,0.05,193.5,2.45,1.56,10.46,8.97,2.35,313.86,0,0,0,8.11,1.28,22.69,15.64,1.57,0,0,0.08,0.11,13.62,74.59,0,11.42,2.6,0.13,9.08,0,0,0,98.29,0,21.62,0.05,10.6,0.61,0.24,0.07,21.7
6/30/1929,0.79,0.27,0,0.09,1.79,0.01,1.3,0,19.72,0,0.01,0,0.1,0.58,2.66,4.65,0.01,6.35,0.01,0,0.03,0.03,0.03,16.35,0,0.42,1.04,18.59,0.14,0.02,0,0,0.4,132.2,0,0,0.24,0,39.03,0,0,0,0,97.3,1.23,0.57,4.61,9.21,0.54,213.31,0.39,0,0,0.79,0.36,6.44,6.39,1.39,0,0,0.01,0.1,9.16,34.86,0,11.72,1.2,0,6.11,0,0,0,44.42,0,10.81,0.04,0,0.06,0.21,0.01,9.8
7/31/1929,0.12,0.07,0,0.01,0.2,0,0.35,0,5.09,0,0,0,0,0.11,0.41,0.2,0,0.89,0,0,0,0,0,2.79,0,0.04,0.09,2.34,0,0,0,0,0.06,27.39,0,0,0.05,0,3.83,0,0,0.01,0,18.7,0.2,0.06,0.79,2.79,0.15,75.35,2.47,0.32,0,0,0.03,0.48,0.69,0.02,0,0,0,0,1.57,7.18,0,3.55,0.2,0,1.05,0,0,0,2.08,0,1.63,0,0,0,0,0,0.46
8/31/1929,0.01,0.03,0,0,0.27,0,0.16,0,1.26,0,0,0,0,0.01,0.05,0.08,0,0.05,0,0,0,0,0,0,0,0,0.06,0.81,0,0,0,0,0,6,0,0,0.01,0,0.22,0,0,0.09,0,1.8,0.06,0.08,0,0.74,0.07,20.87,0,0,0,0,0.01,0.2,0.27,0,0,0,0,0,0.25,0,0,0.94,0.06,0.02,0.17,0,0,0,1.23,0,0.64,0,0,0,0,0,0.27
9/30/1929,0,0.01,0,0,0.03,0,0.03,0,0.23,0,0,0,0,0,0.02,0.04,0,0.03,0,0,0,0,0,0,0,0,0.04,0.13,0,0,0,0,0,2.57,0,0,0,0,0.05,0,0,0.02,0,2,0.05,0.01,0,0.14,0.01,7.43,0,0,0,0,0.05,0.87,0.37,0,0,0,0,0,0.04,0,0,0.18,0.05,0,0.03,0,0,0,0,0,0.61,0,0,0,0,0,0
10/31/1929,0.02,0,0,0,0,0,0.02,0,0.12,0,0,0,0,0.01,0.05,0.03,0,0.18,0,0,0,0,0.04,0.04,0,0.03,0.01,0,0,0,0,0,0,3.44,0,0,0.01,0,0.06,0,0,0.02,0,2.7,0.09,0,0.01,0.07,0.01,6.41,0.14,0,0,0.01,0.04,0.73,0.3,0,0,0,0,0,0.02,0,0,0.09,0.09,0,0.02,0,0,0,0.73,0,0.37,0,0,0,0,0,0.16
11/30/1929,0.04,0.03,0,0,0,0,0.15,0,0.78,0,0,0,0,0.02,0.1,0.04,0,0.33,0,0,0,0,0.07,0.27,0,0.05,0,0.36,0,0,0,0,0,1.31,0,0,0.02,0,0.05,0,0,0.11,0,2.2,0.16,0,0.08,0.43,0.06,6.92,0.15,0.03,0,0,0,0.09,0.09,0,0,0,0,0,0.14,0,0,0.55,0.16,0.03,0.1,0,0,0,0.77,0,0.11,0,0,0,0,0,0.17
12/31/1929,0.46,0.21,0,0.02,0.78,0.01,1.04,0,2.08,0,0,0,0.01,0.24,0.77,1.37,0,4.49,0,0,0.01,0,0.93,2.2,0,0.82,0.68,5.09,0.04,0,0,0,0.06,5.76,0,0,0.22,0,7.69,0.01,0,0.33,0,4.4,0.57,0.25,0.62,1.04,0.43,9.02,3.31,1.2,0,1.72,0.31,5.48,1.68,0.2,0,0,0.01,0.01,0.76,4.49,0,1.32,0.65,0.07,0.51,0,0,0,10.26,0,1.73,0.01,0,0.13,0.03,0,2.26
1/31/1930,1.62,0.3,0,1.22,0.94,0.71,1.47,0,2.18,0,0.17,1.99,0.82,0.65,2.54,1.23,0.15,15.99,0.16,0.39,0.46,0.11,3.08,3.94,0,3.5,2.58,5.51,2.26,0.25,0,0,1.57,10.05,0,0,0.99,3.38,5.38,0.03,0,0.51,0.23,12.6,1.54,0.3,1.11,0.66,0.61,18.92,1.59,4.11,0.26,4.04,0.23,4.09,1.12,11.66,0,0,0.14,0.82,0.82,17.99,0,0.84,1.91,0.11,0.54,0,0,0,7.11,0,1.36,0.37,7.21,0.3,1.75,0.1,1.57
2/28/1930,1.53,0.49,0,1.25,1.76,0.71,2.41,0,2.41,0,0.19,3.11,0.76,0.59,1.49,1.94,0.18,16.05,0.18,0.51,0.54,0.19,2.41,5.15,0,3.37,2.06,10.2,2.61,0.29,0,0,1.79,18.1,0,0,0.84,3.7,11.88,0.04,0,0.93,0.23,26.4,2.05,0.55,1.45,0.75,1,37.12,3.15,0.92,0.36,7.46,0.57,10.2,1.96,10.87,0,0,0.16,0.76,1.16,29.76,0,0.96,2.63,0.21,0.77,0,0,0,11.56,0,2.62,0.35,10.56,0.56,1.63,0.12,2.55
3/31/1930,4.59,1.12,0,1.78,3.55,0.73,5.46,0,4.32,0,0.31,4.54,2.41,1.79,5.7,3.62,0.29,46.81,0.3,1.38,0.88,0.36,5.1,12.26,0,10.04,2.55,16.95,4.28,0.47,0,0,3.32,37.3,0,0,2.82,9.86,19.66,0.16,0,2.33,0.24,73.3,5.98,1.12,3.46,1.29,2.27,83.25,5.98,0,0.98,12.55,0.96,17.02,4.25,34.41,0,0,0.23,2.41,2.56,72.47,0,1.64,7.46,0.53,1.71,0,0,0,24.42,0,5.23,1.09,31.54,0.94,5.17,0.19,5.39
4/30/1930,2.83,1.64,0,0,6.27,0,8.01,0,11.27,0,0.04,0.14,0.18,1.39,6.81,9.06,0.03,25.43,0.04,0.03,0.1,0.14,1.4,29.56,0,4.39,1.49,30.78,0.5,0.05,0,0,0,95.95,0,0,1.63,0.17,44.89,0,0,2.63,0,118,4.75,1.98,8.34,4.07,3.34,167.65,4.35,0,0.05,17.86,1.94,34.49,14.7,2.59,0,0,0.03,0.18,7.83,74.28,0,5.18,5.41,0.6,5.22,0,0,0,60.07,0,19.94,0.08,24.38,1.33,0.39,0.02,13.27
5/31/1930,1.62,0.79,0,0.48,3.07,0.12,3.87,0,19.25,0,0,0.04,0.15,1.06,4.58,9.3,0,13.95,0,0,0,0.05,0.12,33.17,0,1.03,0.42,25.93,0,0,0,0,0.93,138.67,0,0,0.53,0,52.32,0,0,0.73,0.04,137,2.63,0.97,9.36,7.95,1.61,217.93,1.46,0,0.03,9.3,1.29,22.98,14.29,2.14,0,0,0,0.15,11.75,57.88,0,10.12,2.67,0.16,7.83,0,0,0,73.91,0,20.43,0.07,3.04,0.69,0.32,0,16.31
6/30/1930,0.47,0.36,0,0.08,2.38,0.01,1.76,0,23.92,0,0,0,0.02,0.34,1.31,4.39,0,4.01,0,0,0,0.01,0.01,23.86,0,0.27,0.12,17.13,0,0,0,0,0.3,187.15,0,0,0.15,0,51.08,0,0,0.22,0,112,0.68,0.75,6.73,10.47,0.73,245.96,2.85,0,0,5.57,0.45,7.91,6.45,0.25,0,0,0,0.02,11.12,30.87,0,13.32,0.71,0.05,7.41,0,0,0,53.94,0,10.92,0.01,4.91,0.42,0.04,0,11.9
7/31/1930,0.07,0.08,0,0.01,0.3,0,0.41,0,6.58,0,0,0,0.02,0.06,0.23,0.1,0,0.53,0,0,0,0,0,4.59,0,0.02,0.06,2.43,0,0,0,0,0.05,30.06,0,0,0.04,0,5.52,0,0,0.13,0,18.3,0.09,0.1,1.29,3.45,0.17,63.42,0.34,0.03,0,0,0.05,0.94,0.87,0.22,0,0,0,0.02,2.04,10.83,0,4.39,0.09,0.03,1.36,0,0,0,4.9,0,2.07,0.01,0,0,0.03,0,1.08
8/31/1930,0.01,0.04,0,0,0.04,0,0.19,0,1.57,0,0,0,0,0.01,0.05,0.02,0,0.07,0,0,0,0,0,1.09,0,0,0.04,1.51,0,0,0,0,0,5.64,0,0,0.01,0,0.34,0,0,0.04,0,2.54,0.04,0.01,0.31,0.79,0.08,20.77,0.05,0,0,0,0.04,0.67,0.52,0.07,0,0,0,0,0.44,2.5,0,1.01,0.04,0.01,0.29,0,0,0,0.83,0,1.24,0,0,0,0.01,0,0.18
9/30/1930,0.02,0.05,0,0,0.51,0,0.25,0,1.71,0,0,0,0.01,0.01,0.07,0.02,0,0.11,0,0,0,0,0,0,0,0.01,0.03,0.83,0,0,0,0,0,2.46,0,0,0.01,0,0.41,0,0,0.18,0,3.56,0.05,0.16,0,0.97,0.1,9.61,0.15,0,0,0,0.06,1.08,0.47,0.11,0,0,0,0.01,0.31,0,0,1.24,0.05,0.04,0.21,0,0,0,0.83,0,0.77,0,0,0,0.02,0,0.18
10/31/1930,0.04,0.09,0,0,0.26,0,0.42,0,1.45,0,0,0,0.02,0.04,0.19,0.02,0,0.29,0,0,0,0,0.03,0.52,0,0,0.03,0.56,0,0,0,0,0.05,4.76,0,0,0.02,0,1.35,0,0,0.06,0,3.16,0.13,0.08,0.15,0.87,0.17,11.02,0,0.02,0,0,0,0.09,0.29,0.24,0,0,0,0.02,0.44,2.35,0,1.11,0.12,0.01,0.29,0,0,0,1.55,0,0.35,0.01,0,0,0.04,0,0.34
11/30/1930,0.18,0.1,0,0.02,0.38,0,0.48,0,1.01,0,0,0,0,0.14,0.61,0.04,0,1.39,0,0,0,0,0.12,1.18,0,0,0.14,3.27,0.02,0,0,0,0.95,5.51,0,0,0.07,0,3.96,0,0,0.06,0,7.05,0.53,0.12,0.33,0.4,0.2,14.96,0.05,0.29,0,0,0.03,0.56,0.42,0.06,0,0,0,0,0.4,7.63,0,0.5,0.6,0.01,0.27,0,0,0,3.62,0,0.37,0,0.84,0,0.01,0,0.8
12/31/1930,0.13,0.08,0,0.01,0.35,0,0.4,0,0.7,0,0.01,0,0.01,0.09,0.41,0.14,0.01,1,0.01,0,0.02,0.01,0.08,1.04,0,0,0.12,1.83,0.12,0.01,0,0,0.49,3.63,0,0,0.06,0,1.69,0,0,0.05,0,5.15,0.33,0.11,0.29,0.24,0.17,9.42,0.37,1.66,0,0,0.04,0.63,0.33,0.21,0,0,0,0.01,0.29,3.56,0,0.31,0.39,0.01,0.19,0,0,0,1.94,0,0.37,0.01,1.28,0,0.03,0.01,0.43
1/31/1931,0.47,0.15,0,0.02,0.57,0,0.71,0,0.92,0,0.07,0.02,0.26,0.31,1.28,0.49,0.06,4.07,0.07,0,0.19,0.1,0.27,1.5,0,0,1.59,3.8,0.93,0.1,0,0,1.31,6,0,0,0.22,0,3.85,0.03,0,0.11,0,10.09,0.74,0.18,0.42,0.32,0.3,16.94,0.63,2.05,0,0.01,0.05,0.84,0.44,3.7,0,0,0,0.26,0.46,12.4,0,0.41,0.88,0.02,0.3,0,0,0,3.01,0,0.52,0.12,4.65,0,0.56,0.04,0.66
2/28/1931,0.9,0.23,0,0,0.85,0,1.12,0,1.17,0,0.07,0.88,0.3,0.58,2.24,0.56,0.07,7.91,0.07,0,0.2,0.11,0.41,2.55,0,0,0.83,6.57,0.98,0.11,0,0,0.24,10.26,0,0,0.43,0,6.19,0.02,0,0.19,0,19.85,1.02,0.27,0.72,0.43,0.47,23.42,2.88,0.19,0,0.06,0.15,2.7,0.86,4.31,0,0,0,0.3,0.69,21.43,0,0.55,1.18,0.04,0.46,0,0,0,7.27,0,1.12,0.14,6.7,0,0.65,0.04,1.6
3/31/1931,0.98,0.43,0,0,1.56,0,2.11,0,2.21,0,0.05,0.09,0.2,0.74,3.37,2.42,0.04,7.67,0.05,0,0.14,0.07,0.23,5.38,0,0,1.21,11.18,0.66,0.07,0,0,0,22.02,0,0,0.44,0,13.9,0,0,0.36,0,29.08,1.13,0.49,1.52,0.74,0.88,40.63,5.02,0,0,0.09,0.5,8.92,2.79,2.88,0,0,0,0.2,1.46,19.14,0,0.94,1.22,0.08,0.97,0,0,0,14.51,0,3.44,0.09,6.91,0.01,0.43,0.03,3.2
4/30/1931,0.58,0.76,0,0,2.85,0,3.71,0,9.41,0,0.02,0.01,0.05,0.53,3.19,7.75,0.02,3.31,0.02,0,0.05,0.03,0.06,16.33,0,0,0.47,19.62,0.24,0.03,0,0,0,74.09,0,0,0.2,0,35.26,0,0,0.15,0,72.25,0.65,0.9,4.61,4.08,1.54,102.74,0,0,0,0.05,0.77,13.63,10.16,0.75,0,0,0,0.05,6.54,25.05,0,5.19,0.63,0.03,4.36,0,0,0,52.02,0,13.69,0.02,2.12,0,0.11,0.01,11.49
5/31/1931,0.3,0.34,0,0,2.31,0,1.66,0,17.5,0,0.01,0,0.02,0.31,1.78,5.27,0.01,1.56,0.01,0,0.02,0.01,0.01,16.26,0,0.02,0.92,16.76,0.09,0.01,0,0,0,127.42,0,0,0.07,0,38.96,0,0,0,0,94.75,0.26,0.73,4.59,8.48,0.69,177.09,0,0,0,0,0.3,5.29,7.21,0.22,0,0,0,0.02,9.92,26.18,0,10.79,0.24,0,6.62,0,0,0,62.76,0,10.66,0.01,0,0,0.03,0,13.85
6/30/1931,0.1,0.07,0,0,0.41,0,0.32,0,7.05,0,0,0,0.01,0.12,0.59,0.91,0,0.49,0,0,0,0,0,2.91,0,0.02,0.5,5.46,0,0,0,0,0,32.67,0,0,0.03,0,7.36,0,0,0,0,21.6,0.13,0.13,0.82,3.96,0.13,59.59,0,0,0,0,0.05,0.81,1.58,0.13,0,0,0,0.01,2.75,3.52,0,5.05,0.12,0,1.83,0,0,0,11.47,0,2.61,0,0,0,0.02,0,2.53
7/31/1931,0.01,0.05,0,0,0.27,0,0.22,0,2.32,0,0,0,0.01,0.01,0.06,0.03,0,0.02,0,0,0,0,0,0.2,0,0,0,1.32,0,0,0,0,0,7.57,0,0,0,0,0.43,0,0,0.01,0,2.69,0.02,0.08,0.06,1.4,0.09,18.71,1.31,0.02,0,0,0.01,0.16,0.62,0.15,0,0,0,0.01,0.61,0.9,0,1.78,0.02,0,0.4,0,0,0,0,0,1.3,0,0,0,0.02,0,0
8/31/1931,0,0,0,0,0,0,0.02,0,0.16,0,0,0,0,0,0,0,0,0,0,0,0,0,0,0,0,0,0,0.27,0,0,0,0,0,2.18,0,0,0,0,0.03,0,0,0,0,2.08,0,0,0,0.11,0.01,12.81,0,0,0,0,0.01,0.24,0.44,0.01,0,0,0,0,0.03,0,0,0.14,0,0,0.02,0,0,0,0.53,0,1.02,0,0,0,0,0,0.12
9/30/1931,0,0,0,0,0,0,0,0,0,0,0,0,0,0,0,0,0,0,0,0,0,0,0,0,0,0,0,0.14,0,0,0,0,0,0.87,0,0,0,0,0.01,0,0,0,0,0.58,0.01,0,0,0,0,8,0,0,0,0,0.03,0.5,0.3,0,0,0,0,0,0,0.79,0,0,0.01,0,0,0,0,0,0.54,0,0.53,0,0,0,0,0,0.12
10/31/1931,0.01,0.02,0,0,0,0,0.11,0,0.55,0,0,0,0,0,0.02,0.01,0,0.1,0,0,0,0,0.02,0.29,0,0.02,0.05,0.11,0,0,0,0,0,1.05,0,0,0.01,0,0.17,0,0,0.09,0,1.28,0.05,0,0.08,0.28,0.05,6.32,0,0.04,0,0,0.03,0.56,0.23,0,0,0,0,0,0.1,0.35,0,0.35,0.05,0.02,0.07,0,0,0,0,0,0.29,0,0,0,0,0,0
11/30/1931,0.12,0.04,0,0.01,0,0,0.21,0,0.98,0,0,0,0,0.06,0.27,0.02,0,1.14,0,0,0,0,0.25,0.53,0,0.18,0.74,0.42,0,0,0,0,0.1,1.8,0,0,0.08,0,1.43,0,0,0.15,0,3.87,0.25,0,0.15,0.5,0.09,8.68,0.52,4.09,0,0.21,0.02,0.33,0.19,0.01,0,0,0.01,0,0.18,2.39,0,0.63,0.25,0.04,0.12,0,0,0,2.13,0,0.24,0,0,0.02,0,0,0.47
12/31/1931,2.57,0.6,2.13,4.46,2.04,3.27,2.91,0.34,4.87,1.87,1.75,6.93,2.51,1.03,3.31,0.06,1.62,26.1,1.67,1.6,4.88,2.58,5.82,6.93,0.64,6.23,3.78,5.17,23.8,2.6,0,0.65,13.25,7.81,0.66,0,1.47,12.79,4.65,0.65,0.62,1.03,1.06,77.09,3.06,0.64,1.96,1.97,1.21,71.93,3.12,6.98,2.83,0.35,0,0,0.64,35.88,0.74,1.76,1.07,2.51,1.71,74.98,0.59,2.51,3.68,0.23,1.14,1.6,0.39,0.55,7.41,1.21,0.69,1.14,19.61,0.03,5.39,1.05,1.63
1/31/1932,2.26,0.42,2.3,3.96,1.31,3.72,2.03,0.52,2.48,2.9,1.19,3.93,1.39,0.73,2.51,0.09,1.1,23.48,1.14,1.14,3.33,1.76,4.28,5.38,0.84,5.97,2.52,6.91,16.22,1.77,0,1.01,11.22,16.54,1.02,0,1.44,7.99,7.06,0.15,0.96,0.73,1.21,50.92,2.04,0.41,1.52,0.7,0.85,58.44,3.15,4.19,2.01,3.82,0.08,1.51,0.9,19.82,1.15,2.73,0.95,1.39,0.95,48.14,0.92,0.89,2.62,0.16,0.63,2.03,0.8,0.85,9.21,1.57,0.81,0.63,17.57,0.29,2.98,0.72,2.03
2/29/1932,7.32,1.34,6.81,12.7,4.25,10.24,6.53,1.77,5.32,9.8,3.85,13.4,4.17,2.32,6.87,0.35,3.57,77.12,3.68,2.87,10.75,5.69,11.33,13.88,3.25,19.84,3.61,17.42,52.44,5.74,0,3.43,43.31,32.85,3.44,0,4.75,19.92,15.39,1.14,3.26,2.64,3.33,162.08,6.57,1.34,3.91,1.57,2.72,165.47,5.58,6.14,5.13,13.01,0.28,5.03,2.16,59.5,3.91,9.24,3.26,4.17,2.66,172.23,3.11,2,8.46,0.6,1.77,7.58,2.47,2.87,18.94,3.04,2.57,1.89,62.33,0.97,8.94,2.31,4.18
3/31/1932,3.76,1.25,1.11,2.45,3.88,1.88,6.09,0.29,4.15,1.61,0.69,0.31,0.55,1.41,3.6,3.37,0.64,39.51,0.66,0.18,1.92,1.02,3.42,12.92,0.65,9.27,1.86,23.2,9.36,1.02,0,0.56,9.26,41.65,0.57,0,2.22,1.5,22.3,0.06,0.54,2.67,0.61,79.91,5.32,1.23,3.64,1.08,2.54,157.47,9.25,1.64,0.55,15.91,1.4,24.9,4.58,7.84,0.64,1.52,0.55,0.55,2.38,84.03,0.51,1.38,6.67,0.61,1.59,1.83,0.3,0.47,21.58,0.52,5.95,0.25,37.06,1.19,1.18,0.41,4.76
4/30/1932,3.47,2.06,1.01,2.87,5.51,1.35,10.06,0.27,9.47,1.47,0.32,0.08,0.24,1.43,6.77,8.34,0.3,32.7,0.31,0.01,0.89,0.47,2.07,28.88,0.71,6.83,1.54,32.48,4.36,0.48,0,0.52,11.89,76.02,0.52,0,2.27,0,37.83,0,0.49,3.97,0.44,132.85,6.49,1.74,8.15,2.88,4.19,239.98,11.07,0.04,0.18,26.05,2.49,44.2,10.84,3.38,0.59,1.39,0.59,0.24,6.29,98.53,0.47,3.67,7.79,0.9,4.2,1.8,0.19,0.43,39.4,0.48,14.01,0.11,48.28,1.95,0.51,0.19,8.71
5/31/1932,4.11,2.28,0.29,2.46,9.32,0.89,11.15,0.08,32.34,0.43,0.21,0.02,0.25,2.25,8.98,18.48,0.19,38.2,0.2,0.01,0.58,0.3,0.85,71.64,0.33,4.29,0.8,54.47,2.81,0.31,0,0.15,10.26,231.49,0.15,0,1.64,0,89.89,0,0.14,4.08,0.29,280.99,7.98,2.94,20.21,12.04,4.64,497.12,12,0,0.1,37.42,3.39,60.21,27.37,3.56,0.17,0.41,0.37,0.25,20.07,148.18,0.14,15.33,8.73,0.93,13.38,0.2,0.02,0.13,117.72,0.18,37.8,0.11,39.04,2.8,0.54,0.12,25.99
6/30/1932,1.4,0.94,0.05,0.75,5.66,0.1,4.58,0.01,41.18,0.07,0.06,0,0.05,0.87,3.2,13.97,0.05,12.89,0.05,0,0.15,0.08,0.04,57.85,0.13,0.98,0.43,39.93,0.75,0.08,0,0.03,5.64,326.65,0.03,0,0.44,0,102.38,0,0.02,2.27,0.03,253.83,2.43,1.79,16.32,16.24,1.91,544.92,10.68,0,0.01,27.65,1.74,30.87,17.97,0.76,0.03,0.07,0.12,0.05,20.49,63.67,0.02,20.67,2.44,0.51,13.66,0.02,0,0.02,114.53,0.07,28.3,0.02,15.87,2.07,0.11,0.03,25.27
7/31/1932,0.2,0.22,0.01,0.07,1.14,0.02,1.09,0,16.82,0.01,0,0,0,0.17,0.51,0.92,0,1.75,0,0,0,0,0,16.06,0.04,0.07,0.18,9.48,0.02,0,0,0,0.77,107.48,0,0,0.1,0,27,0,0,0.74,0.01,66.27,0.56,0.36,4.53,7.89,0.45,242.29,3.37,20.57,0,1.47,0.18,3.28,2.37,0.01,0,0.01,0.06,0,5.61,31.88,0,10.04,0.57,0.17,3.74,0.01,0,0,20.08,0.02,5.12,0,4.57,0.11,0,0,4.43
8/31/1932,0.04,0.14,0,0.01,0.55,0,0.68,0,4.81,0,0,0,0,0.03,0.12,0.02,0,0.27,0,0,0,0,0,3.35,0,0.01,0.12,1.35,0,0,0,0,0.08,13.3,0,0,0.02,0,1.42,0,0,0.3,0,12.1,0.14,0.17,0.95,2.32,0.28,52.76,0.49,0,0,0,0.05,0.88,0.76,0,0,0,0.02,0,1.21,15.9,0,2.95,0.14,0.07,0.81,0,0,0,2.52,0,1.83,0,0,0,0,0,0.56
9/30/1932,0.01,0.05,0,0,0.48,0,0.24,0,1.41,0,0,0,0,0.01,0.03,0.01,0,0.06,0,0,0,0,0,0.16,0,0,0.09,1.27,0,0,0,0,0.04,3.63,0,0,0.01,0,0.23,0,0,0.19,0,3.21,0.09,0.15,0.04,0.76,0.1,17.22,0.37,0,0,0,0.11,2.02,0.7,0,0,0,0.01,0,0.22,6.91,0,0.96,0.09,0.04,0.15,0,0,0,1.11,0,1.15,0,0,0,0,0,0.24
10/31/1932,0.02,0.05,0,0.01,0,0,0.24,0,1.29,0,0,0,0,0.02,0.08,0.01,0,0.19,0,0,0,0,0.04,0.39,0,0.02,0.09,0.1,0,0,0,0,0.08,2.9,0,0,0.01,0,0.22,0,0,0.19,0,2.06,0.14,0,0.11,0.74,0.1,13.35,0.03,0.01,0,0,0.05,0.88,0.47,0,0,0,0.01,0,0.25,2.5,0,0.95,0.13,0.04,0.16,0,0,0,0.14,0,0.57,0,0,0,0,0,0.03
11/30/1932,0.05,0.05,0,0.07,0.32,0.03,0.25,0,0.42,0,0,0,0,0.03,0.13,0.01,0,0.43,0,0,0,0,0.08,0.51,0,0.05,0.15,0.1,0,0,0,0,0.19,3.3,0,0,0.03,0,0.26,0,0,0.07,0.01,2.81,0.23,0.1,0.14,0.22,0.1,11.33,0.14,0.07,0,0,0.02,0.28,0.15,0,0,0,0.01,0,0.18,0,0,0.27,0.25,0.01,0.12,0,0,0,0.79,0,0.14,0,0,0,0,0,0.17
12/31/1932,0.15,0.09,0.19,0.39,0.31,0.22,0.45,0,0.74,0,0.02,0,0,0.09,0.3,0.01,0.02,1.42,0.02,0,0.05,0.02,0.27,0.9,0,0.2,0.89,0.32,0.23,0.03,0,0,0.81,3.17,0,0,0.07,0,1.15,0.01,0,0.11,0.07,5.27,0.37,0.1,0.25,0.35,0.19,13.92,0.41,1.55,0,0,0.04,0.7,0.34,0,0,0,0.06,0,0.32,6.21,0,0.44,0.43,0.03,0.21,0,0,0,1.97,0,0.3,0,0.7,0,0,0.01,0.43
1/31/1933,0.43,0.12,0.2,0.97,0.43,0.68,0.58,0.06,1.03,0.34,0.27,2,0.68,0.22,0.84,0.02,0.25,4.08,0.26,0.22,0.76,0.4,0.77,1.48,0.03,0.74,4.29,1.86,3.69,0.4,0,0.12,1.88,5.05,0.12,0,0.2,1.92,1.96,0.05,0.11,0.2,0.22,14.89,0.45,0.14,0.42,0.34,0.24,26.89,0.85,3.33,0,0,0.04,0.69,0.37,9.77,0.14,0.32,0.16,0.68,0.38,17.87,0.11,0.44,0.55,0.04,0.25,0,0,0.1,2.85,0.01,0.36,0.31,2.18,0,1.47,0.16,0.63
2/28/1933,0.53,0.14,0.6,0.58,0.4,0.45,0.66,0,0.95,0.01,0.27,0.54,0.44,0.24,0.96,0.02,0.25,5.02,0.26,0.18,0.76,0.4,0.93,1.82,0,0.91,1.28,2.82,3.71,0.41,0,0,1.15,6.86,0,0,0.33,1.39,3.17,0.05,0,0.22,0.15,16.07,0.92,0.13,0.51,0.3,0.27,30.31,0.99,5.29,0,1.01,0.06,1.04,0.37,6.35,0,0.01,0.1,0.44,0.38,18.47,0,0.38,1.15,0.05,0.25,0,0,0,4.1,0,0.44,0.2,5.16,0.08,0.95,0.16,0.9
3/31/1933,1.53,0.39,0.1,1.47,1.42,1.01,1.89,0,2.03,0,0.42,0.29,0.54,0.66,1.94,0.11,0.39,15.54,0.4,0.19,1.16,0.62,2.13,4.04,0,2.69,2.84,10.32,5.68,0.62,0,0,3.25,20.68,0,0,0.83,1.41,10.96,0.01,0,0.72,0.33,44.26,2.64,0.45,1.14,0.65,0.79,75.69,2.36,0,0,5.27,0.26,4.64,1.31,7.73,0,0,0.26,0.54,0.96,40.38,0,0.82,3.34,0.16,0.64,0,0,0,11.64,0,1.65,0.25,15.24,0.39,1.16,0.25,2.57
4/30/1933,1.91,1.13,0.09,1.88,3.73,1.23,5.54,0,4.67,0,0.16,0.06,0.2,0.8,2.97,4.73,0.15,18.82,0.16,0.04,0.46,0.24,2.07,12.92,0,3.48,0.45,25.08,2.23,0.24,0,0,4.89,62.7,0,0,1.18,0.4,33.84,0,0,2.33,0.4,89.52,2.93,1.18,3.64,1.44,2.31,161.46,7.07,0,0,14.02,1.31,23.19,5.51,2.84,0,0,0.35,0.2,2.84,49.22,0,1.83,3.61,0.53,1.9,0,0,0,25.08,0,6.92,0.09,28.79,1.05,0.43,0.1,5.53
5/31/1933,2.74,1.45,0.03,0.98,4.88,0.44,7.08,0,13.84,0,0.12,0.02,0.23,1.41,6.23,9.44,0.11,24.86,0.12,0.02,0.34,0.18,1.57,30.04,0,4,1.64,29.58,1.68,0.18,0,0,2.78,113.11,0,0,1.55,0.21,46.12,0,0,1.91,0.14,127.05,4.41,1.54,8.47,5.35,2.95,221.67,4.82,0,0,19.27,1.62,28.78,14.3,3.22,0,0,0.14,0.23,9.29,61.94,0,6.81,5.03,0.43,6.19,0,0,0,64.05,0,19.46,0.1,17.03,1.44,0.48,0.07,14.15
6/30/1933,1.57,0.71,0,0.68,4.6,0.16,3.49,0,31.6,0,0.04,0,0.04,1.12,5.27,12.21,0.03,12.59,0.04,0,0.1,0.06,0.1,38.58,0,0.86,0.18,28.2,0.51,0.06,0,0,2.42,267.19,0,0,0.49,0,72.95,0,0,0.07,0.05,189.65,2.1,1.45,10.88,13.84,1.45,409.16,2.23,0,0,12.53,1.19,21.12,15.61,0.51,0,0,0.11,0.04,16.9,57.79,0,17.62,2.12,0.02,11.27,0,0,0,112.74,0,23.75,0.02,0,0.94,0.08,0.02,24.88
7/31/1933,0.16,0.08,0,0.02,0.31,0,0.38,0,6.93,0,0,0,0,0.15,0.56,0.31,0,1.26,0,0,0,0,0,4.3,0,0.07,0.1,3.43,0.01,0,0,0,0.14,43.12,0,0,0.06,0,6.62,0,0,0.07,0,27.93,0.3,0.1,1.21,3.74,0.16,120.46,0.94,0.05,0,0,0.05,0.97,1.01,0.02,0,0,0,0,2.19,21.93,0,4.76,0.31,0.02,1.46,0,0,0,12.27,0,2.39,0,0,0,0,0,2.71
8/31/1933,0.01,0.05,0,0,0.1,0,0.22,0,1.93,0,0,0,0,0.01,0.07,0.01,0,0.08,0,0,0,0,0,1.11,0,0,0.07,1.45,0,0,0,0,0,5.89,0,0,0.01,0,0.33,0,0,0.03,0,1.26,0.17,0.03,0.31,1,0.09,28.02,0.19,0,0,0,0.03,0.45,0.35,0,0,0,0,0,0.55,8.4,0,1.27,0.18,0.01,0.36,0,0,0,3.11,0,0.86,0,0,0,0,0,0.69
9/30/1933,0,0.04,0,0,0.25,0,0.19,0,1.3,0,0,0,0,0,0.01,0.01,0,0.01,0,0,0,0,0,0,0,0,0.05,1.28,0,0,0,0,0,2.56,0,0,0,0,0.19,0,0,0.14,0,1.6,0.06,0.08,0,0.77,0.08,11.73,0.15,0,0,0,0.03,0.62,0.31,0,0,0,0,0,0.22,0.51,0,0.98,0.07,0.03,0.14,0,0,0,2.98,0,0.41,0,0,0,0,0,0.66
10/31/1933,0.05,0.02,0,0.01,0,0,0.1,0,0.63,0,0,0,0,0.04,0.16,0.05,0,0.44,0,0,0,0,0.09,0.08,0,0.06,0.52,0.07,0,0,0,0,0,2.77,0,0,0.03,0,1.6,0,0,0.06,0,2.04,0.2,0,0.02,0.38,0.04,9.74,0.28,0.01,0,0,0.06,1.09,0.52,0,0,0,0,0,0.12,0,0,0.48,0.3,0.01,0.08,0,0,0,3.92,0,0.58,0,0,0,0,0,0.86
11/30/1933,0.13,0.07,0,0.18,0.3,0.03,0.36,0,0.92,0,0,0,0,0.08,0.24,0.09,0,1.2,0,0,0,0,0.23,0.63,0,0.17,0.43,0.38,0,0,0,0,0,3.21,0,0,0.06,0,1.25,0,0,0.09,0.01,3.14,0.28,0.09,0.18,0.52,0.15,10.11,0.6,1.01,0,0.33,0.07,1.24,0.54,0,0,0,0.01,0,0.32,3.12,0,0.67,0.43,0.02,0.21,0,0,0,3.4,0,0.49,0,0,0.02,0,0,0.75
12/31/1933,1.43,0.2,0.22,0.94,0.71,0.16,0.98,0.02,1.77,0.08,0.04,4.27,0.86,0.65,2.58,0.48,0.04,13.72,0.04,0.4,0.12,0.06,2.49,2.45,0.02,2.59,2.52,6.95,0.57,0.06,0,0.03,0,6.89,0.03,0,0.82,3.42,8.76,0.02,0.03,0.23,0.05,17.23,1.41,0.22,0.69,0.67,0.41,39.55,1.44,5.35,0.12,2.91,0.25,4.49,1.27,12.26,0.03,0.08,0.05,0.86,0.71,18.22,0.03,0.85,2.11,0.05,0.47,0,0,0.02,9.39,0.04,1.57,0.39,0,0.22,1.84,0.03,2.07
1/31/1934,2.52,0.3,0.99,0,1.14,0,1.45,0.12,1.77,0.66,0.13,2.59,0.91,1.01,3.23,1.03,0.12,25.53,0.13,0.58,0.38,0.2,3.34,3.17,0.16,4.79,2.26,6.66,1.83,0.2,0,0.23,1.06,13.36,0.23,0,1.53,4.21,8.91,0.03,0.22,0.43,0,32.21,1.79,0.36,0.89,0.59,0.6,46.23,2.25,1.11,0.17,4.19,0.33,5.88,1.34,13,0.26,0.62,0.08,0.91,0.84,35.9,0.21,0.76,2.58,0.1,0.56,0,0,0.19,10.81,0.18,1.75,0.41,3.52,0.31,1.95,0.08,2.39
2/28/1934,2.47,0.49,0.42,0.15,1.78,0.03,2.37,0.05,2.16,0.3,0.45,6.83,1.47,1.13,3.95,1.34,0.41,24.24,0.43,0.8,1.25,0.66,1.95,5.23,0.09,4.34,4.34,8.76,6.1,0.67,0,0.1,0,19.69,0.1,0,1.37,5.64,10.45,0.04,0.1,0.81,0.01,45.82,2.52,0.56,1.48,0.7,0.99,51.08,2.17,0,0.23,3.96,0.36,6.46,1.82,21.06,0.12,0.28,0.08,1.47,1.25,50.81,0.09,0.9,3.29,0.18,0.84,0,0,0.09,12.55,0.07,2.18,0.67,6.08,0.29,3.17,0.27,2.77
3/31/1934,1.81,0.98,0.13,0.37,3.55,0.06,4.8,0.02,6.68,0.1,0.15,0.57,0.41,1.04,5.28,7.78,0.14,15.31,0.15,0.09,0.43,0.23,0.69,15.84,0.05,2.17,1.11,21.13,2.1,0.23,0,0.03,0,49.88,0.03,0,0.94,0.79,30.9,0.01,0.03,1.17,0.02,67.45,2.06,1.12,4.47,2.51,2,111.95,0.88,0,0.05,7.23,1.12,19.84,9.29,5.82,0.04,0.09,0.04,0.41,4.73,48.25,0.03,3.19,2.83,0.26,3.16,0,0,0.03,42.62,0.03,12.35,0.19,5.69,0.54,0.87,0.09,9.41
4/30/1934,0.83,0.56,0,0.48,2.42,0.08,2.72,0,12.17,0,0.04,0.04,0.07,0.58,2.69,7.4,0.03,6.8,0.03,0,0.1,0.05,0.06,18.95,0,0.47,1.15,16.7,0.49,0.05,0,0,0,91.04,0,0,0.27,0,41.6,0,0,0,0.03,94.17,0.83,0.76,5.35,5.39,1.13,169.03,0,0,0.01,0.75,0.69,12.22,9.89,1.05,0,0,0.01,0.07,7.84,37.03,0,6.85,1.09,0,5.22,0,0,0,58.68,0,13.67,0.03,1.21,0.06,0.16,0.02,12.95
5/31/1934,0.36,0.23,0,0.25,1.51,0.03,1.14,0,12.54,0,0,0,0.02,0.26,1.2,3.08,0,2.95,0,0,0.01,0.01,0.01,12.13,0,0.2,0.93,11,0.06,0.01,0,0,0,89.48,0,0,0.1,0,29.54,0,0,0,0.01,59.41,0.38,0.48,3.42,5.79,0.47,148.04,0,0,0,0.42,0.2,3.49,4.05,0.28,0,0,0,0.02,6.68,19.02,0,7.37,0.71,0,4.45,0,0,0,30.31,0,6.62,0.01,2.66,0.03,0.04,0,6.69
6/30/1934,0.21,0.11,0,0.17,0.75,0.01,0.53,0,10.13,0,0,0,0.05,0.18,0.68,1.42,0,1.68,0,0,0,0,0,6.23,0,0.1,0.71,7.39,0.02,0,0,0,0,61.75,0,0,0.08,0,14.91,0,0,0,0,36.17,0.22,0.24,1.76,5.25,0.22,71.81,0,0,0,0,0.12,2.08,2.45,0.74,0,0,0,0.05,4.17,11.04,0,6.68,0.4,0,2.78,0,0,0,16.64,0,4.31,0.02,0,0,0.11,0,3.67
7/31/1934,0.03,0.05,0,0,0.21,0,0.25,0,2.85,0,0,0,0,0.02,0.12,0.05,0,0.16,0,0,0,0,0,1.06,0,0.01,0.15,0.85,0,0,0,0,0,11.19,0,0,0.02,0,0.89,0,0,0.01,0,4.01,0.07,0.07,0.3,1.6,0.1,30.33,0,0.04,0,0,0.01,0.21,0.44,0.02,0,0,0,0,0.82,0,0,2.04,0.06,0,0.55,0,0,0,0.53,0,1.04,0,0,0,0,0,0.12
8/31/1934,0,0.01,0,0,0.01,0,0.07,0,0.5,0,0,0,0,0,0,0.01,0,0,0,0,0,0,0,0,0,0,0.1,0.98,0,0,0,0,0,5.36,0,0,0,0,0.14,0,0,0.04,0,2.6,0.02,0,0,0.32,0.03,15.2,0,0,0,0,0.01,0.12,0.18,0,0,0,0,0,0.08,0,0,0.4,0,0.01,0.05,0,0,0,0.08,0,0.42,0,0,0,0,0,0.02
9/30/1934,0,0.01,0,0,0.01,0,0.03,0,0.25,0,0,0,0,0,0,0.01,0,0,0,0,0,0,0,0,0,0,0.07,0.07,0,0,0,0,0,3.78,0,0,0,0,0.45,0,0,0.02,0,0,0.03,0,0,0.16,0.01,9.58,0,0,0,0,0.05,0.91,0.48,0,0,0,0,0,0.04,0.27,0,0.2,0.01,0,0.03,0,0,0,0.02,0,0.89,0,0,0,0,0,0
10/31/1934,0.02,0.03,0,0.01,0,0,0.15,0,0.74,0,0,0,0.01,0.01,0.05,0.04,0,0.2,0,0,0,0,0.04,0.38,0,0.03,0.13,0.79,0,0,0,0,0.18,4.21,0,0,0.01,0,2.67,0,0,0.12,0,2.14,0.09,0,0.11,0.38,0.06,13.51,0.05,0.05,0.01,0.01,0.07,1.25,0.5,0.11,0,0,0.02,0.01,0.13,3.51,0,0.48,0.15,0.03,0.09,0,0,0,0.17,0,0.62,0,0,0,0.02,0,0.04
11/30/1934,0.35,0.16,0,0.3,0.47,0.17,0.76,0,2.13,0,0.04,0,0.07,0.17,0.55,1.04,0.04,3.45,0.04,0.01,0.11,0.06,0.76,1.83,0,0.59,1.55,7.22,0.53,0.06,0,0,1.46,17.71,0,0,0.2,0.15,11.39,0.01,0,0.37,0.06,20.16,0.42,0.15,0.52,1.09,0.32,26.41,2.82,0.17,0.04,0.14,0.16,2.86,0.98,0.99,0,0,0.12,0.07,0.55,11.28,0,1.39,0.61,0.09,0.37,0.04,0.01,0,6.36,0,0.96,0.03,0,0.01,0.15,0.02,1.4
12/31/1934,0.46,0.22,0,0.75,0.72,0.46,1.08,0,1.6,0,0.15,0.06,0.24,0.22,0.59,1.01,0.14,4.72,0.15,0.1,0.43,0.23,1.1,2.36,0,0.97,3.08,7.22,2.08,0.23,0,0,2.37,16.91,0,0,0.23,1.05,9.18,0.02,0,0.31,0.15,22.75,0.5,0.23,0.66,0.68,0.45,35.89,1.96,1.15,0.13,2.11,0.22,3.96,1.13,3.37,0,0,0.19,0.24,0.67,18.55,0,0.87,0.79,0.07,0.45,0.13,0.02,0,5.38,0,1.19,0.11,1.04,0.16,0.51,0.09,1.19
1/31/1935,2.67,0.41,0.43,4.82,1.26,4.03,2.02,0.05,2.76,0.25,1.64,4.81,2.24,0.97,3.26,1.23,1.52,27.33,1.57,1.51,4.58,2.42,6.15,5.42,0.09,7.02,8.18,8.39,22.34,2.44,0,0.09,13.15,23.46,0.09,0,1.62,11.8,9.96,0.1,0.08,0.73,1.31,79.97,1.92,0.4,1.53,0.78,0.84,72.56,2.55,20.27,2.78,4.38,0.24,4.25,1.16,31.94,0.1,0.24,1.08,2.24,1,63.1,0.08,0.99,3.2,0.16,0.67,2.04,0.6,0.07,8.24,0.18,1.41,1.02,11.6,0.33,4.8,0.99,1.82
2/28/1935,1.94,0.48,0,3.38,1.75,3.17,2.32,0,2.53,0,0.75,0.63,0.52,0.59,2.16,1.11,0.7,20.09,0.72,0.42,2.1,1.11,3.65,4.94,0,5.29,2.69,11.45,10.24,1.12,0,0,9.62,31.23,0,0,1.26,2.99,13.03,0.04,0,0.87,1.03,52.65,2.37,0.55,1.39,0.68,0.97,84.54,3.39,21.91,0.78,8.78,0.53,9.38,1.82,7.38,0,0,0.81,0.52,1.02,51.11,0,0.87,3.47,0.2,0.68,2.06,0.83,0,11.22,0,2.39,0.23,10.89,0.66,1.11,0.45,2.48
3/31/1935,3.51,0.7,0.96,4.65,2.09,3.65,3.43,0.17,2.61,0.97,1.41,2.47,2.11,1.14,2.43,1.93,1.31,38.09,1.35,1.78,3.94,2.08,6.34,7.63,0.27,9.64,6.78,12.9,19.2,2.1,0,0.34,14.85,32.36,0.34,0,2.05,12.33,13.58,0.05,0.32,1.37,1.19,85.97,3.35,0.66,2.15,0.85,1.43,111.97,5.11,0,3.2,9.61,0.66,11.64,2.16,30.15,0.38,0.91,1.18,2.11,1.44,77.2,0.31,1.08,4.91,0.31,0.96,2.96,1.08,0.28,13.19,0.48,2.81,0.96,22.11,0.72,4.53,0.85,2.91
4/30/1935,14.01,3.23,2.37,8.23,9.49,6.25,15.75,0.5,13.72,2.78,2.47,7.63,3.8,4.9,17.35,12.92,2.29,142.91,2.36,2.42,6.91,3.66,14.5,41.26,0.97,34.91,7.34,44.84,33.7,3.69,0,0.97,30.51,110.77,0.98,0,9.13,16.98,49,0.05,0.93,6.44,2.03,278.25,18.19,3,11.64,4.08,6.56,357.37,14.75,0,4.62,34.26,2.83,50.34,14.13,54.31,1.11,2.62,2.03,3.8,8.75,259.39,0.88,5.19,24.4,1.46,5.83,4.98,1.08,0.81,59.26,0.78,18.32,1.73,92.2,2.56,8.16,1.49,13.09
5/31/1935,4.92,2.16,0.04,3.52,9.1,1.66,10.54,0.01,33.49,0.05,0.67,0.27,0.58,2.66,10.34,22.65,0.62,46.22,0.64,0.09,1.87,0.99,1,71.49,0.07,5.19,0.97,60.28,9.13,1,0,0.02,14.02,234.14,0.02,0,1.95,0.57,86.97,0,0.02,3.7,0.54,321.88,8.21,2.87,20.16,12.71,4.39,501.25,9.67,0,0.51,33.58,3.46,61.37,28.95,8.22,0.02,0.05,0.68,0.58,20.72,148.91,0.02,16.17,8.98,0.84,13.81,1.17,0.12,0.02,118.58,0.04,40.16,0.26,25.68,2.51,1.24,0.4,26.17
6/30/1935,1.48,0.72,0,1.58,4.55,0.29,3.51,0,37.81,0,0.13,0,0.16,0.91,3.25,12.42,0.12,13.75,0.13,0,0.37,0.2,0.04,47.53,0,1.05,0.5,42.53,1.8,0.2,0,0,8.41,318.15,0,0,0.46,0,100.76,0,0,1.66,0.09,262.03,2.26,1.44,13.41,15.3,1.46,519.19,8.49,0,0.07,18.58,1.26,22.32,14.04,2.23,0,0,0.2,0.16,17.93,49.96,0,19.48,2.36,0.38,11.95,0.07,0.01,0,88.02,0,23.96,0.07,10.74,1.39,0.34,0.08,19.42
7/31/1935,0.27,0.16,0,0.15,0.56,0.03,0.79,0,11.5,0,0.03,0,0.13,0.21,0.62,0.51,0.03,2.36,0.03,0.01,0.08,0.04,0,10.05,0,0.11,0.33,6.79,0.37,0.04,0,0,1.77,63.45,0,0,0.13,0,19.98,0,0,0.48,0.01,47.85,0.66,0.18,2.83,5.64,0.33,149.26,2.08,0.24,0.02,0,0.08,1.44,1.17,1.85,0,0,0.04,0.13,3.49,19.35,0,7.18,0.95,0.11,2.33,0,0,0,10.08,0,2.8,0.06,1.23,0,0.28,0.02,2.22
8/31/1935,0.05,0.1,0,0.02,0.5,0,0.49,0,3.49,0,0,0,0.02,0.04,0.16,0.02,0,0.38,0,0,0.01,0,0,2.07,0,0.02,0.24,0.49,0.03,0,0,0,0.3,12,0,0,0.04,0,0.9,0,0,0.24,0,9.97,0.15,0.16,0.58,1.72,0.2,46.56,0.2,0,0,0,0.05,0.81,0.39,0.22,0,0,0.04,0.02,0.85,7.34,0,2.19,0.38,0.05,0.57,0.01,0,0,0.69,0,0.99,0.01,0,0,0.03,0,0.15
9/30/1935,0.01,0.04,0,0.01,0.4,0,0.2,0,1.19,0,0,0,0,0.01,0.03,0.01,0,0.09,0,0,0,0,0,0.1,0,0,0.17,0.34,0,0,0,0,0.1,4.34,0,0,0.01,0,0.4,0,0,0.17,0,0.68,0.06,0.13,0.03,0.65,0.08,20.59,0.22,0,0,0,0.06,0.99,0.39,0,0,0,0.03,0,0.19,0,0,0.82,0.22,0.04,0.12,0,0,0,0.76,0,0.4,0,0,0,0,0,0.17
10/31/1935,0.09,0.06,0,0.04,0,0.01,0.29,0,1.37,0,0.02,0,0,0.05,0.18,0.03,0.02,0.87,0.02,0,0.05,0.03,0.2,0.73,0,0.24,0.4,1,0.26,0.03,0,0,0.51,3.57,0,0,0.06,0,2.34,0,0,0.23,0,1.48,0.3,0,0.2,0.7,0.12,14.52,0.47,0.01,0,0.22,0.07,1.2,0.52,0,0,0,0.05,0,0.25,4.67,0,0.89,0.51,0.05,0.16,0.01,0,0,1.76,0,0.65,0,0,0.02,0,0.01,0.39
11/30/1935,0.16,0.06,0,0.17,0.17,0.1,0.31,0,1.17,0,0.03,0,0,0.07,0.28,0.08,0.03,1.49,0.03,0,0.09,0.05,0.33,0.89,0,0.44,0.6,2.37,0.42,0.05,0,0,0.73,5.02,0,0,0.11,0,3.2,0,0,0.21,0.03,8.19,0.42,0.05,0.25,0.64,0.13,17.24,0.8,4.46,0,0.01,0.07,1.24,0.46,0.06,0,0,0.06,0,0.26,8.98,0,0.81,0.6,0.05,0.17,0.03,0.01,0,1.96,0,0.5,0,0,0,0.01,0.02,0.43
12/31/1935,0.22,0.1,0,0.21,0.43,0.12,0.49,0,0.67,0,0.05,0,0.04,0.1,0.26,0.1,0.05,2.3,0.05,0,0.15,0.08,0.51,1,0,0.72,1.75,2.24,0.74,0.08,0,0,0.87,4.05,0,0,0.11,0,2.36,0,0,0.13,0.04,7.57,0.52,0.14,0.28,0.28,0.2,16.71,1.19,10.73,0.04,0.12,0.12,2.08,0.64,0.55,0,0,0.07,0.04,0.28,9.48,0,0.36,0.72,0.03,0.19,0.03,0.01,0,2.35,0,0.57,0.02,0,0.01,0.08,0.03,0.52
1/31/1936,4.69,0.55,0,1.17,1.75,0.8,2.7,0,3.85,0,0.39,8.67,2.03,1.7,5.36,4.09,0.36,48.5,0.37,1,1.09,0.58,11.18,6.69,0,12.74,6.48,11.22,5.32,0.58,0,0,3.33,17.18,0,0,2.82,9.98,10.67,0.07,0,0.91,0.26,37.9,3.75,0.55,1.89,1.3,1.12,39.71,5.83,34.1,2.09,5.79,0.26,4.65,1.54,29.06,0,0,0.27,2.03,1.47,65.49,0,1.66,4.95,0.2,0.98,0.33,0.03,0,12.43,0,1.68,0.92,15.73,0.43,4.37,0.23,2.74
2/29/1936,18.79,2.11,7.05,14.71,6.84,12.32,10.32,1.57,8.63,8.71,5.48,40.33,13.01,5.75,16.17,4.87,5.07,199.76,5.23,10.84,15.29,8.09,28.98,22.48,2.85,61.18,12.37,18.32,74.6,8.16,0,3.05,43.9,35.82,3.06,20,12.08,73.96,16.3,0.8,2.9,4.21,4,254.53,18.86,2.16,6.34,2.46,4.3,193,13.58,2.41,22.79,27.68,0.64,11.39,3.38,185.91,3.47,8.21,3.55,13.01,4.21,278.25,2.76,3.14,28.84,0.95,2.81,7.58,2.7,2.55,34.84,3.37,4.35,5.91,73.91,2.07,27.94,3.29,7.69
3/31/1936,5.91,1.63,0.49,2.95,4.88,2.31,7.98,0.12,5.95,0.67,1.22,1.69,1.37,2.11,7.82,4.3,1.13,59.73,1.17,0.58,3.41,1.8,4.59,19.59,0.3,12.74,2.36,24.38,16.63,1.82,0,0.23,11.71,50.64,0.23,0,3.82,5.2,24.91,0.15,0.22,3.42,0.75,101.57,9.88,1.54,5.53,1.63,3.32,164.19,11.32,0,1.94,22.19,1.86,32.96,6.47,19.51,0.27,0.63,0.8,1.37,3.73,106.87,0.21,2.08,12.88,0.77,2.49,2.37,0.63,0.2,32.34,0.21,8.05,0.62,36.69,1.66,2.93,0.73,7.14
4/30/1936,6.94,2.4,0.36,4.73,9.21,3.04,11.73,0.09,17.2,0.5,1.09,1.25,1.73,3.22,12.88,14.42,1.01,66.63,1.04,0.47,3.05,1.62,2.84,46.23,0.38,11.52,3.27,47.78,14.89,1.63,0,0.17,18.54,136.98,0.17,30,3.61,3.74,58.68,0.04,0.17,4.22,0.99,220.97,10.59,2.91,13.04,5.82,4.88,352.11,13.51,0,2.15,38.02,3.17,56.25,18.52,24.66,0.2,0.47,1.04,1.73,11.46,148.84,0.16,7.41,13.42,0.96,7.64,2.98,0.41,0.15,77.39,0.22,24.69,0.78,43.94,2.84,3.71,0.66,17.09
5/31/1936,3.15,1.44,0,2.97,5.07,1.15,7.04,0,35.28,0,0.27,0.08,0.32,1.77,6.38,21.88,0.25,29.96,0.25,0.01,0.74,0.39,0.26,65.73,0,2.1,2.25,54.53,3.63,0.4,0,0,12.23,283.15,0,40,1.09,0,97.29,0,0,2.76,0.37,301.1,5.07,1.6,18.54,13.66,2.93,514.1,12.86,0,0.21,37.97,2.98,53.01,26.18,4.55,0,0,0.48,0.32,20.46,85.1,0,17.38,5.6,0.63,13.64,0.37,0.03,0,130.85,0,37.43,0.14,9.29,2.84,0.68,0.16,28.88
6/30/1936,1.67,0.46,0,0.72,3.55,0.1,2.26,0,31.74,0,0.12,0.01,0.25,1.01,3.38,11.62,0.11,15.83,0.12,0.01,0.34,0.18,0.05,37.02,0,1.5,1.03,31.45,1.68,0.18,0,0,5.2,244.26,0,0,0.54,0,74.21,0,0,1.32,0.03,165.01,2.65,1.12,10.44,13.02,0.94,346.23,10.07,0,0.06,20.23,1.11,19.66,11.96,3.53,0,0,0.11,0.25,14.16,40.23,0,16.57,3.41,0.3,9.44,0.02,0,0,78.01,0,21.09,0.11,0,1.51,0.53,0.07,17.21
7/31/1936,0.29,0.16,0,0.06,0.54,0.02,0.76,0,10.96,0,0.02,0,0.05,0.23,0.63,0.64,0.02,2.55,0.02,0,0.07,0.04,0,9.84,0,0.14,0.3,6.57,0.33,0.04,0,0,0.58,81.88,0,0,0.15,0,14.33,0,0,0.48,0.01,51.84,0.85,0.17,2.78,5.32,0.32,158.12,2.54,0.28,0.01,1.05,0.09,1.57,1.09,0.78,0,0,0.02,0.05,3.31,19.66,0,6.78,1.35,0.11,2.21,0,0,0,13.01,0,2.63,0.02,1.59,0.08,0.12,0.01,2.87
8/31/1936,0.06,0.09,0,0.02,0.29,0,0.42,0,3.1,0,0,0,0.01,0.05,0.18,0.03,0,0.51,0,0,0,0,0,2.35,0,0.02,0.2,0.6,0.02,0,0,0,0.36,12,0,0,0.04,0,0.69,0,0,0.16,0,11.68,0.28,0.09,0.66,1.48,0.17,43.98,0.67,0,0,0,0.05,0.85,0.38,0.09,0,0,0.04,0.01,0.82,4.52,0,1.88,0.73,0.04,0.55,0,0,0,2.72,0,0.73,0,0,0,0.01,0,0.6
9/30/1936,0.03,0.07,0,0.01,0.69,0,0.35,0,2.06,0,0,0,0,0.03,0.1,0.01,0,0.28,0,0,0.01,0,0,0.21,0,0.03,0.15,0.31,0.03,0,0,0,0.12,3.06,0,0,0.02,0,0.53,0,0,0.29,0,2.01,0.23,0.22,0.06,1.11,0.15,13.1,0.4,0,0,0,0.03,0.53,0.28,0,0,0,0.03,0,0.32,0,0,1.41,0.62,0.06,0.21,0,0,0,1.06,0,0.28,0,0,0,0,0,0.23
10/31/1936,0.05,0.06,0,0.02,0,0,0.27,0,1.32,0,0.01,0,0,0.02,0.1,0.01,0.01,0.44,0.01,0,0.03,0.02,0.1,0.64,0,0.12,0.15,0.31,0.14,0.02,0,0,0.37,2.95,0,0,0.03,0,0.75,0,0,0.2,0,1.67,0.3,0,0.18,0.68,0.11,13.81,0.34,0.01,0,0.11,0.05,0.82,0.4,0,0,0,0.04,0,0.24,0.3,0,0.87,0.66,0.05,0.16,0.01,0,0,1.49,0,0.5,0,0,0.01,0,0.01,0.33
11/30/1936,0.08,0.05,0,0.11,0.18,0.06,0.24,0,0.89,0,0.03,0,0,0.04,0.17,0.01,0.03,0.78,0.03,0,0.08,0.04,0.18,0.67,0,0.24,0.19,0.16,0.41,0.04,0,0,0.63,3.31,0,0,0.06,0,0.65,0,0,0.15,0.02,5.38,0.33,0.06,0.19,0.5,0.1,11.91,0.49,1.88,0,0,0.09,1.53,0.53,0,0,0,0.06,0,0.21,4.47,0,0.64,0.6,0.04,0.14,0.02,0.01,0,1.59,0,0.57,0,0,0,0,0.02,0.35
12/31/1936,0.26,0.14,0,0.44,0.52,0.25,0.69,0,0.96,0,0.17,0.66,0.17,0.12,0.34,0.04,0.16,2.59,0.16,0.04,0.47,0.25,0.57,1.39,0,0.67,1.41,4.77,2.29,0.25,0,0,1.88,6.24,0,0,0.14,0.47,6.29,0.03,0,0.19,0.08,18.69,0.66,0.16,0.39,0.41,0.29,37.33,1.62,12.7,0.11,0.03,0.14,2.48,0.86,2.38,0,0,0.14,0.17,0.4,9.92,0,0.53,0.95,0.04,0.27,0.07,0.02,0,3.58,0,0.76,0.08,0,0,0.36,0.1,0.79
1/31/1937,0.77,0.24,0.51,1.1,0.84,0.72,1.17,0.05,1.88,0.27,0.38,3.98,0.88,0.35,0.96,0.03,0.35,7.89,0.36,0.42,1.07,0.56,1.83,2.77,0.13,1.82,6.41,3.45,5.2,0.57,0,0.09,3.27,6.99,0.09,60,0.39,4.3,3.37,0.07,0.09,0.37,0.23,22.25,0.71,0.26,0.78,0.68,0.49,35.14,0.89,37.88,0.83,0.57,0.09,1.52,0.55,12.62,0.11,0.25,0.26,0.88,0.71,17.39,0.08,0.86,0.83,0.09,0.47,0.32,0.03,0.08,2.87,0.38,0.64,0.4,6.89,0.04,1.9,0.23,0.63
2/28/1937,7.42,1.1,5.62,17.05,3.54,14.6,5.36,1.27,5.5,7.04,4.85,18.39,6.5,2.44,7.28,0.28,4.49,78.03,4.63,5.34,13.55,7.17,14.99,12.45,2.14,24.93,8.86,17.58,66.09,7.23,0,2.47,51.27,37.17,2.47,40,4.55,38.24,23.22,0.97,2.34,2.05,4.74,227.43,8.77,1.12,3.51,1.61,2.23,249.04,5.26,6.13,11.05,9.91,0.29,5.06,1.89,92.89,2.81,6.64,4.19,6.5,2.41,193.02,2.23,2.05,14,0.46,1.61,9.82,3.53,2.07,18.4,3.06,2.33,2.95,42.16,0.74,13.96,2.91,4.06
3/31/1937,9.19,1.32,4.49,7.74,4.32,6.13,6.43,1.17,4.6,6.45,2.6,17.16,5.4,2.89,8.63,1.4,2.41,96.77,2.48,3.96,7.27,3.85,12.66,13.59,2.37,27.95,12.13,15.12,35.44,3.88,0,2.26,29.36,34.17,2.26,0,6.02,26.84,13.4,1.19,2.15,2.79,1.99,131.9,9.24,1.36,3.83,1.28,2.68,190.43,7.48,0,8.14,14.83,0.72,12.71,2.78,77.2,2.57,6.08,2.07,5.4,2.55,145.26,2.04,1.63,13.45,0.63,1.7,5.61,1.4,1.89,21.7,1.89,3.67,2.45,47.36,1.11,11.6,1.56,4.79
4/30/1937,7.31,1.92,0.6,4.49,5.32,2.87,9.36,0.16,9.36,0.87,1.35,1.29,1.6,2.81,10.99,7.15,1.26,72.48,1.29,0.54,3.78,2,5.31,27.71,0.51,16.23,2.26,33.92,18.46,2.02,0,0.3,17.85,75.22,0.31,75,4.7,4.6,35.72,0.14,0.29,3.62,0.93,164.14,12.09,1.68,7.82,2.96,3.9,306.5,11.33,0,2.01,25.95,2.14,38.02,9.14,22.84,0.35,0.82,0.96,1.6,6.31,149.93,0.28,3.77,15.58,0.82,4.21,3.13,0.39,0.26,43.71,0.3,11.71,0.73,47.31,1.94,3.43,0.81,9.66
5/31/1937,5.4,2.22,0.08,4.16,9.39,1.78,10.84,0.02,39.33,0.12,0.41,0.13,0.5,2.94,11.25,24.23,0.38,50.96,0.39,0.02,1.14,0.6,0.96,77.78,0.18,4.67,0.92,71.06,5.57,0.61,0,0.04,16.88,323.22,0.04,100,2.06,0,110.19,0,0.04,3.67,0.58,402.33,10.45,2.96,21.94,15.15,4.51,712.07,11.35,0,0.4,39.41,3.92,69.68,33.54,7.19,0.05,0.11,0.72,0.5,23.72,129.18,0.04,19.28,11.46,0.83,15.81,0.67,0.04,0.03,147.26,0.11,47.11,0.23,12.86,2.95,1.08,0.25,32.5
6/30/1937,1.29,0.4,0,1.22,3.06,0.17,1.97,0,28.5,0,0.13,0.02,0.17,0.79,2.77,8.11,0.12,12.05,0.12,0.01,0.36,0.19,0.04,31.58,0,1.1,1.33,26.79,1.76,0.19,0,0,8.09,239.71,0,25,0.41,0,68.88,0,0,0.93,0.06,194.18,2.74,0.97,8.91,11.99,0.82,455.71,6.57,0,0.04,13.29,0.76,13.43,8.96,2.46,0,0,0.18,0.17,12.69,63.95,0,15.26,3.34,0.21,8.46,0.04,0,0,67.85,0,15.74,0.08,2.65,0.99,0.37,0.08,14.97
7/31/1937,0.26,0.12,0,0.15,0.42,0.03,0.59,0,8.65,0,0.03,0,0.06,0.21,0.59,0.3,0.03,2.33,0.03,0,0.08,0.04,0,7.32,0,0.25,0.33,4.18,0.41,0.04,0,0,1.75,58.48,0,0,0.13,0,7.4,0,0,0.33,0.01,44.72,0.93,0.13,2.06,4.29,0.25,163.34,1.67,0.32,0.01,0.16,0.06,1,0.88,0.9,0,0,0.04,0.06,2.63,21.28,0,5.46,1.56,0.07,1.75,0,0,0,9.39,0,2.1,0.03,0.53,0.01,0.14,0.02,2.07
8/31/1937,0.05,0.08,0,0.03,0.35,0.01,0.41,0,3,0,0.01,0,0,0.04,0.17,0.02,0.01,0.42,0.01,0,0.02,0.01,0,1.91,0,0.02,0.23,0.63,0.08,0.01,0,0,0.55,7.43,0,0,0.04,0,0.46,0,0,0.16,0,9.78,0.32,0.11,0.54,1.47,0.17,35.82,0.28,0,0,0,0.04,0.74,0.4,0.06,0,0,0.05,0,0.77,8.33,0,1.88,0.9,0.04,0.51,0.01,0,0,1.64,0,1.01,0,0,0,0.01,0,0.36
9/30/1937,0.02,0.05,0,0.02,0.49,0,0.24,0,1.46,0,0.01,0,0,0.02,0.06,0.01,0.01,0.17,0.01,0,0.02,0.01,0,0.09,0,0.01,0.17,0.77,0.08,0.01,0,0,0.18,2.06,0,0,0.01,0,0.31,0,0,0.2,0,0,0.27,0.15,0.02,0.8,0.1,13.1,0.27,0,0,0,0.05,0.93,0.39,0,0,0,0.05,0,0.23,1.66,0,1.02,0.55,0.04,0.15,0,0,0,0.92,0,0.41,0,0,0,0,0,0.2
10/31/1937,0.09,0.05,0,0.02,0,0,0.25,0,1.14,0,0.01,0,0,0.04,0.16,0.02,0.01,0.82,0.01,0,0.03,0.02,0.19,0.72,0,0.24,0.32,0.34,0.15,0.02,0,0,0.48,2.11,0,0,0.06,0,0.79,0,0,0.2,0,1.53,0.39,0,0.2,0.55,0.1,11.92,0.42,0.03,0,0.23,0.06,1.04,0.41,0,0,0,0.05,0,0.2,5.9,0,0.71,0.71,0.05,0.13,0.01,0.01,0,1.41,0,0.52,0,0,0.02,0,0.01,0.31
11/30/1937,0.25,0.07,0,0.06,0,0.01,0.36,0,1.62,0,0.03,0,0.04,0.12,0.43,0.23,0.03,2.43,0.03,0,0.09,0.05,0.55,1.02,0,0.59,2.17,2.12,0.42,0.05,0,0,0.85,4.41,0,0,0.17,0,3.3,0.01,0,0.28,0,5.87,0.7,0,0.29,0.79,0.15,12.94,1.13,0.5,0.04,0.25,0.09,1.55,0.62,0.58,0,0,0.09,0.04,0.29,8.91,0,1.01,0.87,0.06,0.19,0.02,0.01,0,2.78,0,0.77,0.02,0,0.02,0.09,0.02,0.61
12/31/1937,2.43,1.8,0,2.2,6.19,1.27,8.78,0.51,11.6,2.83,0.72,1.18,1.23,1,2.75,9.87,0.67,25.27,0.69,0.54,2.02,1.07,5.91,21.07,1.09,5.65,5.98,45.2,9.84,1.08,0,0.99,8.49,93.61,0.99,70,1.26,5.68,59.62,0.18,0.94,3.16,0.41,142.52,4.15,1.96,5.94,3.77,3.66,211.09,19.94,30.39,1.12,30.88,2.69,47.75,9.37,17.5,1.13,2.67,0.67,1.23,4.24,113.7,0.9,4.8,4.9,0.72,2.83,0.51,0.09,0.83,43.71,2.2,11.2,0.56,23.12,2.31,2.63,0.43,9.65
1/31/1938,1.53,0.51,1.56,3.45,1.45,2.73,2.47,0.03,1.84,0.17,1.05,4.93,0.87,0.53,1.7,1.15,0.97,15.91,1,0.47,2.93,1.55,3.69,5.39,0.05,4.61,4.37,7.56,14.31,1.57,0,0.06,9.75,20.27,0.06,60,0.9,4.52,11.26,0.06,0.06,1,0.89,67.16,2.31,0.46,1.52,0.55,1.03,71.38,3.7,52.85,1.05,6.97,0.52,9.15,1.56,12.36,0.07,0.16,0.78,0.87,0.95,62.22,0.05,0.69,3.2,0.23,0.63,1.89,0.37,0.05,7.91,0.08,2.03,0.39,15.21,0.52,1.86,0.63,1.75
2/28/1938,11.98,1.79,17.06,20.48,5.47,18.82,8.76,4.61,5.99,25.54,5.1,26.7,10.64,3.6,9.67,0.67,4.72,128.14,4.87,9.2,14.24,7.54,24.05,18.67,7.83,42.18,14.87,10.48,69.48,7.6,0,8.94,61.47,30.62,8.96,70,7.54,64.95,12.05,1.31,8.5,3.7,6.11,241.59,11.84,1.73,5.27,1.7,3.65,202.93,8.63,23.66,20.47,13.42,0.34,5.99,2.1,151.95,10.18,24.07,5.12,10.64,3.23,266.53,8.09,2.16,20.66,0.84,2.16,14.04,5.17,7.49,18.05,10.22,2.56,4.83,74.41,1,22.84,3.06,3.98
3/31/1938,16.14,2.53,13.62,31.36,7.4,25.39,12.35,3.02,8.63,16.7,9.03,16.82,8.29,4.86,14.02,2.15,8.36,171.13,8.62,6.07,25.21,13.34,21.4,29.42,6.6,49.64,11.36,20.8,122.98,13.45,0,5.84,117.35,49.13,5.86,30,10.69,41.23,23.31,0.89,5.56,5.35,8.25,327.55,24.61,2.34,8.3,2.25,5.14,428.41,14.25,0.47,13.59,28.86,1.21,21.45,5.4,118.41,6.66,15.74,8.4,8.29,5.27,326.18,5.29,2.87,35.48,1.21,3.51,23.61,6.11,4.9,41.64,5.24,6.68,3.77,91.69,2.16,17.8,5.42,9.2
4/30/1938,10.02,2.68,1.82,7.78,8.55,3.81,13.09,0.34,15.5,1.87,1.78,1.23,2.01,3.65,14.58,9.35,1.65,99.72,1.7,0.75,4.96,2.63,7.18,46.12,1.15,20.45,3.72,38.77,24.21,2.65,0,0.65,33.69,107.77,0.66,140,6.65,6.45,49.08,0.1,0.62,5.07,1.24,230.44,19.31,2.7,13.01,4.97,5.45,435.71,13.82,0,2.85,34.96,2.83,50.23,14.33,28.66,0.74,1.76,1.67,2.01,10.36,225.69,0.59,6.33,24.31,1.15,6.91,4.17,0.42,0.55,62.73,0.65,19.14,0.91,75.81,2.61,4.31,1.07,13.86
5/31/1938,8.48,2.9,0.24,4.81,11.34,1.99,14.17,0.08,46.6,0.42,0.87,0.23,0.99,4.31,15.79,25.55,0.81,81.86,0.83,0.04,2.44,1.29,1.93,103.28,0.58,7.77,1.65,72.62,11.88,1.3,0,0.15,19.15,299.72,0.15,230,3.49,0,112.02,0,0.14,6.19,0.65,443.21,19.8,3.58,29.13,16.89,5.9,807.27,20.34,0,0.94,57.28,5.4,95.93,39.41,14.21,0.17,0.4,0.75,0.99,27.99,235.28,0.13,21.5,21.96,1.41,18.66,0.42,0.05,0.12,152.24,0.32,54.81,0.45,38.2,4.28,2.14,0.52,33.6
6/30/1938,3.13,1.14,0,2.29,6.96,0.34,5.58,0,53.91,0.02,0.27,0.01,0.3,1.8,6.15,19.84,0.25,29.99,0.25,0.01,0.74,0.39,0.12,76.67,0.1,1.91,0.59,52.69,3.62,0.4,0,0.01,14.23,430.11,0.01,150,0.98,0,129.52,0,0.01,3.77,0.11,444.32,7.59,2.2,21.63,20.5,2.32,907.61,18.75,0,0.11,43.88,3.01,53.53,27.28,4.32,0.01,0.02,0.34,0.3,25.74,99.12,0.01,26.09,7.18,0.86,17.16,0.06,0,0.01,135.09,0.07,44.19,0.14,0,3.28,0.65,0.16,29.81
7/31/1938,0.62,0.29,0,0.58,1.36,0.07,1.43,0,21.55,0,0.1,0,0.12,0.43,1.13,1.94,0.09,5.91,0.09,0.01,0.27,0.14,0.01,22.2,0,0.48,0.39,14.35,1.3,0.14,0,0,6.76,195.76,0,50,0.26,0,48.39,0,0,1.23,0.02,140.9,2.42,0.43,6.26,9.84,0.6,436.34,5.78,0.6,0.02,3.95,0.3,5.24,2.94,1.66,0,0,0.13,0.12,6.91,46.63,0,12.52,2.95,0.28,4.61,0.02,0,0,27.64,0,7.09,0.05,7.24,0.3,0.25,0.06,6.1
8/31/1938,0.18,0.19,0,0.17,0.61,0.05,0.92,0,6.69,0,0.03,0,0.03,0.13,0.45,0.09,0.03,1.53,0.03,0,0.09,0.05,0,6.05,0,0.19,0.27,1.11,0.42,0.05,0,0,1.92,32.24,0,0,0.12,0,3.27,0,0,0.41,0.02,32.56,1.14,0.19,1.71,3.03,0.38,130.27,1.14,0,0.01,0,0.03,0.6,0.38,0.42,0,0,0.11,0.03,1.76,18.83,0,3.86,1.49,0.09,1.18,0.01,0,0,3.86,0,0.9,0.01,0,0,0.06,0.02,0.85
9/30/1938,0.08,0.11,0,0.04,1.02,0,0.52,0,2.95,0,0.02,0,0.01,0.06,0.24,0.03,0.02,0.69,0.02,0,0.06,0.03,0,0.57,0,0.16,0.2,0.02,0.29,0.03,0,0,0.56,9.51,0,0,0.06,0,0.93,0,0,0.43,0,12.46,0.65,0.32,0.16,1.52,0.22,44.35,0.75,0,0,0,0.08,1.37,0.58,0.08,0,0,0.13,0.01,0.45,9.07,0,1.94,1.12,0.1,0.3,0.01,0,0,1.71,0,0.58,0,0,0,0.01,0.01,0.38
10/31/1938,0.23,0.18,0,0.63,0.48,0.37,0.9,0,2.4,0,0.07,0,0.08,0.15,0.55,0.32,0.06,1.99,0.06,0.01,0.18,0.1,0.36,0.45,0,0.53,0.39,2.96,0.9,0.1,0,0,1.83,16.62,0,0,0.11,0.16,7.21,0,0,0.54,0.12,19.9,0.92,0.15,0.13,1.97,0.37,41.67,0.48,0.01,0,0,0.11,1.97,1.05,1.09,0,0,0.15,0.08,0,13.42,0,2.51,1.54,0.12,0,0.04,0.01,0,3.85,0,1.06,0.03,0,0,0.16,0.04,0.85
11/30/1938,0.33,0.21,0,1.13,0,0.82,1.03,0,1.66,0,0.08,0,0.14,0.18,0.73,0.93,0.08,3.1,0.08,0.03,0.23,0.12,0.54,0,0,0.95,0.7,4.15,1.14,0.12,0,0,2.6,16.09,0,0,0.16,0.36,8.29,0,0,0,0.27,20.2,1.1,0,0,4.38,0.43,34.86,1.29,0.07,0,1.08,0.16,2.92,0.93,1.93,0,0,0.21,0.14,1.17,14.91,0,5.58,1.61,0,0.78,0.16,0.04,0,5.97,0,1.11,0.06,0,0.08,0.29,0.05,1.32
12/31/1938,0.39,0.16,0,1.15,0.62,0.99,0.8,0,1.05,0,0.1,0.19,0.16,0.19,0.79,0.93,0.09,3.63,0.09,0.05,0.28,0.15,0.63,1.15,0,0.82,1.92,3,1.35,0.15,0,0,2.76,11.78,0,0,0.23,0.45,5.75,0,0,0,0.32,17.29,1.09,0.2,0.33,0.53,0.33,30.54,0.9,0.97,0,2.27,0.24,4.19,0.96,2.31,0,0,0.24,0.16,1.27,16.13,0,0.67,1.62,0,0.85,0.18,0.07,0,5.3,0,1.25,0.07,0,0.17,0.35,0.06,1.17
1/31/1939,0.52,0.22,0,1.34,0.68,1.08,1.09,0,0.99,0,0.15,0.21,0.22,0.24,0.91,0.51,0.14,5.02,0.15,0.09,0.43,0.23,0.66,2.07,0,1.3,1.84,3.64,2.1,0.23,0,0,3.41,10.54,0,0,0.29,0.71,5.07,0.01,0,0,0.35,18.54,1.21,0.22,0.58,0.54,0.45,34.37,0.89,3.01,0,2.46,0.26,4.56,0.98,3.18,0,0,0.28,0.22,1.71,23.25,0,0.69,1.82,0,1.14,0.24,0.12,0,4.97,0,1.28,0.1,3.05,0.18,0.48,0.09,1.1
2/28/1939,0.92,0.24,0.09,1.71,0.75,1.23,1.15,0,1,0.01,0.43,1.51,0.68,0.43,1.1,0.5,0.4,9.44,0.41,0.28,1.21,0.64,1.16,2.09,0,2.74,1.63,4.78,5.9,0.65,0,0,4.65,13.55,0,0,0.5,2.17,6.36,0.03,0,0,0.4,29.91,1.73,0.24,0.59,0.51,0.48,45.23,1.4,3.9,0,2.51,0.28,5,1.18,9.68,0,0.01,0.37,0.68,1.72,34.97,0,0.65,2.03,0,1.15,0.42,0.18,0,5.95,0,1.43,0.31,1.66,0.19,1.45,0.26,1.31
3/31/1939,2.18,0.81,1.07,2.46,2.52,1.77,3.94,0.05,3.49,0.28,0.52,0.82,0.53,1.06,3.77,3.67,0.48,21.11,0.49,0.18,1.45,0.77,1.81,7.63,0.01,3.68,2.99,16.99,7.06,0.77,0,0.1,7.91,44.31,0.1,0,1.23,1.32,22.79,0.03,0.09,0.26,0.57,70.62,3.5,0.8,2.15,2.03,1.64,106.63,4.08,1.41,0,9.14,0.8,14.17,4.64,7.56,0.11,0.26,0.56,0.53,3.15,59.71,0.09,2.59,4.14,0.06,2.1,0.71,0.23,0.08,24.95,0,5.98,0.24,16.17,0.68,1.14,0.31,5.51
4/30/1939,1.93,1.3,0,2.52,5.36,1.05,6.33,0,16.52,0,0.27,0.47,0.23,1.19,6.28,10.12,0.25,15.57,0.26,0.05,0.75,0.39,0.67,34.14,0,1.62,0.67,31.03,3.64,0.4,0,0,8.88,127.23,0,0,0.96,0.46,54.1,0,0,1.86,0.34,152.71,3.71,1.69,9.63,4.46,2.64,246.89,0,0.09,0,8.16,1.32,23.53,15.75,3.34,0,0,0.43,0.23,8.47,69.38,0,5.68,4.11,0.42,5.65,0.57,0.09,0,81.84,0,21.56,0.11,19.4,0.61,0.5,0.16,18.07
5/31/1939,0.69,0.39,0,0,2.88,0,1.9,0,17.68,0,0.1,0.49,0.11,0.54,2.62,5.43,0.09,5.26,0.09,0,0.27,0.14,0.03,22.2,0,0.54,0.82,15.98,1.3,0.14,0,0,0,124.16,0,0,0.2,0,39.11,0,0,0,0,105.11,1.52,0.91,6.26,6.23,0.79,212.91,0,0,0,2.16,0.39,6.97,6.74,1.58,0,0,0.04,0.11,10.06,36.73,0,7.93,1.79,0,6.71,0.02,0,0,54.14,0,10.71,0.05,5.53,0.16,0.24,0.06,11.95
6/30/1939,0.19,0.11,0,0.35,0.98,0.05,0.54,0,9.59,0,0.02,0.24,0.02,0.17,0.69,0.8,0.02,1.4,0.02,0,0.06,0.03,0,8.39,0,0.1,0.18,3.17,0.3,0.03,0,0,1.73,46.66,0,0,0.06,0,8.29,0,0,1.23,0.02,36.12,0.68,0.31,2.37,3.76,0.22,110.51,0,1.1,0,0,0.07,1.28,1.55,0.26,0,0,0,0.02,1.6,16.21,0,4.79,0.87,0.28,1.06,0,0,0,12.37,0,2.73,0.01,3.21,0,0.04,0.01,2.73
7/31/1939,0.03,0.05,0,0.07,0.3,0.01,0.23,0,3.55,0,0,0,0.03,0.03,0.13,0.08,0,0.14,0,0,0,0,0,4.38,0,0.01,0.1,0.18,0.02,0,0,0,0.65,11.45,0,0,0.01,0,0.66,0,0,0.05,0,11.49,0.23,0.1,1.24,0.47,0.1,47.03,0,1.72,0,0,0.03,0.55,0.67,0.38,0,0,0,0.03,1.03,5.05,0,0.6,0.46,0.01,0.69,0,0,0,1.34,0,1.58,0.01,0,0,0.06,0,0.3
8/31/1939,0,0.02,0,0.01,0.06,0,0.08,0,0.7,0,0,0,0,0,0,0.01,0,0.01,0,0,0,0,0,0.99,0,0.02,0.07,0,0,0,0,0,0.12,6.99,0,0,0,0,0.23,0,0,0,0,0.26,0.09,0.02,0.28,0,0.03,27.02,0,0,0,0,0.03,0.53,0.39,0,0,0,0,0,1.56,0.26,0,0,0.35,0,1.04,0,0,0,0.41,0,0.95,0,0,0,0,0,0.09
9/30/1939,0,0.04,0,0.04,0.14,0.01,0.21,0,1.63,0,0.02,0,0,0,0.02,0.01,0.02,0.03,0.02,0,0.06,0.03,0,0,0,0.02,0.09,0.5,0.31,0.03,0,0,0.35,6.58,0,0,0,0,2.58,0,0,0.23,0,2.95,0.11,0.04,0,1.08,0.09,16.94,0,0,0,0,0.03,0.46,0.27,0,0,0,0.03,0,0,7.16,0,1.38,0.32,0.05,0,0,0,0,1.41,0,0.37,0,0,0,0,0.01,0.31
10/31/1939,0.12,0.12,0,0.12,0,0.05,0.59,0,2.6,0,0.05,0,0,0.06,0.24,0.37,0.04,1.13,0.04,0,0.13,0.07,0.26,0,0,0.24,0.2,5.04,0.62,0.07,0,0,0.86,20.06,0,0,0.08,0,11.43,0,0,0.55,0.02,15.99,0.35,0,0,2.44,0.25,35.99,1.65,0.21,0,0.23,0.07,1.22,0.62,0,0,0,0.08,0,0,8.38,0,3.11,0.72,0.22,0,0.02,0.01,0,4.31,0,0.78,0,0,0.02,0,0.03,0.95
11/30/1939,0.11,0.11,0,0.15,0,0.09,0.54,0,0.74,0,0.02,0,0,0.05,0.2,0.08,0.02,1.05,0.02,0,0.07,0.04,0.24,0,0,0.24,0.21,0.76,0.34,0.04,0,0,0.65,5.92,0,0,0.08,0,2.22,0,0,0,0.03,6.66,0.26,0,0,3.94,0.22,14.33,0.91,2.88,0,0.08,0.08,1.42,0.53,0,0,0,0.05,0,0.68,7.71,0,5.01,0.69,0,0.46,0.02,0.01,0,1.81,0,0.54,0,0,0.01,0,0.01,0.4
12/31/1939,0.18,0.14,0,0.21,0.38,0.12,0.68,0,0.91,0,0.05,0,0.06,0.09,0.22,0.45,0.04,1.88,0.05,0,0.13,0.07,0.41,1.37,0,0.52,0.42,1.94,0.65,0.07,0,0,0.87,3.44,0,0,0.09,0,4.77,0,0,0,0.04,7.29,0.38,0.12,0.39,0.34,0.28,12.72,1.79,13.31,0.05,0.74,0.14,2.45,0.79,0.8,0,0,0.07,0.06,1.4,10.07,0,0.44,0.77,0,0.93,0.03,0.01,0,4.26,0,0.71,0.03,0,0.05,0.12,0.03,0.94
1/31/1940,6.16,1.27,4.63,8.9,3.89,7.63,6.18,0.9,7.29,4.98,2.38,9.35,3.06,2.12,7.02,5,2.2,63.71,2.27,1.97,6.64,3.52,13.92,15.79,1.55,15.58,12.72,24.83,32.41,3.55,0,1.74,24.83,39.68,1.75,0,3.83,16.14,26.96,0.38,1.66,1.9,2.48,124.36,6.13,1.23,4.45,1.04,2.57,132.86,9.3,26.15,3.93,18.27,0.92,16.41,3.93,43.66,1.98,4.69,2.07,3.06,1.81,133.59,1.58,1.32,10.63,0.76,1.21,4.05,1.37,1.46,25.12,2.91,4.83,1.39,42.79,1.37,6.56,1.43,5.55
2/29/1940,10.42,1.81,6.35,8.9,5.19,7.09,8.82,1.65,6.2,9.16,2.27,12.13,3.59,3.03,8.42,2.66,2.11,111.19,2.17,3.11,6.35,3.36,17.82,19.42,2.93,27.91,13.7,17.27,30.99,3.39,0,3.2,29.36,33.61,3.21,0,6.95,21.65,16.76,0.5,3.05,3.12,2.3,136.07,12.26,1.64,5.48,0.81,3.67,138.88,11.11,1.97,6.27,19.17,1.03,18.36,3.89,51.3,3.65,8.63,2.26,3.59,1.72,180.99,2.9,1.04,16.91,1.11,1.15,5.21,1.76,2.68,26.06,2.87,4.98,1.63,75.51,1.43,7.71,1.37,5.75
3/31/1940,12.82,2.63,2.59,5.63,7.18,4.2,12.85,0.68,12.17,3.79,1.58,8.08,3.86,4.55,15.01,8.8,1.46,131.94,1.51,2.99,4.4,2.33,11.91,37.87,1.55,29.86,10.07,34.69,21.47,2.35,0,1.33,22.01,61.32,1.33,0,7.94,19.97,36.43,0.2,1.26,5.84,1.36,150.07,17.16,2.27,10.68,2.2,5.35,211.55,13.56,0,5.78,31.8,2.52,44.8,11.57,55.16,1.51,3.57,1.38,3.86,3.84,210.75,1.2,2.8,20.96,1.14,2.56,3.84,0.8,1.11,51.83,1.21,15.01,1.75,75.64,2.38,8.29,0.95,11.46
4/30/1940,7.54,1.71,0.93,4.06,6.58,1.88,8.34,0.25,19.89,1.38,0.75,1.37,2.63,3.76,14.53,11.35,0.69,72.06,0.71,1.04,2.09,1.1,2.22,48.81,0.84,11.11,4.53,34.21,10.18,1.11,0,0.48,16.04,101.45,0.48,0,3.43,8.2,47.04,0.08,0.46,0.88,0.61,183.1,13.14,2.08,13.77,4.34,3.47,292.32,8.74,0,3.22,28.26,2.54,45.19,18.78,37.55,0.55,1.3,0.75,2.63,13.41,141.71,0.44,5.53,13.77,0.76,8.94,1.57,0.17,0.4,74.4,0.5,25.83,1.19,28.08,2.11,5.64,0.45,16.42
5/31/1940,2.28,1.27,0.05,1.33,8.1,0.18,6.22,0.01,41.26,0.06,0.26,0.07,0.33,1.34,4.73,20.13,0.24,21.6,0.25,0.01,0.73,0.39,0.09,65.21,0.15,1.69,1.69,48.97,3.57,0.39,0,0.02,8.15,310.89,0.02,0,0.71,0,115.45,0,0.02,0,0.06,306.34,2.98,2.56,18.39,15.78,2.59,564.81,12.68,0,0.2,35.25,2.84,50.45,26.43,4.77,0.03,0.06,0.19,0.33,28.67,95.63,0.02,20.08,3.86,0.38,19.11,0.11,0.01,0.02,133.2,0.08,39.5,0.15,0,2.63,0.72,0.16,29.4
6/30/1940,0.55,0.38,0,0.15,2.92,0.03,1.86,0,27.03,0,0.06,0,0.1,0.39,1.09,5.68,0.06,5.18,0.06,0,0.18,0.09,0.01,24.62,0,0.35,1.05,20.33,0.87,0.1,0,0,1.82,225.37,0,0,0.24,0,68.06,0,0,0,0.01,142.39,1.21,0.92,6.94,13.75,0.77,364.36,7.05,0,0.02,10.59,0.51,9.02,5.82,1.47,0,0,0.06,0.1,13.76,33.7,0,17.5,1.96,0.06,9.17,0.01,0,0,51.45,0,11.19,0.05,8.63,0.79,0.22,0.04,11.35
7/31/1940,0.13,0.14,0,0,0.5,0,0.68,0,6.91,0,0.01,0,0.05,0.1,0.37,0.15,0.01,1.09,0.01,0,0.02,0.01,0,6.34,0,0.04,0.39,2.33,0.11,0.01,0,0,0,34.67,0,0,0.09,0,5.35,0,0,0.46,0,26.29,0.74,0.16,1.79,3.07,0.28,98.29,1.11,0.24,0.01,0,0.04,0.75,0.6,0.66,0,0,0,0.05,1.61,11.81,0,3.91,1.11,0.06,1.07,0,0,0,4.67,0,1.47,0.02,0,0,0.1,0,1.03
8/31/1940,0.01,0.07,0,0.01,0.55,0,0.33,0,2.05,0,0,0,0,0.01,0.03,0.02,0,0.06,0,0,0,0,0,1.92,0,0.01,0.27,0,0.01,0,0,0,0.14,6.47,0,0,0.01,0,0.47,0,0,0,0,6.05,0.35,0.17,0.54,0.21,0.14,23.99,0.39,0,0,0,0.05,0.86,0.34,0.07,0,0,0.02,0,1.35,3.82,0,0.27,0.71,0.03,0.9,0,0,0,1.4,0,0.71,0,0,0,0.01,0,0.31
9/30/1940,0.01,0.04,0,0.01,0,0,0.18,0,1.03,0,0,0,0,0,0.02,0.01,0,0.06,0,0,0,0,0,0,0,0.04,0.21,0,0.01,0,0,0,0.11,2.79,0,0,0.01,0,0.24,0,0,0,0,0,0.31,0,0,3.96,0.07,8.93,0.3,0,0,0,0.05,0.86,0.33,0,0,0,0.03,0,0.23,0,0,5.04,0.68,0.11,0.15,0,0,0,0.86,0,0.33,0,0,0,0,0,0.19
10/31/1940,0.06,0.06,0,0.02,0,0,0.3,0,1.42,0,0.01,0,0.01,0.03,0.11,0.01,0.01,0.51,0.01,0,0.03,0.02,0.12,0.2,0,0.17,0.34,0,0.16,0.02,0,0,0.38,3.22,0,0,0.04,0,0.81,0,0,0.91,0,2.51,1.02,0,0.06,1.04,0.12,11.99,0.26,0.03,0.01,0.11,0.05,0.86,0.39,0.16,0,0,0.04,0.01,0.22,7.27,0,1.32,0.76,0.2,0.14,0.01,0,0,1,0,0.49,0.01,0,0.01,0.02,0.01,0.22
11/30/1940,0.17,0.06,0,0.07,0.07,0.03,0.27,0,1.08,0,0.03,0,0.09,0.09,0.3,0.12,0.02,1.66,0.02,0.02,0.07,0.04,0.36,1.25,0,0.43,1.06,0.9,0.35,0.04,0,0,0.58,4.33,0,0,0.11,0.22,2.25,0,0,0.49,0.01,5.77,0.93,0.02,0.35,0.33,0.11,12.17,1.01,0.51,0.06,0.06,0.09,1.52,0.56,1.34,0,0,0.06,0.09,1.08,7.51,0,0.42,0.84,0.11,0.72,0.01,0.01,0,2.7,0,0.64,0.04,0,0,0.2,0.02,0.59
12/31/1940,2.23,0.49,4.37,4.06,1.79,2.9,2.39,0.53,3.54,2.96,1.05,3.17,1.21,0.91,2.76,1.65,0.98,22.85,1.01,0.58,2.94,1.56,5.2,6.78,1.22,6,6.88,14.63,14.35,1.57,0,1.04,12.57,28.56,1.04,10,1.18,5.88,13.44,1.24,0.99,0.61,0.94,88.5,3.11,0.57,1.91,0.54,1,99.58,5.02,4.95,1.13,3.34,0.29,5.19,1.78,17.26,1.18,2.79,0.99,1.21,0.3,71.8,0.94,0.69,4.19,0.14,0.2,1.59,0.32,0.87,11.46,2.54,1.73,0.55,11.21,0.25,2.59,0.63,2.53
1/31/1941,4,0.54,5.59,5.28,1.89,4.65,2.64,1.33,3.22,7.37,1.12,4.32,1.59,1.27,4.24,0.98,1.04,41.62,1.07,1.21,3.14,1.66,8.13,7.19,2.17,10.61,9.92,9.59,15.32,1.68,0,2.58,15.11,23.87,2.59,20,2.61,8.85,10.22,1.34,2.45,1.53,1.51,71.03,4.85,0.6,2.03,0.57,1.1,104.31,3.9,27.47,2.43,7.64,0.35,6.15,1.59,22.77,2.94,6.95,1.26,1.59,1.35,71.09,2.34,0.73,5.6,0.35,0.9,2.86,0.95,2.16,12.2,3.7,1.93,0.72,15.38,0.57,3.42,0.68,2.69
2/28/1941,6.43,1.1,14.12,12.99,3.2,11.35,5.35,3.65,4.3,20.19,3.54,6.17,3.11,1.92,5.29,2.75,3.28,68.42,3.38,2.68,9.89,5.23,10.79,12.61,6.19,18.74,8.46,15.11,48.22,5.28,0,7.07,40.99,31.81,7.08,30,4.29,18.69,15.39,1.42,6.72,3.13,3.69,149.39,8.14,1.01,3.56,0.65,2.23,180.56,6.75,24.24,5.39,14.96,0.78,13.86,2.8,44.46,8.05,19.03,3.34,3.11,1.24,154.56,6.4,0.83,13.75,0.71,0.83,8.67,3.34,5.92,17.97,8.61,3.7,1.41,39.46,1.12,6.68,2.13,3.97
3/31/1941,6.72,1.72,10.5,10.07,5.15,8.04,8.4,2.92,5.92,16.17,2.76,5.03,3.31,2.32,6.41,4.25,2.56,70.85,2.64,2.65,7.72,4.09,7.51,18.61,5.4,17.55,6.76,19.32,37.67,4.12,0,5.66,38.15,43.04,5.67,0,4.04,17.89,22.21,0.83,5.38,4.06,2.61,155.86,11.88,1.63,5.25,1.51,3.5,207.88,11.06,4.72,5.12,19.03,1.44,25.55,5.11,47.3,6.45,15.24,2.72,3.31,3.45,173.85,5.13,1.93,16.23,0.92,2.3,7.57,1.9,4.74,26.99,4.44,6.3,1.5,51.89,1.42,7.11,1.66,5.95
4/30/1941,6.5,1.81,8.95,6.43,5.1,4.16,8.82,2.48,8.96,13.73,2.22,6.21,3.19,2.58,11.1,6.4,2.06,62.95,2.12,1.7,6.21,3.29,4.26,25.62,5.82,14.21,7.9,24.76,30.28,3.31,0,4.8,26.08,61.74,4.82,0,4.18,12.52,31.22,1.17,4.57,3.63,1.35,159.73,10.35,1.61,7.23,3.23,3.67,245.16,8.77,0.88,4.15,21.88,1.86,33.01,9.01,45.57,5.47,12.94,1.43,3.19,5.93,160.53,4.35,4.11,14.13,0.82,3.95,4.61,0.53,4.02,36.11,4.46,11.92,1.45,44.69,1.64,6.85,1.34,7.98
5/31/1941,4.47,2.43,1.3,3.93,10.53,1.89,11.88,0.36,37.95,1.99,0.59,0.14,0.53,2.52,9.49,25.34,0.55,42.05,0.57,0.02,1.66,0.88,0.43,81.02,1.04,3.3,3.5,70.18,8.1,0.89,0,0.7,15.82,300.32,0.7,0,1.58,0,121.86,0.07,0.66,2.44,0.61,396.71,8.56,3.33,22.85,14.35,4.95,717.82,14.85,0.25,0.44,47.05,4.57,81.21,35.9,7.64,0.8,1.88,0.74,0.53,23.43,169.96,0.63,18.26,8.69,0.55,15.62,0.38,0.04,0.58,145.67,0.66,49.69,0.24,14.99,3.52,1.15,0.36,32.15
6/30/1941,1.33,0.66,0.58,2.08,4.3,0.34,3.22,0.17,34.72,0.95,0.19,0,0.19,0.81,2.87,12.85,0.18,12.47,0.18,0.01,0.54,0.29,0.04,42.86,0.85,0.91,0.55,34.71,2.63,0.29,0,0.33,11.25,329.97,0.34,0,0.42,0,99.75,0,0.32,0,0.11,298.72,2.65,1.36,12.09,14.48,1.34,643.11,9.88,0.19,0.06,23.89,1.35,23.9,14.44,2.65,0.38,0.9,0.27,0.19,21.14,69.89,0.3,18.43,3.21,0,14.09,0.1,0.01,0.28,92.26,0.44,24.76,0.08,0,1.79,0.4,0.12,20.36
7/31/1941,0.27,0.22,0.24,0.42,1.13,0.05,1.09,0.06,16.45,0.35,0.05,0,0.06,0.21,0.59,1.35,0.04,2.49,0.05,0,0.14,0.07,0,13.24,0.65,0.19,0.33,11.65,0.66,0.07,0,0.12,4.27,150.88,0.12,0,0.12,0,34.87,0,0.12,0.18,0.02,110.97,1.7,0.36,3.73,8.95,0.45,332.64,3.63,2.4,0.01,1.69,0.13,2.38,1.69,0.8,0.14,0.33,0.08,0.06,5.86,26.63,0.11,11.39,1.62,0.04,3.91,0.01,0,0.1,20.19,0.37,4.06,0.03,5.56,0.13,0.12,0.03,4.45
8/31/1941,0.07,0.13,0,0.12,0.62,0.03,0.65,0,4.52,0,0.01,0,0.02,0.05,0.2,0.06,0.01,0.55,0.01,0,0.04,0.02,0,4.9,0,0.08,0.23,0.71,0.19,0.02,0,0,1.31,21.51,0,0,0.05,0,1.51,0,0,0.06,0.01,24.08,0.37,0.2,1.38,1.05,0.27,87.33,0.48,0,0,0,0.04,0.71,0.39,0.22,0,0,0.06,0.02,1.38,6.75,0,1.34,0.94,0.01,0.92,0,0,0,2.29,0,0.83,0.01,0,0,0.03,0.01,0.5
9/30/1941,0.04,0.04,0,0.03,0,0,0.2,0,1.18,0,0.01,0,0,0.03,0.13,0.01,0.01,0.32,0.01,0,0.03,0.02,0,0,0,0.08,0.17,0.15,0.14,0.02,0,0,0.48,4.57,0,0,0.03,0,0.28,0,0,0.39,0,7.74,0.46,0,0,1.83,0.08,24.74,0.49,0,0,0,0.05,0.87,0.34,0.06,0,0,0.1,0,0.16,3.18,0,2.33,0.82,0.09,0.11,0.01,0,0,1.4,0,0.34,0,0,0,0.01,0.01,0.31
10/31/1941,0.09,0.09,0,0.12,0,0.05,0.42,0,1.99,0,0.03,0,0.02,0.04,0.18,0.02,0.03,0.85,0.03,0,0.08,0.04,0.19,1.14,0,0.14,0.28,0.21,0.4,0.04,0,0,0.79,4.34,0,0,0.06,0,1.02,0,0,0.88,0.02,6.9,0.43,0,0.32,0.99,0.17,21.82,0.48,0.03,0.01,0.24,0.04,0.8,0.41,0.23,0,0,0.08,0.02,0.06,1.45,0,1.25,0.84,0.2,0.04,0.04,0.03,0,1.77,0,0.51,0.01,0,0.02,0.03,0.02,0.39
11/30/1941,0.26,0.12,0,0.33,0.58,0.19,0.61,0,1.3,0,0.06,0,0.08,0.12,0.4,0.67,0.05,2.53,0.05,0.02,0.16,0.08,0.55,0.37,0,0.42,1.11,3.78,0.77,0.08,0,0,1.01,19.03,0,0,0.16,0.17,8.42,0.01,0,0.66,0.06,17.27,0.76,0.18,0.1,1.3,0.25,31.99,2.68,0.2,0.05,0.26,0.09,1.58,0.65,1.11,0,0,0.11,0.08,0.99,6.3,0,1.65,0.93,0.15,0.66,0.12,0.03,0,5.25,0,0.74,0.04,0,0.02,0.17,0.03,1.16
12/31/1941,1.9,0.77,2.85,5.38,2.39,4.31,3.77,0.5,5.17,2.79,1.22,1.55,0.99,0.79,2.25,4.33,1.13,19.63,1.17,0.47,3.41,1.81,4.56,10.5,0.9,4.74,8.39,22.36,16.65,1.82,0,0.98,12.49,53.59,0.98,10,0.97,4.77,30.9,0.85,0.93,0.09,1.4,75.51,3.21,0.76,2.96,1.08,1.57,96.49,9.79,1.5,0.89,14.65,0.77,13.76,3.56,14.11,1.11,2.63,1.22,0.99,1.68,53.95,0.88,1.37,3.62,0.02,1.12,2.61,0.58,0.82,24.39,1.66,3.9,0.45,17.25,1.09,2.12,0.73,5.38
1/31/1942,8.83,1.15,3.68,4.92,3.78,4.52,5.64,0.89,5.13,4.93,1.04,15.38,4.51,2.77,8,3.17,0.97,93.52,1,3.64,2.91,1.54,17.93,13.57,1.49,24.92,7.07,14.42,14.2,1.55,0,1.73,15.87,40.51,1.73,20,5.53,26.12,17.64,2.05,1.64,2.33,1.47,84.38,10.11,1.19,3.83,0.73,2.35,111.02,11.52,4.11,7.31,22.42,1.17,20.83,3.77,64.47,1.97,4.65,1.19,4.51,2.27,91.61,1.56,0.92,14.63,0.53,1.51,2.53,1.83,1.45,27.47,2.18,4.99,2.05,29.79,1.68,9.69,0.63,6.06
2/28/1942,8.55,1.08,2.96,4.66,3.43,3.67,5.26,0.78,3.64,4.32,1.17,5.4,2.63,2.45,7.76,1.78,1.08,90.25,1.12,2.19,3.27,1.73,13.35,11.62,1.37,25,6.88,9.34,15.94,1.74,0,1.51,16.52,25.82,1.52,20,5.89,15.09,9.76,0.71,1.44,3.59,1.19,83.87,11.86,1.08,3.28,0.67,2.19,100.47,8.55,8.1,4.27,14.21,0.84,14.86,3.02,37.59,1.72,4.07,1.19,2.63,2.44,96.81,1.37,0.86,14.03,0.81,1.62,2.77,1.7,1.27,20.17,1.12,3.7,1.2,33.33,1.06,5.65,0.7,4.45
3/31/1942,3.76,1.12,1.92,5.13,3.16,4.02,5.46,0.5,3.85,2.79,1.19,1.1,1.29,1.34,3.23,2.3,1.1,40.03,1.14,0.95,3.33,1.76,3.58,11.25,1.12,10.06,4.66,13.58,16.22,1.77,0,0.98,17.72,35.96,0.98,0,2.2,6.16,15.03,0.31,0.93,2.68,1.31,91.77,6.15,1,3.17,1.7,2.27,129.42,5.31,5.85,1.81,13.41,1.02,18.16,4.21,18.41,1.11,2.63,1.34,1.29,3.98,83.42,0.88,2.17,8.1,0.61,2.65,1.49,0.95,0.82,20.17,0.88,5.27,0.59,31.23,1,2.77,0.72,4.46
4/30/1942,6.86,2.35,1.27,4.49,7.28,3.01,11.48,0.33,12.4,1.85,1.02,2.39,1.84,2.51,9.59,9.01,0.94,68.78,0.97,1.11,2.84,1.5,5.15,30.17,0.83,15.83,6.25,35.97,13.86,1.52,0,0.65,15.93,92.03,0.65,0,4.45,7.86,41.16,0.14,0.61,4.93,0.98,185.81,12.81,2.3,8.51,7.7,4.78,300.07,11.12,1.59,2.43,29.64,2.51,44.59,14.86,26.25,0.74,1.74,1,1.84,8.74,167.22,0.59,9.8,16.93,1.12,5.82,0.97,0.44,0.54,58.64,0.6,19.87,0.83,53.85,2.22,3.95,0.61,12.95
5/31/1942,6.88,2.04,0.43,3.49,8.05,1.49,9.96,0.12,30.38,0.65,0.63,0.98,1.3,3.37,13.11,16.06,0.58,65.82,0.6,0.4,1.75,0.93,2.22,70.73,0.45,9.44,3.55,52.16,8.56,0.94,0,0.23,11.96,191.84,0.23,25,3.23,3.32,73.14,0.01,0.22,4.16,0.48,284.49,12.89,2.54,19.95,8.63,4.15,473.85,11.97,0.27,1.52,35.42,3.05,54.2,25.49,18.6,0.26,0.61,0.6,1.3,16.77,154.47,0.21,10.99,15.16,0.94,11.18,0.4,0.09,0.19,104.23,0.26,35.65,0.59,36.79,2.65,2.8,0.38,23.01
6/30/1942,2.94,1.04,0.04,0.9,6.39,0.13,5.08,0.01,43.16,0.05,0.19,0.03,0.4,1.68,6.04,20.24,0.18,27.89,0.19,0.01,0.54,0.29,0.17,62.63,0.13,2.26,0.5,47.42,2.64,0.29,0,0.02,8.08,363.45,0.02,75,0.96,0,113.61,0,0.02,0.94,0.04,337.85,6,2.02,17.66,16.85,2.12,634.63,14.77,0.31,0.26,37.15,1.91,33.88,19.43,5.77,0.02,0.05,0.12,0.4,25.09,72.98,0.02,21.44,6.08,0.21,16.72,0.04,0.01,0.02,126.21,0.07,31.87,0.18,14.31,2.78,0.87,0.12,27.85
7/31/1942,0.67,0.29,0,0.21,1.64,0.03,1.44,0,21.25,0,0.05,0,0.12,0.45,1.29,2.27,0.04,6.3,0.04,0,0.13,0.07,0.02,19.29,0,0.43,0.33,15.29,0.64,0.07,0,0,3.67,169.21,0,0,0.24,0,42.33,0,0,0.24,0.01,100.89,1.96,0.52,5.44,10.86,0.6,287.06,5.19,14.76,0.02,4.34,0.18,3.25,2.11,1.7,0,0,0.05,0.12,6.34,26.58,0,13.83,2.58,0.05,4.23,0,0,0,28.92,0,5.11,0.05,14.26,0.32,0.26,0.03,6.38
8/31/1942,0.19,0.14,0,0.05,0.55,0.01,0.66,0,4.67,0,0.01,0,0.02,0.15,0.45,0.03,0,1.65,0,0,0.01,0.01,0,4.5,0,0.07,0.23,0.95,0.07,0.01,0,0,0.52,19.74,0,0,0.11,0,1.86,0,0,0,0,20.69,1.04,0.17,1.27,1.58,0.27,67.13,0.96,0,0,0,0.03,0.52,0.34,0.33,0,0,0.04,0.02,1.37,7.61,0,2.01,1.4,0,0.91,0,0,0,3.91,0,0.48,0.01,0,0,0.05,0,0.86
9/30/1942,0.1,0.06,0,0.02,0,0,0.29,0,1.71,0,0.01,0,0.01,0.07,0.29,0.01,0.01,0.8,0.01,0,0.02,0.01,0,0,0,0.04,0.18,0.16,0.08,0.01,0,0,0.29,4.24,0,0,0.07,0,0.24,0,0,0.42,0,7.93,0.67,0,0,1.76,0.12,19.14,0.6,0,0,0,0.02,0.41,0.22,0.13,0,0,0.05,0.01,0.36,0,0,2.25,1.04,0.1,0.24,0,0,0,1.52,0,0.22,0,0,0,0.02,0,0.33
10/31/1942,0.13,0.06,0,0.03,0,0,0.27,0,1.25,0,0.01,0,0,0.06,0.25,0.11,0.01,1.25,0.01,0,0.03,0.01,0.29,1.84,0,0.21,0.39,0.3,0.13,0.01,0,0,0.5,2.87,0,0,0.09,0,0.4,0,0,0.82,0,4.81,0.65,0,0.52,0,0.11,12.14,0.33,0.05,0,0.17,0.03,0.52,0.27,0.07,0,0,0.05,0,0,1.47,0,0,0.92,0.18,0,0,0,0,1.13,0,0.33,0,0,0.01,0.01,0.01,0.25
11/30/1942,1.65,0.46,0,0.67,1.49,0.37,2.26,0,4.23,0,0.18,2.79,0.69,0.73,1.97,2.01,0.17,16.98,0.17,0.27,0.5,0.27,3.97,8,0,3.63,3,17.4,2.45,0.27,0,0,2.69,22.5,0,0,0.88,2.9,19.71,0.15,0,0.06,0.12,36.04,3.97,0.47,2.26,0.39,0.94,43.71,6.26,0.22,0.53,3.13,0.28,5,1.97,9.83,0,0,0.22,0.69,0,26.69,0,0.49,3.13,0.02,0,0.04,0.01,0,13.5,0,1.96,0.31,9.71,0.23,1.48,0.11,2.98
12/31/1942,3.06,0.56,0,1.31,1.69,0.95,2.75,0,3.64,0,0.18,2.98,1.24,1.06,3.38,3.25,0.17,31.79,0.17,0.66,0.5,0.26,7.36,7.13,0,8.61,3.3,14.04,2.44,0.27,0,0,3.29,24.84,0,0,1.8,6.34,14.47,0.07,0,0.73,0.31,38.69,3.55,0.53,2.01,1.17,1.15,43.81,6.72,10.58,1.42,12.73,0.6,10.71,2.48,17.69,0,0,0.28,1.24,1.05,39.39,0,1.49,4.18,0.17,0.7,0.15,0.03,0,17.57,0,2.98,0.56,13.13,0.95,2.66,0.11,3.88
1/31/1943,11.08,1.66,7.18,8.03,5.35,7.14,8.12,1.56,6.81,8.63,1.58,13.25,4.11,3.32,8.79,4.43,1.46,118.82,1.51,3.41,4.41,2.33,21.92,18.69,2.68,32.27,6.71,20.62,21.5,2.35,0,3.02,18.1,35.77,3.03,40,6.93,24.36,21.3,1.41,2.87,4.69,2.32,141.56,12.02,1.69,5.27,1.3,3.38,170.48,12.69,22.11,7.4,24.02,1.44,25.51,4.83,58.74,3.44,8.13,1.88,4.11,1.84,167.68,2.73,1.65,16.82,1.07,1.23,0.93,0.46,2.53,28.92,4.16,6.29,1.87,54.69,1.8,8.83,0.95,6.38
2/28/1943,6.57,1.25,1.28,4.49,4.1,3.64,6.12,0.34,4.07,1.88,1.07,6.64,2.82,1.69,5.94,3.14,0.99,69.1,1.02,2.55,3,1.59,10.34,13.55,0.59,19.78,2.35,12.5,14.61,1.6,0,0.66,12.97,27.87,0.66,0,5.02,17.47,14.89,0.22,0.62,3.35,1.18,93.18,9.89,1.3,3.82,0.56,2.55,111.67,8.5,9.82,5.36,15.61,0.95,16.94,3.7,40.33,0.75,1.77,1.15,2.82,1.78,107.86,0.6,0.71,11.55,0.76,1.18,0.76,0.25,0.55,21.74,0.46,4.5,1.28,39.4,1.17,6.06,0.64,4.8
3/31/1943,20.01,2.94,4.47,11.02,8.43,8.4,14.35,1.18,14.16,6.52,3.12,18.5,7.24,7.1,24.25,9.67,2.89,204.94,2.98,5.17,8.71,4.61,17.8,48.23,2.49,50.16,3.67,29.36,42.48,4.65,0,2.28,38.48,58.48,2.29,60,12.55,35.68,29.41,0.33,2.17,7.6,2.73,239.76,24.09,2.66,13.6,1.68,5.98,266.75,13.61,1.23,11.33,35.16,1.83,32.59,10.82,103.42,2.6,6.15,2.75,7.24,3.62,252.8,2.07,2.13,30.09,1.72,2.41,2.88,1.69,1.91,63.18,1.99,14.38,3.29,99.46,2.63,15.54,1.87,13.96
4/30/1943,5.95,1.92,0.65,3.65,6.87,1.73,9.37,0.17,24.72,0.95,0.84,2.32,1.26,3.16,11.36,13.15,0.78,57.28,0.8,0.36,2.34,1.24,0.84,57.39,0.54,5.63,2.56,43.27,11.43,1.25,0,0.33,16.54,133.98,0.34,40,2.16,2.87,65.57,0.06,0.32,2.3,0.56,219.01,10.38,2.17,16.19,8.4,3.9,340.48,10.49,0,1.57,31.65,2.94,52.21,22.67,17.97,0.38,0.9,0.73,1.26,17.34,141.85,0.3,10.69,11.38,0.52,11.56,0.48,0.35,0.28,86.02,0.31,31.38,0.57,30.37,2.37,2.7,0.5,18.99
5/31/1943,2.75,1.14,0.12,1.84,6.12,0.39,5.57,0.03,34.18,0.19,0.32,0.15,0.49,1.54,5.4,15.83,0.3,26.36,0.31,0.02,0.9,0.48,0.16,54.72,0.21,2.16,0.51,38.19,4.41,0.48,0,0.07,9.2,280.03,0.07,80,0.9,0,87.81,0,0.06,1.3,0.13,289.58,5.45,1.93,15.43,15.55,2.32,507.91,11.84,0,0.41,31.86,2.06,36.59,19.51,7.06,0.08,0.18,0.22,0.49,23.25,88.31,0.06,19.79,5.71,0.3,15.5,0.06,0.03,0.06,110.9,0.13,29.28,0.22,17.91,2.38,1.06,0.19,24.47
6/30/1943,1.24,0.42,0.03,0.19,3.21,0.02,2.04,0.01,27.87,0.03,0.13,0.01,0.23,0.75,2.41,7.54,0.12,11.85,0.12,0.01,0.35,0.19,0.04,34.43,0.1,0.92,0.32,21.2,1.73,0.19,0,0.01,2.49,228.99,0.01,20,0.41,0,59.49,0,0.01,0.44,0.01,159.13,2.85,1.02,9.71,10.84,0.85,326.8,8.45,0,0.07,16.13,0.72,12.75,7.88,3.29,0.01,0.03,0.04,0.23,13.09,43.13,0.01,13.8,3.18,0.1,8.73,0,0,0.01,60.99,0.05,14.35,0.1,11.82,1.21,0.49,0.08,13.46
7/31/1943,0.4,0.19,0,0.07,0.69,0.02,0.95,0,13.69,0,0.03,0,0.09,0.3,0.77,1.06,0.03,3.77,0.03,0,0.09,0.05,0,14.05,0,0.19,0.15,6.57,0.45,0.05,0,0,0.47,101.29,0,0,0.18,0,15.84,0,0,0.13,0.01,57.1,1.42,0.22,3.96,5.9,0.4,182.49,2.82,0.23,0.01,1.53,0.1,1.77,1.19,1.3,0,0,0.02,0.09,2.31,17.18,0,7.5,1.7,0.03,1.54,0,0,0,14.18,0,2.89,0.04,7.9,0.11,0.2,0.02,3.13
8/31/1943,0.15,0.14,0,0.03,0.65,0.01,0.69,0,4.71,0,0,0,0.01,0.11,0.38,0.09,0,1.23,0,0,0.01,0.01,0,7.19,0,0.06,0.1,0.46,0.06,0.01,0,0,0.45,15.03,0,0,0.1,0,0.86,0,0,0.08,0,15.61,0.97,0.21,2.03,0,0.29,52.27,0.89,0,0,0,0.02,0.4,0.31,0.11,0,0,0.04,0.01,1.24,8.45,0,0,0.97,0.02,0.83,0,0,0,3.37,0,0.55,0,0,0,0.02,0,0.74
9/30/1943,0.08,0.05,0,0.02,0.51,0,0.25,0,1.48,0,0,0,0,0.05,0.22,0.04,0,0.63,0,0,0.01,0,0,1.34,0,0.03,0.07,0.35,0.04,0,0,0,0.19,5.08,0,0,0.06,0,0.14,0,0,0.56,0,5.09,0.67,0.16,0.38,0.14,0.1,18.65,0.49,0,0,0,0.04,0.71,0.31,0,0,0,0.05,0,0.31,0,0,0.18,0.68,0.13,0.2,0,0,0,1.23,0,0.31,0,0,0,0,0,0.27
10/31/1943,0.16,0.06,0,0.08,0,0.04,0.31,0,1.5,0,0.01,0,0.03,0.09,0.33,0.01,0.01,1.51,0.01,0,0.04,0.02,0.31,0,0,0.23,0.1,0.53,0.19,0.02,0,0,0.63,4.92,0,0,0.09,0.03,1.43,0,0,0.72,0.01,4.09,2.08,0,0,1.76,0.13,16.09,0.32,0.01,0.01,0,0.07,1.21,0.58,0.44,0,0,0.04,0.03,0,4.71,0,2.24,0.84,0.16,0,0,0,0,1.99,0,0.67,0.01,0,0,0.07,0.01,0.44
11/30/1943,0.25,0.09,0,0.2,0,0.11,0.45,0,0.69,0,0.03,0,0.09,0.13,0.38,0.01,0.03,2.42,0.03,0.03,0.1,0.05,0.52,0,0,0.43,0.22,0.99,0.47,0.05,0,0,0.51,5.09,0,0,0.12,0.36,2.42,0,0,0.57,0.04,7.76,0.8,0,0,1.27,0.19,12.16,0.49,0.08,0.02,0,0.08,1.41,0.57,1.3,0,0,0.06,0.09,0.66,7.11,0,1.62,1.05,0.13,0.44,0,0,0,1.81,0,0.51,0.04,0,0,0.2,0.02,0.4
12/31/1943,0.37,0.12,0,0.58,0,0.38,0.58,0,1.05,0,0.07,0,0.15,0.17,0.58,0.12,0.06,3.69,0.07,0.06,0.19,0.1,0.78,0,0,0.84,0.87,1.5,0.93,0.1,0,0,0.93,6.78,0,0,0.18,0.61,3.24,0,0,0.52,0.12,10.5,1.08,0,0,2.24,0.24,21.83,1.09,2.85,0.06,0.31,0.12,2.07,0.61,2.12,0,0,0.11,0.15,0.88,9.37,0,2.85,1.29,0.12,0.59,0.01,0.01,0,3.81,0,0.71,0.07,0,0.02,0.32,0.04,0.84
1/31/1944,0.86,0.19,0,0.99,0.5,0.71,0.91,0,1.31,0,0.15,0.28,0.36,0.35,1.28,0.31,0.14,8.5,0.14,0.15,0.42,0.22,1.78,1.55,0,1.93,2.91,5.31,2.04,0.22,0,0,2.24,12.4,0,0,0.52,1.52,6.21,0.02,0,0.55,0.23,20.29,1.84,0.16,0.44,0.85,0.38,31.38,1.22,6.27,0.16,1.52,0.15,2.67,0.77,5.08,0,0,0.19,0.36,0.76,18.72,0,1.09,2.12,0.13,0.5,0.07,0.03,0,4.84,0,0.93,0.16,3.9,0.11,0.76,0.09,1.07
2/29/1944,2.74,0.32,3.8,2.81,1.1,2.47,1.56,0.77,1.83,4.29,0.66,4.86,1.36,1,2.95,0.46,0.61,28.51,0.63,0.96,1.84,0.98,4.6,3.48,1.31,6.34,5.64,5.91,8.99,0.98,0,1.5,10.02,16.93,1.5,0,1.61,6.83,7.03,0.12,1.43,0.63,0.8,48.24,2.74,0.35,0.98,0.3,0.65,55.64,1.63,6.65,0.98,4.27,0.17,3.04,0.79,19.47,1.71,4.04,0.6,1.36,1.61,50.14,1.36,0.39,3.59,0.14,1.07,1.71,0.2,1.26,8.25,1.85,1.05,0.62,9.68,0.32,2.93,0.4,1.82
3/31/1944,3.82,0.72,2.35,4.05,2.23,3,3.54,0.56,2.89,3.12,0.96,3.44,2.37,1.39,4.62,2.15,0.89,39.03,0.92,1.49,2.69,1.42,4.64,7.37,1.2,8.95,2.61,14.15,13.1,1.43,0,1.09,12.15,35.5,1.09,0,2.43,10.4,16.71,0.04,1.04,0.99,0.97,81.91,4.57,0.7,2.08,0.78,1.47,113.61,4.49,0.35,1.52,9.13,0.49,8.63,2.07,33.91,1.24,2.94,0.92,2.37,3.27,68.28,0.99,0.99,6.27,0.22,2.18,1.65,0.3,0.91,15.94,0.93,2.62,1.08,23.54,0.68,5.1,0.58,3.52
4/30/1944,2.64,1.08,0.11,2.45,3.17,1.75,5.27,0.03,4.52,0.15,0.31,0.21,0.41,1.13,4.42,4.62,0.29,25.65,0.29,0.13,0.86,0.46,1.85,10,0.13,5.15,2.93,20.49,4.2,0.46,0,0.05,6.76,54.66,0.05,0,1.6,1.15,26.55,0,0.05,1.07,0.57,81.45,4.17,1,2.82,2.88,2.19,140.54,5.15,0,0.22,13.14,1.15,20.43,6.2,5.91,0.06,0.14,0.54,0.41,5.85,62.73,0.05,3.67,5.14,0.24,3.9,0.3,0.04,0.04,27.55,0.07,7.99,0.19,23.43,0.98,0.89,0.19,6.09
5/31/1944,3.1,1.61,0.02,2.02,7.4,0.89,7.88,0,24.74,0.02,0.16,0.03,0.23,1.74,7.8,17.26,0.15,27.63,0.15,0.01,0.45,0.24,0.91,44.25,0.06,3.57,1.19,46.74,2.18,0.24,0,0.01,5.7,214.68,0.01,0,1.42,0,91.05,0,0.01,1.51,0.29,251.19,4.73,2.34,12.48,9.85,3.28,408.2,3.06,0,0.08,18.72,1.85,32.82,20.15,3.33,0.01,0.02,0.34,0.23,14.18,103.23,0.01,12.53,5.71,0.34,9.45,0.04,0,0.01,113.21,0.03,27.84,0.11,27.81,1.4,0.5,0.1,24.99
6/30/1944,0.97,0.35,0,0.69,3.08,0.08,1.73,0,21.21,0,0.05,0,0.09,0.64,2.63,5.77,0.04,8.48,0.05,0,0.13,0.07,0.04,22.37,0,0.62,0.89,18.54,0.65,0.07,0,0,3.34,159.7,0,0,0.29,0,51.85,0,0,0.22,0.03,134.44,1.95,0.97,6.31,8.09,0.72,285.69,2.16,0,0.01,5.09,0.41,7.25,6.62,1.22,0,0,0.09,0.09,10.15,37.06,0,10.3,1.94,0.05,6.77,0,0,0,51.22,0,11.03,0.04,5.76,0.38,0.18,0.03,11.3
7/31/1944,0.17,0.11,0,0,0.82,0,0.56,0,9.22,0,0,0,0,0.14,0.47,0.32,0,1.46,0,0,0.01,0,0,7.55,0,0.08,0.18,4.29,0.03,0,0,0,0,60.52,0,0,0.08,0,10.36,0,0,0.14,0,44.98,0.47,0.26,2.13,3.73,0.23,146.31,0.46,0.09,0,0,0.04,0.69,0.93,0.05,0,0,0,0,2.03,12.46,0,4.75,0.84,0.03,1.35,0,0,0,8.21,0,2.19,0,1.04,0,0.01,0,1.81
8/31/1944,0.03,0.06,0,0.03,0,0.01,0.3,0,2.38,0,0,0,0,0.02,0.1,0.02,0,0.19,0,0,0,0,0,0,0,0.01,0.12,0.2,0,0,0,0,0.21,8.58,0,0,0.02,0,0.41,0,0,0.25,0,8.06,0.26,0,0,2.69,0.12,38.46,0.14,0,0,0,0.02,0.35,0.46,0,0,0,0.02,0,1.51,2.01,0,3.43,0.54,0.06,1.01,0,0,0,1.65,0,1.09,0,0,0,0,0,0.36
9/30/1944,0.01,0.02,0,0.01,0,0,0.08,0,0.56,0,0,0,0,0.01,0.03,0.01,0,0.05,0,0,0,0,0,0,0,0,0.09,0.15,0,0,0,0,0.08,3.93,0,0,0.01,0,0.18,0,0,0,0,0.09,0.24,0,0,1.88,0.03,17.57,0,0,0,0,0.06,1.07,0.44,0,0,0,0.02,0,0,0,0,2.4,0.44,0,0,0,0,0,0,0,0.75,0,0,0,0,0,0
10/31/1944,0.03,0.05,0,0.01,0,0,0.26,0,1.24,0,0,0,0,0.02,0.07,0.2,0,0.28,0,0,0,0,0.06,1.37,0,0.05,0.23,0.77,0,0,0,0,0.15,3.53,0,0,0.02,0,2.18,0,0,0,0,0.83,0.52,0,0.39,0.22,0.11,13.94,0.17,0,0,0.07,0.06,1.14,0.49,0,0,0,0.03,0,0,2.64,0,0.28,0.68,0,0,0,0,0,0.54,0,0.62,0,0,0.01,0,0,0.12
11/30/1944,1.84,0.5,0,1.69,1.73,1.1,2.45,0,4.41,0,0.18,2.1,0.74,0.8,2.45,2.17,0.17,18.69,0.17,0.31,0.51,0.27,4.21,8.3,0,4.28,4.06,12.6,2.49,0.27,0,0,5.46,21.77,0,0,0.96,3.24,17.07,0.01,0,0.42,0.36,35.4,2.34,0.54,2.34,0.32,1.02,58.68,5.81,0.31,0.57,3.27,0.37,6.6,2.18,10.55,0,0,0.45,0.74,0.72,37.5,0,0.41,3.2,0.1,0.48,0.05,0.02,0,13.73,0,2.23,0.34,9.28,0.24,1.59,0.11,3.03
12/31/1944,1.49,0.43,0,1.11,1.21,0.85,2.1,0,2.6,0,0.17,1.55,0.57,0.52,1.79,2.18,0.16,15.18,0.16,0.29,0.48,0.25,3.41,6.36,0,3.88,3.4,11.2,2.33,0.25,0,0,2.67,21.33,0,0,1,2.76,15.01,0.02,0,0.79,0.28,32.66,2.13,0.38,1.79,0.35,0.87,56.44,4.04,6.73,0.53,8.35,0.55,9.69,2.1,8.11,0,0,0.24,0.57,1.51,33.67,0,0.44,2.85,0.18,1.01,0.25,0.11,0,12.11,0,2.61,0.26,6.85,0.62,1.22,0.1,2.67
1/31/1945,1.22,0.37,0,1.03,1.42,0.79,1.81,0,1.9,0,0.14,0.49,0.31,0.36,1.45,1.54,0.13,12.52,0.13,0.25,0.39,0.21,2.35,3.55,0,3.3,1.17,5.64,1.91,0.21,0,0,2.69,15.3,0,0,0.83,1.58,8.56,0.02,0,1.1,0.26,25.65,1.94,0.45,1,0.45,0.75,44.53,2.98,19.32,0.44,7.43,0.48,8.48,1.46,4.42,0,0,0.22,0.31,2.14,26.02,0,0.57,2.51,0.25,1.43,0.2,0.13,0,8.69,0,1.95,0.14,6.5,0.56,0.66,0.08,1.92
2/28/1945,9.67,1.91,7.04,11.15,5.96,9.67,9.35,1.57,6.67,8.7,2.46,9.22,4.41,3.03,8.77,4.91,2.28,102.23,2.35,3.65,6.87,3.64,15.23,21.56,2.86,26.72,6.49,27.33,33.51,3.67,0,3.04,30.37,43.78,3.05,0,6.21,25.55,27.92,0.08,2.9,3.42,3.14,185.56,11.92,1.88,6.08,0.83,3.89,236.05,12.96,9.91,6.69,22.87,1.66,29.55,6.31,63.04,3.47,8.2,2.76,4.41,3.08,204.33,2.76,1.06,18.49,0.78,2.06,5.47,1.56,2.55,32.61,3.35,7.86,2,60.57,1.71,9.47,1.48,7.19
3/31/1945,4.5,1.04,0.57,7.67,2.92,6.02,5.06,0.14,3.93,0.79,2.05,5.13,2.7,1.65,4.63,2.07,1.9,47.04,1.95,1.75,5.71,3.02,4,13.43,0.38,11.07,6.33,10.85,27.87,3.05,0,0.27,30.09,29.85,0.28,0,2.71,11.86,12.23,0.04,0.26,2.52,1.96,114.41,6.57,0.92,3.79,0.86,2.11,148.09,4.26,1.22,3.28,11.27,0.7,12.35,3.47,38.51,0.31,0.74,1.99,2.7,3.78,110.25,0.25,1.1,8.77,0.57,2.52,3.75,1.49,0.23,18.43,0.25,4.46,1.22,29.16,0.84,5.79,1.23,4.08
4/30/1945,4.76,1.81,0.15,3.46,6.28,1.86,8.84,0.04,11.65,0.22,0.88,0.62,0.95,2.03,9.13,9.7,0.81,45.12,0.84,0.3,2.46,1.3,2.7,32.15,0.21,9.2,1.26,31.62,11.98,1.31,0,0.08,14.74,94.54,0.08,0,2.93,2.56,44.12,0,0.07,3.53,0.6,157.73,7.6,1.98,9.07,3.98,3.68,277.26,7.88,0,1.01,22.98,1.84,32.75,12.87,13.6,0.09,0.21,0.69,0.95,9.06,113.45,0.07,5.07,9.53,0.8,6.04,1.28,0.53,0.07,52.09,0.11,17.3,0.43,45,1.72,2.04,0.53,11.5
5/31/1945,3.22,1.72,0.01,2.36,7.17,0.97,8.38,0,31.46,0.01,0.3,0.02,0.33,1.84,7.04,17.63,0.27,30,0.28,0.01,0.83,0.44,0.31,59.34,0.03,2.48,1.86,46.15,4.03,0.44,0,0,8.06,214.92,0,0,1.15,0,84.17,0,0,1.41,0.32,265.31,5.22,2.26,16.74,14.18,3.49,479.61,9.73,0,0.23,30.88,2.56,45.4,23.4,4.75,0,0.01,0.37,0.33,21.54,109.65,0,18.05,5.37,0.32,14.36,0.13,0.02,0,112.73,0.02,32.96,0.15,31.32,2.31,0.71,0.18,24.88
6/30/1945,1.64,0.65,0,1.08,4.38,0.15,3.15,0,34.58,0,0.12,0,0.16,1.01,3.63,10.45,0.11,15.23,0.11,0.01,0.32,0.17,0.05,41.63,0,1.16,0.36,33.21,1.58,0.17,0,0,5.75,301.57,0,0,0.51,0,89.18,0,0,0.24,0.05,208.45,2.38,1.38,11.74,14.64,1.31,491.47,8.92,0,0.03,19.92,1.06,18.81,12.21,2.23,0,0,0.16,0.16,18.45,38.23,0,18.63,2.53,0.05,12.3,0.01,0,0,84.57,0,20.99,0.07,13.34,1.49,0.34,0.07,18.66
7/31/1945,0.25,0.19,0,0.11,0.98,0.02,0.95,0,14.57,0,0.01,0,0.01,0.2,0.58,0.5,0.01,2.19,0.01,0,0.03,0.02,0,12.16,0,0.1,0.23,8.44,0.16,0.02,0,0,0.94,115.04,0,0,0.12,0,24.12,0,0,0.42,0.01,61.22,0.95,0.31,3.43,7.46,0.4,243.98,2.36,0.21,0,1.08,0.1,1.8,1.46,0.14,0,0,0.04,0.01,3.32,15.45,0,9.49,1.21,0.09,2.21,0,0,0,14.24,0,3.48,0,6.7,0.08,0.02,0.01,3.14
8/31/1945,0.05,0.1,0,0.02,0.33,0,0.49,0,3.6,0,0,0,0,0.04,0.15,0.01,0,0.35,0,0,0,0,0,2.09,0,0.02,0.16,0.63,0,0,0,0,0.33,15.14,0,0,0.03,0,1.08,0,0,0.33,0,15.94,0.36,0.1,0.59,2.04,0.2,75.84,0.63,0,0,0,0.04,0.79,0.39,0,0,0,0.05,0,1.5,0,0,2.59,0.76,0.08,1,0,0,0,3.12,0,1,0,0,0,0,0,0.69
9/30/1945,0.01,0.07,0,0.01,0,0,0.32,0,1.91,0,0,0,0,0.01,0.04,0.01,0,0.1,0,0,0,0,0,0,0,0.01,0.12,0.49,0,0,0,0,0.05,5.05,0,0,0.01,0,0.42,0,0,0.82,0,3.7,0.25,0,0,2.9,0.13,28.87,0.33,0,0,0,0.05,0.92,0.41,0,0,0,0.02,0,0.32,0,0,3.68,0.66,0.19,0.21,0,0,0,0.99,0,0.42,0,0,0,0,0,0.22
10/31/1945,0.2,0.21,0,0.11,0.5,0.05,1.03,0,2.99,0,0.02,0,0,0.1,0.38,0.73,0.02,1.92,0.02,0,0.07,0.04,0.42,2.41,0,0.31,0.38,8.18,0.33,0.04,0,0,0.52,22.22,0,0,0.13,0,18.93,0,0,0.72,0.02,20.3,0.55,0.16,0.68,1.52,0.43,60.62,1.64,0.01,0,0.13,0.13,2.28,1.03,0,0,0,0.05,0,0.43,10.97,0,1.93,1.14,0.16,0.29,0,0,0,4.04,0,1.17,0,0.12,0.01,0,0.01,0.89
11/30/1945,1.17,0.51,0,0.4,1.62,0.23,2.5,0,3.59,0,0.07,0.41,0.28,0.52,1.46,1.71,0.06,11.93,0.06,0.1,0.19,0.1,2.73,6.23,0,2.68,1.97,12.95,0.92,0.1,0,0,1.15,39.08,0,0,0.59,1.06,20.95,0,0,0.42,0.07,41.86,1.59,0.51,1.76,1.22,1.04,66.15,5.57,0.01,0.14,5.55,0.33,5.81,1.84,4,0,0,0.09,0.28,1.74,25.28,0,1.55,2.38,0.1,1.16,0,0,0,15.08,0,1.93,0.13,13.84,0.41,0.6,0.04,3.33
12/31/1945,8.71,1.27,1.87,3.24,4.11,2.63,6.2,0.29,5.66,1.61,0.74,10.08,2.98,2.82,8.01,3.5,0.68,92.03,0.7,2.12,2.06,1.09,17.14,13.71,0.46,23.82,8.02,18.4,10.05,1.1,0,0.56,7.3,43.01,0.57,0,5.42,15.82,21.09,0.08,0.54,3.64,0.85,102.82,10.19,1.3,3.87,1.7,2.58,118.87,8.39,0.33,3.43,18.55,1.03,18.21,3.81,42.5,0.64,1.52,0.66,2.98,2.14,124.8,0.51,2.16,13.05,0.82,1.43,0.08,0.01,0.47,23.98,0.58,4.94,1.35,39.77,1.39,6.39,0.44,5.29
1/31/1946,4.51,0.92,0.41,1.66,3.08,1.32,4.49,0.07,3.12,0.4,0.31,2.93,1.18,1.31,4.79,1.72,0.28,46.77,0.29,0.95,0.85,0.45,6.53,9.4,0.15,12.81,2.56,9.24,4.16,0.46,0,0.14,3.76,29.4,0.14,0,3.17,6.67,12.17,0.09,0.13,2.51,0.43,54.65,6.97,0.97,2.65,0.81,1.87,78.48,7.66,2.66,1.49,12.36,0.82,14.55,2.95,16.91,0.16,0.38,0.37,1.18,2.78,67.92,0.13,1.04,7.9,0.57,1.85,0.11,0.02,0.12,18.87,0.11,3.63,0.54,25.47,0.92,2.54,0.18,4.16
2/28/1946,2.26,0.52,0.18,0.74,1.33,0.54,2.56,0.03,1.92,0.18,0.27,1.51,0.57,0.82,2.05,1.37,0.25,23.96,0.26,0.39,0.76,0.4,2.25,6.22,0.07,6,3.03,6.26,3.73,0.41,0,0.06,1.99,17.09,0.06,0,1.31,2.56,7.81,0.04,0.06,1.32,0.18,33.96,3.54,0.42,1.75,0.54,1.07,54.58,2.53,1.83,0.6,6.81,0.49,8.69,2.03,8.2,0.07,0.17,0.17,0.57,2.51,38.57,0.06,0.68,4.45,0.3,1.67,0.33,0.05,0.05,11.26,0.05,2.51,0.26,12.21,0.51,1.23,0.16,2.49
3/31/1946,5.23,1.22,0.04,2.03,3.97,1.48,5.96,0.01,4.94,0.04,0.66,1.26,1.24,1.92,6.71,3.96,0.61,53.08,0.63,0.83,1.85,0.98,4.18,15.83,0.02,12.21,3.54,17.46,9.03,0.99,0,0.01,6.42,41.86,0.01,0,3.28,5.42,18.59,0.01,0.01,2.8,0.48,83.48,7.05,1.25,4.46,1.42,2.48,126.88,6.04,0.53,1.27,15.24,1.11,19.63,5.33,17.72,0.02,0.04,0.45,1.24,4.37,77.49,0.01,1.8,8.29,0.64,2.92,0.53,0.09,0.01,27.48,0.01,7.06,0.56,27.78,1.14,2.66,0.4,6.08
4/30/1946,5.22,1.76,0.08,2.69,5.23,1.8,8.58,0.02,17.11,0.08,0.63,0.45,1.06,2.46,10.23,12.66,0.58,49.48,0.6,0.35,1.76,0.93,2.2,40.99,0.07,8.29,1.55,36.15,8.59,0.94,0,0.03,8.56,138.68,0.03,0,2.75,3.12,54.65,0,0.03,3.23,0.58,194.96,8.32,1.65,11.56,6.2,3.57,312.32,7.41,0.03,0.97,25.44,2.16,38.29,16.56,15.16,0.03,0.08,0.57,1.06,10.09,117.98,0.03,7.9,9.44,0.73,6.73,0.25,0.05,0.02,72.33,0.04,22.66,0.48,37.65,1.9,2.28,0.38,15.97
5/31/1946,2.97,1.18,0,1.86,6.57,0.69,5.74,0,36.06,0,0.15,0,0.26,1.72,6.41,19.24,0.14,27.8,0.15,0.01,0.43,0.23,0.22,60.37,0,2.26,1.55,43.86,2.1,0.23,0,0,7.05,263.42,0,0,1.01,0,93.34,0,0,1.62,0.22,263.72,4.88,2.08,17.03,14.25,2.39,467.89,9.38,0,0.15,27.49,2.38,42.19,23,3.66,0,0,0.28,0.26,21.99,87.8,0,18.14,4.88,0.37,14.66,0,0,0,114.34,0,33.9,0.12,5.69,2.05,0.55,0.09,25.23
6/30/1946,0.86,0.33,0,0.29,2.38,0.04,1.61,0,23.44,0,0.04,0,0.11,0.55,1.82,5.06,0.04,8.01,0.04,0,0.13,0.07,0.02,25.56,0,0.59,0.45,15.68,0.61,0.07,0,0,1.88,165.16,0,0,0.29,0,48.75,0,0,0.22,0.01,116.47,1.75,0.75,7.21,10.02,0.67,284,5.64,0,0.02,8.47,0.5,8.92,5.96,1.57,0,0,0.04,0.11,9.7,34.93,0,12.75,2.19,0.05,6.47,0,0,0,46.44,0,10.76,0.05,7.97,0.63,0.24,0.03,10.24
7/31/1946,0.2,0.12,0,0,0.38,0,0.61,0,8.03,0,0,0,0.03,0.16,0.49,0.2,0,1.75,0,0,0.01,0,0,6.95,0,0.07,0.3,2.5,0.03,0,0,0,0.09,37.48,0,0,0.11,0,5.26,0,0,1.03,0,33.49,0.84,0.12,1.96,3.93,0.25,121.56,1.17,11.67,0,0,0.06,1.07,0.91,0.42,0,0,0,0.03,1.83,10.93,0,5.01,1.27,0.23,1.22,0,0,0,5.68,0,2.17,0.01,0,0,0.06,0,1.25
8/31/1946,0.04,0.07,0,0.02,0.38,0,0.36,0,2.53,0,0,0,0.01,0.03,0.13,0.02,0,0.32,0,0,0,0,0,1.46,0,0.02,0.2,0.69,0,0,0,0,0.06,8.93,0,0,0.03,0,0.35,0,0,0,0,6.37,0.41,0.12,0.41,1.25,0.15,39.62,0.25,0,0,0,0.05,0.81,0.41,0.1,0,0,0.01,0.01,2.92,0,0,1.59,0.74,0,1.95,0,0,0,0.76,0,1.05,0,0,0,0.02,0,0.17
9/30/1946,0.02,0.05,0,0.01,0.48,0,0.24,0,1.44,0,0,0,0,0.02,0.06,0.01,0,0.15,0,0,0,0,0,0.11,0,0.01,0.14,0.32,0,0,0,0,0.12,4.45,0,0,0.01,0,0.44,0,0,0,0,0,0.33,0.15,0.03,0.78,0.1,21.85,0.15,0,0,0,0.07,1.18,0.46,0,0,0,0.03,0,0.26,0,0,1,0.62,0,0.17,0,0,0,0.48,0,0.56,0,0,0,0,0,0.11
10/31/1946,0.13,0.09,0,0.12,0.22,0.06,0.45,0,1.68,0,0,0,0.02,0.08,0.3,0.02,0,1.19,0,0,0.01,0.01,0.24,1.73,0,0.17,0.09,0.61,0.05,0.01,0,0,0.54,8.91,0,0,0.07,0.01,3.13,0,0,0,0.02,11.84,1.68,0.07,0.49,0.45,0.19,29.46,0.22,0.01,0,0,0.06,1.12,0.59,0.23,0,0,0.04,0.02,1.73,3.42,0,0.57,0.92,0,1.16,0,0,0,1.87,0,0.69,0.01,0,0,0.03,0,0.41
11/30/1946,0.83,0.32,0,1.42,1.07,0.97,1.55,0,2.51,0,0.24,0.17,0.38,0.42,1.43,0.53,0.23,8.12,0.23,0.13,0.68,0.36,1.62,3.41,0,1.6,1.7,9.06,3.31,0.36,0,0,2.84,18.55,0,0,0.34,1.34,10.53,0.01,0,1.27,0.32,37.41,2.15,0.34,0.96,1.12,0.65,65.34,2.24,0.07,0,0.91,0.13,2.27,1.03,5.49,0,0,0.23,0.38,0,25.71,0,1.42,2.77,0.29,0,0,0,0,8.26,0,1.02,0.17,8.32,0.07,0.83,0.15,1.82
12/31/1946,0.97,0.32,0,2.09,1.21,1.46,1.58,0,1.9,0,0.37,0.41,0.39,0.39,1.58,1.19,0.34,9.53,0.35,0.22,1.02,0.54,1.71,1.52,0,1.98,2.76,9.59,4.99,0.55,0,0,6.14,22.77,0,0,0.59,1.61,11.38,0.02,0,1.7,0.47,47.83,1.84,0.38,0.43,1.67,0.66,84.61,1.38,0.47,0,3.5,0.24,4.19,1.21,5.6,0,0,0.37,0.39,0.05,32.76,0,2.13,2.61,0.39,0.03,0.53,0.22,0,7.31,0,1.47,0.18,8.64,0.26,0.84,0.22,1.61
1/31/1947,0.65,0.22,0,0.9,0.71,0.58,1.09,0,0.95,0,0.15,0.2,0.23,0.26,0.69,0.9,0.14,6.8,0.15,0.13,0.42,0.22,0.99,0.36,0,1.35,0.39,3.71,2.07,0.23,0,0,2.66,14.44,0,0,0.34,0.97,5.27,0.02,0,1.35,0.19,27.04,1.18,0.22,0.1,1.53,0.45,48.67,0.86,0.4,0,2.62,0.23,4.05,0.84,3.24,0,0,0.17,0.23,0.44,18.37,0,1.95,1.89,0.31,0.3,0.28,0.17,0,4.18,0,1.13,0.1,5.07,0.2,0.49,0.09,0.92
2/28/1947,1.83,0.49,0,0.94,1.7,0.59,2.38,0,1.92,0,0.32,1.98,0.66,0.7,2.09,1.64,0.3,18.89,0.31,0.39,0.9,0.48,2.59,4.08,0,3.86,1.39,8.93,4.39,0.48,0,0,3.37,20.73,0,0,1.11,2.83,10.44,0.03,0,0.82,0.19,41.03,2.62,0.54,1.15,1.18,0.99,63.91,3.11,0.49,0,5.83,0.59,10.41,2.21,9.39,0,0,0.18,0.66,0.74,39.93,0,1.5,3.64,0.18,0.49,0.33,0.2,0,11.4,0,2.76,0.3,10.65,0.44,1.41,0.19,2.51
3/31/1947,3.47,1.01,0,0.82,3.33,0.32,4.95,0,4.33,0,0.23,2.08,1.06,1.49,5.24,3.62,0.22,34.48,0.22,0.51,0.65,0.35,3.06,12.96,0,6.8,1.82,16.86,3.18,0.35,0,0,2.67,41.25,0,0,1.99,3.64,20.08,0.01,0,1.29,0.1,63.48,3.46,1.05,3.66,1.24,2.06,102.22,3.81,0.13,0,10.27,1.03,18.36,5.57,15.1,0,0,0.12,1.06,2.34,57.73,0,1.58,6.52,0.29,1.56,0.18,0.07,0,23.92,0,7.2,0.48,19.77,0.77,2.27,0.14,5.29
4/30/1947,2.59,1.04,0,0,3.38,0,5.1,0,11.1,0,0.13,0.14,0.37,1.45,7.11,8.14,0.12,22.21,0.13,0.08,0.38,0.2,0.87,24.52,0,3.02,0.49,20.98,1.83,0.2,0,0,2.72,84.13,0,0,1.4,0.7,35.64,0,0,0.42,0,105.16,2.97,1.07,6.92,3.71,2.12,172.55,1.4,0,0,10.11,1.18,20.93,11.48,5.31,0,0,0.09,0.37,6.69,51.39,0,4.72,4.4,0.1,4.46,0.05,0.01,0,52.01,0,15.68,0.17,18.68,0.76,0.8,0.08,11.48
5/31/1947,0.87,0.68,0,0.97,4.2,0.32,3.33,0,25.51,0,0.03,0,0.09,0.61,2.62,10.97,0.03,7.33,0.03,0,0.1,0.05,0.04,35.09,0,0.52,0.41,24.28,0.47,0.05,0,0,0.41,224.37,0,0,0.2,0,65.38,0,0,0.64,0.1,174.39,1.16,1.33,9.9,10.8,1.39,351.21,0.23,0,0,7.29,1.05,18.66,13.26,1.23,0,0,0.02,0.09,14.99,38.45,0,13.75,1.67,0.14,10,0,0,0,89.19,0,19.62,0.04,1.3,0.54,0.18,0.02,19.68
6/30/1947,0.27,0.16,0,0.15,1.11,0.02,0.76,0,12.78,0,0.01,0,0.04,0.21,0.8,1.48,0.01,2.2,0.01,0,0.03,0.01,0,11.59,0,0.13,0.77,7.26,0.13,0.01,0,0,0,79.2,0,0,0.12,0,17.34,0,0,0.9,0.01,52.84,0.56,0.35,3.27,5.49,0.32,149.37,0.99,0,0,0,0.18,3.25,2.94,0.58,0,0,0,0.04,3.45,6.94,0,6.99,1.17,0.2,2.3,0,0,0,20.51,0,4.96,0.02,0.85,0,0.09,0.01,4.52
7/31/1947,0.03,0.06,0,0.01,0.17,0,0.29,0,3.81,0,0,0,0,0.03,0.13,0.05,0,0.22,0,0,0,0,0,2.76,0,0.01,0,1.33,0,0,0,0,0,15.94,0,0,0.01,0,1.08,0,0,0.85,0,11.76,0.29,0.05,0.78,1.84,0.12,46.83,0.04,8.18,0,0,0.04,0.73,0.73,0,0,0,0,0,1.25,2.53,0,2.34,0.59,0.19,0.84,0,0,0,1.32,0,1.75,0,0,0,0,0,0.29
8/31/1947,0.01,0.05,0,0,0.04,0,0.22,0,1.64,0,0,0,0,0,0.02,0.01,0,0.04,0,0,0,0,0,0,0,0,0,0,0,0,0,0,0.01,4.8,0,0,0.01,0,0.11,0,0,0,0,0,0.16,0.01,0,1.26,0.09,18.7,0.82,0,0,0,0.04,0.67,0.59,0,0,0,0,0,1.8,0,0,1.6,0.45,0,1.2,0,0,0,0,0,1.41,0,0,0,0,0,0
9/30/1947,0,0.01,0,0,0.15,0,0.07,0,0.47,0,0,0,0,0,0,0.01,0,0,0,0,0,0,0,0.37,0,0,0,0.1,0,0,0,0,0,3.08,0,0,0.01,0,0.06,0,0,0.33,0,0.34,0.18,0.05,0.11,0.04,0.03,13.23,0,0,0,0,0.06,1.02,0.41,0,0,0,0.01,0,0.58,0,0,0.05,0.31,0.08,0.39,0,0,0,0.3,0,0.67,0,0,0,0,0,0.07
10/31/1947,0.21,0.16,0,0.08,0.4,0.04,0.79,0,2.41,0,0,0,0,0.09,0.38,1.24,0,1.92,0,0,0,0,0.41,2.95,0,0.31,1.05,5.91,0,0,0,0,0.29,17.1,0,0,0.17,0,10.98,0,0,0,0.01,9.15,1.37,0.13,0.83,0.57,0.33,23.64,2.85,0,0,0.19,0.05,0.95,0.62,0,0,0,0.03,0,0,4.21,0,0.73,1.03,0,0,0,0,0,6.85,0,0.77,0,1.28,0.01,0,0,1.51
11/30/1947,0.29,0.11,0,0.21,0.11,0.1,0.53,0,0.8,0,0.01,0,0.08,0.13,0.4,1.07,0.01,2.85,0.01,0.02,0.02,0.01,0.66,0,0,0.54,0.55,3.49,0.11,0.01,0,0,0.52,14.09,0,0,0.21,0.21,6.27,0,0,0.26,0.03,10.76,0.56,0.04,0,1.1,0.22,18.54,1.8,0,0.02,2.05,0.15,2.58,0.84,1.08,0,0,0.04,0.08,0,4.3,0,1.4,1.11,0.06,0,0,0,0,4.92,0,0.75,0.03,0,0.15,0.16,0,1.09
12/31/1947,0.24,0.1,0,0.31,0.39,0.21,0.48,0,0.88,0,0.02,0,0.09,0.11,0.33,0.51,0.02,2.43,0.02,0.03,0.06,0.03,0.55,0.01,0,0.57,0.56,1.39,0.29,0.03,0,0,0.52,8.43,0,0,0.14,0.36,2.59,0,0,0.25,0.07,7.57,0.46,0.12,0,0.97,0.2,15.73,1.06,0.02,0.03,1.6,0.12,2.19,0.61,1.29,0,0,0.05,0.09,0.7,4.75,0,1.23,0.97,0.06,0.47,0,0,0,3.38,0,0.66,0.04,0,0.12,0.19,0.01,0.75
1/31/1948,0.71,0.24,0,0.3,0.69,0.2,1.16,0,1.56,0,0.02,0,0.14,0.21,0.99,3.28,0.02,7,0.02,0.06,0.07,0.03,1.58,2,0,1.77,1.5,6.87,0.32,0.04,0,0,0.47,14.41,0,0,0.65,0.6,8.84,0,0,0.34,0.06,13.27,1.03,0.22,0.56,1.13,0.48,19.1,3.14,4.46,0.07,7.65,0.44,7.84,1.72,2.05,0,0,0.05,0.14,1.3,9.55,0,1.44,1.51,0.08,0.87,0,0,0,9.47,0,2.1,0.07,0,0.57,0.31,0.01,2.09
2/29/1948,0.75,0.18,0,0,0.8,0,0.86,0,1.1,0,0.04,0.21,0.26,0.19,0.98,1.16,0.04,7.4,0.04,0.11,0.11,0.06,1.67,1.88,0,1.88,1.5,3.23,0.52,0.06,0,0,0,8.57,0,0,0.8,1.11,4.64,0,0,0.56,0,12.08,1.16,0.25,0.53,0.33,0.36,20.4,1.5,8.14,0.13,3.89,0.25,4.36,0.78,3.67,0,0,0,0.26,1.62,9.4,0,0.43,1.5,0.13,1.08,0,0,0,4.64,0,1.07,0.12,0.24,0.29,0.55,0.02,1.02
3/31/1948,2.67,0.39,0,0.37,1.19,0.25,1.9,0,1.72,0,0.35,3.86,1.56,0.87,2.85,1.49,0.33,27.71,0.34,1.09,0.98,0.52,4.91,3.85,0,6.83,4.37,7,4.78,0.52,0,0,1.32,17.61,0,0,1.76,7.85,7.56,0,0,0.72,0.08,35.07,2.48,0.38,1.09,0.65,0.79,43.73,3.59,0.24,1.23,6.35,0.38,6.78,1.28,22.22,0,0,0.06,1.56,1.6,40.63,0,0.82,4.26,0.16,1.07,0,0,0,9.16,0,1.69,0.71,11.46,0.47,3.34,0.21,2.02
4/30/1948,7.72,1.65,0,4.63,5.21,3.43,8.07,0,6.22,0,1.06,5.48,2.45,2.31,7.76,4.85,0.99,79.89,1.02,1.58,2.97,1.57,10.27,16.23,0,19.83,2.48,24.7,14.49,1.59,0,0,10.74,62.05,0,0,6.08,10.96,29.23,0,0,2.11,1.11,108.16,9.07,1.65,4.58,3.06,3.36,165.98,10.38,0,1.76,22.45,1.52,26.97,6.42,35.01,0,0,0.9,2.45,5.17,104.03,0,3.89,12.28,0.48,3.45,0.36,0.02,0,37.89,0,8,1.11,49.86,1.68,5.26,0.64,8.37
5/31/1948,6.09,2.36,0,1.91,8.24,1.13,11.54,0,24.05,0,0.2,0.25,0.62,2.94,11.62,15.83,0.18,58.46,0.19,0.16,0.56,0.29,3.32,56.09,0,10.8,0.85,46.68,2.71,0.3,0,0,5.17,204.47,0,0,2.73,1.39,73.8,0.01,0,2.56,0.37,238.97,9.19,2.6,15.82,7.9,4.81,394.11,9.31,0,0.35,31.37,2.86,50.84,23.1,8.79,0,0,0.34,0.62,13.79,111.18,0,10.06,10.63,0.58,9.19,0.03,0,0,104.62,0,31.71,0.28,40.27,2.34,1.32,0.12,23.09
6/30/1948,2.44,0.82,0,1.14,5.13,0.35,3.99,0,35.45,0,0.06,0.04,0.19,1.55,5.81,16.52,0.06,22.4,0.06,0.01,0.18,0.09,0.17,50.15,0,1.75,0.32,32.59,0.86,0.09,0,0,3.91,259.75,0,0,0.54,0,79.62,0,0,0,0.11,219.83,4.28,1.62,14.14,13.01,1.66,375.67,7.86,0,0.05,21.79,1.58,27.99,17.32,2.71,0,0,0.14,0.19,19.34,61.76,0,16.56,4.44,0,12.89,0,0,0,105.27,0,26.87,0.09,0,1.63,0.41,0.04,23.23
7/31/1948,0.41,0.16,0,0.05,0.64,0.01,0.76,0,11.58,0,0,0,0.02,0.3,0.94,0.84,0,3.69,0,0,0.01,0,0.01,12.72,0,0.23,0.1,4.6,0.03,0,0,0,0.41,55.42,0,0,0.13,0,10.28,0,0,0.44,0,39.17,0.89,0.2,3.59,3.76,0.32,111.77,2.17,0.07,0,0.78,0.1,1.82,1.53,0.32,0,0,0.01,0.02,1.73,17.43,0,4.79,1.59,0.1,1.15,0,0,0,15.4,0,3.62,0.01,1.53,0.06,0.05,0,3.4
8/31/1948,0.07,0.08,0,0.01,0.53,0,0.4,0,2.87,0,0,0,0,0.06,0.23,0.03,0,0.57,0,0,0,0,0,3.75,0,0.03,0.07,0.64,0,0,0,0,0.12,5.99,0,0,0.06,0,0.37,0,0,0.46,0,5.45,0.45,0.17,1.06,0,0.17,28.95,0.32,0,0,0,0.04,0.63,0.48,0,0,0,0.02,0,1.55,0,0,0,0.9,0.1,1.03,0,0,0,2.5,0,1.17,0,0,0,0,0,0.55
9/30/1948,0.03,0.01,0,0,0.15,0,0.07,0,0.45,0,0,0,0,0.02,0.09,0.01,0,0.18,0,0,0,0,0,0.44,0,0.01,0.05,0.47,0,0,0,0,0,2.09,0,0,0.02,0,0.31,0,0,0.73,0,0,0.22,0.05,0.12,0,0.03,16.51,0.35,0,0,0,0.08,1.36,0.48,0,0,0,0,0,0.33,0,0,0,0.54,0.17,0.22,0,0,0,1.35,0,0.7,0,0,0,0,0,0.3
10/31/1948,0.06,0.04,0,0.01,0,0,0.2,0,1.06,0,0,0,0,0.02,0.16,0,0,0.47,0,0,0,0,0.11,0,0,0.08,0.09,0.09,0,0,0,0,0.04,2.18,0,0,0.06,0,0.85,0,0,0.22,0,3.65,0.29,0,0,0.87,0.08,11.55,0.18,0,0,0.02,0.07,1.19,0.54,0,0,0,0.01,0,0,2.03,0,1.11,0.68,0.05,0,0,0,0,0.94,0,0.66,0,0,0,0,0,0.21
11/30/1948,0.2,0.15,0,0.06,0,0.03,0.71,0,1.41,0,0,0,0.02,0.1,0.33,0.15,0,1.94,0,0,0,0,0.41,0,0,0.32,0.21,0.18,0,0,0,0,0.23,3.31,0,0,0.11,0.01,1.88,0,0,0.3,0.01,4.22,0.39,0,0,2.03,0.3,8.51,0.67,0.01,0.01,0,0.02,0.38,0.3,0.3,0,0,0.02,0.02,0.42,2.84,0,2.58,0.81,0.07,0.28,0,0,0,2.36,0,0.27,0.01,0,0,0.05,0,0.52
12/31/1948,0.49,0.17,0,0.3,0,0.16,0.82,0,1.41,0,0.03,0,0.18,0.22,0.5,0.13,0.03,5.11,0.03,0.06,0.09,0.05,1.09,0,0,1.05,2.44,1.63,0.43,0.05,0,0,0.69,5.33,0,0,0.3,0,2.74,0.01,0,0.45,0.05,8.55,0.77,0,0,2.28,0.34,14.99,1.24,2.31,0.05,0.04,0.04,0.79,0.47,2.51,0,0,0.06,0.18,0.42,8.05,0,2.9,1.49,0.1,0.28,0,0,0,3.48,0,0.42,0.08,1.78,0,0.38,0.02,0.77
1/31/1949,0.66,0.15,0,0.37,0,0.25,0.73,0,1,0,0.06,0.33,0.26,0.27,0.48,0.21,0.05,7.09,0.06,0.11,0.16,0.09,1.43,0,0,1.59,2,2.49,0.8,0.09,0,0,0.99,6.34,0,0,0.33,0.01,2.77,0.01,0,0.35,0.08,10.37,0.74,0,0,1.83,0.3,15.97,0.73,7.66,0.12,0.8,0.05,0.88,0.37,3.74,0,0,0.06,0.26,0.51,8.26,0,2.34,1.24,0.08,0.34,0.01,0,0,2.52,0,0.41,0.12,3.54,0.06,0.56,0.04,0.56
2/28/1949,1.35,0.19,0,0.32,0.81,0.21,0.93,0,1.23,0,0.2,0.96,0.7,0.49,0.64,0.3,0.18,14.82,0.19,0.44,0.55,0.29,2.79,1.99,0,3.28,3.82,3.17,2.68,0.29,0,0,0.94,9.97,0,0,0.84,0.93,4.87,0,0,0.51,0.07,23.78,1.34,0.25,0.56,0.33,0.39,26.04,0.76,2.21,0.47,0.93,0.08,1.48,0.49,10.05,0,0,0.05,0.7,0.35,20.99,0,0.42,2.25,0.12,0.23,0.01,0,0,2.51,0,0.59,0.32,6.45,0.07,1.51,0.12,0.55
3/31/1949,6.78,0.63,1.49,3.18,2.02,2.43,3.07,0.14,2.62,0.75,0.99,9.5,3.29,2.5,2.11,0.54,0.91,76.16,0.94,2.2,2.76,1.46,10.14,6.89,0.18,17.19,6.11,8.11,13.44,1.47,0,0.26,8.53,20.7,0.26,0,3.53,12.46,7.15,0.02,0.25,0.61,0.79,79.58,6.03,0.64,1.94,0.7,1.28,74.04,3.43,0,2.33,8.45,0.21,3.8,1.28,47.02,0.3,0.71,0.61,3.29,1.74,86.69,0.24,0.89,8.5,0.14,1.16,0.49,0.03,0.22,15,0.17,1.62,1.5,24.9,0.63,7.07,0.59,3.31
4/30/1949,5.07,1.98,0,1.5,6.36,1.03,9.69,0,9.6,0,0.25,0.33,0.58,1.92,9.92,10,0.24,47.5,0.24,0.17,0.71,0.38,3.68,23.68,0,10.56,0.69,41.27,3.47,0.38,0,0,3.59,119.14,0,0,3.73,0.29,62.22,0,0,3.02,0.33,143.66,7.12,2.01,6.68,4.43,4.03,236.49,12.91,0,0.3,30.59,2.47,43.86,12.03,8.33,0,0,0.3,0.58,7.9,95.47,0,5.64,9.66,0.69,5.27,0.06,0,0,64.27,0,15.57,0.26,36.12,2.29,1.25,0.15,14.19
5/31/1949,3.41,1.48,0,2.43,7.3,1.34,7.23,0,29.51,0,0.11,0.01,0.18,2.09,8.36,17.46,0.1,31.17,0.1,0.01,0.3,0.16,0.7,53.61,0,3.43,1.03,42.21,1.44,0.16,0,0,6.14,217.74,0,0,0.82,0,84.62,0,0,1.85,0.44,238.24,5.82,2.3,15.12,10.6,3.01,412.85,4.93,0,0.05,22.14,2.27,40.24,23.18,2.52,0,0,0.42,0.18,17.71,91.79,0,13.49,6.79,0.42,11.8,0,0,0,119.43,0,32.93,0.08,6.56,1.65,0.38,0.06,26.36
6/30/1949,0.88,0.28,0,0.62,2.49,0.12,1.38,0,21.81,0,0.02,0,0.08,0.6,1.96,5.21,0.01,8.2,0.02,0,0.05,0.02,0.03,22.66,0,0.58,0.29,14.68,0.22,0.02,0,0,2.87,153.94,0,0,0.19,0,43.9,0,0,0.47,0.04,114.38,1.8,0.79,6.39,8.37,0.57,271.63,3.44,0,0.01,5.75,0.4,7.15,5.76,1.21,0,0,0.06,0.08,8.05,27.84,0,10.65,2.23,0.1,5.37,0.02,0,0,48.75,0,10.06,0.04,2.47,0.43,0.18,0.01,10.76
7/31/1949,0.14,0.08,0,0,0.34,0,0.37,0,5.03,0,0,0,0.01,0.12,0.36,0.12,0,1.16,0,0,0,0,0,5.72,0,0.05,0.18,1.69,0.01,0,0,0,0,19.14,0,0,0.05,0,2.48,0,0,0.74,0,18.77,0.46,0.11,1.61,1.31,0.15,67.81,0.28,0.07,0,0,0.02,0.4,0.51,0.14,0,0,0,0.01,0.09,6.16,0,1.66,0.97,0.17,0.06,0,0,0,2.66,0,1.21,0,0.17,0,0.02,0,0.59
8/31/1949,0.03,0.06,0,0.02,0.41,0,0.27,0,2,0,0,0,0,0.02,0.16,0.01,0,0.18,0,0,0,0,0,2.45,0,0.01,0.12,0.68,0,0,0,0,0.1,4.95,0,0,0.02,0,0.49,0,0,0.44,0,2.21,0.28,0.13,0.69,0,0.11,28.58,0.17,0,0,0,0.03,0.61,0.49,0,0,0,0.01,0,0.57,0,0,0,0.59,0.1,0.38,0,0,0,2.02,0,1.18,0,0,0,0,0,0.44
9/30/1949,0.02,0.02,0,0,0.19,0,0.09,0,0.59,0,0,0,0,0.02,0.12,0,0,0.11,0,0,0,0,0,0.55,0,0.01,0.09,0.2,0,0,0,0,0,2.59,0,0,0.02,0,0.38,0,0,0.37,0,0,0.29,0.06,0.15,0,0.04,16.6,0.15,0,0,0,0.06,1.07,0.42,0,0,0,0.01,0,0.04,0.55,0,0,0.5,0.08,0.03,0,0,0,0.74,0,0.63,0,0,0,0,0,0.16
10/31/1949,0.05,0.03,0,0.01,0,0,0.17,0,0.83,0,0,0,0,0.02,0.16,0.01,0,0.4,0,0,0,0,0.1,0.62,0,0.07,0.1,0,0,0,0,0,0.08,1.59,0,0,0.04,0,0.24,0,0,0.31,0,2.43,0.26,0,0.17,0.3,0.07,10.85,0.16,0.01,0,0.06,0.03,0.6,0.28,0,0,0,0.03,0,0.52,2.09,0,0.39,0.62,0.07,0.35,0,0,0,0.6,0,0.35,0,0,0,0,0,0.13
11/30/1949,0.23,0.05,0,0.13,0,0,0.26,0,1.2,0,0,0,0.06,0.12,0.36,0.11,0,2.28,0,0.01,0,0,0.49,0,0,0.37,0.67,0.89,0.01,0,0,0,0.5,5.85,0,0,0.13,0.1,3.26,0,0,0.59,0,5.55,0.51,0,0,2.77,0.11,16.94,0.55,0.94,0.03,0.12,0.03,0.54,0.29,0.8,0,0,0.03,0.06,1.06,4.22,0,3.52,1.01,0.13,0.71,0,0,0,1.83,0,0.36,0.03,0,0.01,0.12,0,0.4
12/31/1949,0.23,0.09,0,0.25,0.5,0.03,0.45,0,0.66,0,0.03,0,0.09,0.11,0.25,0.08,0.03,2.42,0.03,0.03,0.09,0.05,0.54,0.64,0,0.45,1.8,1.3,0.43,0.05,0,0,0.63,5.44,0,0,0.11,0.02,2.1,0.01,0,0.47,0.01,6.52,0.52,0.16,0.18,0.46,0.19,17.6,1,1.4,0.03,0,0.06,1.01,0.4,1.23,0,0,0.06,0.09,0.73,4.56,0,0.58,0.92,0.11,0.49,0,0,0,2.22,0,0.39,0.04,0,0,0.18,0.02,0.49
1/31/1950,3.25,0.44,0,1.36,1.38,2.13,2.13,0,3.14,0,0.33,5.83,2.19,1.07,2.73,1.65,0.31,34.21,0.32,1.43,0.93,0.49,7.26,6.5,0,8.35,10.37,9.67,4.54,0.5,0,0,3.08,19.22,0,0,2.44,18.78,11.47,0.03,0,0.53,0.69,37.26,3.31,0.43,1.83,0.3,0.89,43.53,5.21,10.8,2.39,4.79,0.18,3.28,1.3,31.28,0,0,0.23,2.19,1.14,36.9,0,0.38,4.82,0.12,0.76,0.03,0.02,0,13.47,0,1.28,0.99,8.34,0.36,4.7,0.2,2.97
2/28/1950,5.56,0.73,1.45,2.82,2.37,4.59,3.57,0.12,3.75,0.69,0.91,6.35,2.72,1.76,6.01,2.25,0.85,57.9,0.87,2.17,2.55,1.35,9.68,8.97,0.16,15.1,4.07,11.38,12.43,1.36,0,0.24,7.31,26.97,0.24,0,3.53,13.62,12.85,0.08,0.23,0.88,1.49,61.94,7.01,0.75,2.53,0.47,1.49,89.53,5.65,1.05,3.5,13.55,0.54,9.58,2.33,38.83,0.27,0.65,0.89,2.72,1.49,72.57,0.22,0.59,9.16,0.2,0.99,1.11,0.44,0.2,17.75,0,2.93,1.23,22.65,1.01,5.84,0.55,3.92
3/31/1950,4.57,1,0,0.79,3.04,0,4.87,0,3.59,0,0.24,2.04,1.19,1.39,7.58,3.06,0.22,44.55,0.23,0.83,0.67,0.35,5.83,10.41,0,12.39,4.43,15.24,3.27,0.36,0,0,2.18,33.7,0,0,3.33,2.48,16.45,0.01,0,2.84,0,54.01,6.9,0.96,2.94,0.98,2.03,90.85,9.17,0,1.29,15.46,1.13,20.01,3.72,17.05,0,0,0.12,1.19,3.74,62.78,0,1.25,8.18,0.65,2.49,0.23,0.16,0,21.52,0,4.75,0.54,23.07,1.16,2.56,0.14,4.74
4/30/1950,7.4,2.51,0,1.76,7.44,0,12.28,0,12.3,0,0.38,0.94,1.44,2.88,14.11,10.96,0.35,70.19,0.36,0.68,1.07,0.56,5.38,32.96,0,16.14,2.4,38.36,5.2,0.57,0,0,4.59,122.16,0,0,4.81,0.95,52.68,0,0,3.72,0,173.75,12.5,2.35,9.3,5.25,5.11,282.01,13.78,0,1.37,35.57,2.56,45.39,13.67,20.64,0,0,0.15,1.44,9.37,115.7,0,6.68,15,0.85,6.25,0.08,0.11,0,68.29,0,17.87,0.66,63.33,2.66,3.1,0.23,15.09
5/31/1950,3.81,1.84,0,1.48,7.96,0,8.97,0,31.81,0,0.1,0.03,0.4,2.21,8.85,21.43,0.09,35.16,0.09,0.02,0.27,0.14,0.48,58.17,0,3.29,1.37,45.49,1.32,0.14,0,0,4.07,243.11,0,0,1.21,0,89.59,0,0,2.45,0,235.2,6.54,2.51,16.41,15.45,3.73,383.11,10.53,0,0.21,34.18,3.02,53.56,26.48,5.75,0,0,0,0.4,17.9,89.19,0,19.67,6.79,0.55,11.94,0,0,0,119.88,0,36.99,0.18,22.58,2.55,0.86,0.06,26.46
6/30/1950,1.21,0.52,0,0.12,3.6,0,2.53,0,31.75,0,0.01,0,0.13,0.77,3,12.62,0.01,10.96,0.01,0,0.03,0.02,0.04,36.61,0,0.85,0.45,23.16,0.16,0.02,0,0,1.21,202.04,0,0,0.29,0,67.24,0,0,0.63,0,127.32,2.73,1.14,10.33,12.53,1.05,265.32,8.88,0,0.01,19.53,0.96,17.11,11.29,1.88,0,0,0,0.13,14.56,26.94,0,15.95,2.47,0.14,9.71,0,0,0,83.91,0,19.58,0.06,3.56,1.46,0.28,0.01,18.51
7/31/1950,0.23,0.14,0,0.02,0.58,0,0.7,0,10.05,0,0,0,0.02,0.18,0.63,0.73,0,1.9,0,0,0,0,0,9.86,0,0.1,0.27,3.75,0,0,0,0,0,39.81,0,0,0.1,0,9.35,0,0,0.43,0,22.55,0.99,0.18,2.78,4.08,0.29,91.63,2.17,0.08,0,0.78,0.07,1.32,1.1,0.22,0,0,0,0.02,1.25,9.33,0,5.19,1.47,0.1,0.83,0,0,0,12.43,0,2.62,0.01,2.93,0.06,0.03,0,2.74
8/31/1950,0.05,0.07,0,0,0.33,0,0.32,0,2.36,0,0,0,0.02,0.04,0.24,0.02,0,0.32,0,0,0,0,0,3.44,0,0.02,0.19,0.6,0,0,0,0,0.04,4.86,0,0,0.05,0,0.76,0,0,0.59,0,2.05,0.28,0.1,0.97,0,0.13,24.48,0.3,0,0,0,0.04,0.72,0.33,0.28,0,0,0,0.02,1.64,0.29,0,0,0.68,0.14,1.09,0,0,0,1.7,0,0.86,0.01,0,0,0.04,0,0.37
9/30/1950,0.04,0.05,0,0,0.45,0,0.24,0,1.48,0,0,0,0.02,0.03,0.18,0.01,0,0.31,0,0,0,0,0,0.8,0,0.02,0.15,0.2,0,0,0,0,0,2.88,0,0,0.03,0,0.45,0,0,0.81,0,0,0.42,0.14,0.22,0.4,0.1,15.71,0.54,0,0,0,0.05,0.96,0.39,0.22,0,0,0,0.02,0.44,0,0,0.51,0.52,0.18,0.29,0,0,0,1.88,0,0.42,0.01,0,0,0.03,0,0.41
10/31/1950,0.29,0.08,0,0.01,0,0,0.39,0,1.7,0,0,0,0.05,0.13,0.55,0.27,0,2.67,0,0,0,0,0.62,0.64,0,0.47,0.94,4.25,0,0,0,0,0.08,4.91,0,0,0.2,0,8.94,0,0,0.36,0,5.76,0.96,0,0.18,1.17,0.16,17.7,1.56,0.04,0.05,0.43,0.18,3.24,1.13,0.78,0,0,0,0.05,0.68,6.34,0,1.48,1.26,0.08,0.45,0,0,0,4.19,0,1.35,0.02,0,0.03,0.12,0,0.92
11/30/1950,11.93,3.74,2.02,5.66,11.64,5.27,18.26,0.35,26.16,1.95,1.92,12.4,4.21,4.35,14.34,21.88,1.77,123.82,1.83,2.71,5.35,2.83,26.65,27.47,0.62,33.41,6.74,67.1,26.1,2.86,0,0.68,14.33,185.3,0.69,0,5.83,14.32,82.63,0.02,0.65,1.79,1.71,258.54,13.25,3.68,7.75,9.57,7.6,224.41,40.56,0.18,5.81,67.76,4.97,88.31,17.59,60.13,0.78,1.84,1.4,4.21,11.34,185.38,0.62,12.18,16.06,0.4,7.56,0.65,0.15,0.57,86.76,2.86,21.63,1.91,73.61,5.06,9.04,1.15,19.15
12/31/1950,14.56,3.97,4.63,7.66,11.98,6.92,19.37,1.12,27.46,6.22,2.12,22.31,5.54,3.97,19.23,16.77,1.97,147.79,2.03,4.95,5.93,3.14,24.96,49.52,2,43.83,7.84,47.08,28.92,3.16,0,2.18,22.97,125.97,2.18,30,10.15,36.66,50.63,0.45,2.07,5.9,2.25,272.52,22.63,3.78,13.97,7.03,8.07,298.85,20.64,0.71,10.77,54.37,3.22,57.1,21.13,79.18,2.48,5.86,2.06,5.54,11.65,284.03,1.97,8.95,25.88,1.34,7.76,1.92,1.09,1.82,98.41,2.2,28.58,2.52,108.06,4.06,11.9,1.28,21.74
1/31/1951,10.81,0.89,0.52,3.28,4.36,2.73,4.37,0.13,9.41,0.72,1.15,14.04,3.99,3.63,8.27,3.08,1.07,116.18,1.1,3.29,3.21,1.7,11.73,19.12,0.29,30.42,8.63,10.61,15.68,1.72,0,0.25,12.78,33.37,0.25,50,6.33,17.74,13.74,0.29,0.24,3.21,0.89,88.43,11.52,1.38,5.39,2.28,1.82,109.22,4.93,0.7,6.86,14.36,0.52,9.31,5.24,56.96,0.29,0.68,1.58,3.99,2.42,100.83,0.23,2.9,13.44,0.73,1.62,2.02,1.38,0.21,36.84,0.08,7.5,1.81,27.5,1.07,8.56,0.69,8.13
2/28/1951,6.95,0.64,0.33,2.16,0.39,1.86,3.11,0.08,8.16,0.46,0.86,6.06,2.07,2.52,8.96,2.81,0.79,70.47,0.82,1.59,2.39,1.27,4.9,26.48,0.18,15.88,5.16,10.98,11.68,1.28,0,0.16,10.11,31.33,0.16,0,4.47,7.24,12.27,0.16,0.15,2.81,0.6,73.15,9.54,0.12,7.47,2.05,1.29,100.11,3.97,0.44,3.25,10.92,0.59,10.56,5.67,29.63,0.18,0.43,1.05,2.07,2.99,83.81,0.14,2.61,10.49,0.64,2,1.61,1.33,0.13,36.95,0.07,7.92,0.94,24.38,0.82,4.45,0.52,8.16
3/31/1951,7.66,0.53,0.64,2.08,3.11,1.05,2.58,0.16,9.83,0.9,0.75,5.61,3.08,3.18,7.29,3.57,0.7,79.97,0.72,1.5,2.11,1.11,3.48,31.38,0.52,13.3,4.29,15.37,10.27,1.12,0,0.32,8.39,40.92,0.32,0,4.8,9.48,19.33,0.11,0.3,3,0.34,87.48,9.97,0.98,8.85,2.49,1.07,118.54,4.16,0.08,4.4,11.41,0.74,13.08,6.52,44.07,0.36,0.85,0.47,3.08,4.53,92.63,0.29,3.17,12.37,0.68,3.02,0.79,0.48,0.26,38.07,0.16,9.1,1.4,19.03,0.85,6.62,0.45,8.4
4/30/1951,3.79,0.73,0.02,1.52,4.25,0.1,3.56,0.01,16.73,0.03,0.31,0.41,0.62,1.98,6.87,9.62,0.29,36.59,0.3,0.05,0.87,0.46,0.39,39.69,0.08,3.14,2.65,26.69,4.22,0.46,0,0.01,5.59,114.17,0.01,0,1.67,1.04,48.84,0,0.01,1.31,0.03,132.01,6.36,1.34,11.2,4.05,1.48,213.46,6.91,0.01,0.63,18.59,1.48,26.27,12.65,8.82,0.01,0.03,0.2,0.62,12.43,63.92,0.01,5.15,7.19,0.3,8.29,0.21,0.06,0.01,58.88,0.08,18.13,0.28,12.83,1.39,1.33,0.19,13
5/31/1951,3.79,0.53,0,0.76,3.58,0,2.58,0,27.87,0,0.2,0.23,0.64,1.94,6.81,11.44,0.18,36.55,0.19,0.02,0.55,0.29,0.21,47.72,0,2.99,2.62,27.06,2.67,0.29,0,0,4.73,219.39,0,0,1.89,0,67.86,0,0,1.71,0,177.86,6.39,1.13,13.46,9.86,1.07,324.4,10.91,0,0.41,24.89,1.3,23.05,13.15,9.09,0,0,0,0.64,16.86,58.43,0,12.54,7.41,0.39,11.24,0.06,0.01,0,76.89,0.02,22.1,0.29,1.48,1.86,1.37,0.12,16.96
6/30/1951,0.94,0.29,0,0.05,1.72,0,1.41,0,24.75,0,0.04,0,0.18,0.56,1.45,2.52,0.03,9.27,0.04,0.01,0.1,0.05,0.03,16.61,0,0.68,0.61,11.43,0.5,0.05,0,0,0.62,183.75,0,0,0.44,0,42.66,0,0,0.97,0,106.23,2.36,0.54,4.69,10.53,0.59,282.63,6.12,0,0.03,5.61,0.27,4.82,3.11,2.54,0,0,0,0.18,6.75,18.87,0,13.4,3.02,0.22,4.5,0,0,0,31.94,0.02,6.81,0.08,12.38,0.42,0.38,0.02,7.05
7/31/1951,0.35,0.16,0,0,0.4,0,0.77,0,7.91,0,0,0,0.07,0.26,0.68,0.11,0,3.16,0,0,0.01,0,0,6.82,0,0.13,0.39,1.77,0.04,0,0,0,0,43.87,0,0,0.2,0,4.42,0,0,0.86,0,28.77,1.39,0.13,1.92,3.22,0.32,123.6,1.47,31.01,0.01,0,0.07,1.21,0.84,0.95,0,0,0,0.07,1.06,10.04,0,4.1,1.96,0.19,0.7,0.01,0,0,5.08,0,2.05,0.03,0,0,0.14,0,1.12
8/31/1951,0.14,0.08,0,0.01,0.69,0,0.39,0,2.85,0,0,0,0,0.1,0.43,0.01,0,1.13,0,0,0,0,0,0.41,0,0.06,0.28,0,0,0,0,0,0.06,6.99,0,0,0.1,0,0.55,0,0,0.54,0,4.06,0.98,0.22,0.11,1.2,0.16,36.59,0.4,0,0,0,0.08,1.36,0.49,0,0,0,0,0,1.56,2.03,0,1.53,1.19,0.12,1.04,0.03,0,0,1.04,0,1,0,0,0,0,0,0.23
9/30/1951,0.1,0.04,0,0,0,0,0.21,0,1.83,0,0,0,0.01,0.07,0.34,0.01,0,0.74,0,0,0,0,0,0,0,0.04,0.21,0,0,0,0,0,0,3.22,0,0,0.06,0,0.46,0,0,0.21,0,0,0.52,0,0,2.04,0.09,6.37,0.51,0,0,0,0.05,0.95,0.36,0.16,0,0,0,0.01,0.91,0,0,2.6,0.74,0.05,0.6,0.03,0,0,1.19,0,0.36,0.01,0,0,0.02,0,0.26
10/31/1951,0.33,0.08,0,0.01,0,0,0.39,0,1.86,0,0,0,0.02,0.16,0.59,0.01,0,3.18,0,0,0,0,0.73,0,0,0.54,0.55,0,0,0,0,0,0.13,2.32,0,0,0.21,0,1.49,0,0,0.6,0,3.74,0.93,0,0,2.57,0.16,6.25,0.21,0.23,0.01,0.12,0.04,0.7,0.36,0.25,0,0,0,0.02,0.48,5.21,0,3.28,1.24,0.13,0.32,0.04,0,0,0.72,0.01,0.45,0.01,0,0.01,0.04,0,0.16
11/30/1951,0.78,0.15,0,0.14,0.58,0,0.74,0,2.12,0,0.04,0.01,0.23,0.3,0.92,0.57,0.04,7.95,0.04,0.06,0.11,0.06,1.88,3.18,0,1.57,3.72,4.28,0.54,0.06,0,0,0.82,8.12,0,0,0.59,0.18,7.12,0,0,0.51,0,9.18,1.58,0.18,0.9,0.33,0.31,16.51,2.17,0.23,0.16,0.49,0.08,1.51,0.71,3.22,0,0,0,0.23,0.04,11.31,0,0.43,2.18,0.12,0.03,0.05,0.01,0,4.84,0.03,0.87,0.1,1.42,0.04,0.48,0.02,1.07
12/31/1951,4.74,0.62,2.27,2.47,1.99,2.8,3.01,0.3,2.39,1.68,0.92,7.88,2.59,1.62,3.34,0.86,0.85,50.91,0.88,1.34,2.57,1.36,11.55,10.39,0.64,13.16,13.96,10.08,12.53,1.37,0,0.59,7.37,23.58,0.59,0,3.08,3.66,12.25,0.01,0.56,0.78,0.91,59.04,6.94,0.63,2.93,0.39,1.25,79.43,8.18,9.35,2.88,6.41,0.26,4.56,1.84,37.05,0.67,1.58,0.89,2.59,0.39,74.95,0.53,0.49,8.71,0.18,0.26,0.36,0.12,0.49,17.78,0.97,1.64,1.18,16.93,0.48,5.57,0.55,3.92
1/31/1952,11.33,1.04,10.93,9.35,3.43,18.05,5.07,2.75,2.12,15.25,3.09,19.31,7.24,4.06,3.72,0.89,2.86,128.64,2.95,6.41,8.63,4.57,22.71,16.52,4.66,33.38,14.96,8.47,42.1,4.61,0,5.34,30.95,23.33,5.35,0,4.51,37.03,9.36,0.62,5.07,1.34,5.86,158.69,10.49,1.08,4.66,0.51,2.11,132.71,8.16,23.53,14.17,16.58,0.17,3.07,1.41,103.39,6.08,14.37,4.04,7.24,1.37,175.67,4.83,0.65,15.95,0.3,0.92,7.61,2.31,4.47,22.22,7.16,1.71,3.29,42.67,1.24,15.54,1.86,4.91
2/29/1952,9.43,1.06,1.14,4.27,3.04,0.82,5.18,0.31,2.31,1.71,1.05,5.41,2.93,1.88,8.67,1.39,0.97,97.56,1,2.63,2.92,1.55,15.48,13.28,0.54,28.59,4.53,9.48,14.24,1.56,0,0.6,11.9,26.11,0.6,30,9.12,14.68,10.7,0.12,0.57,3.38,0.27,66.12,13.53,0.96,3.75,0.67,2.16,95.7,10.06,21.71,5.61,20.3,0.48,8.51,2.29,41.91,0.68,1.61,0.96,2.93,1.67,100.84,0.54,0.85,15.36,0.77,1.11,2.78,1.03,0.5,23.69,0.57,2.83,1.33,45.75,1.52,6.3,0.63,5.23
3/31/1952,10.54,1.5,5.15,10.87,4.69,9.46,7.32,1.39,3.47,7.69,3.52,12.6,6.37,3.55,6.46,1.72,3.26,115.14,3.36,4.49,9.82,5.2,11.98,16.29,3.14,30.06,9.28,14.64,47.92,5.24,0,2.69,47.34,38.02,2.7,0,6,35.76,14.23,0.13,2.56,4.02,3.07,158.49,12.75,1.48,4.59,1.16,3.05,177.78,12.61,3.51,9.94,19.62,0.58,10.32,2.32,90.97,3.07,7.25,2.95,6.37,2.93,170.84,2.44,1.47,17.33,0.91,1.95,11.2,2.37,2.25,25.31,2.13,3.14,2.89,59.88,1.47,13.67,2.11,5.58
4/30/1952,11.31,3.46,0.95,6.3,8.82,0,16.88,0.26,15.95,1.44,1.43,0.9,1.74,3.6,19.93,11.23,1.32,107.92,1.36,0.71,3.99,2.11,8.15,39.28,0.9,26.15,3.32,46.94,19.44,2.13,0,0.5,21.66,126.11,0.51,30,9.28,2.4,57.25,0.06,0.48,8.38,0,207.69,23.05,2.79,11.08,5.35,7.03,383.69,21.84,0.84,2.37,50.69,3.45,61.2,12.65,24.85,0.58,1.36,0,1.74,9.87,235.26,0.46,6.81,26.36,1.9,6.58,2.88,0.32,0.42,76.47,0.29,15.95,0.79,100.76,3.79,3.73,0.86,16.9
5/31/1952,9.37,3.49,0.12,2.54,14.62,0,17.04,0.03,49.2,0.17,0.52,0.13,0.87,5.07,18.82,30.44,0.49,90.1,0.5,0.04,1.46,0.77,2.24,115.59,0.3,11.18,1.25,82.54,7.14,0.78,0,0.06,8.82,335.01,0.06,170,2.53,0,129.66,0,0.06,1.35,0,447.1,21.61,4.62,32.6,12.04,7.1,819.09,23.63,0.16,0.78,66.7,5.94,105.48,40.2,12.43,0.07,0.16,0,0.87,29.63,243.81,0.05,15.32,22.62,0.31,19.75,0.39,0.03,0.05,162.17,0.18,55.5,0.4,62.56,4.98,1.87,0.31,35.79
6/30/1952,3.49,1.16,0,1.1,7.25,0,5.66,0,50.95,0,0.16,0,0.3,2.09,7.46,23.4,0.15,33.31,0.15,0.01,0.45,0.24,0.17,76.02,0,2.74,1.1,46.31,2.18,0.24,0,0,6.04,318.14,0,140,0.61,0,110.49,0,0,0,0,306.49,8.96,2.29,21.44,15.12,2.36,644.99,18.6,0.08,0.11,45.27,2.89,51.38,25.94,4.3,0,0,0,0.3,24.27,119.14,0,19.25,7.72,0,16.18,0.05,0,0,132.08,0.1,40.26,0.14,7.14,3.38,0.65,0.1,29.15
7/31/1952,1.01,0.36,0,0.48,2.17,0,1.77,0,27.61,0,0.05,0,0.22,0.66,1.62,5.13,0.04,10.02,0.04,0.01,0.13,0.07,0.03,24.05,0,0.7,0.64,17.55,0.63,0.07,0,0,3.94,189.37,0,30,0.32,0,59.54,0,0,0.03,0,117.14,3.59,0.68,6.78,12.66,0.74,341.86,8.86,1.73,0.03,12.03,0.53,9.45,5.55,3.21,0,0,0,0.22,9.66,25.37,0,16.11,3.79,0.01,6.44,0,0,0,48.53,0.05,11.3,0.1,6.76,0.9,0.48,0.03,10.71
8/31/1952,0.31,0.21,0,0.08,0.85,0,1.01,0,6.99,0,0.01,0,0.05,0.24,0.54,0.2,0.01,2.96,0.01,0,0.02,0.01,0,10.65,0,0.12,0.27,2.12,0.12,0.01,0,0,0.85,31.87,0,0,0.15,0,4.82,0,0,0.16,0,30.07,1.57,0.27,3,1.94,0.42,106.59,2.15,0,0,0.5,0.08,1.36,0.8,0.74,0,0,0,0.05,1.82,15.27,0,2.47,2.22,0.03,1.22,0,0,0,7.83,0.03,2.01,0.02,0,0.04,0.11,0.01,1.73
9/30/1952,0.2,0.09,0,0.02,0,0,0.42,0,3.37,0,0,0,0.08,0.15,0.41,0.04,0,1.87,0,0,0.01,0.01,0,0,0,0.09,0.2,0.67,0.06,0.01,0,0,0.46,7.38,0,0,0.12,0,1.54,0,0,0.89,0,8.96,1.15,0,0,2.08,0.17,36.44,1.6,0,0.01,0,0.1,1.79,0.66,1.09,0,0,0,0.08,0.36,7.32,0,2.65,1.51,0.2,0.24,0,0,0,4.29,0.03,0.78,0.03,0,0,0.16,0,0.95
10/31/1952,0.19,0.05,0,0.1,0,0,0.22,0,2.4,0,0.01,0,0.07,0.1,0.38,0.01,0.01,1.79,0.01,0.02,0.02,0.01,0.38,0,0,0.28,0.19,0.41,0.12,0.01,0,0,0.59,2.99,0,0,0.1,0,0.63,0,0,1.38,0,5.45,0.73,0,0,4.22,0.09,18.78,0.75,0.13,0.02,0.09,0.04,0.75,0,1,0,0,0,0.07,0.25,4.63,0,5.37,1.45,0.31,0.17,0,0,0,2.69,0.05,2.62,0.03,0,0.01,0.15,0.01,0.59
11/30/1952,0.34,0.11,0,0.41,0,0,0.52,0,2.04,0,0.04,0,0.11,0.17,0.46,0.02,0.04,3.45,0.04,0.04,0.12,0.06,0.77,0,0,0.64,0.79,0.69,0.59,0.06,0,0,1.04,2.69,0,0,0.16,0.33,1.86,0,0,0.78,0,7.15,1.39,0,0,1.26,0.22,18.56,1.46,0.41,0.03,0,0.03,0.45,1.1,1.58,0,0,0,0.11,0.97,6.59,0,1.61,1.79,0.18,0.65,0.15,0.01,0,3.3,0.07,0.28,0.05,0,0,0.24,0.03,0.73
12/31/1952,1.18,0.26,0.23,1.83,0.82,4.05,1.28,0.05,2.4,0.25,0.39,1.26,0.83,0.43,0.84,0.09,0.36,12.59,0.37,0.44,1.09,0.58,2.62,3.18,0.07,2.92,9.35,4.5,5.32,0.58,0,0.09,5.22,10.78,0.09,0,0.83,0.74,5.82,0.22,0.08,0.69,1.32,30.56,3.21,0.26,0.9,0.29,0.53,43.66,2.25,0.61,0.53,1.82,0.08,1.37,1.43,11.81,0.1,0.24,0.62,0.83,1.3,31.73,0.08,0.37,3.3,0.16,0.87,0.75,0.12,0.07,6.67,0.26,0.16,0.38,4.73,0.14,1.78,0.23,1.47
1/31/1953,4.7,0.76,1.11,4.25,2.34,4.47,3.72,0.16,3.44,0.89,0.85,6.13,2.25,1.39,5.02,2.67,0.79,48.35,0.81,1.7,2.37,1.26,8.63,9.49,0.24,11.97,5.52,15.96,11.58,1.27,0,0.31,12.63,30.4,0.31,0,3.66,9.48,20.44,0.08,0.3,0.97,1.45,60.44,7.53,0.74,2.68,0.6,1.55,85.62,6.41,1.7,2.06,14.08,0.56,9.94,3.33,32.19,0.36,0.84,1.31,2.25,1.17,77.78,0.28,0.76,7.86,0.22,0.78,1.99,0.55,0.26,20.93,0.61,1.84,1.02,25.73,1.05,4.84,0.51,4.62
2/28/1953,1.57,0.42,0.12,1.3,1.04,0.61,2.03,0.07,3.25,0.41,0.2,0.34,0.36,0.56,2.53,1.59,0.19,15.57,0.19,0.24,0.57,0.3,2.33,2.99,0.15,4.15,0.97,6.37,2.77,0.3,0,0.14,3.45,16.25,0.15,0,0.81,1.28,9.47,0.03,0.14,1.33,0.2,28.83,3.4,0.33,0.84,0.52,0.85,49.77,3.85,1.92,0.26,7.04,0.47,8.43,3,5.08,0.16,0.39,0.34,0.36,1.85,31.32,0.13,0.66,3.62,0.3,1.23,0.48,0.12,0.12,9.78,0.16,2.45,0.16,8.83,0.53,0.76,0.12,2.16
3/31/1953,2.6,0.78,0.52,1.23,2.15,0.41,3.83,0.01,4.77,0.03,0.23,0.39,0.89,0.86,4.11,2.92,0.21,25.68,0.22,0.57,0.64,0.34,3.34,5.5,0.03,6.83,4.33,12.95,3.14,0.34,0,0.01,3.72,28.15,0.01,0,1.73,0.28,16.29,0,0.01,1.3,0.13,42.02,5.13,0.68,1.55,0.99,1.59,73.14,6.42,2.91,0.65,10.68,0.72,12.79,4.15,12.67,0.01,0.03,0.26,0.89,3.47,49.12,0.01,1.26,6.19,0.3,2.31,0.36,0.15,0.01,15.89,0.13,3.08,0.4,23.31,0.8,1.9,0.14,3.5
4/30/1953,3.97,2.04,0.1,2.07,5.94,0.34,9.94,0,12.86,0,0.19,0.26,0.65,1.65,7.88,10.96,0.18,37.9,0.19,0.31,0.54,0.29,3.22,25.65,0,8.94,4.39,36.06,2.64,0.29,0,0,5.07,98.91,0,0,1.99,0.7,48.17,0,0,1.19,0.11,121.87,6.59,1.87,7.23,3.9,4.14,198.94,9.45,0.13,0.42,26.89,2.36,41.87,10.09,9.25,0,0,0.24,0.65,9.46,86.34,0,4.97,9.15,0.27,6.31,0.2,0.09,0,54.2,0.07,20.14,0.29,45.64,2.01,1.39,0.12,11.98
5/31/1953,3.54,1.16,0.01,1.36,5.03,0.18,5.68,0,16.95,0,0.14,0.05,0.43,1.72,7.43,11.52,0.13,32.99,0.13,0.14,0.39,0.2,1.62,32.41,0,5.71,1.99,28.31,1.88,0.21,0,0,3.87,110.63,0,0,1.89,0,45.2,0,0,2.01,0.06,123.2,7.34,1.59,9.14,6.8,2.37,213.46,5.74,0,0.24,20.17,2.15,38.18,14.58,6.17,0,0,0.14,0.43,8.07,75.3,0,8.65,7.4,0.46,5.38,0.06,0.03,0,71.2,0.03,19.76,0.2,14.48,1.51,0.93,0.08,15.72
6/30/1953,2.44,0.79,0,0.79,5.66,0,3.88,0,34.56,0,0.08,0,0.25,1.37,5.7,15.71,0.08,22.03,0.08,0.01,0.23,0.12,0.18,37.44,0,1.76,1.15,31.29,1.12,0.12,0,0,3.55,248.84,0,0,1.24,0,76.33,0,0,1.55,0,159.56,4.81,1.79,10.56,13.38,1.62,322.51,7.9,0,0.07,22.8,1.56,27.73,14.52,3.54,0,0,0.1,0.25,18.95,57.9,0,17.03,4.59,0.35,12.64,0.02,0,0,102.7,0.05,26.96,0.11,0,1.7,0.53,0.05,22.66
7/31/1953,0.53,0.23,0,0.04,1.7,0,1.1,0,20.44,0,0,0,0.05,0.33,1,1.97,0,4.99,0,0,0.01,0.01,0.02,12.09,0,0.35,0.3,9.14,0.05,0.01,0,0,0.42,112.48,0,0,0.23,0,29,0,0,0.3,0,51.11,1.56,0.54,3.41,8.22,0.46,175.53,3.26,6.09,0,3.15,0.19,3.4,1.36,0.71,0,0,0.01,0.05,4.97,19.2,0,10.46,2.27,0.07,3.31,0.01,0,0,25.74,0.05,6.5,0.02,7.95,0.24,0.11,0,5.68
8/31/1953,0.14,0.1,0,0.01,0.42,0,0.48,0,3.89,0,0,0,0.07,0.11,0.4,0.06,0,1.1,0,0,0,0,0,2.08,0,0.05,0.2,0.51,0,0,0,0,0.12,10.35,0,0,0.07,0,1.15,0,0,0.86,0,4.12,1.01,0.13,0.59,1.55,0.2,31.57,0.76,0,0,0,0.04,0.66,0,0.99,0,0,0,0.07,1.58,5.78,0,1.97,1.17,0.19,1.05,0.01,0,0,4.15,0,1.57,0.03,0,0,0.15,0,0.92
9/30/1953,0.07,0.03,0,0.01,0,0,0.16,0,2.32,0,0,0,0.01,0.05,0.25,0.01,0,0.47,0,0,0,0,0,0,0,0.03,0.14,0.34,0,0,0,0,0.09,3.84,0,0,0.06,0,0.5,0,0,1.17,0,0,0.64,0,0,3.32,0.07,13.11,0.55,0,0,0,0.06,0.99,0.31,0.17,0,0,0,0.01,0.39,0.72,0,4.22,0.88,0.27,0.26,0,0,0,2.52,0.02,0.29,0.01,0,0,0.03,0,0.56
10/31/1953,0.14,0.05,0,0.05,0,0,0.26,0,2.03,0,0,0,0.04,0.07,0.31,0.01,0,1.25,0,0.01,0,0,0.27,0,0,0.19,0.13,0.36,0,0,0,0,0.3,1.65,0,0,0.1,0,0.66,0,0,0.51,0,3.08,1.76,0,0,1.43,0.11,9.15,0.34,0.01,0,0.03,0.06,0.99,0.31,0.61,0,0,0,0.04,0.91,4.66,0,1.82,1.03,0.12,0.6,0,0,0,1.67,0.02,0.17,0.02,0,0,0.09,0,0.37
11/30/1953,0.36,0.1,0,0.24,0.39,0,0.5,0,2.03,0,0.02,0,0.11,0.17,0.53,0.16,0.02,3.51,0.02,0.04,0.05,0.03,0.78,0.9,0,0.65,0.9,0.95,0.26,0.03,0,0,0.77,2.88,0,0,0.21,0,3.3,0,0,0.58,0,6.11,1.94,0.12,0.25,0.19,0.21,15.09,1.31,0.05,0,0,0.07,1.22,0.09,1.6,0,0,0,0.11,0.98,10.03,0,0.24,1.37,0.13,0.65,0.01,0,0,3.85,0.05,0.47,0.05,0,0,0.24,0.01,0.85
12/31/1953,0.49,0.13,0,0.55,0.38,0,0.65,0,2.07,0,0.04,0,0.19,0.16,0.55,0.7,0.04,4.9,0.04,0.08,0.12,0.06,1.06,0.9,0,1.16,0.53,2.66,0.58,0.06,0,0,1.08,5.28,0,0,0.44,0,4.16,0,0,0.53,0,8.36,1.21,0.12,0.25,0.23,0.27,16.93,1.21,1.1,0,1.08,0.09,1.66,1.46,2.76,0,0,0,0.19,0,12.07,0,0.29,1.66,0.12,0,0,0.01,0,3.92,0.09,0.76,0.09,0,0.08,0.41,0.03,0.86
1/31/1954,1.25,0.2,0,1.47,0.63,0.77,0.99,0,1.71,0,0.18,0.85,0.56,0.39,1.11,0.87,0.17,12.96,0.17,0.3,0.51,0.27,2.7,2.61,0,2.98,2.44,4.14,2.48,0.27,0,0,2.8,6.52,0,0,1.1,0.01,4.62,0,0,0.52,0.25,20.04,1.75,0.2,0.74,0.31,0.41,32.53,1.79,7.03,0,2.85,0.13,2.39,1.51,7.94,0,0,0.31,0.56,0.56,26.5,0,0.39,2.89,0.12,0.37,0.04,0.05,0,6.87,0.07,0.49,0.25,2.1,0.21,1.19,0.11,1.52
2/28/1954,2.8,0.44,0,1.91,1.46,3.15,2.14,0,2.05,0,0.41,1.83,1.11,0.87,2.55,2.48,0.38,29.36,0.39,0.8,1.14,0.6,4.81,5.6,0,6.94,2.44,10.57,5.57,0.61,0,0,3.88,23.48,0,0,2.05,0.91,12.85,0.01,0,0.82,1.02,48.75,3.27,0.46,1.58,0.43,0.89,65.19,2.72,5.41,0.43,7.26,0.37,6.62,2.39,15.87,0,0,0.4,1.11,0.77,54.23,0,0.55,5.23,0.18,0.51,0.36,0.15,0,9.6,0.05,1.12,0.5,13.34,0.54,2.39,0.25,2.12
3/31/1954,5.29,1.53,0,3.04,4.36,3.25,7.48,0,5.69,0,0.68,2.69,1.92,2.21,5.64,5.54,0.63,55.9,0.65,1.31,1.9,1.01,6.68,16.09,0,13.12,3.39,26.7,9.27,1.01,0,0,8.45,46.81,0,0,2.04,3.75,29.56,0,0,1.92,1.06,100.36,8.33,1.38,4.54,1.41,3.11,128.25,8.56,0,0.45,16.4,1.26,22.29,5.66,27.36,0,0,0.97,1.92,3.25,109.72,0,1.79,9.87,0.43,2.17,0.64,0.25,0,27.93,0.07,8.9,0.87,51.13,1.23,4.11,0.41,6.16
4/30/1954,5.23,2.33,0,2.22,7.91,1.17,11.4,0,15.35,0,0.41,0.63,0.83,2.61,8.33,11.88,0.38,52.1,0.39,0.38,1.14,0.6,3.07,43.14,0,9.51,1.83,44.33,5.55,0.61,0,0,6.82,124.79,0,0,2.06,0.95,55.87,0,0,4.23,0.38,171.4,9.79,2.5,12.17,4.46,4.75,281.02,6.71,0,0.18,23.92,2.5,44.35,15.84,11.88,0,0,0.29,0.83,10.04,123.94,0,5.68,11.07,0.96,6.69,0.33,0.12,0,76.45,0.03,22.94,0.38,52.95,1.79,1.79,0.24,16.88
5/31/1954,2.05,0.99,0,1.52,5.81,0.15,4.85,0,30.08,0,0.14,0.01,0.27,1.32,4.03,13.68,0.13,19.63,0.13,0.06,0.39,0.21,0.16,47.86,0,1.44,0.39,40.69,1.91,0.21,0,0,5.13,240.43,0,0,0.51,0,82.61,0,0,2.45,0.05,224.37,4.19,1.83,13.5,15.26,2.02,441.2,4.16,0,0.01,15.6,1.81,32.16,15.25,3.91,0,0,0.06,0.27,21.57,83.74,0,19.42,4.42,0.56,14.38,0.03,0.02,0,101.22,0.03,26.25,0.12,8.35,1.17,0.59,0.08,22.34
6/30/1954,0.57,0.22,0,0.05,1.85,0,1.09,0,14.93,0,0.04,0,0.18,0.36,0.91,2.04,0.03,5.61,0.03,0.01,0.1,0.05,0.02,15.72,0,0.38,0.34,14.11,0.48,0.05,0,0,1.4,107.88,0,0,0.26,0,37.17,0,0,0.38,0,75.73,1.92,0.58,4.43,8.37,0.45,219.76,2.25,0,0,2.11,0.29,5.12,2.92,2.54,0,0,0,0.18,6.77,25.96,0,10.65,2.31,0.08,4.52,0,0,0,25.92,0,6.86,0.08,4.85,0.16,0.38,0.02,5.72
7/31/1954,0.15,0.1,0,0.04,0.47,0,0.47,0,4.49,0,0,0,0.01,0.12,0.31,0.09,0,1.37,0,0,0,0,0,6.7,0,0.07,0.1,2.03,0.01,0,0,0,0,23.25,0,0,0.09,0,3.93,0,0,0.87,0,17.82,0.94,0.15,1.89,2.48,0.2,84.32,10.59,0.07,0,0,0.06,1.1,0,0.18,0,0,0,0.01,1.41,8.71,0,3.16,1.24,0.2,0.94,0,0,0,0,0,2.24,0.01,0,0,0.03,0,0
8/31/1954,0.05,0.05,0,0,0,0,0.22,0,2.08,0,0,0,0.07,0.03,0.16,0.01,0,0.35,0,0,0,0,0,0,0,0.02,0.07,0.31,0,0,0,0,0.04,4.54,0,0,0.05,0,0.43,0,0,0.81,0,0,0.48,0,0,1.22,0.09,22.23,0,0,0,0,0.05,0.86,1.25,0.97,0,0,0,0.07,1.51,0,0,1.56,0.81,0.18,1.01,0,0,0,3.43,0,1.19,0.03,0,0,0.15,0,0.76
9/30/1954,0.04,0.04,0,0,0,0,0.18,0,1.5,0,0,0,0.02,0.03,0.13,0,0,0.26,0,0,0,0,0,0,0,0.01,0.05,0.14,0,0,0,0,0,1.87,0,0,0.04,0,0.2,0,0,0.09,0,0,0.35,0,0,3.46,0.07,10.99,0,0,0,0,0.03,0.56,1.14,0.27,0,0,0,0.02,0.3,0,0,4.41,0.66,0.02,0.2,0,0,0,2.07,0,0,0.01,0,0,0.04,0,0.46
10/31/1954,0.06,0.04,0,0.03,0,0,0.21,0,1.38,0,0,0,0.01,0.03,0.15,0.01,0,0.51,0,0,0,0,0.11,0.31,0,0.08,0.08,0.06,0,0,0,0,0.09,1.68,0,0,0.04,0,0.18,0,0,0.03,0,2.34,0.61,0,0.09,0.55,0.09,6.59,0,0.04,0,0,0.02,0.35,0.81,0.19,0,0,0,0.01,0,2.14,0,0.7,0.8,0.01,0,0,0,0,0,0,0,0.01,0,0,0.03,0,0
11/30/1954,0.22,0.1,0,0.36,0.38,0,0.5,0,1.54,0,0.01,0,0.06,0.12,0.36,0.02,0.01,2.14,0.01,0.02,0.02,0.01,0.45,1.11,0,0.35,0.69,1.28,0.09,0.01,0,0,0.83,2.93,0,0,0.11,0,3.51,0,0,0.3,0,5.73,0.49,0.12,0.31,0.18,0.21,20.09,0.4,0.05,0,0,0.04,0.72,0.31,0.8,0,0,0,0.06,0,7.66,0,0.23,1.29,0.07,0,0,0,0,2.5,0.03,0,0.03,0.95,0,0.12,0,0.55
12/31/1954,1.58,0.25,0,0.9,0.8,0.09,1.22,0,1.78,0,0.08,4.64,1.03,0.67,2.33,0.69,0.07,15.73,0.07,0.54,0.22,0.12,3.34,3.8,0,3.56,3.23,8.17,1.06,0.12,0,0,2.04,11.65,0,0,0.9,3.04,9.4,0.02,0,0.51,0.03,18.87,2.58,0.25,1.07,0.24,0.51,31.52,2.27,0.41,0.04,1.07,0.18,3.27,1.33,14.74,0,0,0.07,1.03,0,20.72,0,0.31,3.24,0.11,0,0,0.01,0,7.7,0.08,0.06,0.47,5.48,0.08,2.22,0.05,1.7
1/31/1955,3.14,0.38,0.45,4.88,1.25,4.76,1.85,0,1.53,0.02,0.36,11.45,2.44,1.12,3.19,0.68,0.33,32.92,0.34,1.87,1,0.53,5.3,5.12,0,7.46,6.24,5.29,4.88,0.53,0,0.01,4.54,12.65,0.01,0,1.86,26.57,6.44,0.02,0.01,1.01,1.55,29.15,3.03,0.4,1.44,0.29,0.77,41.75,1.43,0.82,0.91,3.21,0.13,2.24,1.42,34.81,0.01,0.02,0.69,2.44,0.81,42.1,0.01,0.37,3.56,0.23,0.54,0.68,0.05,0.01,7.14,0.14,0.15,1.11,12.22,0.24,5.23,0.22,1.58
2/28/1955,1.68,0.38,0.18,2.99,1.06,0.76,1.84,0,1.73,0.01,0.15,1.61,0.93,0.54,2.08,0.83,0.14,17.09,0.14,0.62,0.42,0.22,2.3,3.97,0,4.14,2.29,7.65,2.05,0.22,0,0,2.73,14.37,0,0,1.22,2.1,8.99,0.01,0,0.73,0.25,24.37,3.31,0.33,1.12,0.43,0.77,49.6,1.67,7.97,0.51,4.85,0.3,5.39,1.79,13.29,0,0.01,0.3,0.93,1.09,30.07,0,0.55,3.67,0.17,0.73,0.46,0.05,0,7.92,0.1,1.34,0.42,11.65,0.36,2,0.09,1.75
3/31/1955,1.86,0.59,0.36,0.62,1.74,0.25,2.86,0,2.93,0.02,0.2,0.54,0.7,0.71,2.22,1.88,0.18,19.09,0.19,0.45,0.55,0.29,2.03,4.6,0,4.4,1.92,10.26,2.66,0.29,0,0.01,2.38,19.89,0.01,0,1.07,1.33,13.36,0,0.01,0.85,0.08,37.98,4.08,0.55,1.3,0.99,1.19,76.02,3.93,0.57,0.42,6.71,0.65,11.59,3.3,9.94,0.01,0.02,0.14,0.7,3.1,38.77,0.01,1.27,4.85,0.19,2.07,0.35,0.04,0.01,12.74,0.1,3.81,0.32,11.57,0.5,1.49,0.12,2.81
4/30/1955,2.3,1.09,0,0.26,2.85,0.04,5.3,0,5.75,0,0.18,0.34,0.63,0.93,3.15,5.06,0.17,23.22,0.17,0.23,0.51,0.27,1.8,10.39,0,4.84,2.9,18.86,2.48,0.27,0,0,3.39,50.9,0,0,1.37,0.5,24.96,0,0,1.3,0.01,66.28,4.55,0.9,2.93,3.1,2.21,126.92,4.35,0,0.09,12.18,1.01,18,4.22,9.01,0,0,0.16,0.63,6.25,49.12,0,3.95,5.99,0.29,4.17,0.14,0.04,0,26.92,0,10.29,0.29,24.51,0.91,1.35,0.11,5.95
5/31/1955,2.59,1.36,0,0.92,6.21,0.12,6.66,0,19.61,0,0.26,0.1,0.42,1.26,5.97,15.24,0.24,23.43,0.25,0.07,0.73,0.39,1.27,44.4,0,4.21,0.97,34.81,3.58,0.39,0,0,5.55,177.62,0,0,1.49,0,71.07,0,0,0,0.04,194.58,5.27,1.96,12.52,8.16,2.77,341.26,1.95,0,0.1,15.34,2.17,38.48,16.29,5.99,0,0,0.18,0.42,11.28,82.79,0,10.39,6.53,0,7.52,0.12,0.02,0,99.55,0,25.19,0.19,17.39,1.15,0.9,0.16,21.97
6/30/1955,0.74,0.43,0,0.1,3.24,0,2.12,0,23.06,0,0.03,0,0.12,0.46,1.92,6.07,0.03,6.54,0.03,0,0.08,0.04,0.07,26.16,0,0.51,0.36,17.84,0.38,0.04,0,0,1.46,188.31,0,0,0.25,0,54.13,0,0,0.65,0,139.04,1.91,1.02,7.38,11.77,0.88,351.41,2.11,0,0,5.26,0.48,8.5,6.41,1.72,0,0,0,0.12,12.18,31.88,0,14.98,1.92,0.15,8.12,0,0,0,60.93,0,12.82,0.05,7.22,0.39,0.26,0.02,13.44
7/31/1955,0.22,0.1,0,0.05,0.55,0,0.47,0,4.99,0,0,0,0,0.14,0.56,0.24,0,1.91,0,0,0,0,0.02,7.54,0,0.15,0.23,1.88,0.01,0,0,0,0,27.79,0,0,0.07,0,4.32,0,0,0.44,0,22.67,0.74,0.17,2.13,2.49,0.2,92.04,0.22,0.06,0,0,0.04,0.78,1.9,0.07,0,0,0,0,1.83,5.31,0,3.17,1.27,0.1,1.22,0,0,0,5.64,0,0.99,0,0,0,0.01,0,1.24
8/31/1955,0.08,0.06,0,0,0.33,0,0.27,0,1.93,0,0,0,0.04,0.05,0.2,0.01,0,0.69,0,0,0,0,0.01,0.23,0,0.05,0.16,0.02,0,0,0,0,0.03,4.92,0,0,0.03,0,0.37,0,0,0.54,0,0,0.42,0.1,0.07,1.19,0.11,32.53,0.07,0,0,0,0.02,0.36,0.24,0.58,0,0,0,0.04,1.56,0,0,1.51,0.71,0.12,1.04,0,0,0,1.22,0,2.6,0.02,0,0,0.09,0,0.27
9/30/1955,1.73,0.01,0,0,0,0,0.04,0,1.34,0,0,0,0.02,1.16,4.6,0.01,0,15.13,0,0,0,0,0.08,0,0,1.09,0.11,0,0,0,0,0,0,0.88,0,0,0.59,0,0.21,0,0,0.29,0,0,0.16,0,0,3.36,0.02,13.44,0.04,0,0,0,0.05,0.8,2.15,0.32,0,0,0,0.02,0,0.11,0,4.28,0.52,0.07,0,0,0,0,0.3,0,0,0.01,0,0,0.05,0,0.06
10/31/1955,0.05,0.03,0,0,0,0,0.16,0,1.32,0,0,0,0.01,0.1,0.37,0,0,0.16,0,0,0,0,0.12,0.46,0,0.09,0.12,0,0,0,0,0,0.04,1.13,0,0,0.04,0,0.33,0,0,0.29,0,1.94,0.28,0,0.13,0.09,0.07,6.52,0.15,0.25,0,0.09,0,0,0.51,0.21,0,0,0.06,0.01,0,2.51,0,0.12,0.74,0.06,0,0,0,0,0.52,0,0,0.01,0,0.01,0.03,0,0.12
11/30/1955,0.21,0.07,0,0,0,0,0.34,0,1.5,0,0,0,0.01,0.15,0.39,0.12,0,1.92,0,0,0,0,0.45,2.19,0,0.34,0.76,1.12,0.01,0,0,0,0.63,3.81,0,0,0.15,0.62,3.2,0,0,0.27,0,4.39,0.53,0,0.62,0.1,0.14,13.66,0.58,0.26,0,0.32,0.02,0.35,0.22,0.21,0,0,0.06,0.01,0.29,4.83,0,0.13,1.04,0.06,0.19,0,0.01,0,1.86,0,0,0.01,0.52,0.02,0.03,0,0.41
12/31/1955,16.92,3.71,9.59,27.48,12,22.7,18.11,2.14,13.18,11.82,5.84,15.48,8.75,6.83,14.79,16,5.41,178.49,5.58,6.69,16.32,8.64,35.59,50.34,3.68,48.07,14.76,56.35,79.63,8.71,0,4.14,59.77,136.38,4.15,0,10.39,27.03,97.95,0.94,3.93,4.62,7.37,372.33,23.89,3.79,14.2,2.45,7.54,463.13,32.92,1.02,10.61,51.15,3.85,68.4,7.59,125,4.71,11.14,3.79,8.75,3.75,355.43,3.75,3.12,28.57,1.05,2.5,10.36,4.14,3.46,67.49,5.72,18.26,3.98,106.61,3.82,18.79,3.51,14.89
1/31/1956,16.21,2.9,5.64,15.19,8.76,11.85,14.18,1.51,8.13,8.38,2.84,21.75,7.48,3.59,14.22,6.97,2.64,173.18,2.72,6.19,7.94,4.2,20.86,36.43,2.98,46.99,11.68,27.67,38.75,4.24,0,2.93,44.2,67.58,2.94,0,10.64,64.6,27.93,0.47,2.79,7.1,3.85,223.95,25.7,2.77,10.28,2.27,5.9,278.2,18.58,1.25,13.72,38.44,1.97,35.08,7.18,106.84,3.34,7.9,4.61,7.48,5.7,306.41,2.66,2.89,30.87,1.61,3.8,8.85,2.14,2.46,51.8,7.2,8.34,3.4,92.12,2.87,16.06,1.71,11.44
2/29/1956,5.36,1.02,1.61,6.41,2.02,1.85,4.97,0.43,5.07,2.39,1.17,2.9,1.85,1.19,7.29,2.72,1.08,54.65,1.12,1.04,3.27,1.73,4.03,14.45,1.05,12.62,4.77,9.88,15.93,1.74,0,0.84,19.05,26.71,0.84,100,3.59,5.04,12.43,0.25,0.79,2.71,0.6,82.73,10.39,0.64,4.08,1.19,2.07,162.55,6.48,1.14,4.96,14.53,0.78,13.87,5.23,26.39,0.95,2.25,0.63,1.85,2.43,106.38,0.76,1.51,11.56,0.61,1.62,3.92,0.43,0.7,24.88,0.47,3.79,0.84,29.12,1.09,3.97,0.7,5.5
3/31/1956,4.29,0.9,0.61,1.4,4.16,0.51,4.4,0.16,7.54,0.91,0.53,0.9,1.04,1.62,7.21,5.51,0.49,41.69,0.51,0.45,1.48,0.79,2.7,21.66,0.52,9.22,1.43,18.77,7.24,0.79,0,0.32,7.28,50.55,0.32,100,2.88,1.94,20.67,0.1,0.3,2.23,0.17,89.43,8.18,1.32,6.11,1.76,1.83,154.04,5.33,0.27,2.2,15.82,1.15,20.38,7.97,14.89,0.36,0.86,0.25,1.04,5.87,88.22,0.29,2.24,9.13,0.5,3.91,1.1,0.02,0.27,32.92,0.17,9.3,0.47,16.12,1.18,2.24,0.32,7.27
4/30/1956,3.88,1.48,0.16,0.89,4.16,0.2,7.21,0.05,16.21,0.25,0.57,0.2,0.65,1.79,6.96,10.25,0.53,37.72,0.55,0.23,1.59,0.84,1.37,31.69,0.25,5.79,3.4,30.51,7.78,0.85,0,0.09,8,102.55,0.09,30,1.76,1.34,42.26,0.01,0.08,1.8,0.06,155.49,7.69,1.31,8.94,6.28,3,279.63,8.43,0.06,0.76,24.85,2.21,39.22,13.77,9.35,0.1,0.24,0.17,0.65,13.78,106.13,0.08,7.99,8.91,0.41,9.19,0.79,0.02,0.07,51.39,0.13,20.35,0.3,17.72,1.86,1.41,0.34,11.34
5/31/1956,6.11,1.65,0.03,0.59,9.16,0.14,8.04,0.01,38.2,0.04,0.52,0.13,0.98,3.48,11.82,22.19,0.48,58.59,0.5,0.04,1.45,0.77,0.53,75.7,0.1,4.96,2.21,55.47,7.08,0.77,0,0.01,9,264.19,0.01,0,2.15,0,93,0,0.01,3.48,0.05,320.06,11.65,2.89,21.35,16.77,3.35,576.69,16.34,0,0.3,44.31,3.95,70.19,25.5,13.94,0.02,0.04,0.13,0.98,24.18,146.69,0.01,21.34,12.51,0.79,16.12,0.3,0.01,0.01,135.51,0.09,40.87,0.44,14.41,3.31,2.1,0.31,29.91
6/30/1956,1.7,0.7,0.01,0.21,4.82,0,3.42,0,50.41,0.01,0.12,0,0.27,0.87,3.32,16,0.11,16.44,0.12,0.01,0.34,0.18,0.05,43.38,0.03,1.27,0.5,37.16,1.67,0.18,0,0,2.96,390.38,0,0,0.54,0,106.02,0,0,0,0,289.28,3.84,1.52,12.24,19.89,1.42,622.86,16.24,0,0.01,34.45,1.52,26.97,15.95,3.88,0,0.01,0.05,0.27,24.16,48.19,0,25.31,3.61,0,16.11,0.01,0,0,106.8,0.02,31.63,0.12,3.2,2.57,0.58,0.07,23.56
7/31/1956,0.43,0.26,0.02,0.02,1.01,0,1.29,0,21.55,0.01,0.03,0,0.15,0.18,0.78,1.41,0.02,4.19,0.02,0.01,0.07,0.04,0.01,11.89,0.04,0.22,0.33,11.41,0.35,0.04,0,0,0.34,177.79,0,0,0.18,0,37.87,0,0,0,0,109.59,1.27,0.32,3.35,11.35,0.54,322.41,5.29,48.1,0,3.02,0.16,2.92,1.71,2.13,0,0.01,0.06,0.15,5.02,17.15,0,14.44,3.03,0,3.35,0,0,0,23.64,0,6.21,0.07,7.21,0.23,0.32,0.02,5.21
8/31/1956,0.17,0.15,0,0,0.48,0,0.71,0,5.65,0,0,0,0,0.03,0.42,0.04,0,1.56,0,0,0,0,0,4.88,0,0.07,0.23,1.03,0.02,0,0,0,0.23,28.01,0,0,0.11,0,5.95,0,0,0.54,0,24.59,1.09,0.15,1.38,1.55,0.3,89.02,0.9,0,0,0,0.04,0.73,0.82,0,0,0,0.06,0,1.73,5.69,0,1.97,1.59,0.12,1.16,0,0,0,2.82,0,0.99,0,0,0,0,0,0.62
9/30/1956,0.12,0.1,0,0,0,0,0.47,0,2.99,0,0,0,0,0.01,0.33,0.01,0,1.06,0,0,0,0,0,0,0,0.05,0.18,0,0,0,0,0,0.17,8.32,0,0,0.08,0,0.11,0,0,0.72,0,9.39,1.23,0,0,2.17,0.2,36.32,0.67,0,0,0,0.05,0.89,0.69,0,0,0,0.06,0,0.59,3.74,0,2.77,1.17,0.16,0.39,0,0,0,1.51,0,0.8,0,0,0,0,0,0.33
10/31/1956,0.23,0.09,0,0,0,0,0.45,0,2.8,0,0.01,0,0.05,0.11,0.05,0.11,0.01,2.6,0.01,0.01,0.03,0.02,0.47,0,0,0.36,0.53,1.26,0.14,0.02,0,0,0.49,7.61,0,0,0.13,0,3.05,0,0,0.91,0,8.09,1.15,0,0,4.83,0.19,26.87,1.04,0,0,0,0.05,0.95,0.8,0.74,0,0,0.06,0.05,0.41,9.44,0,6.15,1.59,0.21,0.27,0,0,0,3.41,0,1.23,0.02,0,0,0.11,0.01,0.75
11/30/1956,0.3,0.19,0,0,0.5,0,0.93,0,2.71,0,0.03,0,0.1,0.05,0.18,0.64,0.03,3.34,0.03,0.04,0.08,0.04,0.67,0.34,0,0.56,0.48,2.77,0.41,0.04,0,0,0.73,10.98,0,0,0.15,0,6.68,0,0,0.65,0,12.67,1.51,0.16,0.09,0.93,0.39,27.97,1.54,0.01,0,0.12,0.02,0.37,2.73,1.44,0,0,0.06,0.1,0.83,3.81,0,1.18,1.59,0.14,0.55,0,0,0,3.51,0.01,0.08,0.05,1.27,0.01,0.22,0.02,0.77
12/31/1956,0.38,0.13,0,0.12,0.39,0,0.64,0,2.59,0,0.04,0,0.15,0.16,6.68,0.71,0.04,0,0.04,0.06,0.12,0.06,0.83,0.55,0,0.92,0.46,2.6,0.59,0.06,0,0,1.24,6.68,0,0,0.19,0,5.56,0,0,0.41,0,10,1.43,0.12,0.16,0.26,0.27,15.44,1.4,0.28,0,1.6,0.05,0.93,1.67,2.09,0,0,0.06,0.15,0.33,9.33,0,0.33,1.7,0.09,0.22,0,0.01,0,4.16,0.03,0.59,0.07,2.33,0.12,0.31,0.03,0.92
1/31/1957,0.64,0.14,0,0.4,0.36,0,0.69,0,1.72,0,0.07,0,0.27,0.27,6.43,0.46,0.07,0.96,0.07,0.12,0.2,0.11,1.41,1.1,0,1.57,2.74,3.49,0.98,0.11,0,0,1.55,7.15,0,0,0.36,0,5.52,0.01,0,0.66,0,13.97,1.57,0.11,0.31,0.35,0.29,29.81,1.29,0.5,0,1.98,0.06,1.12,0.96,3.84,0,0,0.12,0.27,1.04,18.84,0,0.45,2.34,0.15,0.69,0,0.01,0,4.51,0.04,0.41,0.12,3.21,0.15,0.58,0.04,1
2/28/1957,3.08,0.62,2.01,1.27,1.95,0.06,3.02,0.3,3.14,1.68,0.24,0.56,0.77,1.33,3.3,4.66,0.23,31.74,0.23,0.52,0.68,0.36,5.75,7.05,0.49,7.69,4.2,16.97,3.33,0.36,0,0.59,2.36,29.13,0.59,0,1.92,0,20.79,0.06,0.56,0.18,0.02,41.9,5.4,0.61,1.99,0.57,1.26,67.07,4.97,8.03,0.62,12.42,0.66,11.67,2.36,11.05,0.67,1.58,0.11,0.77,1.59,56.71,0.53,0.73,6.94,0.04,1.06,0.01,0.05,0.49,15.66,0.05,3.06,0.35,17.93,0.93,1.66,0.15,3.46
3/31/1957,6.96,1.23,0.36,2.17,3.68,0.67,6,0.06,4.59,0.34,0.39,7.84,2.25,2.38,3.26,3.58,0.36,76.59,0.37,1.54,1.09,0.58,9.07,12.76,0.16,17.52,4.65,16.97,5.32,0.58,0,0.12,4.91,36.2,0.12,0,4.36,4.97,19.11,0.09,0.11,1.47,0.22,63.82,10.13,1.16,3.6,0.98,2.5,92.04,8.83,1.86,0.84,16.52,1.2,21.26,5.08,32.1,0.14,0.32,0.25,2.25,3.2,81.03,0.11,1.24,11.91,0.33,2.14,0.06,0.1,0.1,27.79,0.02,7.31,1.02,34.66,1.23,4.82,0.23,6.13
4/30/1957,2.65,1.39,0,0.46,3.47,0.04,6.8,0,9.27,0,0.17,0.17,0.37,1.1,3.14,7.69,0.16,27.03,0.17,0.23,0.49,0.26,1.84,14.33,0,5.43,2.61,24.45,2.37,0.26,0,0,3.63,65.85,0,0,1.68,0.24,34.53,0.01,0,1.1,0.01,88.65,4.65,1.1,4.04,3.63,2.83,144.1,5.86,0,0.09,17.66,1.56,27.75,11.01,5.28,0,0,0.18,0.37,6.34,47.57,0,4.62,5.16,0.25,4.22,0,0.05,0,40.14,0,17.43,0.17,22.52,1.32,0.79,0.1,8.87
5/31/1957,4,1.64,0,1.05,7.68,0.01,8.01,0,20.82,0,0.37,0.08,0.74,1.97,5.34,15.42,0.34,40.55,0.35,0.25,1.04,0.55,1.25,56.58,0,5.02,5.08,40.98,5.06,0.55,0,0,6.44,168.24,0,0,1.87,0,72.04,0.01,0,1.35,0,201.51,7.12,2.43,15.96,8.79,3.34,329.81,5.79,0,0.46,22.78,2.58,45.81,17.76,10.64,0,0,0.17,0.74,14.34,98.51,0,11.19,7.98,0.31,9.56,0.01,0.04,0,98.49,0,30.02,0.34,24.94,1.7,1.6,0.22,21.74
6/30/1957,1.24,0.56,0,0.22,3.88,0,2.73,0,31.58,0,0.07,0,0.2,0.61,1.5,9.65,0.07,12.9,0.07,0.01,0.2,0.1,0.05,27.73,0,0.85,0.42,27.07,0.96,0.11,0,0,2.62,263.39,0,0,0.38,0,76.97,0,0,0,0,177.91,3.05,1.22,7.82,15.03,1.14,444.97,6.07,0,0.02,13.85,0.78,13.79,8.65,2.79,0,0,0,0.2,16.38,37.51,0,19.13,3.42,0,10.92,0,0,0,80.95,0,20.43,0.09,6.8,1.04,0.42,0.04,17.86
7/31/1957,0.24,0.1,0,0.15,0.6,0,0.5,0,6.93,0,0,0,0.07,0.05,0.35,0.24,0,2.48,0,0,0.01,0,0.01,8.53,0,0.14,0.23,4.71,0.03,0,0,0,0.06,42.85,0,0,0.09,0,8.01,0,0,0.52,0,30.73,0.73,0.19,2.41,3.81,0.21,120.29,1.32,0.06,0,0,0.1,1.71,1.01,1.01,0,0,0,0.07,1.63,11.59,0,4.84,1.8,0.12,1.09,0,0,0,8.59,0,1.8,0.03,1.47,0,0.15,0,1.89
8/31/1957,0.09,0.07,0,0,0.28,0,0.33,0,2.5,0,0,0,0.01,0.04,0.19,0.03,0,0.82,0,0,0,0,0,4.93,0,0.03,0.16,0.1,0,0,0,0,0.05,6.12,0,0,0.04,0,0,0,0,0.56,0,5.12,0.49,0.09,1.39,0,0.14,34.85,0.11,0,0,0,0.03,0.47,2.51,0.17,0,0,0,0.01,0.73,2.52,0,0,1.22,0.12,0.48,0,0,0,0.75,0,0,0.01,0,0,0.03,0,0.17
9/30/1957,0.06,0.06,0,0,0.6,0,0.31,0,1.81,0,0,0,0.02,0.02,0.15,0.01,0,0.56,0,0,0,0,0,2.24,0,0.02,0.35,0.06,0,0,0,0,0,1.64,0,0,0.04,0,0.49,0,0,0.5,0,0,0.55,0.19,0.63,0,0.13,18.03,0.23,0,0,0,0.05,0.93,2,0.26,0,0,0,0.02,0.66,0,0,0,0.89,0.11,0.44,0,0,0,0.96,0,0.12,0.01,0,0,0.04,0,0.21
10/31/1957,0.16,0.1,0,0,0.05,0,0.48,0,1.99,0,0,0,0.03,0.09,0.1,0.02,0,1.64,0,0,0,0,0.34,3.23,0,0.25,1.71,0.38,0,0,0,0,0.39,3.55,0,0,0.11,0,2.1,0.01,0,0.21,0,4.59,0.93,0.01,0.91,0,0.2,17.07,0.53,0.01,0,0.27,0.02,0.42,0,0.37,0,0,0,0.03,0.34,5.27,0,0,1.28,0.05,0.22,0,0,0,1.89,0,2.09,0.01,0,0.02,0.06,0,0.42
11/30/1957,0.27,0.15,0,0,0,0,0.73,0,1.95,0,0.01,0,0.06,0.12,0.39,0.56,0.01,2.71,0.01,0,0.04,0.02,0.59,0,0,0.44,0.63,2.41,0.18,0.02,0,0,0.62,6.89,0,0,0.17,0,4.83,0,0,0.35,0,8.96,0.97,0,0,3.07,0.3,18.2,1.83,0.04,0,0.17,0.02,0.3,0.24,0.85,0,0,0.02,0.06,0.69,4.25,0,3.91,1.33,0.08,0.46,0,0.01,0,3.62,0,0,0.03,0.57,0.01,0.13,0.01,0.8
12/31/1957,0.65,0.23,0,0.37,0,0.25,1.12,0,2.06,0,0.1,0.04,0.26,0.37,0.73,1.25,0.09,6.61,0.09,0.1,0.27,0.14,1.58,0,0,1.35,4.18,8.74,1.32,0.14,0,0,1.91,12.3,0,0,0.33,0,9.6,0.05,0,0.41,0.08,22.36,1.88,0,0,5.49,0.47,44.29,3.16,0.52,0,1.34,0.13,2.32,1.25,3.73,0,0,0.19,0.26,0.44,17.33,0,6.98,2.24,0.09,0.29,0,0.02,0,6.32,0.04,0.2,0.12,0,0.1,0.56,0.06,1.4
1/31/1958,2.12,0.34,1.57,3.32,1.07,4.16,1.64,0.16,2.01,0.89,0.32,4.32,1.43,0.65,2.4,1.34,0.29,22.19,0.3,0.71,0.88,0.47,5.14,5.06,0.42,5.76,8.57,6.08,4.31,0.47,0,0.31,2.85,11.83,0.31,0,1.09,8.18,7.3,0.2,0.3,0.7,1.35,32.29,2.96,0.34,1.43,0.35,0.68,42.66,3.4,48.94,1.4,4.26,0.15,2.67,1.29,20.41,0.36,0.84,0.52,1.43,1.01,32.72,0.28,0.44,4.02,0.16,0.67,0.05,0.03,0.26,7.72,0.34,0.28,0.65,11.81,0.32,3.07,0.19,1.7
2/28/1958,8.99,1.16,7.95,6.95,3.55,9.14,5.67,1.74,2.6,9.63,1.2,15.15,4.94,2.16,8.3,2.78,1.11,95.6,1.14,3.91,3.34,1.77,18.9,16.7,2.9,25.96,16.39,14.57,16.31,1.78,0,3.37,13.79,30.33,3.38,0,5.8,36.37,16.31,1.58,3.21,1.26,2.97,84.62,11.19,1.12,4.71,0.44,2.36,114.2,8.1,10.12,9.51,18.2,0.91,16.1,2.15,70.62,3.84,9.08,1.54,4.94,1.4,114.81,3.05,0.56,15.28,0.28,0.94,2.24,0.68,2.82,22.5,2.95,2.97,2.25,42.42,1.36,10.61,0.72,4.97
3/31/1958,12.22,1.78,6.52,14.96,5.05,16.27,8.7,1.7,3.04,9.42,3.03,15.21,5.86,2.15,10.03,1.64,2.8,131.5,2.89,5.34,8.45,4.47,20.36,21.2,2.91,36.51,11.16,12.85,41.22,4.51,0,3.3,39.47,30.31,3.31,0,8.37,25.23,15.05,1.19,3.14,5.55,5.28,164.72,15.48,1.6,5.98,0.75,3.62,193.21,10.59,0.01,8.82,18.41,0.83,14.7,3.17,83.78,3.76,8.88,3.24,5.86,2.79,196.74,2.99,0.96,20.35,1.26,1.86,12.39,3.43,2.76,24.09,4.45,3.07,2.66,76.74,1.38,12.59,1.82,5.31
4/30/1958,18.1,2.99,15,16.24,8.26,14.64,14.6,4.13,8.94,22.84,4.68,20.69,9.64,3.92,22,7.03,4.33,187.78,4.47,6.34,13.06,6.91,15.29,35.48,8.64,44.85,11.02,29.17,63.73,6.97,0,7.99,64.94,84.62,8.02,0,11.46,52.66,40.08,3.21,7.6,7.33,4.76,248.97,23.27,2.61,10.01,3.3,6.08,365.75,16.45,0,20.4,35.7,2.05,36.33,7.87,137.71,9.11,21.53,5.38,9.64,6.94,268.32,7.24,4.2,32.17,1.66,4.63,20.24,2.16,6.7,50.72,8.27,13.38,4.38,93.44,2.67,20.7,2.81,11.21
5/31/1958,7.4,3.35,0.56,0.76,13.84,0.24,16.36,0.16,43.75,0.89,0.57,0.24,0.82,4.43,14,27.04,0.52,70.82,0.54,0.04,1.58,0.84,1.29,102.14,0.66,7.58,1.44,82.5,7.71,0.84,0,0.31,9.08,330,0.31,40,2.8,0,123.62,0.1,0.3,4.4,0.08,412.39,16.44,4.37,28.81,16.34,6.81,800.37,21.97,0,1.63,62.83,5.86,104.02,29.22,11.77,0.36,0.84,0.5,0.82,26.12,224.94,0.28,20.8,18.67,1,17.42,0.52,0.02,0.26,165.36,0.4,53.36,0.37,73.1,4.7,1.77,0.34,36.5
6/30/1958,2.88,0.97,0.17,0.28,7.17,0,4.72,0.05,40.77,0.29,0.17,0.01,0.37,1.8,5.69,19.48,0.16,27.45,0.17,0.01,0.48,0.26,0.11,62.2,0.36,2.2,0.95,51.78,2.36,0.26,0,0.1,5.52,301.93,0.1,90,0.9,0,111.16,0,0.1,1.38,0,296.66,6.27,2.26,17.54,17.79,1.97,628.28,14.04,0,0.35,35.02,2.79,49.52,18.95,5.3,0.11,0.27,0.2,0.37,24.8,114.25,0.09,22.65,6.09,0.31,16.54,0.01,0,0.08,114.63,0.17,30.59,0.17,2.61,2.62,0.8,0.1,25.29
7/31/1958,0.63,0.26,0.06,0.01,1.77,0,1.27,0.01,17.51,0.06,0.04,0,0.16,0.26,1.13,2.4,0.03,6.2,0.04,0.01,0.1,0.06,0.01,17.86,0.2,0.39,0.39,16.35,0.51,0.06,0,0.02,2.95,138.56,0.02,0,0.25,0,38.85,0,0.02,0,0,103.18,2.65,0.56,5.04,9.9,0.53,292.64,5.41,0.33,0.05,5.6,0.32,5.6,4.44,2.26,0.03,0.06,0.06,0.16,7.39,38.12,0.02,12.6,2.9,0,4.93,0,0,0.02,31.25,0.05,6.41,0.07,4.62,0.42,0.34,0.02,6.89
8/31/1958,0.22,0.2,0,0,0.98,0,0.97,0,5.05,0,0,0,0.09,0.04,0.52,0.1,0,2.09,0,0,0.01,0.01,0,7.22,0,0.09,0.27,2.28,0.05,0.01,0,0,1.56,34.11,0,0,0.13,0,6.5,0,0,0.42,0,28.67,0.98,0.31,2.04,2.43,0.4,111.62,1.98,0,0,0,0.06,0.99,1.7,1.28,0,0,0.04,0.09,1.81,11.98,0,3.1,1.91,0.1,1.21,0,0,0,7.05,0.04,0.6,0.04,0,0,0.19,0,1.55
9/30/1958,0.13,0.04,0,0,0,0,0.21,0,2.6,0,0,0,0,0.01,0.37,0.02,0,1.18,0,0,0,0,0,0,0,0.05,0.2,0.68,0.02,0,0,0,0.61,6.83,0,0,0.09,0,0,0,0,0.7,0,11.5,0.83,0,0,4.45,0.09,43.51,0.74,0,0,0,0.07,1.29,0.3,0.02,0,0,0.05,0,0,9.12,0,5.67,1.32,0.16,0,0,0,0,1.91,0.03,1.2,0,0,0,0,0,0.42
10/31/1958,0.15,0.11,0,0,0,0,0.56,0,2.1,0,0,0,0.04,0,0.35,0.01,0,1.47,0,0.01,0.01,0,0.27,0,0,0.19,0.16,0.36,0.04,0,0,0,0.65,2.29,0,0,0.08,0,0,0,0,0,0,5.2,1.06,0,0,2.57,0.23,17.95,0.39,0,0,0,0.03,0.52,0.24,0.57,0,0,0.09,0.04,0,3.24,0,3.27,1.2,0,0,0,0,0,2.92,0.06,1.2,0.02,0,0,0.09,0,0.64
11/30/1958,0.21,0.12,0,0.04,0.42,0,0.57,0,1.86,0,0.02,0,0.07,0.06,0.4,0.02,0.02,2.1,0.02,0.02,0.05,0.03,0.41,0.87,0,0.36,0.2,0.2,0.25,0.03,0,0,0.93,2.4,0,0,0.1,0.01,1.28,0,0,0.18,0,5.63,1.01,0.13,0.25,0.28,0.24,14.65,0.78,0.87,0,0,0.02,0.44,0.39,1.04,0,0,0.07,0.07,0,1.94,0,0.35,1.43,0.04,0,0,0,0,3.28,0.19,0,0.03,2.78,0,0.16,0.01,0.72
12/31/1958,0.26,0.07,0,0.15,0.14,0,0.36,0,1.71,0,0.03,0,0.11,0.06,0.47,0.02,0.03,2.53,0.03,0.04,0.08,0.04,0.48,0,0,0.48,0.82,0.21,0.38,0.04,0,0,1.03,2.52,0,0,0.12,0,1.01,0,0,0.25,0,5.53,0.88,0.04,0,0.26,0.15,15.13,0.52,2.36,0,0.57,0.02,0.44,0.64,1.57,0,0,0.07,0.11,0.79,1.47,0,0.33,1.33,0.06,0.53,0,0,0,2.34,0.09,0.12,0.05,0.48,0.04,0.24,0.02,0.52
1/31/1959,1.31,0.37,0.2,0.68,1.31,0.04,1.82,0.01,2.55,0.06,0.1,0.6,0.49,0.4,2.17,2.23,0.09,12.9,0.1,0.24,0.28,0.15,2.19,4.45,0.05,2.47,2.95,11.97,1.38,0.15,0,0.02,1.4,13.98,0.02,0,0.79,0.39,14.87,0.13,0.02,0.29,0.01,22.09,2.8,0.42,1.26,0.38,0.76,37.07,2.32,4.86,0.18,5.56,0.3,5.28,2.35,7,0.03,0.06,0.23,0.49,1.52,37.76,0.02,0.49,3.3,0.07,1.01,0,0,0.02,11.67,0.08,0.27,0.22,10.96,0.42,1.05,0.06,2.58
2/28/1959,3.29,0.71,7.51,4.11,2.37,0.64,3.45,1.73,2.63,9.58,0.68,8.66,2.55,0.75,4.31,7.66,0.63,33.87,0.65,1.62,1.91,1.01,4.07,8.44,3.14,6.42,4,9.67,9.32,1.02,0,3.35,6.75,21.24,3.36,0,1.96,11.25,13.7,0.42,3.19,0.57,0.21,56.88,4.85,0.75,2.38,0.38,1.44,89.99,3.38,1.21,1.83,6.34,0.41,7.23,2.85,36.49,3.82,9.03,0.52,2.55,2.02,71.19,3.04,0.49,6.94,0.13,1.34,1.01,0,2.81,8.09,1.16,2.33,1.16,22.09,0.47,5.48,0.41,1.78
3/31/1959,2.11,0.94,0.6,0.39,3.07,0.07,4.61,0.15,4.41,0.84,0.16,0.41,0.4,0.93,3.98,4.38,0.15,20.12,0.15,0.15,0.44,0.24,1.36,12.23,0.46,3.49,0.9,16.98,2.17,0.24,0,0.29,2.77,35.21,0.29,0,1.21,0.62,21.41,0.13,0.28,0.84,0.02,58.14,4.33,0.97,3.45,0.89,1.92,115.26,3.49,0,0.39,9.59,0.94,16.61,6.02,5.74,0.33,0.79,0.15,0.4,3.52,45.32,0.27,1.14,5.09,0.19,2.35,0.16,0,0.25,22.91,0.11,7.38,0.18,18.49,0.72,0.86,0.1,5.06
4/30/1959,1.64,1.03,0.06,0.2,4.04,0.01,5.02,0.02,11.05,0.08,0.09,0.08,0.21,0.81,4.8,9.29,0.09,14.02,0.09,0.06,0.26,0.14,0.51,28.88,0.11,1.77,0.68,26.14,1.29,0.14,0,0.03,2.48,101.75,0.03,0,0.77,0.11,46.47,0,0.03,0,0,119.85,2.68,1.28,8.15,4.79,2.09,206.1,0.87,0,0.08,9.36,1.48,26.3,10.48,2.97,0.03,0.08,0.09,0.21,7.49,49.62,0.03,6.1,3.39,0,4.99,0,0,0.02,60.25,0.07,19.3,0.09,14.16,0.7,0.45,0.06,13.3
5/31/1959,0.75,0.45,0.01,0.1,3.04,0,2.21,0,15.16,0.01,0.05,0,0.09,0.4,2.4,7.5,0.05,6.31,0.05,0,0.14,0.07,0.05,24.98,0.03,0.43,0.3,18.5,0.67,0.07,0,0,0.71,129.29,0,0,0.24,0,48.9,0,0,0.67,0,113.99,1.48,0.96,7.04,5.08,0.92,210.81,0,0,0,4.36,0.68,12.13,11.2,1.3,0,0.01,0.03,0.09,11.85,34.76,0,6.46,1.83,0.15,7.9,0,0,0,64.24,0.12,15.52,0.04,0,0.33,0.2,0.03,14.18
6/30/1959,0.18,0.17,0,0,1.45,0,0.81,0,13.36,0,0,0,0.08,0.07,0.6,1.74,0,1.56,0,0,0.01,0.01,0,8.51,0,0.1,0.18,10.05,0.06,0.01,0,0,0.08,90.41,0,0,0.05,0,29.8,0,0,0.63,0,52.02,0.78,0.46,2.4,7.82,0.34,157.14,0.65,0,0,1.01,0.04,0.7,7.17,1.09,0,0,0,0.08,4.99,8.57,0,9.95,1.12,0.14,3.33,0,0,0,25.64,0.01,6.62,0.03,0.59,0.08,0.16,0,5.66
7/31/1959,0.14,0.05,0,0,0.29,0,0.22,0,2.65,0,0,0,0.05,0.05,0.44,0.03,0,1.16,0,0,0,0,0,4.58,0,0.07,0.1,0.63,0,0,0,0,0,11.16,0,0,0.04,0,1.27,0,0,0.6,0,6.25,0.63,0.09,1.29,1.7,0.09,45.02,0.02,0.05,0,0,0.04,0.68,1.26,0.68,0,0,0,0.05,0.42,5.16,0,2.16,0.71,0.13,0.28,0,0,0,3.96,0,1.77,0.02,0,0,0.1,0,0.87
8/31/1959,0.11,0.01,0,0,0,0,0.05,0,1.49,0,0,0,0.04,0.01,0.32,0.01,0,1,0,0,0,0,0,0,0,0.05,0.07,0.05,0,0,0,0,0,2.98,0,0,0.04,0,0,0,0,0.01,0,0,0.48,0,0,0.75,0.02,18.54,0,0,0,0,0,0.07,0,0.57,0,0,0,0.04,1.13,0,0,0.96,0.58,0,0.75,0,0,0,1.85,0,1.19,0.02,0,0,0.09,0,0.41
9/30/1959,0.07,0.09,0,0.1,0,0,0.44,0,1.74,0,0.01,0,0.02,0.02,0.29,0.09,0.01,0.56,0.01,0,0.02,0.01,0,0,0,0.02,1.33,6.2,0.08,0.01,0,0,0.29,20.84,0,0,0.04,0,10.29,0.01,0,0,0,19.26,0.53,0,0,4.39,0.18,43.07,0,0,0,0,0.03,0.44,0.37,0.35,0,0,0,0.02,1.01,7.39,0,5.59,0.92,0,0.67,0,0,0,3.06,0,0,0.01,0,0,0.05,0,0.67
10/31/1959,0.05,0.05,0,0.01,0,0,0.25,0,1.44,0,0,0,0.02,0.01,0.4,0.01,0,0.23,0,0,0.01,0,0.1,0,0,0.07,0.04,0.38,0.04,0,0,0,0.27,5.93,0,0,0.04,0,0.24,0,0,0.11,0,6.47,0.44,0,0,2.79,0.1,15.91,0.23,0,0,0,0,0,0,0.29,0,0,0,0.02,0.71,0,0,3.55,0.76,0.03,0.48,0,0,0,1.76,0,0.44,0.01,0,0,0.04,0,0.39
11/30/1959,0.07,0.06,0,0.02,0.25,0,0.28,0,1.22,0,0.01,0,0.03,0.01,0.12,0.01,0.01,0.64,0.01,0.01,0.02,0.01,0.12,0.31,0,0.09,0.05,0.39,0.09,0.01,0,0,0.42,2.72,0,0,0.04,0,1.09,0,0,0.29,0,3.05,0.48,0.08,0.09,0,0.12,9.63,0.17,0.27,0,0,0,0,0,0.43,0,0,0,0.03,0.7,5.33,0,0,0.72,0.07,0.47,0,0,0,0.88,0.02,0,0.01,0,0,0.06,0,0.19
12/31/1959,0.13,0.06,0,0.13,0.07,0,0.3,0,1.25,0,0.02,0,0.05,0.05,0.21,0.01,0.02,1.25,0.02,0.01,0.05,0.02,0.26,0,0,0.21,1.01,0.14,0.23,0.03,0,0,0.65,3.27,0,0,0.06,0,1.34,0,0,0.15,0,3.7,0.4,0.02,0,0.27,0.12,9.91,0.35,0.98,0,0,0.02,0.32,0.58,0.74,0,0,0.03,0.05,0,7.54,0,0.34,0.98,0.03,0,0,0,0,1.32,0.04,0.08,0.02,0.27,0,0.11,0.01,0.29
1/31/1960,0.59,0.14,0,0.74,0.45,0.03,0.69,0,1.48,0,0.06,0,0.19,0.27,0.97,0.03,0.06,5.78,0.06,0.06,0.17,0.09,1.19,1.56,0,1.21,2.94,2.05,0.83,0.09,0,0,1.2,5.2,0,0,0.28,0,3.61,0.03,0,0.42,0.01,10.09,0.85,0.14,0.44,0.38,0.29,18.38,0.8,5.32,0.04,0.21,0.02,0.39,1.15,2.66,0,0,0.08,0.19,0.82,14.3,0,0.48,1.88,0.09,0.55,0,0,0,3.15,0.05,0.13,0.08,4.43,0.02,0.4,0.04,0.7
2/29/1960,3.73,0.62,2.21,4.53,2.01,2.28,3.04,0.32,1.98,1.79,0.58,1.06,1.62,1.13,4.43,1.24,0.54,38.62,0.56,0.87,1.63,0.86,6.21,8.96,0.55,8.23,3.22,12.26,7.97,0.87,0,0.63,4.07,20.81,0.63,0,2.27,5.09,13.05,0.45,0.6,0.68,0.74,56.15,6.28,0.64,2.53,0.31,1.27,66.98,3.36,3.47,2.45,7.63,0.48,8.61,2.05,23.11,0.71,1.69,0.43,1.62,1.04,72.91,0.57,0.39,7.76,0.15,0.69,0.06,0,0.53,16.6,0.85,0.24,0.73,20.9,0.57,3.47,0.35,3.67
3/31/1960,4.16,1.1,0.02,1.26,3.34,0.41,5.38,0,4.23,0.02,0.26,1.4,0.46,2.37,5.63,5.26,0.24,41.21,0.25,0.22,0.72,0.38,4.07,13.34,0.03,8.88,2.02,23.78,3.52,0.39,0,0.01,2.5,45.52,0.01,0,2.52,0.08,26.07,0.04,0.01,0.76,0.13,62,4.95,1.06,3.76,0.84,2.24,80.57,6.57,0,0.28,14.13,1.43,25.42,4.79,6.53,0.01,0.02,0.13,0.46,2.71,53.97,0.01,1.07,7.32,0.17,1.8,0,0,0.01,29.05,0.06,8.38,0.21,21.85,1.06,0.98,0.16,6.41
4/30/1960,2.45,1.29,0,0.53,4.37,0.13,6.3,0,11.97,0,0.22,0.03,0.34,1.33,6.15,10,0.2,21.64,0.21,0.11,0.61,0.32,1.11,25.72,0,3.62,1.24,32.58,2.98,0.33,0,0,3.39,100.26,0,0,1.37,0.06,43.36,0,0,0,0.04,126.3,4.36,1.38,7.25,5.46,2.62,176.25,2.57,0,0.04,13.49,1.7,30.12,13.36,4.82,0,0,0.06,0.34,7.5,62.06,0,6.95,5,0,5,0,0,0,57.63,0.04,17.02,0.15,20.83,1.01,0.72,0.13,12.73
5/31/1960,1.51,0.59,0,0.11,4.15,0.04,2.9,0,18.63,0,0.11,0,0.21,0.86,4.26,10.88,0.1,13.11,0.1,0.04,0.3,0.16,0.11,33.64,0,0.96,0.93,29.77,1.48,0.16,0,0,0.74,166.41,0,0,0.5,0,53.63,0,0,1.17,0.01,149.85,3.06,1.31,9.49,8.16,1.21,243.03,0.51,0,0.01,7.33,1.35,23.9,12.13,3.04,0,0,0.02,0.21,13.44,53.53,0,10.39,3.92,0.27,8.96,0,0,0,80.5,0.02,16.48,0.1,0,0.55,0.46,0.07,17.76
6/30/1960,0.3,0.18,0,0,1.4,0,0.88,0,13.69,0,0.01,0,0.01,0.15,0.86,2.34,0.01,2.61,0.01,0,0.02,0.01,0.01,11.48,0,0.18,0.12,9.72,0.11,0.01,0,0,0,109.68,0,0,0.09,0,24.63,0,0,0.4,0,66.21,0.64,0.44,3.24,8,0.37,150.77,1.32,0,0,1.33,0.22,3.88,2.23,0.21,0,0,0,0.01,5.97,18.32,0,10.18,1.46,0.09,3.98,0,0,0,29.95,0,5.44,0.01,1.02,0.1,0.03,0,6.61
7/31/1960,0.18,0.07,0,0,0.31,0,0.35,0,2.52,0,0,0,0.04,0.02,0.5,0.08,0,1.68,0,0,0,0,0,1.15,0,0.11,0.06,0.18,0,0,0,0,0,13.36,0,0,0.06,0,0.47,0,0,0.63,0,8.46,0.32,0.1,0.32,1.92,0.15,49.68,0.03,0.05,0,0,0.05,0.93,0.17,0.62,0,0,0,0.04,1,2.05,0,2.45,0.82,0.14,0.67,0,0,0,3.06,0,2.42,0.02,0,0,0.09,0,0.68
8/31/1960,0.11,0.01,0,0,0,0,0.06,0,1.34,0,0,0,0.04,0.01,0.33,0.01,0,1,0,0,0,0,0,0,0,0.04,0.04,0.14,0,0,0,0,0,4.36,0,0,0.05,0,0.19,0,0,0.18,0,0,0.3,0,0,0.48,0.02,27.87,0,0,0,0,0.02,0.3,0.95,0.6,0,0,0,0.04,1.77,1.11,0,0.61,0.57,0.04,1.18,0,0,0,0.16,0,0.11,0.02,0,0,0.09,0,0.04
9/30/1960,0.03,0.01,0,0,0,0,0.03,0,1.14,0,0,0,0.04,0.02,0.13,0,0,0.24,0,0,0,0,0,0,0,0.01,0.03,0.42,0,0,0,0,0,1.45,0,0,0.02,0,0.52,0,0,0,0,0.38,0.29,0,0,0.32,0.01,15.87,0.08,0,0,0,0,0.05,0.98,0.54,0,0,0,0.04,0.31,2.75,0,0.4,0.49,0,0.21,0,0,0,1.4,0,0,0.02,0,0,0.08,0,0.31
10/31/1960,0.05,0,0,0,0,0,0,0,1.23,0,0,0,0.02,0,0.19,0.01,0,0.44,0,0,0,0,0,0,0,0,0.06,0.08,0,0,0,0,0.08,2.3,0,0,0.03,0,0.17,0,0,0,0,2,0.3,0,0,2.19,0,6.29,0,0,0,0,0.01,0.22,0.94,0.28,0,0,0,0.02,0,2.84,0,2.79,0.63,0,0,0,0,0,0,0,0,0.01,0,0,0.04,0,0
11/30/1960,0.26,0.12,0,0,0.38,0,0.57,0,1.33,0,0.04,0,0.02,0.29,0.71,0.14,0.03,2.12,0.03,0,0.1,0.05,0.04,2.67,0,0.32,1.62,2.2,0.49,0.05,0,0,0.89,5.02,0,0,0.11,0,3.2,0.02,0,0,0,8.11,0.91,0.12,0.75,0.05,0.24,18.2,0,0.02,0,0,0.01,0.21,0.52,0.26,0,0,0.01,0.02,0.07,5.22,0,0.06,1.3,0,0.05,0,0,0,1.78,0.01,0,0.01,1.95,0,0.04,0.02,0.39
12/31/1960,0.35,0.12,0,0.55,0.39,0,0.57,0,1.55,0,0.06,0,0.11,0.17,0.9,1.06,0.06,3.1,0.06,0,0.18,0.1,0.72,1.58,0,0.66,0.89,4.41,0.88,0.1,0,0,1.6,9.17,0,0,0.19,0,5.8,0.02,0,0,0,15.95,1.53,0.12,0.45,0.08,0.24,25.64,0.48,0.31,0,0,0.12,2.15,1.31,1.58,0,0,0.02,0.11,0.28,13.27,0,0.1,1.44,0,0.18,0,0,0,3.44,0.02,0,0.05,1.22,0,0.24,0.04,0.76
1/31/1961,0.22,0.1,0,0.18,0.34,0,0.5,0,1.4,0,0.04,0,0.07,0.06,0.55,0.62,0.04,1.97,0.04,0,0.13,0.07,0.64,1.08,0,0.44,2.17,2.49,0.61,0.07,0,0,1.63,5.2,0,0,0.12,0,2.83,0.01,0,0,0,8.4,0.93,0.11,0.3,0.08,0.21,18.97,0.64,0.83,0,0.51,0.07,1.2,1.25,0.98,0,0,0.05,0.07,0.86,8.11,0,0.1,0.97,0,0.57,0,0,0,3.12,0.03,0.03,0.03,1.31,0.04,0.15,0.03,0.69
2/28/1961,0.56,0.25,0,0.33,0.8,0.02,1.23,0,1.81,0,0.07,0.19,0.14,0.29,0.86,2.02,0.07,5.58,0.07,0,0.21,0.11,1.92,2.73,0,1.13,1.59,7.85,1.02,0.11,0,0,1.05,12.92,0,0,0.26,0.2,8.47,0.03,0,0,0.01,18.65,1.01,0.25,0.77,0.14,0.51,30.2,1.51,0.85,0,2.97,0.23,4.16,2.16,2.07,0,0,0.04,0.14,0.98,17.27,0,0.18,1.56,0,0.65,0,0,0,8.04,0.02,0.66,0.07,6.18,0.22,0.31,0.04,1.78
3/31/1961,1.08,0.5,0,0.29,1.63,0.16,2.46,0,2.48,0,0.11,0.23,0.34,0.55,2.29,2.37,0.1,9.94,0.1,0,0.3,0.16,1.81,5.61,0,2.5,3.02,10.47,1.44,0.16,0,0,0.33,24.79,0,0,0.6,0.01,11.48,0.01,0,0,0.05,31.1,1.35,0.51,1.58,0.3,1.02,54.13,3.18,0.2,0,4.17,0.44,7.74,2.93,4.88,0,0,0.03,0.34,2.18,24.59,0,0.38,2.58,0,1.46,0,0,0,12.25,0.01,3.82,0.16,13.3,0.31,0.73,0.06,2.7
4/30/1961,1.02,1.02,0,0.14,3.51,0,4.96,0,8.3,0,0.06,0.03,0.18,0.5,2.58,7.87,0.05,9.07,0.05,0,0.16,0.08,0.34,13.41,0,1.11,1.36,23.16,0.78,0.09,0,0,0.78,81.63,0,0,0.51,0.07,30.83,0,0,0,0,85.19,1.93,1.11,3.78,4.67,2.07,126.37,1.85,0,0,7.03,1.2,21.23,7.74,2.51,0,0,0,0.18,6.5,29.17,0,5.94,2.61,0,4.33,0,0,0,41.75,0,13.93,0.08,10.67,0.53,0.38,0.03,9.22
5/31/1961,1.02,0.56,0,0.07,3.08,0,2.74,0,14.52,0,0.02,0,0.12,0.57,4.39,8.82,0.02,7.27,0.02,0,0.07,0.04,0.09,26.23,0,0.5,0.88,21.29,0.33,0.04,0,0,0,129.15,0,0,0.43,0,38.34,0,0,0,0,96.17,1.62,0.97,7.4,6.14,1.14,179.91,0,0,0,0.6,0.94,16.72,9.91,1.75,0,0,0,0.12,8.99,31.02,0,7.82,1.94,0,5.99,0,0,0,78.33,0,16.42,0.06,0,0.04,0.26,0.01,17.29
6/30/1961,0.3,0.14,0,0.01,1.32,0,0.7,0,12.14,0,0,0,0.04,0.2,1.4,2.16,0,2.03,0,0,0.01,0,0,9.8,0,0.06,0.18,7.52,0.04,0,0,0,0,83.62,0,0,0.08,0,19.05,0,0,0,0,45.4,0.62,0.42,2.76,6.14,0.29,130.72,0,0,0,0,0.2,3.62,2.4,0.6,0,0,0,0.04,4.29,12.12,0,7.82,0.89,0,2.86,0,0,0,26.63,0,5.55,0.02,0,0,0.09,0,5.88
7/31/1961,0.18,0.02,0,0,0.07,0,0.09,0,2.43,0,0,0,0.05,0.1,0.85,0.05,0,1.22,0,0,0,0,0,0.36,0,0,0.1,0.51,0,0,0,0,0,11.33,0,0,0.04,0,1.33,0,0,0,0,4.43,0.17,0.02,0.1,1.24,0.04,28.53,0,2.81,0,0,0.02,0.39,2.38,0.66,0,0,0,0.05,1.31,5.59,0,1.58,0.43,0,0.87,0,0,0,2.5,0,0.19,0.02,0,0,0.1,0,0.55
8/31/1961,0.07,0.03,0,0,0.12,0,0.14,0,1.42,0,0,0,0.04,0.01,0.3,0.01,0,0.51,0,0,0,0,0,1.59,0,0,0.07,0.41,0,0,0,0,0,7.38,0,0,0.02,0,0.56,0,0,0,0,3.27,0.15,0.04,0.45,0.47,0.06,29.39,0,0,0,0,0,0,1.31,0.64,0,0,0,0.04,2.11,4.16,0,0.6,0.3,0,1.41,0,0,0,0,0,0,0.02,0,0,0.1,0,0
9/30/1961,0.03,0.03,0,0,0.26,0,0.16,0,1.12,0,0,0,0.03,0,0.2,0.01,0,0.19,0,0,0,0,0,0.36,0,0,0.07,0.05,0,0,0,0,0,2.07,0,0,0.02,0,0.06,0,0,0,0,1.26,0.19,0.08,0.1,0.62,0.07,15.16,0,0,0,0,0,0,0,0.4,0,0,0,0.03,0.35,1.66,0,0.79,0.37,0,0.23,0,0,0,1.35,0,0.67,0.01,0,0,0.06,0,0.3
10/31/1961,0.03,0.02,0,0,0,0,0.11,0,1.24,0,0,0,0.02,0.05,0.07,0.01,0,0.22,0,0,0,0,0,0,0,0,0.11,0.24,0,0,0,0,0,3.18,0,0,0.02,0,0.52,0,0,0.61,0,1.1,0.21,0,0,0.95,0.05,0,0.19,0,0,0.06,0,0,0,0.3,0,0,0,0.02,0.02,1.06,0,1.21,0.43,0.14,0.01,0,0,0,0.79,0,0.85,0.01,0,0,0.05,0,0.17
11/30/1961,0.08,0.05,0,0,0,0,0.23,0,1.26,0,0,0,0.01,0.07,0.17,0.05,0,0.66,0,0,0,0,0,1.49,0,0,1.15,0.83,0,0,0,0,0.38,3.3,0,0,0.05,0,1.21,0.01,0,0.33,0,3.43,0.34,0,0.42,0,0.1,14.02,0.39,2.68,0,0.03,0.01,0.19,0,0.12,0,0,0,0.01,0.1,2.69,0,0,0.7,0.08,0.07,0.01,0,0,1.41,0,0.29,0,0,0,0.02,0,0.31
12/31/1961,0.23,0.1,0,0,0.46,0.09,0.5,0,1.63,0,0.03,0,0.1,0.13,0.32,0.9,0.03,2.24,0.03,0.04,0.09,0.05,0,0.67,0,0.29,2.8,4.23,0.44,0.05,0,0,1.27,7.05,0,0,0.11,0,5.57,0.02,0,0.5,0.03,10.48,0.7,0.14,0.19,0.34,0.21,21.38,2.12,19.79,0,0.01,0.06,1.14,1.13,1.41,0,0,0,0.1,0.12,6.82,0,0.43,1.25,0.12,0.08,0.04,0.01,0,4.38,0,0.4,0.04,0,0,0.21,0.02,0.97
1/31/1962,0.22,0.13,0,0.09,0.38,0.08,0.63,0,1.3,0,0.05,0,0.13,0.13,0.32,0.75,0.04,2.23,0.04,0.05,0.13,0.07,0.22,1.07,0,0.64,2.42,4.45,0.63,0.07,0,0,1.5,7.69,0,0,0.11,0,5.05,0.01,0,0.63,0.03,10,0.55,0.12,0.3,0.35,0.26,25.24,1.13,8.84,0,1.18,0.06,1.05,1.49,1.92,0,0,0.01,0.13,0.43,6.65,0,0.45,1.03,0.14,0.28,0.08,0.01,0,3.2,0,0.49,0.06,0.66,0.09,0.29,0.03,0.71
2/28/1962,6.34,0.95,6.92,14.14,3.18,17.41,4.63,1.54,1.84,8.54,3.35,9.48,5.01,1.22,6.85,1.61,3.1,66.89,3.2,3.7,9.36,4.95,17.44,15.32,2.71,19.14,12.37,17.43,45.65,4.99,0,2.99,44.62,34.23,3,0,3.91,32.58,18.81,1.09,2.84,1.28,5.65,160.22,9.4,1.01,4.32,0.49,1.93,200.85,5.49,0,4.22,11.68,0.53,9.4,2.17,71.63,3.41,8.05,3.33,5.01,1.16,160.83,2.71,0.63,12.76,0.29,0.78,7.62,2.56,2.5,19.19,2.19,1.01,2.28,34.74,0.87,10.77,2.01,4.24
3/31/1962,3.94,0.79,1.92,4.03,2.45,3.42,3.88,0.49,1.86,2.68,1.15,4.52,2.21,1.09,4.5,2.07,1.06,40.9,1.09,1.26,3.2,1.69,4.47,9.43,1.2,11.54,4.97,11.21,15.62,1.71,0,0.94,18.57,29.68,0.94,0,2.45,9.25,12.29,0.21,0.89,2.59,1.11,75.07,6.54,0.77,2.66,0.59,1.62,110.13,5.01,0,1.52,9.58,0.52,9.19,2.96,31.57,1.07,2.53,0.94,2.21,2.92,85.15,0.85,0.75,8.71,0.59,1.95,3.01,0.53,0.79,13.62,0.03,2.97,1,26.55,0.72,4.74,0.69,3
4/30/1962,5.09,2.64,0.08,0.27,8.23,0.15,12.87,0.02,16.58,0.12,0.31,0.08,0.44,2.34,9.21,13.88,0.29,48.72,0.3,0.07,0.88,0.47,0.43,31.66,0.14,1.83,1.61,51.41,4.29,0.47,0,0.04,6.52,153.71,0.04,0,3.08,0.29,68.42,0.02,0.04,2.38,0.05,199.62,10.59,2.6,8.93,6.55,5.36,377.38,14.16,0,0.08,35.86,2.94,52.3,18.71,6.31,0.05,0.11,0.13,0.44,9.49,115.3,0.04,8.34,12.75,0.54,6.33,0.44,0.03,0.03,72.59,0.02,27.96,0.2,54.74,2.68,0.95,0.19,16.03
5/31/1962,2.32,1.36,0.01,0.08,5.96,0.01,6.62,0,22.31,0.01,0.12,0,0.19,1.32,5.67,13.97,0.11,21.02,0.12,0,0.34,0.18,0.1,46.57,0.04,0.8,0.68,38.97,1.66,0.18,0,0,2.79,170.1,0,0,0.8,0,70.18,0,0,0.75,0,208.14,5.25,1.88,13.14,10.15,2.76,394.04,5.99,0,0,21.91,2.64,46.82,19.94,2.73,0,0.01,0.04,0.19,16.63,83.16,0,12.92,5.05,0.17,11.09,0.09,0.01,0,92.11,0.01,28.67,0.09,4.87,1.64,0.41,0.07,20.33
6/30/1962,0.9,0.61,0,0,4.24,0,2.99,0,32.35,0,0.03,0,0,0.5,2.23,9.87,0.03,8.14,0.03,0,0.09,0.05,0,31.43,0,0.18,0.45,32.98,0.42,0.05,0,0,2.81,282.15,0,0,0.27,0,83.55,0,0,0.63,0,207.78,2.19,1.34,8.87,16.16,1.24,509.59,6.72,0,0,16.13,1.08,19.26,11.55,0,0,0,0.01,0,18.77,46.88,0,20.56,1.93,0.14,12.51,0.01,0,0,83.8,0,23.22,0,0.82,1.21,0,0.02,18.49
7/31/1962,0.18,0.19,0,0,0.85,0,0.91,0,10.75,0,0,0,0.04,0.08,0.4,0.52,0,1.63,0,0,0,0,0,11.42,0,0,0.3,5.81,0.01,0,0,0,0,78.29,0,0,0.07,0,15.32,0,0,0.15,0,53.83,0.73,0.27,3.22,6.53,0.38,209.34,1.86,0.17,0,0.3,0.09,1.68,0.58,0.62,0,0,0,0.04,2.58,17.47,0,8.31,0.92,0.03,1.72,0,0,0,11.74,0,3.55,0.02,4.02,0.02,0.09,0,2.59
8/31/1962,0.06,0.06,0,0,0,0,0.27,0,3.09,0,0,0,0.04,0.03,0.19,0.01,0,0.5,0,0,0,0,0,0,0,0,0.2,0,0,0,0,0,0.18,10.52,0,0,0.04,0,0,0,0,0.38,0,10.13,0.66,0,0,1.66,0.11,56.72,0.34,0,0,0,0.05,0.97,0.36,0.53,0,0,0,0.04,1.63,3.54,0,2.11,0.63,0.08,1.09,0,0,0,2.1,0,1.9,0.02,0,0,0.08,0,0.46
9/30/1962,0.04,0.03,0,0,0,0,0.13,0,1.71,0,0,0,0.02,0,0.14,0.01,0,0.32,0,0,0,0,0,0,0,0,0.17,0,0,0,0,0,0,2.55,0,0,0.03,0,0,0,0,0.59,0,0,0.19,0,0,1.15,0.05,29.57,0.18,0,0,0,0.03,0.52,1.51,0.27,0,0,0,0.02,0.61,2.44,0,1.46,0.43,0.13,0.41,0,0,0,0.67,0,0,0.01,0,0,0.04,0,0.15
10/31/1962,1.73,0.11,0,0,0,0,0.55,0,1.99,0,0,0.2,0.11,0.33,0.11,0.82,0,20.15,0,0.02,0,0,8.16,0,0,3.21,8.39,1.72,0,0,0,0,0.43,4.72,0,0,0.92,0,3.73,0.41,0,0,0,6.21,1.62,0,0,3.32,0.23,12.42,3.94,0.02,1.06,0.67,0.13,2.36,1.56,1.51,0,0,0.03,0.11,0,7.11,0,4.23,1.68,0,0,0.01,0,0,9.05,0,0.55,0.05,0,0.05,0.23,0,2
11/30/1962,0.24,0.09,0,0,0.42,0,0.45,0,1.56,0,0,0,0.07,0.08,0.29,0.11,0,2.48,0,0.03,0.01,0.01,0.21,0.03,0,0.54,1.2,0,0.05,0.01,0,0,0.51,2.89,0,0,0.12,0.04,0,0.01,0,0.57,0,3.56,0.75,0.13,0.01,0.36,0.19,10.97,1.17,0.17,0.03,1.26,0.03,0.49,0.18,0.93,0,0,0.03,0.07,0.45,5.86,0,0.45,0.89,0.13,0.3,0.02,0,0,3.3,0,0.11,0.03,0,0.09,0.14,0,0.73
12/31/1962,0.97,0.22,0,0.07,0.69,0.01,1.05,0,1.8,0,0.02,0.72,0.22,0.35,0.53,1.72,0.02,10.65,0.02,0.09,0.07,0.04,1.44,2.51,0,2.82,4.57,3.11,0.34,0.04,0,0,0.74,4.81,0,0,0.57,0,4.09,0.01,0,0.34,0,6.5,1.38,0.22,0.71,0.41,0.44,11.17,2.68,0.12,0.16,3.57,0.2,3.5,1.18,3.14,0,0,0.04,0.22,0.48,17.43,0,0.52,1.37,0.08,0.32,0.02,0.01,0,6.3,0,0.95,0.1,0,0.27,0.47,0.01,1.39
1/31/1963,1.46,0.66,0,1.19,2.31,0.16,3.2,0.51,2.68,2.8,0.6,1.2,1.28,0.68,0.53,4.22,0.56,15.97,0.58,0.68,1.69,0.89,4.55,10.44,0.9,6.14,3.14,9.92,8.22,0.9,0,0.98,4.29,19.8,0.98,0,1,0,11.27,0.92,0.93,0,0.05,41.78,3.08,0.73,2.95,0.51,1.33,81.32,4.71,9.11,4.11,10.83,1.13,20.11,1.68,18.33,1.12,2.64,0.1,1.28,1.15,51.74,0.89,0.65,5.39,0,0.77,0.49,0.1,0.82,12.19,0.28,3.98,0.58,7.93,0.81,2.75,0.36,2.69
2/28/1963,10.22,2.25,9.78,7.93,6.96,3.77,11,1.56,10.59,8.64,1.25,6.48,2.8,3.17,11.26,10.09,1.16,105.98,1.19,2.35,3.49,1.85,7.16,22.13,2.66,21.42,8.25,44.61,17.02,1.86,0,3.02,18.08,68.88,3.03,0,6.72,15.09,48.13,0.71,2.87,1.43,1.22,174.03,10.85,2.2,6.24,1.83,4.58,215.75,21.01,22.27,9.84,42.13,2.53,44.85,7.53,39.95,3.44,8.14,0.89,2.8,3.78,146.36,2.74,2.33,12.41,0.33,2.52,2.96,1.14,2.53,57.33,2.44,16.82,1.27,61.31,3.15,6,0.75,12.66
3/31/1963,3.45,0.71,2.71,3.53,1.85,1.12,3.47,0.26,5.26,1.45,0.54,2.88,1.77,0.57,7.39,2.24,0.5,32.67,0.51,1.55,1.5,0.79,6.64,6.15,0.58,11.61,5.72,9.44,7.32,0.8,0,0.51,8.18,28.08,0.51,0,2.27,4.53,10.35,0.2,0.48,1.37,0.36,62.56,5.16,0.58,1.73,1.34,1.44,95.92,3.83,0.63,2.08,9.73,0.63,11.19,4.96,25.32,0.58,1.37,0.39,1.77,2.77,64.01,0.46,1.71,6.42,0.31,1.84,1.51,0.49,0.43,15.52,0.06,5.04,0.81,14.22,0.73,3.81,0.32,3.43
4/30/1963,10.75,1.49,0.11,5.82,4.26,2.45,7.27,0.61,6.94,3.37,1.87,7.68,4.58,3.56,15.14,4.85,1.73,108.24,1.79,3.13,5.22,2.76,13.52,23.63,1.47,23.29,8.88,18.87,25.47,2.79,0,1.18,16.14,51,1.18,0,6.74,15.8,25.11,0.35,1.12,5.17,0.8,133.1,16.91,1.34,6.66,2.52,3.03,193.34,6.03,0,5.89,18.35,1.44,25.56,7.41,65.46,1.35,3.18,0.92,4.58,6.87,151.43,1.07,3.21,20.12,1.17,4.58,2.62,0.56,0.99,47.32,0,9.49,2.08,31.08,1.37,9.84,1.12,10.45
5/31/1963,6.74,2.31,0.01,1.03,10.11,0.25,11.27,0.06,33.95,0.35,0.71,0.45,1.03,3.22,9.32,21.64,0.66,68.46,0.68,0.26,1.98,1.05,1.11,83.15,0.36,6.44,1.52,50.01,9.68,1.06,0,0.12,9.02,232.27,0.12,0,2.87,0,90.07,0.08,0.12,3.91,0.08,269.77,14.58,3.19,23.45,12.98,4.69,469.18,12.75,0,1.17,38.89,3.6,64,20.89,14.7,0.14,0.33,0.2,1.03,23.1,160.88,0.11,16.51,14.82,0.89,15.4,0.83,0.09,0.1,133.36,0,37.49,0.47,49,2.91,2.21,0.43,29.43
6/30/1963,1.71,0.59,0,0.15,4.03,0,2.9,0,35.55,0.01,0.18,0.02,0.31,0.81,3.67,9.69,0.17,16.24,0.17,0.01,0.5,0.26,0.12,37.81,0.04,1.84,0.58,27.48,2.43,0.27,0,0,3.46,283.41,0,0,0.52,0,69.63,0,0,0.95,0,213.03,4.22,1.27,10.66,14.76,1.21,498.22,9.61,0,0.12,19.94,0.93,16.53,9.72,4.42,0,0.01,0.03,0.31,17.79,82.81,0,18.79,4.33,0.22,11.86,0.04,0,0,79.3,0,19.86,0.14,14.43,1.49,0.66,0.11,17.5
7/31/1963,0.43,0.18,0,0.01,0.72,0,0.88,0,14.68,0,0.04,0,0.09,0.11,0.66,0.57,0.04,4.43,0.04,0,0.11,0.06,0,8.68,0,0.56,0.33,6.72,0.56,0.06,0,0,0.29,119.71,0,0,0.17,0,17.72,0,0,0.02,0,70.12,2.05,0.23,2.45,7.85,0.37,270.93,3.14,0.18,0,0.92,0.13,2.37,0.73,1.29,0,0,0,0.09,3.08,34.96,0,9.99,2.2,0,2.05,0,0,0,15.52,0,3.64,0.04,6.02,0.07,0.19,0.02,3.42
8/31/1963,0.2,0.09,0,0,0.28,0,0.45,0,3.6,0,0,0,0.02,0.23,0.32,0.03,0,1.86,0,0,0.01,0,0,1.63,0,0.15,0.23,0,0.04,0,0,0,0.53,16.61,0,0,0.11,0,0,0,0,0.5,0,14.42,1.21,0.09,0.46,1.99,0.19,74.8,0.16,0,0,0,0.03,0.45,0,0.31,0,0,0,0.02,1.78,15.26,0,2.53,1.4,0.11,1.19,0,0,0,0.78,0,2.32,0.01,0,0,0.05,0,0.17
9/30/1963,0.1,0.07,0,0,0.54,0,0.34,0,2.31,0,0,0,0.01,0.02,0.23,0.02,0,0.94,0,0,0,0,0,0,0,0.09,0.18,0,0.02,0,0,0,0.25,5.44,0,0,0.07,0,0,0,0,0.64,0,1.7,0.83,0.17,0,1.14,0.14,51.09,0.59,0,0,0,0.06,1.03,1.11,0.17,0,0,0,0.01,0.51,10.59,0,1.45,1.1,0.14,0.34,0,0,0,1.68,0,0.4,0.01,0,0,0.03,0,0.37
10/31/1963,0.19,0.09,0,0,0,0,0.43,0,2.16,0,0.02,0,0.09,0.11,0.4,0.27,0.02,1.8,0.02,0.02,0.05,0.02,0,0,0,0.31,0.54,1.44,0.23,0.03,0,0,0.56,4.45,0,0,0.11,0,3.11,0,0,0.33,0,5.92,1.15,0,0,2.8,0.18,10.67,0.5,0.01,0,0,0.07,1.26,2.01,1.22,0,0,0,0.09,0,8.67,0,3.57,1.24,0.07,0,0,0,0,2.71,0,0.04,0.04,0,0,0.18,0.01,0.6
11/30/1963,1.32,0.49,0,0.07,1.72,0.01,2.41,0,3.78,0,0.25,0.62,0.71,0.53,2.15,3.38,0.24,12.95,0.24,0.35,0.71,0.38,3.86,6.3,0,2.73,2.92,18.09,3.46,0.38,0,0,2.69,29.64,0,0,0.74,1.1,26.25,0.07,0,0.2,0,39.13,2.57,0.54,1.78,0.82,1,65.24,4.17,0.03,0.04,6.55,0.54,9.52,3.35,10.19,0,0,0.02,0.71,0.53,30.81,0,1.04,3.17,0.04,0.35,0,0.01,0,16.75,0,3.37,0.32,6.57,0.49,1.53,0.15,3.7
12/31/1963,0.69,0.29,0,0.19,0.83,0,1.42,0,3.21,0,0.09,0.26,0.18,0.22,1.09,1.47,0.09,6.89,0.09,0.12,0.26,0.14,0.57,1.41,0,1.42,0.84,6.38,1.27,0.14,0,0,1.7,15.38,0,0,0.43,0.18,8.39,0.05,0,1.01,0,22.73,1.99,0.26,0.4,0.57,0.59,36.18,1.71,0.16,0.05,4.07,0.34,5.98,3.4,2.57,0,0,0.03,0.18,1.11,17.81,0,0.72,2.02,0.23,0.74,0,0.02,0,6.6,0,4.35,0.08,0,0.3,0.39,0.06,1.46
1/31/1964,2.24,0.37,1.16,0.97,1.16,0.02,1.83,0.05,2.62,0.29,0.19,4,1.32,0.23,2.24,1.07,0.18,24.03,0.18,0.87,0.53,0.28,7.69,3.21,0.01,8.5,3.84,5.25,2.58,0.28,0,0.1,2.01,11.76,0.1,0,1.34,4.94,5.96,0.25,0.1,0.72,0.01,23.06,2.76,0.37,0.91,0.42,0.76,31.73,1.62,0.69,1.57,2.69,0.2,3.51,2.57,18.81,0.11,0.27,0.07,1.32,1.81,30.47,0.09,0.53,3.17,0.16,1.21,0,0.02,0.08,5.07,0,2.62,0.6,7.51,0.2,2.83,0.11,1.12
2/29/1964,1.12,0.33,0,0.23,1.09,0,1.63,0,2.46,0,0.15,0.33,0.4,0.48,1.65,1.34,0.14,11.08,0.14,0.22,0.41,0.22,0.62,2.34,0,2.76,0.63,6.36,2.01,0.22,0,0,3.01,12.13,0,0,0.76,0.63,6.86,0.05,0,0.56,0,19.15,2.54,0.34,0.66,0.46,0.68,31.08,1.84,1.56,0.22,3.04,0.31,5.48,2.9,5.65,0,0,0.04,0.4,1.28,26.36,0,0.59,2.92,0.13,0.86,0,0.02,0,5.62,0,2.58,0.18,6.05,0.23,0.85,0.09,1.24
3/31/1964,1.33,0.55,0,0.42,1.6,0,2.67,0,3.09,0,0.22,0.14,0.51,0.68,1.68,2.47,0.2,13.48,0.21,0.29,0.61,0.32,0.57,6.34,0,2.8,2.18,10.39,2.96,0.32,0,0,1.84,20.49,0,0,0.73,0.06,11.39,0,0,0.81,0,29.67,2.71,0.5,1.79,0.57,1.11,53.71,1.64,0.51,0.08,4.69,0.5,8.8,4.2,7.24,0,0,0.07,0.51,2.7,32.87,0,0.73,3.54,0.18,1.8,0,0.02,0,10.02,0,2.83,0.23,12.31,0.35,1.09,0.13,2.21
4/30/1964,2.17,1.08,0,0.26,4,0,5.28,0,8.25,0,0.23,0.07,0.44,0.99,3.99,7.08,0.21,20.65,0.22,0.15,0.63,0.33,0.36,18.21,0,2.41,0.74,22.86,3.08,0.34,0,0,2.8,62.72,0,0,1.3,0.14,30.43,0,0,0.29,0,77.85,4.72,1.26,5.14,3.41,2.2,127.74,2.77,0.01,0.02,11.73,1.44,25.49,7.02,6.34,0,0,0.05,0.44,6.79,53.04,0,4.35,5.94,0.06,4.53,0.01,0.02,0,40.23,0,11.66,0.2,19.32,0.88,0.95,0.14,8.89
5/31/1964,2.34,0.91,0,0.12,4.21,0,4.44,0,19.13,0,0.11,0.01,0.27,1.32,6.33,10.32,0.1,20.44,0.1,0.04,0.3,0.16,0.16,36.23,0,1.41,0.53,33.23,1.48,0.16,0,0,1.69,166.99,0,0,1.07,0,59.85,0,0,0.36,0,141.99,4.46,1.33,10.22,8.55,1.85,261.67,0.83,0,0,10.3,1.68,29.87,13.45,3.88,0,0,0.02,0.27,12.75,62.93,0,10.88,4.94,0.08,8.5,0,0,0,91.18,0,19.83,0.12,3.15,0.77,0.58,0.07,20.12
6/30/1964,0.74,0.26,0,0.03,2.13,0,1.29,0,17.86,0,0.04,0,0.12,0.51,2.17,4.43,0.03,6.33,0.03,0,0.1,0.05,0.01,22.12,0,0.54,0.71,17.72,0.48,0.05,0,0,0.77,130.93,0,0,0.23,0,44.9,0.01,0,0.13,0,82.78,2.21,0.67,6.24,8.23,0.54,203.56,1.71,0,0,2.98,0.6,10.58,5.88,1.65,0,0,0,0.12,8.56,31.46,0,10.48,2.47,0.03,5.71,0,0,0,43.4,0,9.93,0.05,0,0.22,0.25,0.02,9.58
7/31/1964,0.24,0.07,0,0,0.29,0,0.34,0,4.8,0,0,0,0,0.29,0.69,0.23,0,1.88,0,0,0,0,0,4.04,0,0.03,0.1,1.79,0.01,0,0,0,0,23.04,0,0,0.07,0,4.73,0,0,0.48,0,14.93,0.87,0.09,1.14,2.57,0.14,65.65,0.09,6.29,0,0,0.09,1.61,0.08,0,0,0,0,0,1.14,11.66,0,3.27,1.14,0.1,0.76,0,0,0,4.06,0,2.06,0,0,0,0,0,0.9
8/31/1964,0.14,0.03,0,0,0.13,0,0.17,0,1.79,0,0,0,0,0.09,0.39,0.02,0,1.18,0,0,0,0,0,0.59,0,0,0.07,0.14,0,0,0,0,0.03,5.33,0,0,0.06,0,0.19,0,0,0.47,0,0,0.53,0.04,0.17,0.65,0.07,33.46,0.01,0,0,0,0.03,0.54,1.02,0.07,0,0,0,0,1.81,6.69,0,0.83,0.66,0.11,1.21,0,0,0,0.57,0,1.6,0,0,0,0.01,0,0.12
9/30/1964,0.05,0.04,0,0,0.34,0,0.18,0,1.23,0,0,0,0,0.02,0.21,0.01,0,0.4,0,0,0,0,0,0.43,0,0,0.05,0.14,0,0,0,0,0,2.24,0,0,0.03,0,0.18,0,0,0.2,0,1.4,0.49,0.11,0.12,0.38,0.07,28.24,0.09,0,0,0,0.05,0.95,1.46,0.05,0,0,0,0,0.7,5.6,0,0.49,0.58,0.04,0.46,0,0,0,0.77,0,0,0,0,0,0.01,0,0.17
10/31/1964,0.07,0.04,0,0,0,0,0.18,0,1.17,0,0,0,0.01,0.09,1.15,0.01,0,0,0,0,0,0,0,0,0,0,0.28,0.23,0,0,0,0,0.3,1.1,0,0,0.05,0,0.51,0,0,0,0,2.87,0.51,0,0,0.77,0.07,0,0.52,0.2,0,0.28,0,0.06,0.33,0.1,0,0,0,0.01,0,7.01,0,0.98,0.76,0,0,0,0,0,1.77,0,0,0,0,0.02,0.02,0,0.39
11/30/1964,0.57,0.2,0,0.66,0.56,0.2,0.97,0,1.9,0,0.2,0.87,0.38,0.34,6.23,1.32,0.19,0.13,0.19,0.13,0.57,0.3,1.27,4.86,0,1.24,1.83,6.93,2.76,0.3,0,0,2.67,12.19,0,0,0.33,1.55,10.05,0.03,0,0.22,0.06,20.65,2.47,0.18,1.37,0.57,0.4,34.29,2.66,0.12,0,0.4,0.09,1.63,0.53,5.37,0,0,0.02,0.38,0.35,22.96,0,0.73,2.65,0.05,0.23,0.1,0.03,0,4.65,0,0,0.17,4.39,0.03,0.81,0.12,1.03
12/31/1964,17.85,3.77,0.71,9.08,11.97,6.54,18.4,0.09,17.31,0.5,1.81,16.75,6.89,7.04,3.14,22.21,1.68,200.58,1.73,5.27,5.05,2.67,24.83,44.75,0.18,44.43,5.19,59.22,24.64,2.7,0,0.17,15.17,152.68,0.17,0,11.22,24.24,77.86,0.46,0.17,2.43,2.12,225.38,20.04,3.78,12.62,2.59,7.66,203.69,40.75,0.35,8.83,70.97,4.97,88.2,10.38,98.4,0.2,0.47,1.68,6.89,6.89,226.29,0.16,3.29,26.96,0.55,4.59,2.72,0.82,0.15,88.1,0.34,24.42,3.13,82.82,5.3,14.79,1.09,19.44
1/31/1965,14.14,2.34,3.19,9.16,6.93,7.9,11.45,0.71,8.09,3.91,2.13,5.98,5.62,4.24,6.48,3.6,1.97,155.99,2.03,4.8,5.95,3.15,17.39,21.43,1.17,40.82,6.52,18.36,29,3.17,0,1.37,26.27,54.3,1.37,0,9.11,24.18,20.87,1.03,1.3,4.99,2.57,175.55,21.31,2.19,6.04,6.4,4.77,188.24,11.94,5.95,7.99,28.24,1.7,30.23,4.73,80.27,1.56,3.69,2.43,5.62,4.22,193.89,1.24,8.15,27.18,1.13,2.81,5.16,1.94,1.15,46.29,1.45,6.33,2.55,73.75,2.11,12.06,1.28,10.23
2/28/1965,4.33,0.99,0.39,0.96,1.91,0.67,4.84,0.09,5.81,0.51,0.51,0.84,0.94,1.79,4.77,2.94,0.47,44.45,0.49,0.72,1.42,0.75,1.9,15.44,0.18,6.35,1.99,11.13,6.94,0.76,0,0.18,8.07,30.57,0.18,0,2.88,1.46,12.01,0.3,0.17,2.14,0.22,62.75,9.52,0.6,4.35,1.1,2.02,113.61,3.73,4.39,1.14,11.15,1.08,19.17,4.75,13.43,0.2,0.48,0.28,0.94,2.96,87.04,0.16,1.4,10.46,0.48,1.97,1.6,0.42,0.15,24.45,0.15,5.1,0.43,26.63,0.83,2.02,0.31,5.4
3/31/1965,3.17,0.75,0.1,0.72,3.73,0.3,3.68,0.02,6.64,0.13,0.46,0.42,0.91,1.17,4.87,4.19,0.43,31.27,0.44,0.69,1.28,0.68,2.19,18.35,0.05,4.83,3.88,13.82,6.25,0.68,0,0.04,6.41,35.29,0.04,0,2.12,1.01,15.16,0.08,0.04,1.34,0.1,43.92,7.37,1.18,5.18,1.26,1.53,130.39,3.23,1.47,0.69,9.69,1.07,18.97,6.91,12.98,0.05,0.12,0.2,0.91,4.61,76.33,0.04,1.6,7.85,0.3,3.07,1.66,0.44,0.04,19.86,0.04,7.4,0.41,13.69,0.72,1.95,0.28,4.38
4/30/1965,8.04,1.57,1.22,6.63,4.77,2.41,7.69,0.29,12.52,1.59,1.64,2.29,3.42,3.14,11.57,10.92,1.52,81.39,1.57,1.63,4.59,2.43,7.81,53.02,0.69,17.71,6.21,29.17,22.41,2.45,0,0.56,24.68,89.8,0.56,0,3.92,9.84,38.82,0.07,0.53,2.56,0.78,166,13.35,1.51,14.96,3.81,3.2,264.95,9.08,0.92,2.6,26.1,2.36,41.94,14.18,48.84,0.63,1.5,0.92,3.42,11.49,167.25,0.5,4.84,17.52,0.58,7.66,3.36,0.43,0.47,65.46,0.5,18.8,1.55,31.22,1.95,7.34,0.99,14.45
5/31/1965,3.85,1.28,0.04,0.47,7.28,0.1,6.25,0.01,30.37,0.05,0.41,0.09,0.6,1.98,18.34,17.34,0.38,26.26,0.39,0.03,1.15,0.61,0.58,62.42,0.05,4.42,0.68,43.12,5.63,0.62,0,0.02,3.61,201.51,0.02,0,1.33,0,77.67,0,0.02,1.48,0.03,257.69,8.27,2.3,17.61,10.94,2.6,421.16,12.02,0.09,0.31,32.83,3.17,56.29,22.11,8.51,0.02,0.05,0.1,0.6,18.26,126.43,0.02,13.92,8.02,0.34,12.17,0.13,0.01,0.02,102.35,0.03,32.91,0.27,8.83,2.45,1.28,0.25,22.59
6/30/1965,1.66,0.62,0.02,0.02,4.02,0,3.02,0.01,37.87,0.03,0.14,0,0.27,0.99,6.28,13.11,0.13,12.82,0.13,0.01,0.39,0.2,0.12,45.34,0.04,1.63,0.45,35.94,1.88,0.21,0,0.01,1.84,271.75,0.01,0,0.52,0,91.05,0,0.01,0.28,0,241.1,3.93,1.27,12.79,14.91,1.26,476.35,12.32,0.02,0,28.28,1.48,26.36,14.65,3.83,0.01,0.03,0.03,0.27,19.3,77.71,0.01,18.97,3.74,0.06,12.86,0.01,0,0.01,86.45,0.02,25.41,0.12,3.65,2.11,0.58,0.08,19.07
7/31/1965,0.43,0.25,0.01,0,1.3,0,1.2,0,20.78,0.01,0.03,0,0.17,0.29,2,2.47,0.03,2.88,0.03,0.01,0.09,0.05,0,11.59,0.03,0.55,0.3,14.74,0.42,0.05,0,0,0.04,144.63,0,0,0.17,0,38.86,0,0,0,0,92.36,1.88,0.41,3.27,10.79,0.5,273.21,4.8,25.38,0,5.16,0.19,3.3,2.22,2.42,0,0.01,0,0.17,5.74,29.36,0,13.73,2.19,0,3.83,0,0,0,25.41,0.02,6.71,0.08,10.49,0.39,0.36,0.02,5.61
8/31/1965,0.22,0.2,0,0,0.67,0,0.98,0,7.9,0,0,0,0.12,0.16,1.12,1.19,0,1.32,0,0.01,0.01,0,0,7.32,0,0.3,0.21,6.79,0.04,0,0,0,0.69,53.85,0,0,0.13,0,9.34,0,0,0,0,33.1,1.92,0.21,2.07,4.75,0.41,142.41,2.64,0,0,1.3,0.15,2.72,0.99,1.65,0,0,0,0.12,2.03,17.43,0,6.05,1.65,0,1.35,0,0,0,11.17,0,3.11,0.05,0,0.1,0.25,0,2.46
9/30/1965,0.12,0.09,0,0,0.47,0,0.45,0,3.62,0,0,0,0.02,0.05,0.61,0.08,0,0.76,0,0,0,0,0,0,0,0.15,0.15,1.77,0.01,0,0,0,0.41,9.61,0,0,0.09,0,2.17,0,0,0.46,0,5.99,1.12,0.15,0,1.4,0.19,41.25,1.65,0,0,0,0.06,1.01,0,0.3,0,0,0,0.02,0.73,9.38,0,1.78,1.21,0.1,0.49,0.01,0,0,4.84,0,1.95,0.01,0,0,0.05,0,1.07
10/31/1965,0.14,0.07,0,0,0,0,0.32,0,2.54,0,0.01,0,0.07,0.07,0.3,0.02,0.01,1.34,0.01,0.02,0.02,0.01,0,0,0,0.18,0.13,0.25,0.09,0.01,0,0,0.61,2.99,0,0,0.09,0,0.54,0,0,0.13,0,4.69,1.7,0,0,2.61,0.13,42.37,0.89,0.05,0,0,0.07,1.18,1.23,1.04,0,0,0.01,0.07,0,3.66,0,3.32,1.13,0.03,0,0.01,0,0,3.93,0,0.75,0.03,0,0,0.16,0,0.87
11/30/1965,0.82,0.48,0,3.28,1.56,1.72,2.36,0,2.7,0,0.47,0.01,0.58,0.27,1.23,1.3,0.43,8.31,0.45,0.24,1.31,0.69,0.49,7.58,0.06,1.94,3.51,14.73,6.38,0.7,0,0,4.31,24.41,0,0,0.4,1.25,21.37,0.04,0,0.44,0.56,67.89,3.06,0.49,2.14,0.24,0.98,100.99,3.03,0.3,0,3.36,0.44,7.79,0.79,8.23,0,0,0.23,0.58,1.58,68.78,0,0.31,3.62,0.1,1.05,0.31,0.09,0,11.68,0,0.1,0.26,12.25,0.25,1.24,0.28,2.58
12/31/1965,1.56,0.38,0.71,2.7,1.18,2.99,1.87,0.08,2.27,0.42,0.6,1.85,1.05,0.32,2.19,1.13,0.55,17.43,0.57,0.73,1.67,0.88,5.81,3.9,0.18,5.67,4.45,6.46,8.13,0.89,0,0.15,3.79,17.94,0.15,0,1,3.73,8.5,0.41,0.14,1.53,0.97,30.03,3.25,0.37,1.1,0.2,0.78,66.08,1.54,0.67,0.58,4.35,0.25,4.46,1.44,15.03,0.17,0.4,0.64,1.05,1.23,55.59,0.13,0.25,3.15,0.35,0.82,0.48,0.22,0.12,6.54,0.19,1.14,0.48,10.62,0.33,2.26,0.36,1.44
1/31/1966,4.59,0.44,0.55,1.77,1.25,1.69,2.13,0.08,2.08,0.43,0.61,3,1.04,0,4.73,0.77,0.56,16.51,0.58,0.76,1.7,0.9,5.21,4.76,0.23,6.9,4.37,5.14,8.27,0.9,0,0.15,6.02,16.15,0.15,0,2.94,8.23,5.85,0.18,0.14,1.74,0.55,41.79,2.96,0.4,1.34,0.06,0.89,62.62,1.94,0.37,0.66,4.41,0.24,4.23,1.78,14.81,0.17,0.41,0.48,1.04,1.74,50.25,0.14,0.07,3.38,0.39,1.16,0.53,0.22,0.13,7.42,0.09,1.04,0.47,13.42,0.33,2.23,0.36,1.64
2/28/1966,2.12,0.43,0.6,1.4,1.23,1.22,2.08,0.09,1.72,0.48,0.44,2.84,1.13,0.44,2.46,0.66,0.4,22.23,0.42,0.7,1.22,0.65,3.96,3.98,0.16,7.84,4.92,4.68,5.95,0.65,0,0.17,5.77,12.38,0.17,0,1.22,10.64,5.05,0.15,0.16,1.1,0.4,32.7,2.95,0.39,1.12,0.4,0.87,56.37,2.19,0.74,1,3.58,0.24,4.25,2.02,16.13,0.19,0.45,0.2,1.13,1.92,52.56,0.15,0.51,3.39,0.25,1.28,0.49,0.15,0.14,6.92,0.12,1.08,0.51,13.16,0.27,2.42,0.26,1.52
3/31/1966,2.87,1.09,0.08,0.29,3.03,0.18,5.32,0.01,5.36,0.06,0.26,0.4,0.49,1.48,4.39,4.13,0.24,28.05,0.25,0.2,0.72,0.38,1.01,11.83,0.05,3.07,1.76,20.68,3.53,0.39,0,0.02,3.23,42.7,0.02,0,1.74,0.37,22.67,0.04,0.02,0.95,0.06,60.63,4.54,0.96,3.34,1.8,2.22,126.95,5.57,0.14,0.29,14.14,1.25,22.28,7.73,6.94,0.03,0.06,0.14,0.49,3.65,60.21,0.02,2.29,5.27,0.22,2.43,0.4,0.07,0.02,29.78,0.02,7.78,0.22,20.1,1.06,1.04,0.16,6.58
4/30/1966,3.17,1.28,0,0.14,5.58,0,6.27,0,16.67,0,0.14,0.07,0.27,1.72,7.46,11.97,0.13,28.64,0.14,0.09,0.4,0.21,0.41,36.37,0.02,1.65,1.51,36.51,1.95,0.21,0,0,2.93,132.02,0,0,1.57,0.15,48.6,0,0,0,0,163.98,5.62,1.76,10.26,7.38,2.61,280.26,2.87,0,0.01,15.27,1.95,34.61,18,3.91,0,0,0.07,0.27,9.66,81.32,0,9.4,4.99,0,6.44,0.23,0.03,0,79.96,0,23.88,0.12,20.75,1.14,0.59,0.09,17.65
5/31/1966,1.05,0.55,0,0.02,4.03,0,2.67,0,26.54,0,0.07,0,0.13,0.61,2.69,9.65,0.06,9.41,0.06,0.01,0.18,0.1,0.04,26.68,0,0.71,0.82,32.66,0.89,0.1,0,0,0.39,209.92,0,0,0.35,0,58.82,0,0,0.54,0,186.83,2.07,1.27,7.52,11.74,1.11,367.54,2.52,0,0,9.62,0.74,13.13,11.58,1.8,0,0,0.01,0.13,16.52,53.42,0,14.94,2.16,0.12,11.01,0.02,0,0,83.26,0,21.19,0.06,0.3,0.72,0.27,0.04,18.37
6/30/1966,0.29,0.11,0,0,0.78,0,0.52,0,9.52,0,0.01,0,0.05,0.21,0.76,0.68,0.01,2.56,0.01,0,0.03,0.02,0,6.04,0,0.15,0.46,5.22,0.15,0.02,0,0,0,52.48,0,0,0.09,0,13.23,0,0,0.63,0,49.99,0.89,0.25,1.7,4.55,0.22,152.66,0.76,0,0,0,0.1,1.72,1.33,0.75,0,0,0,0.05,2.28,15.41,0,5.8,1.27,0.14,1.52,0,0,0,9.95,0,3.09,0.02,2.05,0,0.11,0.01,2.19
7/31/1966,0.27,0.07,0,0,0.27,0,0.32,0,2.81,0,0,0,0.05,0.11,0.71,0.03,0,2.49,0,0,0,0,0,2.38,0,0,0.23,0.36,0,0,0,0,0.41,10.74,0,0,0.08,0,0.95,0,0,0.72,0,13.11,0.44,0.08,0.67,1.52,0.13,55.92,0.09,12.39,0,0,0.02,0.4,1.52,0.69,0,0,0,0.05,1.08,10.27,0,1.94,0.72,0.16,0.72,0,0,0,2.01,0,0.2,0.02,0,0,0.1,0,0.44
8/31/1966,0.24,0.03,0,0,0,0,0.16,0,1.48,0,0,0,0.07,0.07,0.59,0,0,2.24,0,0,0,0,0,0,0,0,0.16,0.69,0,0,0,0,0.02,6.18,0,0,0.09,0,0.95,0,0,0.31,0,6.01,0.33,0,0,0.7,0.07,30.25,0,0,0,0,0.01,0.17,1.84,1.07,0,0,0,0.07,1.3,1.49,0,0.89,0.48,0.07,0.87,0,0,0,0.58,0,0.01,0.03,0,0,0.16,0,0.13
9/30/1966,0.08,0.01,0,0,0,0,0.06,0,1.21,0,0,0,0.05,0,0.28,0,0,0.68,0,0,0,0,0,0,0,0,0.12,0.41,0,0,0,0,0,3.09,0,0,0.05,0,0.51,0,0,0,0,1.91,0.71,0,0,4.1,0.02,13.15,0.16,0,0,0,0.03,0.5,0.17,0.69,0,0,0,0.05,0.59,5.75,0,5.22,0.45,0,0.39,0,0,0,1.49,0,0.66,0.02,0,0,0.1,0,0.33
10/31/1966,0.04,0.02,0,0,0,0,0.12,0,1.18,0,0,0,0,0,0.67,0,0,0,0,0,0,0,0,0.34,0,0,0.14,0,0,0,0,0,0.15,1.76,0,0,0.03,0,0,0,0,0,0,1.85,0.83,0,0.1,0,0.05,6.54,0.19,0.03,0,0.1,0.01,0.12,0,0,0,0,0,0,0,5.32,0,0,0.5,0,0,0,0,0,0.67,0,0.55,0,0,0.01,0,0,0.15
11/30/1966,0.4,0.22,0,0,0.53,0,1.06,0,1.96,0,0.03,0,0.21,0.27,0.62,1.23,0.03,3.89,0.03,0,0.08,0.04,1.17,6.68,0,0.41,2.55,11.75,0.4,0.04,0,0,1.35,14.68,0,0,0.25,0.26,17.05,0.02,0,0.16,0,13.27,1.1,0.17,1.88,0.17,0.44,29.78,3.9,0.02,0,0.68,0.24,4.31,1.02,2.95,0,0,0.02,0.21,0.57,23.83,0,0.21,1.71,0.04,0.38,0.04,0.01,0,7.59,0,0.36,0.09,2.04,0.05,0.44,0.02,1.67
12/31/1966,3.31,1.15,2.86,4.04,3.48,2.76,5.64,0.22,3.65,1.2,1.14,3.61,1.96,1.18,3.77,3.35,1.06,34.42,1.09,0.76,3.19,1.69,22.97,20.39,0.21,7.05,4.89,25.68,15.54,1.7,0,0.42,17.77,54.05,0.42,0,1.77,10.99,33.76,0.2,0.4,0.83,0.9,111.35,6.16,1.1,5.75,0.56,2.35,212.16,9.79,0.23,0.72,14.13,1.2,21.39,3.48,27.93,0.48,1.13,0.49,1.96,1.49,107.42,0.38,0.71,8.53,0.19,0.99,2.89,0.68,0.35,24.11,0.96,6.85,0.89,27.03,1.06,4.2,0.69,5.32
1/31/1967,6.82,0.9,3.36,3.65,3.14,3.7,4.4,1.65,2.43,9.14,0.87,16.04,4.09,1.2,6.47,1.62,0.81,72.64,0.83,2.06,2.43,1.29,16.08,11.47,1.96,26.96,15.4,9.77,11.87,1.3,0,3.2,9.27,27.58,3.21,0,4.47,24.34,11.11,2.24,3.04,1.79,1.2,58.67,5.59,0.99,3.23,0.52,1.83,92.65,5.27,10.9,10.08,12.35,0.51,9.05,2.38,58.38,3.65,8.62,0.56,4.09,2.05,85.99,2.9,0.66,8.57,0.4,1.37,2.19,0.79,2.68,13.57,4.09,2.97,1.86,26.23,0.92,8.77,0.52,3
2/28/1967,4.3,0.81,1.28,1.39,2.35,1.44,3.96,0.32,3.24,1.78,0.62,2.07,1.2,1.44,2.68,2.34,0.57,46.83,0.59,0.27,1.73,0.92,1.75,8.93,0.48,8.64,2.94,10.7,8.45,0.92,0,0.62,7.65,25.73,0.63,0,2.53,10.25,11.54,0.42,0.59,2.1,0.47,53.51,6.26,0.74,2.52,0.62,1.65,103.74,7.21,29.1,2.32,13.02,0.88,15.59,3.12,17.1,0.71,1.68,0.54,1.2,2.12,66.7,0.56,0.78,7.67,0.48,1.41,2.5,1.03,0.52,15.26,0.44,4.36,0.54,20.49,0.97,2.57,0.37,3.37
3/31/1967,8.33,2.08,0.51,4.04,6.45,2.89,10.17,0.68,7.05,3.78,1.81,5.86,3.35,2.75,7.66,6.96,1.68,87.23,1.73,2,5.06,2.68,2.02,21.84,1.3,20.05,9.04,29.85,24.69,2.7,0,1.32,18.69,55.92,1.33,0,5.99,8.33,32.72,0.62,1.26,4.58,0.94,162.72,13.49,2.04,6.16,1.21,4.23,245.04,14.88,16.58,3.99,26.41,2.06,36.57,6.88,47.83,1.51,3.56,0.89,3.35,4.42,186.73,1.2,1.54,15.86,1.04,2.95,5.01,1.92,1.11,33.39,1.05,13.11,1.52,56.98,1.97,7.19,1.09,7.37
4/30/1967,10.31,1.86,4.95,14.46,5.55,11.87,9.1,0.91,5.11,5.05,4.62,18.36,7.51,2.01,9.75,2.48,4.28,110.15,4.41,8.4,12.89,6.82,7.22,24.96,1.11,44.15,10.68,11.05,62.9,6.88,0,1.77,71.02,42.47,1.77,40,6.3,43.91,14.7,0.67,1.68,3.88,3.86,214.26,14.76,1.75,7.04,2.18,3.79,261.37,8.47,1.9,7.74,20.94,0.9,16.02,4.9,107.27,2.01,4.76,3.36,7.51,5.63,218.55,1.6,2.77,16.67,0.88,3.75,14.52,3.37,1.48,30.98,1.62,6.06,3.41,61.52,1.56,16.12,2.77,6.85
5/31/1967,10.61,3.61,0.36,1.76,11.2,0.84,17.61,0.19,31.35,1.06,1.49,0.88,1.79,6.23,18.86,19.18,1.38,101.01,1.43,0.13,4.17,2.21,0.54,85.25,0.5,9.71,1.06,56.29,20.33,2.22,0,0.37,25,246.94,0.37,180,5.87,0,101.39,0.2,0.35,7.5,0.27,366.05,22.28,3.54,24.05,11.79,7.33,675.94,18.97,0.21,2.03,53.04,4.09,72.57,22.53,25.62,0.42,1,0.5,1.79,18.13,243.4,0.34,15,25.51,1.7,12.09,1.78,0.16,0.31,124.46,0.38,37.82,0.81,106.57,3.96,3.85,0.9,27.47
6/30/1967,4.56,1.79,0.05,0.22,9.98,0.12,8.75,0.03,52.48,0.16,0.41,0.2,0.54,2.55,8.99,23.95,0.38,43.66,0.39,0.01,1.15,0.61,0.11,101.23,0.23,3.18,2.48,53.93,5.61,0.61,0,0.06,8.47,350.74,0.06,150,1.56,0,136.64,0,0.05,2.19,0.04,430.76,8.88,3.15,28.55,20.68,3.64,836.37,18.21,0.11,0.46,47,3.37,59.82,26.2,7.66,0.06,0.15,0.1,0.54,28.13,201.97,0.05,26.32,9,0.5,18.75,0.09,0.01,0.05,149.02,0.15,46.45,0.24,48.6,3.51,1.15,0.25,32.89
7/31/1967,1.17,0.52,0,0,3.34,0,2.56,0,38.74,0,0.08,0,0.15,0.63,2.26,7.71,0.08,11.22,0.08,0.01,0.24,0.12,0,33.88,0,0.71,0.39,30.04,1.15,0.13,0,0,1.69,268.32,0,80,0.39,0,79.18,0,0,0.21,0,240.07,3.48,1.06,9.56,18.26,1.07,605.07,11.24,3.48,0,16.33,0.56,9.91,7.18,2.14,0,0,0.03,0.15,16.61,94.91,0,23.24,3.05,0.05,11.07,0.01,0,0,66.89,0,17.88,0.07,17.37,1.22,0.32,0.05,14.76
8/31/1967,0.28,0.19,0,0,0.46,0,0.92,0,7.77,0,0.01,0,0.1,0.1,0.55,0.11,0.01,2.72,0.01,0,0.03,0.02,0,5.16,0,0.17,0.27,5.35,0.16,0.02,0,0,0,44.62,0,0,0.13,0,7.36,0,0,0.54,0,46.14,1.71,0.14,1.45,5.73,0.38,161.8,1.73,0,0,0,0.08,1.38,0.26,1.46,0,0,0.02,0.1,1.86,20.19,0,7.3,1.7,0.12,1.24,0.01,0,0,5.31,0,1.64,0.05,0,0,0.22,0.01,1.17
9/30/1967,0.22,0.12,0,0,1.22,0,0.61,0,3.45,0,0.01,0,0,0.22,0.59,0.03,0.01,1.79,0.01,0.02,0.02,0.01,0,0.58,0,0.13,0.2,0,0.08,0.01,0,0,0.5,12.19,0,0,0.15,0,0,0,0,0.77,0,15.91,1.17,0.39,0.16,1.9,0.25,70.96,0.05,0,0,0,0.09,1.51,0.21,0.05,0,0,0.03,0,0.66,8.07,0,2.42,1.33,0.17,0.44,0.01,0,0,0.06,0,2.43,0,0,0,0.01,0,0.01
10/31/1967,0.24,0.08,0,0,0,0,0.39,0,2.37,0,0.02,0,0.08,0.11,0.03,0.06,0.01,2.67,0.01,0.03,0.04,0.02,0,0,0,0.28,0.23,0,0.21,0.02,0,0,0.66,4.1,0,0,0.13,0,0,0,0,0.64,0,0,1.24,0,0,2.54,0.16,29.12,0.16,0.01,0,0,0.07,1.31,1.92,1.21,0,0,0.03,0.08,0.57,5.83,0,3.23,1.64,0.15,0.38,0,0,0,1.24,0,0.11,0.04,0,0,0.18,0.01,0.27
11/30/1967,0.31,0.12,0.04,0,0.35,0,0.59,0,1.94,0,0.04,0,0.13,0.14,0.26,0.05,0.04,3.35,0.04,0,0.11,0.06,0,1.08,0,1.1,0.49,0.67,0.54,0.06,0,0,0.83,4.25,0,30,0.15,0.12,0.97,0,0,0.59,0,7.93,0.89,0.11,0.3,0,0.25,23.82,0.29,0.06,0,0,0.03,0.59,1.26,1.87,0,0,0.04,0.13,0.76,5.23,0,0,1.46,0.13,0.51,0,0,0,1.59,0,0,0.06,0,0,0.28,0.02,0.35
12/31/1967,0.71,0.13,0.02,0.11,0.35,0,0.64,0,2.43,0,0.11,0.02,0.25,0.27,1.55,0.47,0.11,6.59,0.11,0.01,0.32,0.17,0.53,0.35,0.02,2.76,2.95,4.22,1.56,0.17,0,0,1.88,8.96,0,0,0.39,0,5.55,0.01,0,0.42,0,14.77,1.34,0.11,0.1,0.48,0.27,34.72,1.1,0.68,0.02,0.08,0.09,1.53,2.24,3.51,0,0,0.07,0.25,0.49,12.82,0,0.61,2.08,0.1,0.32,0,0,0,3.67,0,0.04,0.11,0.61,0.01,0.53,0.07,0.81
1/31/1968,1.51,0.24,0.01,0.16,0.82,0.03,1.16,0,1.78,0,0.11,2.24,0.59,0.29,2.66,0.89,0.11,14.9,0.11,0.01,0.32,0.17,3.09,2.66,0.12,6,5.47,5.67,1.56,0.17,0,0,1.5,11.62,0,0,0.96,0.34,6.45,0.34,0,0.45,0.01,17.99,1.8,0.26,0.75,0.4,0.48,37.41,1.3,1.85,0.58,1.83,0.16,2.77,1.34,8.41,0,0,0.09,0.59,0.65,23.42,0,0.51,2.46,0.1,0.43,0,0,0,5.73,0,0.08,0.27,4.66,0.14,1.26,0.07,1.26
2/29/1968,4.44,1,0.04,1.28,2.94,0.29,4.89,0,3.87,0,0.27,3.93,0.08,1.56,1.1,5.35,0.25,49.76,0.26,0.42,0.75,0.39,5.52,8.83,0.15,11.8,5.16,19.58,3.64,0.4,0,0,3.15,34.93,0,0,2.78,4.48,21.12,0.17,0,0.46,0.09,49.3,4.74,0.93,2.49,2,2.04,77.46,6.63,2.6,0.69,13.85,0.9,16.01,3.41,1.19,0,0,0.15,0.08,1.45,58.7,0,2.55,6.14,0.11,0.97,0,0,0,25.23,0,6.02,0.04,34.4,1.04,0.18,0.16,5.57
3/31/1968,3.62,0.97,0.02,1.02,2.85,0.21,4.73,0,5.35,0,0.25,2.01,1.12,1.36,3.15,3.89,0.23,38.36,0.23,0.51,0.69,0.36,3.17,9.99,0.11,8.93,5.45,14.71,3.35,0.37,0,0,3.5,33.88,0,0,2.14,2.9,16.13,0.11,0,0.94,0.07,50.19,5.36,0.9,2.82,1.71,1.97,84.97,2.98,0.79,0.54,9.69,0.91,16.2,4.34,16.01,0,0,0.13,1.12,3.28,57.92,0,2.17,5.61,0.21,2.18,0,0,0,25.48,0,7.82,0.51,20.45,0.72,2.41,0.15,5.63
4/30/1968,2.25,1.05,0.02,0.27,4.03,0.11,5.12,0,10.8,0,0.13,0.18,0.33,1.07,4.01,7.79,0.12,21.79,0.12,0,0.36,0.19,0.59,25.01,0.03,2.8,1.67,25.5,1.74,0.19,0,0,2.44,76.8,0,0,1.13,0.39,33.94,0.01,0,0,0.04,95.78,3.9,1.27,7.05,4.4,2.13,148.7,0.75,0,0.19,8.71,1.39,24.73,12.44,4.78,0,0,0.05,0.33,7.13,51.17,0,5.6,4.3,0,4.76,0,0,0,50.2,0,17.45,0.15,17.33,0.65,0.72,0.08,11.08
5/31/1968,1.17,0.61,0,0,4.34,0,3,0,21.5,0,0.05,0.01,0.16,0.72,7.76,7.99,0.05,5.69,0.05,0,0.15,0.08,0.19,27.8,0,1.3,1.01,28.78,0.74,0.08,0,0,0.86,164.26,0,0,0.4,0,51.84,0,0,0.06,0,123.65,1.88,1.37,7.84,10.35,1.25,236.1,0.24,0,0,6.39,1.02,18.12,13.09,2.3,0,0,0.01,0.16,14.16,42.76,0,13.17,2.23,0.01,9.44,0,0,0,78.27,0,21.85,0.07,0,0.48,0.35,0.03,17.27
6/30/1968,0.34,0.17,0,0,1.39,0,0.85,0,16.53,0,0.01,0,0.09,0.12,3.7,1.1,0.01,0.32,0.01,0,0.03,0.02,0,7.78,0,0.32,0.36,8.5,0.14,0.02,0,0,0,94.91,0,0,0.1,0,21.54,0,0,0.31,0,52.88,0.77,0.44,2.2,7.69,0.35,136.8,1.02,0,0,0.83,0.17,3.1,2.27,1.29,0,0,0,0.09,4.46,16.05,0,9.78,1.12,0.07,2.98,0,0,0,25.17,0,6.92,0.04,4.07,0.06,0.19,0.01,5.55
7/31/1968,0.28,0.04,0,0,0.21,0,0.18,0,3.55,0,0,0,0.04,0.3,0.93,0.04,0,2.19,0,0,0,0,0,1.53,0,0.01,0.23,0.29,0,0,0,0,0.09,13.62,0,0,0.08,0,0.76,0,0,0.73,0,12.39,0.51,0.07,0.43,1.85,0.07,49.61,0.06,2.14,0,0,0.04,0.79,0.05,0.64,0,0,0,0.04,0.91,3.99,0,2.36,0.59,0.16,0.6,0,0,0,2.51,0,1.65,0.02,0,0,0.1,0,0.55
8/31/1968,0.19,0.05,0,0,0.17,0,0.26,0,1.93,0,0,0,0.02,0.03,0.23,0.02,0,1.99,0,0,0,0,0,0.91,0,0,0.18,0,0,0,0,0,0,5.17,0,0,0.07,0,0,0,0,0.17,0,5.56,0.34,0.05,0.26,1.39,0.11,26.86,0,0,0,0,0,0.05,0,0.32,0,0,0,0.02,0.43,4.86,0,1.77,0.54,0.04,0.29,0,0,0,2.22,0,0.8,0.01,0,0,0.05,0,0.49
9/30/1968,0.08,0.03,0,0,0,0,0.17,0,1.26,0,0,0,0,0.13,0.24,0.01,0,0.52,0,0,0,0,0,0,0,0,0.12,0,0,0,0,0,0,3.36,0,0,0.05,0,0,0,0,0,0,5.08,0.31,0,0,3.5,0.07,10.65,0.07,0,0,0,0.01,0.18,0.42,0,0,0,0,0,1.79,1.2,0,4.46,0.45,0,1.19,0,0,0,1.18,0,0.28,0,0,0,0,0,0.26
10/31/1968,0.07,0.06,0.01,0,0,0,0.29,0,1.54,0,0,0,0.01,0.05,0.13,0.03,0,0.67,0,0,0,0,0,1.8,0,0.06,0.22,0.52,0,0,0,0,0.19,9.87,0,0,0.05,0,1.13,0,0,0,0,0,0.47,0,0.51,0,0.12,16.18,0.77,0.41,0,0.44,0.02,0.41,1.82,0.12,0,0,0,0.01,1.99,1.14,0,0,0.68,0,1.33,0,0.08,0,2.52,0,0.09,0,0,0.03,0.02,0,0.55
11/30/1968,0.53,0.39,0.02,0,1.17,0.02,1.9,0,2.93,0,0.03,0.07,0.21,0.32,0.75,2.98,0.03,5.19,0.03,0.01,0.09,0.05,0.39,7.87,0,0.99,1.36,13.5,0.44,0.05,0,0,1.17,33.92,0,0,0.32,0.17,19.58,0.01,0,0.45,0.01,22.14,1.42,0.37,2.22,0.71,0.79,40.92,7.61,6.31,0,3.77,0.23,4.11,2.24,3.04,0,0,0,0.21,3.42,13.83,0,0.9,1.66,0.1,2.28,0.02,0.01,0,14.17,0,1.09,0.1,2.75,0.28,0.46,0.02,3.13
12/31/1968,1.36,0.5,0.01,1.97,1.7,1.3,2.46,0,2.13,0,0.33,5.49,1.09,0.54,1.52,1.23,0.31,14.14,0.32,0.86,0.93,0.49,3.47,7.45,0,5.2,4.65,8,4.54,0.5,0,0,3.54,20.27,0,0,0.7,6.15,10.52,0.03,0,0.88,0.42,38.2,2.1,0.54,2.1,0.99,1.02,52.37,3.29,23.97,0,4.12,0.13,2.39,1.46,15.58,0,0,0.18,1.09,0,42.27,0,1.25,3.07,0.2,0,0.21,0.05,0,6.9,0,2.99,0.5,15.77,0.31,2.34,0.2,1.52
1/31/1969,18.79,3.58,12.87,26.35,11.21,24.94,17.48,3.09,4.26,17.12,5.35,20.72,10.75,5.78,15.9,4.89,4.95,199.9,5.11,12.47,14.94,7.91,34.31,49.72,2.65,54.09,13.1,39.49,72.86,7.97,0,5.99,66.48,69.74,6.01,35,12.17,53.18,44.89,1.4,5.7,9.47,8.1,347.47,27.48,3.54,14.02,2.4,7.28,397.86,19.7,64.15,10.04,39.5,2.42,43.05,3.79,153.58,6.83,16.14,5.41,10.75,1.73,420.22,5.43,3.05,40.67,2.15,1.16,15.28,5.21,5.02,46.53,9.41,9.25,4.88,141.96,2.95,23.08,3.21,10.27
2/28/1969,10.14,1.92,14.83,19.42,5.47,15.64,9.37,3.73,3.45,20.66,5.54,20.62,7.5,2.2,9.11,1.59,5.14,108.26,5.29,7.64,15.48,8.2,18.95,23.27,4.89,45.21,14.66,10.3,75.53,8.26,0,7.23,74.86,28.45,7.25,160,6.54,47.8,11.11,1.68,6.87,2.89,5.08,217.79,13.42,1.73,6.56,1.6,3.9,238.21,10.68,6.7,11.73,16.57,0.71,12.53,2.99,107.18,8.24,19.47,5.55,7.5,1.59,232.81,6.55,2.04,18.92,0.65,1.06,17.27,5.27,6.06,21.23,5.75,3.63,3.41,80.65,1.24,16.11,3.33,4.68
3/31/1969,6.88,1.62,3.85,8.41,5.12,4.76,7.91,1.16,4.63,6.41,3.52,5.59,3.58,2.47,6.93,2.94,3.26,71.87,3.36,1.63,9.84,5.21,7.81,22.54,2.41,20.85,4.44,15.65,48,5.25,0,2.24,46.03,42.19,2.25,250,4.34,13.48,17.16,0.8,2.13,4.06,1.55,165.19,11.54,1.62,6.36,1.2,3.29,229.32,8.15,0.01,5.52,17.92,0.96,17,5.17,51.14,2.55,6.04,4.41,3.58,4.84,186.34,2.03,1.52,15.13,0.92,3.23,9.25,1.4,1.88,24.69,2.1,6.3,1.63,50.79,1.34,7.69,2.12,5.46
4/30/1969,9.41,2.82,0.47,5.4,10.31,3.37,13.75,0.2,17.84,1.09,2.02,2.79,2.37,5.04,15.99,10.9,1.87,90.32,1.93,0.42,5.63,2.98,4.2,62.3,0.64,13.19,4.78,41.3,27.48,3.01,0,0.38,29.15,123.41,0.38,260,5.72,2.96,54.98,0.09,0.36,7.25,1.09,265.36,22.17,3.26,17.57,3.29,5.73,471.52,16.77,0,1.34,41.64,3.14,55.72,15.79,33.83,0.44,1.03,1.45,2.37,8.31,268.79,0.35,4.19,25.31,1.64,5.54,2.13,0.17,0.32,69.8,0.49,23.57,1.08,87.35,3.11,5.08,1.21,15.42
5/31/1969,6.62,2.86,0.02,0.85,11.46,0.19,13.98,0.02,62.59,0.13,0.58,0.17,0.68,4.16,12.73,31.28,0.54,63.08,0.55,0.01,1.62,0.85,0.76,106.24,0.17,3.7,0.89,88.54,7.88,0.86,0,0.04,11.15,426.83,0.04,270,2.36,0,159.47,0,0.04,5.07,0.06,567.25,14.3,3.62,29.96,21.74,5.82,1104.2,25.42,0,0.36,70.61,4.9,87.07,50.91,9.77,0.05,0.12,0.36,0.68,34.26,285.08,0.04,27.67,15.44,1.15,22.84,0.21,0.02,0.04,182.54,0.19,64.78,0.31,41.59,5.28,1.47,0.35,40.29
6/30/1969,2.13,0.84,0,0.33,5.56,0,4.1,0,54.86,0,0.22,0,0.3,1.17,4.17,16.95,0.2,20.47,0.21,0.01,0.6,0.32,0.12,60.71,0.06,1.62,0.66,48.3,2.95,0.32,0,0,5.48,380.15,0,280,0.66,0,122.37,0,0,1.73,0,401.1,4.96,1.76,17.12,19.5,1.71,881.29,17.78,0,0.07,41.55,2.05,36.48,22.87,4.24,0,0,0.12,0.3,25.68,165.43,0,24.82,4.54,0.39,17.12,0.03,0,0,123.23,0,36.45,0.13,2.45,3.11,0.64,0.13,27.19
7/31/1969,0.52,0.34,0,0.08,1.41,0,1.65,0,23.82,0,0.07,0,0.14,0.36,0.92,2.45,0.06,4.98,0.06,0.01,0.18,0.1,0,17.77,0.01,0.48,0.39,19.2,0.89,0.1,0,0,1.27,198.99,0,120,0.21,0,50.61,0,0,0,0,146.88,3.06,0.45,5.01,13.4,0.69,470.04,7.68,0.56,0,5.59,0.19,3.44,3.54,2,0,0,0.04,0.14,9.28,47.31,0,17.05,2.32,0,6.19,0.01,0,0,34.99,0,10.03,0.06,2.6,0.42,0.3,0.04,7.72
8/31/1969,0.2,0.18,0,0.01,0.85,0,0.9,0,5.82,0,0.01,0,0.06,0.2,0.49,0.04,0.01,1.7,0.01,0,0.03,0.02,0,3.2,0,0.09,0.27,1.22,0.15,0.02,0,0,1.35,29.64,0,0,0.12,0,1.68,0,0,0.77,0,28.08,2.51,0.27,0.9,3.48,0.37,143.59,1.32,0,0,0,0.01,0.2,1.8,0.81,0,0,0.07,0.06,1.7,22.26,0,4.43,1.26,0.17,1.13,0.01,0,0,3.92,0,1.07,0.03,0,0,0.12,0.01,0.86
9/30/1969,0.13,0.08,0,0,0,0,0.38,0,2.89,0,0.01,0,0.06,0.06,0.36,0.01,0.01,1.09,0.01,0,0.02,0.01,0,0,0,0.08,0.2,0.19,0.09,0.01,0,0,0.76,5.17,0,0,0.09,0,0.24,0,0,0.93,0,8.84,1.85,0,0,1.66,0.16,44.58,0.52,0,0,0,0.04,0.67,2.87,0.89,0,0,0.1,0.06,0.52,7.58,0,2.11,1.04,0.21,0.35,0.01,0,0,1.11,0,0,0.03,0,0,0.13,0,0.24
10/31/1969,0.27,0.14,0,0.04,0.29,0,0.7,0,2.9,0,0.04,0.13,0.1,0.11,0.1,0.66,0.04,2.93,0.04,0.01,0.11,0.06,0,2.06,0,0.43,1.13,3.81,0.56,0.06,0,0,0.93,10.39,0,0,0.17,0,8.24,0.01,0,0.73,0,18.95,1.88,0.09,0.58,1.17,0.29,35.29,2.01,0.18,0,0.3,0.08,1.34,1.86,1.37,0,0,0.12,0.1,0,16.05,0,1.49,1.49,0.17,0,0.05,0,0,4.78,0,1.59,0.04,0,0.02,0.21,0.02,1.05
11/30/1969,0.45,0.24,0,0.39,0.7,0,1.15,0,2.34,0,0.06,0.49,0.25,0.31,0.54,0.7,0.06,4.47,0.06,0.02,0.18,0.1,0.1,0.59,0.02,1.08,0.97,3.59,0.88,0.1,0,0,1.04,11.84,0,0,0.23,0.08,5.2,0,0,0.6,0,18.93,1.7,0.22,0.17,1.32,0.48,33.89,2.19,0.54,0,0.52,0.09,1.52,0.59,3.57,0,0,0.16,0.25,1.39,18.64,0,1.68,1.65,0.14,0.93,0.17,0,0,4.41,0,1.74,0.11,1.3,0.04,0.54,0.04,0.97
12/31/1969,2.47,0.71,0,0.89,2.52,0,3.49,0,3.34,0,0.12,2.5,0.98,0.86,2.94,4.92,0.11,25.58,0.11,0.21,0.32,0.17,4.97,10.21,0.11,6.45,8.95,19.64,1.57,0.17,0,0,1.91,23.82,0,0,1.38,0.89,25.82,0.05,0,0,0,33.92,2.96,0.79,2.88,1.29,1.45,47.72,8.52,10,0.98,15.48,0.8,14.29,1.96,14.02,0,0,0.2,0.98,1.92,42.94,0,1.64,4.03,0,1.28,0.36,0.01,0,22.16,0,3.49,0.45,17.65,1.16,2.11,0.07,4.89
1/31/1970,17.07,3.72,5.61,8.3,11.54,4.66,18.18,0.9,9.02,4.99,1.56,17.57,6.59,7.1,15.35,13.47,1.44,178.78,1.49,3.36,4.35,2.3,24.8,49.49,1.11,36.39,14.08,42.2,21.23,2.32,0,1.75,16.61,70.71,1.75,92,11.07,31.8,47.97,0.93,1.66,5.51,1.51,155.72,24.02,3.64,13.96,1.77,7.57,160.32,25.75,11.57,11.84,53.78,3.21,56.95,9.6,94.21,1.99,4.7,1.41,6.59,3.6,246.58,1.58,2.26,28.41,1.25,2.4,2.72,0.86,1.46,72.61,2.29,15.8,3,121.59,4.02,14.16,0.94,16.03
2/28/1970,5.26,1.04,0.62,2.05,2.99,0.93,5.08,0.12,6.56,0.65,0.53,3.44,1.71,1.95,5.94,3.09,0.49,54.29,0.5,1,1.47,0.78,4.1,21.14,0.4,11.52,3.15,10.65,7.18,0.79,0,0.23,5.32,26.58,0.23,42,3.29,4.59,11.49,0.31,0.22,2.11,0.3,69.41,8.99,0.94,5.96,0.71,2.12,82.38,4.71,3.35,2.5,13.11,1.03,18.25,3.83,24.36,0.26,0.61,0.69,1.71,1.93,85.22,0.21,0.91,10.09,0.48,1.29,0.98,0.87,0.19,32.95,0.16,5.9,0.77,33,0.98,3.66,0.32,7.27
3/31/1970,6.26,1.07,1.18,5.16,5.4,3.56,5.22,0.73,8.03,4.04,1.35,5.09,3,1.9,11.53,4.48,1.26,60.85,1.29,1.53,3.78,2,4.64,27.88,1.04,19.39,3.79,17.08,18.46,2.02,0,1.41,16.62,40.97,1.42,0,3.63,16.01,18.72,0.21,1.35,2.52,1.16,111.89,9.2,1.71,7.86,1.76,2.17,139.73,4.05,0,2.2,13.24,1.17,20.73,6.84,42.91,1.61,3.81,1.55,3,3.74,114,1.28,2.24,11.53,0.57,2.49,2.36,0.23,1.18,31.89,1.22,8.93,1.36,29.5,0.99,6.45,0.81,7.04
4/30/1970,2.25,0.58,0,0.58,0.73,0.04,2.85,0.02,10.68,0.13,0.28,0.72,0.63,1.06,4.62,5.47,0.26,21.44,0.27,0,0.79,0.42,0.68,28.98,0.19,4.19,1.01,17.48,3.83,0.42,0,0.04,3.87,52.09,0.04,0,0.81,1.09,23.27,0,0.04,0.98,0.01,90.91,5.3,0.23,8.18,3.25,1.19,148.48,3.87,0,0.52,11.78,1.29,22.84,10.66,9.01,0.05,0.12,0.21,0.63,7.95,68.48,0.04,4.14,5.37,0.22,5.3,0.36,0.03,0.04,37.74,0.1,13.29,0.29,7.29,0.88,1.35,0.17,8.33
5/31/1970,2.09,0.96,0,0.26,5.33,0,4.68,0,26.75,0,0.13,0.11,0.35,1.16,4.35,16,0.12,19.81,0.13,0,0.37,0.2,0.16,53.48,0.05,2.04,0.69,39.63,1.82,0.2,0,0,2.07,214.55,0,0,0.7,0,71.38,0,0,0.64,0,221.33,4.35,1.68,15.08,11.28,1.95,381.36,10.11,0,0.19,28.72,1.96,34.81,24.07,5.06,0,0,0.08,0.35,20.34,84.94,0,14.36,3.82,0.15,13.56,0.06,0,0,104.97,0,30.78,0.16,0,2.15,0.76,0.08,23.17
6/30/1970,0.83,0.42,0,0.05,2.98,0,2.06,0,25.72,0,0.05,0.04,0.22,0.49,1.75,8.03,0.05,7.8,0.05,0,0.14,0.07,0,37.16,0,0.93,1.39,22.39,0.69,0.08,0,0,1.09,205,0,0,0.25,0,56.72,0,0,0.98,0,129.99,2.25,0.94,10.48,12.01,0.86,284.87,9.17,0,0,16.93,0.59,10.46,9.59,3.19,0,0,0.04,0.22,13.19,52.17,0,15.29,2.29,0.22,8.79,0.01,0,0,70.08,0,17.14,0.1,4.37,1.27,0.48,0.03,15.46
7/31/1970,0.31,0.12,0,0.01,0.32,0,0.59,0,9.22,0,0.01,0.01,0.13,0.05,0.61,0.4,0.01,3.11,0.01,0,0.02,0.01,0,0.7,0,0.27,0.3,3.01,0.09,0.01,0,0,0.12,53.61,0,0,0.11,0,7.93,0,0,0.82,0,34.34,2.1,0.1,0.2,5.06,0.25,113.77,2.87,0.14,0,0.19,0.09,1.57,2.32,1.9,0,0,0,0.13,1.87,30.71,0,6.44,1.27,0.18,1.24,0,0,0,11.38,0,2.13,0.06,0,0.01,0.29,0,2.51
8/31/1970,0.26,0.09,0,0,0.6,0,0.42,0,2.65,0,0,0,0.06,0,0.5,0.03,0,2.59,0,0,0,0,0,1.43,0,0.05,0.21,0,0,0,0,0,0,6.23,0,0,0.11,0,0,0,0,0.91,0,9.19,0.97,0.19,0.4,1.32,0.17,42.56,1.67,0,0,0,0.04,0.78,2.02,0.86,0,0,0,0.06,0.8,16.55,0,1.67,0.81,0.21,0.53,0,0,0,0.26,0,0.02,0.03,0,0,0.13,0,0.06
9/30/1970,0.19,0.03,0,0,0,0,0.17,0,1.75,0,0,0,0.05,0,0.52,0.01,0,1.69,0,0.01,0,0,0,0,0,0.04,0.15,0,0,0,0,0,0,1.54,0,0,0.13,0,0,0,0,0,0,4.42,0.6,0,0,0.51,0.07,15.02,0,0,0,0,0.02,0.32,0.8,0.66,0,0,0,0.05,1.32,10.07,0,0.64,0.63,0,0.88,0,0,0,0.82,0,0.05,0.02,0,0,0.1,0,0.18
10/31/1970,0.13,0.04,0,0,0,0,0.2,0,1.7,0,0,0.04,0.04,0.03,0.38,0.01,0,1.09,0,0.01,0,0,0,0.2,0,0.22,0.23,0,0,0,0,0,0.1,0.34,0,0,0.09,0,0,0,0,0.54,0,2.81,0.61,0,0.06,0.37,0.08,11.43,0.4,0.03,0,0.17,0.05,0.87,0.02,0.56,0,0,0.02,0.04,0.77,10.37,0,0.48,0.77,0.12,0.51,0,0,0,1.61,0,0,0.02,0,0.01,0.08,0,0.35
11/30/1970,1.51,0.41,0.05,0.07,1.42,0.03,2,0,2.78,0,0.07,2.08,0.85,0.39,0.44,2.67,0.06,17.17,0.07,0.09,0.19,0.1,5.69,7.12,0.1,3.18,6,11.87,0.93,0.1,0,0,1,17.49,0,0,0.77,2.47,17.23,0.3,0,0.46,0.01,19.64,1.51,0.45,2.01,0.63,0.83,40.55,5.6,0.05,0.28,3.19,0.34,6.09,0.68,12.13,0,0,0.06,0.85,0.52,39.88,0,0.8,2.61,0.1,0.35,0.07,0.01,0,12.46,0,1.05,0.39,7.5,0.24,1.82,0.04,2.75
12/31/1970,5.76,0.71,3.45,2.61,2.39,1.55,3.49,0.36,2.75,1.98,0.54,9.52,3.5,0.77,2.39,2.02,0.5,64.88,0.52,1.51,1.52,0.8,16.59,10.26,0.73,16.66,11.14,11.15,7.4,0.81,0,0.69,5.93,27.93,0.7,0,3.59,22.07,14.66,0.71,0.66,1.75,0.5,54.49,4.77,0.75,2.89,0.59,1.45,72.87,5.29,0.43,4.91,11.46,0.38,6.73,0.72,50.04,0.79,1.87,0.36,3.5,0.96,69.19,0.63,0.75,7.27,0.4,0.64,0.55,0.21,0.58,16.4,0.84,2.23,1.59,23.5,0.86,7.52,0.33,3.62
1/31/1971,3.65,0.81,1.9,1.06,2.45,0.48,3.95,0.24,3.78,1.34,0.42,3.83,1.62,0.98,12.48,4.81,0.39,29.46,0.4,0.37,1.17,0.62,5.71,5.37,0.46,10.79,2.52,13.49,5.72,0.63,0,0.47,5.91,30.22,0.47,0,2.53,5.52,15.34,0.31,0.44,1.2,0.16,48.67,5.02,0.77,1.52,2.44,1.64,75.89,7.63,0.42,2.39,14.49,0.65,11.48,1.72,23.17,0.53,1.26,0.17,1.62,1.75,61.22,0.42,3.11,6.49,0.27,1.17,0.6,0.26,0.39,17.3,0.37,4.59,0.74,24.55,1.08,3.48,0.25,3.82
2/28/1971,2.6,0.76,0.3,0.34,2.49,0.08,3.71,0.04,4.55,0.2,0.19,1.07,0.53,1.21,4.83,2.7,0.18,24.63,0.19,0.04,0.54,0.29,1.11,4.14,0.16,5.86,1.48,11.34,2.64,0.29,0,0.07,2.94,25.51,0.07,0,1.7,0.57,12.24,0.11,0.07,0.98,0.03,39.3,4.77,0.79,1.17,1.88,1.54,73.84,6.69,1.38,0.71,11.61,0.79,14.08,2.29,7.53,0.08,0.19,0.11,0.53,2.26,44.96,0.06,2.4,5.18,0.22,1.51,0.35,0.11,0.06,16.98,0.06,5.03,0.24,17.73,0.87,1.13,0.12,3.75
3/31/1971,5.05,1.16,0.22,0.53,3.42,0.1,5.66,0.03,5.13,0.15,0.24,2.37,1.34,2.59,9.37,3.4,0.22,47.89,0.23,0.05,0.67,0.36,3.95,14.78,0.14,10.86,4.86,17.64,3.29,0.36,0,0.05,4.05,32.99,0.05,0,3.02,0.81,19.34,0.03,0.05,2.83,0.03,60.32,9.17,1.08,4.17,1.03,2.36,112.16,5.5,0.57,0.82,14.53,1.17,20.7,4.92,19.2,0.06,0.14,0.1,1.34,3.73,76.2,0.05,1.31,9.84,0.64,2.49,0.51,0.15,0.04,23.14,0.05,7.33,0.61,24,1.09,2.89,0.15,5.12
4/30/1971,4.42,1.44,0.06,0.24,5.38,0.01,7.01,0,10.75,0.02,0.15,0.88,0.61,2.16,3.76,7.12,0.14,46.15,0.15,0,0.43,0.23,1.06,29.76,0.12,7.18,1.92,22.4,2.08,0.23,0,0.01,2.18,62.58,0.01,0,2.87,0.33,29.81,0,0.01,1.94,0,99.86,8.34,1.7,8.39,2.57,2.92,174.83,6.81,0.04,0.46,19.85,1.76,31.2,12.42,8.65,0.01,0.02,0.05,0.61,7.06,79.46,0.01,3.27,8.75,0.44,4.71,0.42,0.06,0.01,47.3,0.01,16.13,0.28,30.53,1.48,1.3,0.09,10.44
5/31/1971,3.5,1.2,0.07,0.16,4.7,0,5.87,0,21.23,0.01,0.15,0.27,0.32,1.93,3.53,14.49,0.14,36.87,0.14,0,0.42,0.22,0.38,48.87,0.07,2.63,0.82,34.82,2.04,0.22,0,0,1.99,165.93,0,0,1.25,0,62.72,0,0,1.01,0,184.93,5.85,1.48,13.78,8.82,2.44,298.65,8.12,0,0.15,25.9,2.3,40.78,20.34,4.52,0,0.01,0.03,0.32,12.2,85.37,0,11.23,5.61,0.23,8.13,0.19,0.02,0,90.21,0.01,26.58,0.14,11.75,1.94,0.68,0.09,19.91
6/30/1971,1.6,0.62,0,0.06,3.97,0,3.01,0,34.01,0,0.04,0.07,0.22,0.9,1.42,13.53,0.04,17.04,0.04,0,0.12,0.06,0.03,33.8,0.02,1.02,0.42,30.25,0.59,0.06,0,0,0.64,257.22,0,0,0.5,0,76.64,0,0,0,0,183.23,2.68,1.25,9.53,14.82,1.25,371.99,10.08,0,0.01,25.74,0.92,16.34,13.25,3.08,0,0,0,0.22,19.61,54.1,0,18.87,2.49,0,13.07,0.01,0,0,104.93,0,24.06,0.1,1.3,1.92,0.46,0.03,23.15
7/31/1971,0.43,0.19,0,0,0.88,0,0.95,0,13.74,0,0,0.02,0.15,0.3,0.5,1.32,0,4.39,0,0,0.01,0,0,11.99,0,0.26,0.27,6.27,0.04,0,0,0,0,69.87,0,0,0.16,0,16.52,0,0,0.29,0,44.95,1.33,0.28,3.38,6.93,0.4,147.73,3.15,8.6,0,1.65,0.12,2.09,1.08,2.15,0,0,0,0.15,3.74,18.01,0,8.82,1.32,0.06,2.5,0,0,0,19.23,0,4.77,0.07,3.38,0.12,0.32,0,4.24
8/31/1971,0.13,0.09,0,0,0.51,0,0.43,0,3.34,0,0,0,0.06,0.11,0.41,0.04,0,1.03,0,0,0,0,0,1.34,0,0,0.19,0,0,0,0,0,0,9.91,0,0,0.07,0,0,0,0,0.22,0,7.01,0.65,0.16,0.38,1.43,0.18,53.85,0.62,0,0,0,0.04,0.67,0.64,0.91,0,0,0,0.06,1.72,9.71,0,1.82,0.82,0.05,1.14,0,0,0,3.27,0,1.22,0.03,0,0,0.14,0,0.72
9/30/1971,0.08,0.03,0,0,0,0,0.13,0,1.91,0,0,0,0.05,0.07,0.43,0.01,0,0.48,0,0,0,0,0,0,0,0,0.15,0,0,0,0,0,0,3.48,0,0,0.06,0,0,0,0,0,0,3.26,0.77,0,0,0.71,0.05,24.97,0.4,0,0,0,0.03,0.47,0.65,0.68,0,0,0,0.05,1.44,6.36,0,0.9,0.65,0,0.96,0,0,0,1.22,0,0.17,0.02,0,0,0.1,0,0.27
10/31/1971,0.14,0.05,0,0,0,0,0.25,0,1.89,0,0,0,0.01,0.07,0.26,0.02,0,1.37,0,0,0,0,0,0.5,0,0.2,0.16,0,0,0,0,0,0,2.19,0,0,0.09,0,0,0,0,1.11,0,1.59,0.66,0,0.14,0.48,0.1,15.44,0.81,0.01,0,0,0.01,0.17,0.81,0.14,0,0,0,0.01,0.13,3.99,0,0.61,0.87,0.25,0.08,0,0,0,3.14,0,0.29,0,0,0,0.02,0,0.69
11/30/1971,0.37,0.23,0,0,0.91,0,1.14,0,2.13,0,0.02,0.33,0.15,0.29,0.56,0.65,0.01,3.54,0.02,0,0.05,0.02,0,3.04,0,0.99,0.64,5.36,0.22,0.02,0,0,0.43,7.96,0,0,0.18,0.16,7.77,0,0,0.73,0,12.09,0.74,0.29,0.86,0.55,0.47,26.49,2.04,0.2,0,0.69,0.08,1.35,1.97,2.14,0,0,0,0.15,0.16,13.77,0,0.7,1.33,0.16,0.11,0,0,0,5.66,0,0.72,0.07,3.29,0.05,0.32,0.01,1.25
12/31/1971,2.03,0.51,0.11,1.18,1.76,0.34,2.48,0,2.62,0,0.2,4.89,1.73,0.61,2.94,1.63,0.18,20.51,0.19,0.24,0.56,0.29,4.78,7.17,0.01,6.45,3.79,7.15,2.71,0.3,0,0,2.74,16.81,0,0,1.24,6.52,9.41,0.02,0,0.78,0.11,39.65,2.92,0.56,2.02,0.5,1.03,58.73,2.57,0.3,0,4.46,0.14,2.46,2.18,24.75,0,0,0.02,1.73,0.43,43.05,0,0.64,4.62,0.18,0.28,0,0,0,9.26,0,0.6,0.79,19.01,0.33,3.72,0.12,2.04
1/31/1972,1.26,0.32,0.17,0.34,0.95,0.07,1.58,0,1.94,0,0.1,1.37,0.5,0.58,1.23,0.85,0.09,13.09,0.09,0.11,0.27,0.14,1.01,1.66,0.07,3.12,1.93,4.49,1.33,0.15,0,0,2.12,14.93,0,0,0.72,1.2,5.1,0.04,0,1.26,0.02,24.34,2.37,0.3,0.47,1.22,0.66,41.89,1.88,0.99,0,5.19,0.17,2.97,1.87,7.13,0,0,0.04,0.5,0.98,34.78,0,1.55,2.35,0.29,0.65,0,0,0,7.39,0,0.41,0.23,10.33,0.39,1.07,0.06,1.63
2/29/1972,2.64,0.57,0.17,0.97,1.87,0.36,2.79,0,2.23,0,0.22,2.96,1.3,1.02,2.7,1,0.2,27.37,0.21,0.32,0.6,0.32,3.22,6.42,0.08,6.85,2.49,7.64,2.95,0.32,0,0,3.38,16.47,0,0,1.73,3.65,8.24,0.04,0,1.29,0.12,33.5,4.17,0.59,1.81,0.33,1.16,51.42,3.14,0.34,0.33,6.33,0.32,5.74,2.16,18.53,0,0,0.09,1.3,1.37,45.55,0,0.42,4.38,0.29,0.92,0,0,0,10.07,0,2.14,0.59,19.6,0.47,2.79,0.13,2.22
3/31/1972,3.98,1.5,0.1,0.1,4.49,0,7.34,0,9.02,0,0.08,0.61,0.37,2.21,4.62,8.38,0.07,40.37,0.07,0,0.22,0.12,0.62,14.31,0.02,6.34,1.27,27.13,1.06,0.12,0,0,1.36,61.04,0,0,2.36,0.3,29.75,0,0,0.71,0,83.26,5.82,1.42,4.04,3.22,3.06,141.23,9.76,0.01,0.01,22.17,1.67,29.59,9.32,5.29,0,0,0.07,0.37,4.34,63.54,0,4.1,5.55,0.16,2.89,0,0,0,41.6,0,15.22,0.17,25.34,1.66,0.8,0.05,9.19
4/30/1972,2.97,1.02,0.07,0.1,3.79,0.04,4.98,0,8.58,0,0.07,0.56,0.37,1.69,6.65,6.77,0.07,26.84,0.07,0,0.21,0.11,0.69,27.16,0.01,4.37,2.06,20.22,1.01,0.11,0,0,1.7,56.05,0,0,1.81,0.43,26.91,0,0,0.86,0.01,81.24,4.46,1.2,7.66,2.46,2.07,126.77,2.7,0,0,12.19,1.33,23.62,12.69,5.22,0,0,0.03,0.37,6.22,52.51,0,3.13,4.17,0.19,4.14,0,0,0,40.95,0,14.38,0.17,16.33,0.91,0.78,0.04,9.04
5/31/1972,1.9,0.82,0,0,4.52,0,3.99,0,23.54,0,0.02,0.15,0.21,1.29,4.91,14.15,0.02,16.71,0.02,0,0.05,0.03,0.1,41.44,0,1.12,0.52,34.98,0.25,0.03,0,0,0.55,188.52,0,0,0.66,0,62.99,0,0,0,0,170.9,2.58,1.43,11.69,11.39,1.66,272.74,3.97,0,0,16.22,1.52,26.93,19.28,3.06,0,0,0,0.21,16.87,57.63,0,14.5,2.17,0,11.25,0,0,0,97.53,0,26.17,0.1,0,1.21,0.46,0.01,21.53
6/30/1972,0.54,0.27,0,0,1.98,0,1.3,0,21.29,0,0,0.03,0.11,0.37,1.43,3.89,0,4.77,0,0,0,0,0,17.98,0,0.27,0.66,16.11,0.01,0,0,0,0.05,137.18,0,0,0.16,0,40.81,0,0,0.57,0,102.08,0.74,0.63,5.07,9.89,0.54,218.34,3.19,0,0,5.86,0.24,4.25,5.33,1.55,0,0,0,0.11,8.97,25.44,0,12.59,1.05,0.13,5.98,0,0,0,44.67,0,12.21,0.05,0,0.44,0.23,0,9.86
7/31/1972,0.28,0.09,0,0,0.34,0,0.44,0,5.4,0,0,0,0.02,0.18,0.76,0.15,0,2.52,0,0,0,0,0,1.76,0,0.05,0.19,0.32,0,0,0,0,0,15.72,0,0,0.08,0,0.84,0,0,0.92,0,18.39,0.5,0.11,0.5,2.25,0.18,54.1,0.8,4.5,0,0,0.03,0.51,0.34,0.33,0,0,0,0.02,0.75,11.5,0,2.86,0.45,0.21,0.5,0,0,0,6.42,0,1.65,0.01,0,0,0.05,0,1.42
8/31/1972,0.26,0.02,0,0,0,0,0.09,0,2.21,0,0,0,0.02,0.1,0.64,0.02,0,2.35,0,0,0,0,0,0,0,0.01,0.13,0,0,0,0,0,0,2.24,0,0,0.1,0,0,0,0,0,0,5.2,0.24,0,0,0.64,0.04,20.38,0.09,0,0,0,0.01,0.19,0.79,0.28,0,0,0,0.02,1.15,9.16,0,0.81,0.32,0,0.77,0,0,0,1.26,0,0.62,0.01,0,0,0.04,0,0.28
9/30/1972,0.08,0.02,0,0,0,0,0.09,0,1.68,0,0,0,0.03,0.06,0.27,0.01,0,0.57,0,0,0,0,0,0,0,0,0.23,0,0,0,0,0,0,4.71,0,0,0.05,0,0,0,0,0.1,0,12.12,0.29,0,0,0,0.04,47.76,0.26,0,0,0,0,0.04,0.86,0.48,0,0,0,0.03,0.69,6.27,0,0,0.38,0.02,0.46,0,0,0,1.64,0,0,0.02,0,0,0.07,0,0.36
10/31/1972,0.15,0.09,0,0,0,0,0.46,0,1.92,0,0,0,0,0.08,0.3,0.09,0,1.38,0,0,0,0,0,0.93,0,0.15,2.63,0.55,0,0,0,0,0,5.4,0,0,0.1,0,1.19,0.02,0,0.53,0,6.39,0.46,0,0.26,1.97,0.19,20.92,1.2,0.02,0,0.15,0,0,0.72,0,0,0,0,0,0.5,4.24,0,2.51,0.61,0.12,0.33,0,0,0,3.6,0,0.83,0,0,0.01,0,0,0.79
11/30/1972,0.61,0.2,1.26,0.2,0.74,0.19,0.97,0.13,1.96,0.71,0.04,0.34,0.21,0.29,0.77,0.79,0.03,6.24,0.03,0.06,0.1,0.05,1.66,1.6,0.3,1.21,7,3.43,0.49,0.05,0,0.25,0.91,9.85,0.25,0,0.33,0.73,4.98,0.4,0.24,0.7,0.06,13.47,0.95,0.23,0.45,0.75,0.4,34.12,2.65,0.68,1,0.62,0.04,0.63,1.17,3.05,0.28,0.67,0.05,0.21,0.41,17.82,0.23,0.95,1.37,0.16,0.27,0.04,0.01,0.21,5.78,0.74,0.14,0.1,3.27,0.05,0.46,0.02,1.28
12/31/1972,1.45,0.45,0.22,1.57,1.35,0.53,2.18,0,3.63,0,0.09,1.08,0.48,0.58,1.74,4.42,0.09,14.97,0.09,0.72,0.26,0.14,2.21,5.6,0.12,3.96,3.85,11.43,1.29,0.14,0,0,1.86,24.74,0,0,0.74,1.58,15.02,0.11,0,0.3,0.17,30.35,1.98,0.43,1.58,0.72,0.91,47.88,5.57,11.49,0.46,9.24,0.33,5.81,2.11,6.91,0,0,0.17,0.48,1.33,35,0,0.91,2.51,0.07,0.88,0.15,0.02,0,14.05,0,1.49,0.22,12.56,0.69,1.04,0.06,3.1
1/31/1973,10.34,1.17,4.07,5.49,9.57,4.37,5.71,0.89,3.12,4.92,0.63,13.31,4.98,2.77,8.89,2.49,0.58,110.42,0.6,2.49,1.75,0.93,27.94,8.33,1.29,28.59,16.59,10.57,8.55,0.94,0,1.72,7.91,24.22,1.73,0,6.58,27.12,12.02,1.32,1.64,0.51,1.42,65.04,6.83,3.02,2.35,0.91,2.38,82.08,8.29,26.54,9.02,16.87,0.58,10.33,1.56,71.1,1.96,4.64,0.11,4.98,3.23,92.37,1.56,1.16,10.69,0.12,2.15,1.46,0.36,1.44,21.93,2.57,3.06,2.26,46.78,1.26,10.69,0.38,4.84
2/28/1973,8.32,1.36,9.07,11.69,11.7,10.54,6.62,2.38,2.25,13.18,2.65,14.69,6.06,0.79,8.1,1.38,2.45,89.1,2.53,6.93,7.39,3.91,16.78,7.38,4.2,27.05,10.77,8.36,36.06,3.94,0,4.61,34.62,21.5,4.62,0,5.48,37.83,9.02,1.32,4.39,3.67,3.42,123.72,9.36,3.7,2.08,0.71,2.76,131.87,7.28,2.02,9.32,11.44,0.38,6.71,1.75,86.6,5.25,12.42,2.53,6.06,1.79,145.59,4.18,0.9,12.45,0.83,1.2,6.82,2.55,3.86,17.4,4.24,2.42,2.75,56.76,0.85,13.02,1.59,3.83
3/31/1973,7.28,1.34,3.89,10.54,10.52,13.01,6.54,0.69,2.96,3.83,2.24,6.51,3.76,1.85,9.76,1.73,2.07,74.25,2.14,4.54,6.25,3.31,9.36,11.44,1.88,17.71,7.09,10.28,30.48,3.33,0,1.34,30.55,24.96,1.34,0,4.65,27.79,11.27,0.69,1.27,3.95,4.23,114.56,9.59,3.32,3.23,0.81,2.72,135.12,4.56,0,6.78,11.71,0.66,11.8,3.73,53.65,1.53,3.61,2.57,3.76,2.79,125.58,1.21,1.03,12.19,0.89,1.86,5.39,1.16,1.12,19.52,1.25,3.39,1.71,46.39,0.88,8.06,1.34,4.32
4/30/1973,4.73,1.76,0.43,3.19,4.84,0.27,8.58,0.13,11.22,0.73,0.82,1.41,1.12,2.31,8.93,9.34,0.76,45.23,0.78,0.2,2.29,1.21,1.7,37.38,0.57,7.13,1.81,29.9,11.18,1.22,0,0.26,13.5,80.63,0.26,0,2.42,2.08,39.8,0.11,0.24,2.91,0.09,134.4,10.03,1.53,10.54,3.61,3.57,253.84,8.57,0,1.45,23.67,2.18,38.64,13.49,16.03,0.29,0.69,0.7,1.12,7.77,108.59,0.23,4.6,12.23,0.66,5.18,1.41,0.14,0.21,51.31,0.31,17.64,0.51,40.77,1.77,2.41,0.49,11.33
5/31/1973,3.78,1.87,0.12,1.15,0.8,0,9.13,0.01,44.07,0.06,0.25,0.12,0.39,2.12,7.8,24.41,0.23,35.8,0.24,0.01,0.69,0.37,0.37,87.48,0.27,2.49,0.95,65.89,3.38,0.37,0,0.02,4.89,327.36,0.02,0,1.31,0,118.68,0,0.02,3.6,0,386.47,8.77,0.25,24.68,18.27,3.8,713.7,13.99,0,0.51,41.45,3.53,62.75,35.52,5.6,0.03,0.06,0.2,0.39,22.23,143.1,0.02,23.25,8.04,0.82,14.82,0.1,0.01,0.02,150.69,0.09,47.19,0.18,17.25,3.1,0.84,0.15,33.26
6/30/1973,0.94,0.41,0,0.16,1.94,0,2.02,0,31.35,0,0.05,0.07,0.23,0.58,1.98,6.91,0.05,8.86,0.05,0,0.15,0.08,0.02,30.4,0.06,0.73,0.59,26.38,0.73,0.08,0,0,1.15,239.48,0,0,0.29,0,66.84,0,0,0.96,0,209.27,2.52,0.61,8.58,12.94,0.84,472.37,7.42,0,0.01,12.22,0.79,14.01,8.75,3.29,0,0,0.1,0.23,14.05,67.62,0,16.47,2.37,0.22,9.37,0.01,0,0,59.5,0,16.51,0.1,0,0.91,0.49,0.03,13.13
7/31/1973,0.28,0.13,0,0.03,0,0,0.64,0,7.03,0,0,0.02,0.24,0.12,0.52,0.47,0,2.69,0,0,0.01,0.01,0,6.16,0.01,0.14,0.39,1.4,0.05,0.01,0,0,0,34.2,0,0,0.11,0,3.68,0,0,1.27,0,39.72,0.96,0,1.74,4.18,0.27,134.8,1.43,0.22,0,0,0.08,1.47,0.5,3.46,0,0,0.06,0.24,1.6,18.07,0,5.32,0.93,0.28,1.06,0,0,0,6.01,0,1.9,0.11,0,0,0.52,0,1.33
8/31/1973,0.25,0.05,0,0,0,0,0.25,0,3.21,0,0,0,0.15,0.04,0.52,0.02,0,2.41,0,0,0,0,0,1.87,0,0,0.27,0,0,0,0,0,0,9.45,0,0,0.11,0,0,0,0,0,0,18.53,0.46,0,0.53,0.85,0.1,50.52,1.86,0,0,0,0.04,0.63,0.69,2.08,0,0,0.06,0.15,0.69,10.26,0,1.09,0.48,0,0.46,0,0,0,0,0,0.55,0.07,0,0,0.31,0,0
9/30/1973,0.14,0.05,0,0,0,0,0.22,0,2.13,0,0,0,0.04,0.05,0.4,0.01,0,1.22,0,0,0,0,0,1.5,0,0,0.27,0,0,0,0,0,0,0.1,0,0,0.1,0,0,0,0,0,0,6.71,1.13,0,0.42,0.6,0.09,19.66,0,0,0,0,0.02,0.27,0.07,0.59,0,0,0.06,0.04,1.25,5.82,0,0.76,0.46,0,0.83,0,0,0,2.14,0,0.43,0.02,0,0,0.09,0,0.47
10/31/1973,0.25,0.08,0,0,0.48,0,0.41,0,2.46,0,0,0.17,0.12,0.11,0.47,0.16,0,2.36,0,0,0.01,0.01,0,0.37,0,0.41,0.78,0.91,0.05,0.01,0,0,0.39,2.42,0,0,0.17,0,1.97,0.01,0,0.71,0,8.03,1.33,0.15,0.11,0.66,0.17,23.36,0.83,0.03,0,0.35,0.03,0.61,1.14,1.7,0,0,0.07,0.12,0.42,12.05,0,0.83,1.04,0.16,0.28,0.02,0.01,0,2.73,0,0.6,0.05,0,0.03,0.26,0,0.6
11/30/1973,2.44,1.04,0.09,0.29,2.74,0,5.09,0,7.09,0,0.11,1.29,0.57,1.13,2.83,6.09,0.1,25.11,0.1,0,0.3,0.16,9.53,8.54,0.09,5.51,11.29,29.85,1.46,0.16,0,0,1.69,55.91,0,0,1.26,1.55,43.31,0.51,0,0.4,0,57.67,2.56,0.86,2.41,4.7,2.12,88.55,13.73,0.04,0.89,18.34,1.08,19.16,3.45,8.21,0,0,0.14,0.57,1.62,42.26,0,5.98,3.86,0.09,1.08,0.15,0.02,0,32.16,0,11.72,0.26,20.99,1.37,1.23,0.06,7.1
12/31/1973,6,1.07,1.59,1.18,0,1.42,5.22,0.18,4.85,0.99,0.33,6.47,2.45,1.84,6.24,4.24,0.3,62.57,0.31,1.19,0.91,0.48,13.87,16.94,0.42,15.56,8.47,12.36,4.45,0.49,0,0.35,4.34,34.71,0.35,0,3.94,13.49,16.26,0.54,0.33,1.93,0.46,59.69,6.97,0,4.78,1.29,2.17,82.71,8.49,1.35,2.41,16.62,0.88,15.63,3.94,34.97,0.39,0.93,0.3,2.45,1.58,72.93,0.31,1.64,7.74,0.44,1.05,0.68,0.18,0.29,18.61,0.65,4.74,1.11,31.87,1.24,5.26,0.2,4.11
1/31/1974,9.28,1.67,3.73,2.93,0,3.73,8.15,0.69,6.57,3.84,0.99,7.16,2.65,3.52,6.93,5.79,0.91,98.75,0.94,1.93,2.76,1.46,14.07,22.06,1.08,23.89,6.06,18.46,13.45,1.47,0,1.34,12.23,41.95,1.35,0,6.17,15.41,20.98,0.28,1.28,2.03,1.21,87.82,10.43,0,6.22,1.39,3.39,140.94,13.09,19.34,2.58,23.67,1.79,31.79,6.61,37.85,1.53,3.62,0.64,2.65,2.75,97.88,1.22,1.77,12.06,0.46,1.83,2.09,0.82,1.13,31.64,1.7,8.41,1.2,46.21,1.77,5.69,0.59,6.98
2/28/1974,2.82,0.68,0.24,0.7,0,0.1,3.32,0.04,4.84,0.24,0.34,1.72,0.66,1.03,2.84,2.18,0.31,29.3,0.32,0.07,0.94,0.5,2.55,18.28,0.27,7.53,3.88,6.96,4.59,0.5,0,0.09,4.5,17.69,0.09,0,1.93,1.49,7.51,0.11,0.08,1.83,0.03,37.85,4.61,0,5.16,0.93,1.38,68.54,3.49,9.7,0.84,8.79,0.61,10.89,3.07,9.42,0.1,0.23,0.18,0.66,2.24,36.34,0.08,1.18,4.63,0.42,1.49,0.77,0.31,0.07,12.6,0.06,3.22,0.3,4.25,0.66,1.42,0.2,2.79
3/31/1974,10.53,2.01,1.71,0,5.47,1.42,9.83,0.67,7.06,3.72,1.58,11.09,4.87,3.69,10.57,4.94,1.46,110.26,1.51,1.03,4.4,2.33,12.5,28.15,0.38,26.95,8.73,22.72,21.47,2.35,0,1.3,16.96,45.58,1.31,0,6.45,18.34,24.91,0.06,1.24,3.49,0.46,134.26,15.4,1.73,7.94,1.84,4.09,212.15,8.17,1.12,3.59,20.49,1.78,31.58,8.31,69.63,1.48,3.51,0.46,4.87,4.11,134.36,1.18,2.34,19.69,0.79,2.74,2.65,0.79,1.09,38.92,1.04,9.82,2.21,60.64,1.53,10.47,0.95,8.6
4/30/1974,8.38,1.82,3.9,1.46,12.41,1.5,8.89,0.3,12.59,1.67,1.71,4.54,2.9,3.7,15.01,7.72,1.58,80.77,1.63,0.6,4.77,2.53,6.03,35.59,0.46,17.12,6.61,26.59,23.29,2.55,0,0.58,20.53,71.1,0.58,18,4.71,10.67,35.39,0.04,0.55,3.54,0.49,164.19,14.25,3.92,10.04,4.22,3.7,271.71,7.49,0.27,3.84,23.3,1.95,34.59,13.04,41.38,0.66,1.57,0.98,2.9,8.11,139.75,0.53,5.36,16.52,0.8,5.41,2.4,0.36,0.49,53.59,0.53,15.75,1.32,67.39,1.74,6.22,1.03,11.83
5/31/1974,4.1,1.51,0.14,0.65,4.73,0,7.35,0.03,41.09,0.19,0.26,0.25,0.5,2.26,8.16,21.27,0.24,39.18,0.24,0,0.72,0.38,0.51,74.81,0.15,3.67,0.71,55.85,3.49,0.38,0,0.07,4.2,283.36,0.07,20,1.44,0,100.6,0,0.06,3.06,0,336.54,6.31,1.49,21.1,13.92,3.06,603.07,13.65,0,0.5,38.49,2.89,51.36,31.8,7.14,0.08,0.18,0.13,0.5,24.58,120.64,0.06,17.72,5.55,0.69,16.38,0.09,0.01,0.06,129.6,0.12,41.8,0.23,17.11,2.88,1.07,0.15,28.6
6/30/1974,1.29,0.5,0,0.05,0,0,2.44,0,40.33,0,0.05,0.08,0.25,0.77,2.62,10.79,0.05,12.23,0.05,0,0.15,0.08,0.08,36.39,0.02,1.2,0.58,30.85,0.72,0.08,0,0,0.83,274.78,0,48,0.39,0,78.15,0,0,0.1,0,210.91,2.35,0,10.26,15.64,1.02,488.86,10.38,0,0,22.89,0.83,14.8,11.8,3.57,0,0,0.03,0.25,17.48,57.78,0,19.91,2.22,0.02,11.65,0.01,0,0,78.38,0,22.74,0.11,4.42,1.71,0.54,0.03,17.29
7/31/1974,0.71,0.17,0,0,0,0,0.85,0,12.08,0,0.01,0.03,0.27,0.5,1.36,2.05,0.01,6.71,0.01,0,0.02,0.01,0.19,12.28,0,0.82,0.55,7.08,0.12,0.01,0,0,0,72.42,0,0,0.26,0,18.67,0,0,0.7,0,49.17,2.08,0,3.46,7.48,0.35,170.23,3.93,0.29,0,2.67,0.18,3.19,1.84,3.92,0,0,0.01,0.27,2.93,24.35,0,9.52,1.65,0.16,1.95,0,0,0,20.76,0,4.39,0.12,0.96,0.2,0.59,0.01,4.58
8/31/1974,0.25,0.15,0,0,0.05,0,0.71,0,4.71,0,0,0,0.07,0.23,0.56,0.18,0,2.24,0,0,0,0,0,3.73,0,0.16,0.21,0.38,0,0,0,0,0,15.7,0,0,0.13,0,0.52,0,0,0.47,0,19.48,1.51,0.01,1.05,2.72,0.3,65.89,0.34,0,0,0,0.05,0.93,0.84,1.06,0,0,0,0.07,1.03,11.93,0,3.46,0.78,0.11,0.69,0,0,0,1.12,0,2.38,0.03,0,0,0.16,0,0.25
9/30/1974,0.13,0.06,0,0,0.39,0,0.31,0,2.35,0,0,0,0.06,0.07,0.36,0.01,0,1.08,0,0,0,0,0,0,0,0.06,0.15,0,0,0,0,0,0,0.44,0,0,0.09,0,0,0,0,0.55,0,11.41,0.64,0.12,0,0.85,0.13,24.83,1.4,0,0,0,0,0,0.01,0.88,0,0,0,0.06,0.93,9.07,0,1.08,0.3,0.12,0.62,0,0,0,4.75,0,0.59,0.03,0,0,0.13,0,1.05
10/31/1974,0.19,0,0.02,0,0,0,0,0,2.14,0,0,0.06,0.05,0.12,0.34,0.01,0,1.72,0,0,0.01,0,0,1.93,0,0.38,0.42,0,0.03,0,0,0,0,0.58,0,0,0.13,0,0,0,0,0.33,0,8.03,0.66,0,0.54,0.65,0,19.75,0.4,0.01,0,0.16,0.02,0.39,1.4,0.76,0,0,0.03,0.05,1.3,14.12,0,0.83,0.75,0.07,0.87,0,0,0,1.61,0,0,0.02,0,0.01,0.11,0,0.35
11/30/1974,0.35,0.11,0,0,0.78,0,0.56,0,2.12,0,0.02,0.22,0.11,0.22,2.07,0.09,0.02,1.82,0.02,0,0.06,0.03,0.3,1.38,0,0.88,0.7,0.32,0.3,0.03,0,0,0.89,0.69,0,0,0.18,1.19,0.47,0,0,0.42,0,6.61,0.5,0.25,0.39,0.66,0.23,19.27,0.99,0.13,0,0,0.06,1.04,1.38,1.61,0,0,0.06,0.11,0.47,10.61,0,0.84,1.12,0.09,0.31,0.04,0.01,0,2.42,0,0.29,0.05,1.22,0,0.24,0.01,0.53
12/31/1974,0.55,0.27,0.1,0.68,1.26,0.09,1.33,0,2.18,0,0.11,0.54,0.24,0.31,4.58,0.39,0.1,1.65,0.1,0.03,0.3,0.16,0.55,1.85,0.05,1.65,2.39,3.62,1.46,0.16,0,0,1.56,9.04,0,0,0.28,1.29,4.75,0.01,0,0.33,0.03,16.26,1.23,0.4,0.52,0.32,0.55,34.07,1.93,2.23,0,0.25,0.1,1.86,1.11,3.42,0,0,0.17,0.24,0,17.88,0,0.41,1.41,0.07,0,0.19,0.02,0,4.09,0,0.07,0.11,8.96,0.02,0.51,0.06,0.9
1/31/1975,1.06,0.27,0,1.3,0.57,0.23,1.32,0,2.18,0,0.17,1.2,0.46,0.53,5.09,1.05,0.16,7.05,0.16,0.19,0.48,0.25,1.75,3.27,0.06,3.35,1.87,6.15,2.32,0.25,0,0,2.27,12.79,0,0,0.55,0.63,6.99,0.01,0,0.29,0.07,23.95,2.19,0.18,0.92,0.46,0.55,37.06,2.68,13.86,0,3.07,0.2,3.48,1.23,6.63,0,0,0.15,0.46,1.1,27.82,0,0.58,2.32,0.07,0.73,0.42,0.11,0,7.1,0,0.26,0.21,9.45,0.23,1,0.1,1.57
2/28/1975,4.74,0.7,2.57,11.99,4.12,8.53,3.44,0.42,3.33,2.3,1.47,6.5,2.38,1.19,2.09,1.39,1.36,52.64,1.4,4.54,4.09,2.17,11.59,3.69,0.68,14.46,5.55,8.62,19.97,2.18,0,0.81,10.39,20.2,0.81,0,3.05,11.26,9.3,0.15,0.77,1.16,2.77,106.99,5.44,1.3,1.04,0.4,1.43,76.88,3.53,16.98,1.35,7.4,0.31,5.57,1.49,34.01,0.92,2.17,1.96,2.38,1.45,105.32,0.73,0.5,6.55,0.26,0.97,1.83,0.7,0.67,11.29,1.3,0.81,1.08,34.94,0.55,5.11,0.88,2.49
3/31/1975,8.4,1.49,4.98,8.04,5.08,6.04,7.29,0.88,3.67,4.87,1.78,12.09,5.08,2.83,7.75,2.45,1.65,88.39,1.7,3.69,4.97,2.63,8.5,13.33,1.62,26.96,7.66,15.56,24.23,2.65,0,1.7,19.22,34.84,1.71,0,5.55,22.54,17.06,0.54,1.62,2.54,1.96,129.92,10.9,1.6,3.76,0.55,3.04,137.28,8.01,0,3.84,16.36,0.84,14.86,2.64,72.63,1.94,4.59,2.01,5.08,3.95,155.66,1.54,0.7,14.58,0.58,2.63,3.24,1.11,1.43,21.58,1.43,3.19,2.31,64.55,1.22,10.92,1.07,4.76
4/30/1975,5.76,1.31,0.88,3.85,1.54,1.49,6.39,0.11,4.51,0.62,1.25,2.53,1.67,2.61,11.02,2.31,1.16,54.48,1.19,0.32,3.49,1.85,2.74,16.12,0.46,13.83,3.16,14.46,17.03,1.86,0,0.22,15.38,35.01,0.22,0,3.5,2.04,19.24,0.18,0.2,3.23,0.48,99.84,9.95,0.49,4.55,1.84,2.66,133.34,7.75,0,2.39,13.84,0.97,17.18,2.95,23.91,0.25,0.58,0.78,1.67,6,106.82,0.2,2.34,11.18,0.73,4,2.41,0.5,0.18,21.29,0.21,5.32,0.76,45.8,1.03,3.59,0.75,4.7
5/31/1975,6.82,2.93,0.09,1.2,0,0.11,14.29,0.01,34.14,0.05,0.49,0.34,0.62,3.94,5.98,25.89,0.46,71.23,0.47,0,1.38,0.73,0.52,83.5,0.16,8.19,0.47,61.16,6.71,0.73,0,0.02,7.9,239.48,0.02,0,3.63,0,110.16,0.01,0.02,1.04,0.04,319.77,13.63,0,23.55,12.52,5.95,552.55,16.07,0,0.37,47.71,3.96,70.39,31.54,8.92,0.02,0.05,0.16,0.62,13.55,170.94,0.02,15.94,15.21,0.24,9.03,0.91,0.1,0.02,110.78,0.05,40.81,0.28,41.16,3.57,1.34,0.3,24.46
6/30/1975,2.5,1.12,0,0.05,5.08,0,5.45,0,44.78,0,0.12,0.01,0.11,1.49,1.92,22.4,0.11,26.84,0.11,0,0.32,0.17,0.01,59.65,0.04,1.59,0.39,42.79,1.57,0.17,0,0,1.97,328.06,0,0,0.83,0,108.41,0,0,0,0,338.72,4.59,1.6,16.82,18.08,2.27,582.62,11.5,0,0,32.04,2.38,42.2,25.93,1.59,0,0,0.04,0.11,25.76,116.99,0,23.01,3.8,0,17.18,0.05,0,0,129.33,0,33.54,0.05,8.71,2.39,0.24,0.07,28.54
7/31/1975,0.57,0.2,0,0.01,0,0,0.96,0,15.14,0,0.02,0,0.08,0.39,1,2.1,0.02,5.52,0.02,0,0.07,0.03,0,14.65,0,0.39,0.19,9.95,0.32,0.04,0,0,0.3,89.89,0,0,0.18,0,26.22,0,0,0,0,69.63,1.76,0,4.13,8.38,0.4,168.04,3.74,0.18,0,3.32,0.22,3.97,2.14,1.11,0,0,0.02,0.08,5.49,25.27,0,10.67,1.56,0,3.66,0,0,0,25.7,0,6.19,0.04,1.03,0.25,0.17,0.01,5.67
8/31/1975,0.28,0.1,0,0,0.61,0,0.51,0,3.65,0,0,0,0.05,0.26,0.41,0.14,0,2.69,0,0,0.01,0,0,4.51,0,0.13,0.14,1.04,0.03,0,0,0,0.1,8.31,0,0,0.12,0,1.43,0,0,0,0,16.95,1.19,0.19,1.27,1.81,0.21,45.97,0.84,0,0,0,0.04,0.66,0,0.65,0,0,0.02,0.05,1.8,16.81,0,2.31,1,0,1.2,0,0,0,4.14,0,2.07,0.02,0,0,0.1,0,0.91
9/30/1975,0.14,0.09,0,0,0,0,0.44,0,2.26,0,0,0,0.03,0.09,0.26,0.03,0,1.32,0,0,0,0,0,3.15,0,0.05,0.09,0.56,0.01,0,0,0,0,3.11,0,0,0.1,0,0.69,0,0,0.98,0,12.56,0.63,0,0.89,0.78,0.18,29.83,0.55,0,0,0,0.06,1.09,1.15,0.43,0,0,0.03,0.03,0.7,10.26,0,0.99,0.62,0.22,0.46,0,0,0,1.94,0,0.82,0.01,0,0,0.06,0,0.43
10/31/1975,0.42,0.33,0.02,0,0,0,1.62,0,3.41,0,0.01,0.22,0.08,0.29,0.12,2.21,0.01,4.64,0.01,0,0.02,0.01,0.39,4.75,0,0.39,2.1,9.07,0.12,0.01,0,0,0.64,23.76,0,0,0.19,0,19.63,0,0,0,0,24.69,1.08,0,1.34,1.87,0.67,50.36,2.16,0,0,0.63,0.19,3.3,1.72,1.08,0,0,0.06,0.08,2.12,17.64,0,2.37,1.33,0,1.41,0,0,0,12.64,0,1.74,0.03,1.62,0.05,0.16,0.01,2.79
11/30/1975,0.5,0.27,0,0.01,0,0,1.33,0,3.68,0,0.04,0.41,0.12,0.13,1.25,2.44,0.04,4.52,0.04,0,0.11,0.06,0.4,6.63,0,0.56,0.84,6.56,0.56,0.06,0,0,0.64,20.02,0,0,0.27,1.2,9.52,0,0,0.2,0,19.96,1.06,0,1.87,1.36,0.55,34.04,3.61,0.03,0,1.98,0.27,4.87,1.36,1.71,0,0,0,0.12,2.12,19.62,0,1.73,1.26,0.05,1.41,0,0,0,11.36,0,1.67,0.05,0,0.15,0.26,0.02,2.5
12/31/1975,0.55,0.24,0,0.15,0,0,1.16,0,2.72,0,0.05,0.35,0.1,0.4,0.82,1.14,0.04,5.38,0.04,0,0.13,0.07,0.33,4.06,0,0.6,0.49,3.26,0.64,0.07,0,0,0.79,8.89,0,0,0.26,0.3,4.29,0,0,0.58,0,14.56,1.05,0,1.14,0.56,0.48,24.69,1.55,0.48,0,0.84,0.17,3.05,1.03,1.4,0,0,0.14,0.1,1.31,15.16,0,0.71,1.11,0.13,0.87,0,0,0,6.43,0,1.72,0.04,0.23,0.06,0.21,0.03,1.42
1/31/1976,0.38,0.2,0,0.17,0,0,1,0,2.29,0,0.05,0.38,0.11,0.07,0.68,0.74,0.05,3.72,0.05,0,0.14,0.07,0.3,3.24,0.01,0.53,0.26,1.59,0.69,0.08,0,0,0.59,5.4,0,0,0.22,0,1.8,0,0,0.15,0,9.41,0.95,0,0.91,0.42,0.42,20,0.71,1.69,0,0.61,0.12,2.12,0.8,1.52,0,0,0.12,0.11,0.58,0,0,0.53,1,0.03,0.38,0,0,0,5.28,0,2.87,0.05,0.36,0.05,0.23,0.03,1.17
2/29/1976,0.61,0.21,0.13,0.5,0,0,1.04,0,2.08,0,0.13,0.65,0.19,0.44,1.42,1.04,0.12,5.43,0.12,0,0.36,0.19,0.53,3.36,0.03,0.88,1.04,5.45,1.77,0.19,0,0,1.99,10.28,0,0,0.34,0,5.88,0,0,0.05,0,18.86,1.09,0,0.95,0.68,0.43,39.19,0.94,1.39,0,0.8,0.17,3.02,1.54,2.74,0,0,0.16,0.19,0.88,16.12,0,0.86,1.39,0.01,0.59,0,0,0,6.89,0,0.6,0.09,2.2,0.06,0.41,0.08,1.52
3/31/1976,0.94,0.43,0.04,0.73,0.26,0.02,2.08,0,3.2,0,0.18,0.74,0.25,0.55,1.99,2.77,0.17,8.71,0.17,0.08,0.5,0.28,0.74,7.81,0.05,1.06,1.59,10.66,2.43,0.27,0,0,2.41,21.6,0,0,0.46,0,11.68,0.01,0,0.23,0.01,33.15,1.75,0.08,2.2,0.91,0.87,60.39,0,0.14,0,0.5,0.44,7.84,4.18,3.62,0,0,0.13,0.25,2,26.63,0,1.15,1.83,0.05,1.33,0,0,0,17.8,0,2.96,0.12,6.78,0.04,0.54,0.11,3.93
4/30/1976,0.9,0.5,0.03,0.14,2.46,0,2.43,0,5.16,0,0.09,0.41,0.17,0.51,3.65,4.37,0.09,6.53,0.09,0.01,0.26,0.14,0.4,12.7,0.01,0.59,0.96,14.7,1.27,0.14,0,0,1.38,37.15,0,0,0.45,0,19.57,0,0,0,0,49.49,1.46,0.78,3.58,2.08,1.01,83.83,0,0.49,0,0,0.59,10.44,7.68,2.46,0,0,0.07,0.17,5.29,28.05,0,2.65,1.54,0,3.53,0,0,0,32.65,0,7.52,0.08,13.57,0,0.37,0.06,7.21
5/31/1976,0.61,0.36,0,0.03,1.92,0,1.74,0,15.55,0,0.02,0.17,0.09,0.49,2.81,5.63,0.02,4.07,0.02,0,0.05,0.04,0.01,18.33,0,0.21,0.14,21.09,0.23,0.03,0,0,0.42,121.99,0,0,0.18,0,37.98,0,0,0,0,94.61,0.82,0.61,5.17,6.55,0.72,177.29,0,0.35,0,0,0.51,9.11,6.59,1.26,0,0,0.01,0.09,6.82,27.92,0,8.33,0.71,0,4.55,0,0,0,59.18,0,11.69,0.04,5.41,0,0.19,0.01,13.06
6/30/1976,0.16,0.05,0,0,0,0,0.22,0,4.97,0,0,0.06,0.03,0.23,0.74,0.33,0,0.92,0,0,0,0,0,4.24,0,0.03,0.11,1.82,0,0,0,0,0.46,25.39,0,0,0.04,0,4.62,0,0,0.61,0,19.62,0.39,0,1.2,2.08,0.09,63.09,0,0.28,0,0,0.04,0.71,0.53,0.47,0,0,0,0.03,1.43,7.87,0,2.64,0.34,0.14,0.96,0,0,0,6.44,0,2.35,0.01,0,0,0.07,0,1.42
7/31/1976,0.03,0,0,0,0,0,0.01,0,1.89,0,0,0.02,0.03,0.06,0.12,0.02,0,0.12,0,0,0,0.01,0,1.43,0,0,0.02,0.16,0,0,0,0,0.91,7.42,0,0,0.01,0,0.42,0,0,0.44,0,5.57,0.18,0,0.4,0.73,0,39.69,0,1.29,0,0,0,0,0.22,0.47,0,0,0,0.03,0.78,6.41,0,0.93,0.18,0.1,0.52,0,0,0,1.24,0,1.61,0.01,0,0,0.07,0,0.27
8/31/1976,0.08,0.02,0.02,0,0.16,0,0.1,0,1.66,0,0,0.01,0.05,0.09,0.37,0.2,0,0.54,0,0,0,0.01,0,1.41,0,0,0.08,2.37,0,0,0,0,0.11,5.75,0,0,0.02,0,3.26,0,0,0,0,4.46,0.3,0.05,0.4,0.99,0.04,26.91,0,0,0,0,0.01,0.24,1.37,0.77,0,0,0,0.05,1.09,9.31,0,1.26,0.32,0,0.73,0,0,0,3.6,0,0,0.02,0,0,0.12,0,0.79
9/30/1976,0.06,0.07,0.02,0,1.12,0,0.32,0,1.33,0,0,0,0,0,0.3,0.12,0,0.4,0,0,0,0,0,1.2,0,0,0.07,1.47,0,0,0,0,0,5.19,0,0,0.02,0,1.8,0,0,0,0,7,0.23,0.35,0.34,0.63,0.13,36.74,0,0,0,0,0,0,0,0.03,0,0,0,0,0,6.31,0,0.81,0.23,0,0,0,0,0,1.86,0,0.97,0,0,0,0,0,0.41
10/31/1976,0.1,0.02,0.77,0,0,0,0.1,0,1.41,0,0,0,0,0.16,0.88,0.02,0,0.15,0,0,0,0.01,0,0.95,0.01,0,0.12,1.08,0.01,0,0,0,0.07,5.29,0,0,0.01,0,2.35,0,0,0.01,0,4.28,0.69,0,0.27,0.48,0.04,21.56,0,0.01,0,0,0,0.05,0.96,0,0,0,0,0,0,3.37,0,0.61,0.26,0,0,0,0,0,1.81,0,0,0,0,0,0,0,0.4
11/30/1976,0.1,0.06,0.03,0,0,0,0.27,0,1.25,0,0.01,0.02,0.01,0.05,0.94,0.07,0,0.23,0,0,0.01,0.01,0,0.67,0,0,0.28,0.61,0.07,0.01,0,0,0.26,2.44,0,0,0.02,0,0.88,0,0,0,0,2.27,0.23,0,0.19,0.34,0.11,10.13,0,0.02,0,0,0.01,0.25,0.61,0.11,0,0,0,0.01,0,4.51,0,0.43,0.41,0,0,0,0,0,1.78,0,0.1,0,0,0,0.02,0,0.39
12/31/1976,0.09,0.04,0.05,0,0,0,0.2,0,1.03,0,0.01,0.03,0.01,0.04,0.61,0.02,0.01,0.5,0.01,0,0.03,0.02,0,0.27,0,0,0.58,0,0.15,0.02,0,0,0.24,1.32,0,0,0.02,0,0,0,0,0,0,1.43,0.2,0,0.08,0.41,0.08,8.08,0,0.2,0,0,0.01,0.21,0.42,0.13,0,0,0,0.01,0,1.89,0,0.52,0.38,0,0,0,0,0,1.47,0,0.13,0,0,0,0.02,0.01,0.32
1/31/1977,0.2,0.07,0.09,0,0,0,0.32,0,1.17,0,0.03,0.27,0.06,0.15,0.51,0.22,0.03,1.75,0.03,0.01,0.09,0.05,0.14,0.71,0,0,1.22,1.47,0.44,0.05,0,0,0.45,1.74,0,0,0.03,0,1.67,0,0,0,0,3.66,0.29,0,0.2,0.34,0.13,12.48,0,0.11,0,0,0.03,0.6,0.6,0.85,0,0,0,0.06,0.41,5.79,0,0.43,0.56,0,0.27,0,0,0,2.83,0,0.16,0.03,0,0,0.13,0.02,0.62
2/28/1977,0.22,0.09,0.11,0.05,0,0,0.42,0,1.28,0,0.02,0.38,0.08,0.16,1.07,0.44,0.02,1.43,0.02,0,0.05,0.03,0.2,1.34,0,0,0.79,3.48,0.26,0.03,0,0,0.26,3.68,0,0,0.05,0,3.76,0,0,0.01,0,4.34,0.34,0,0.38,0.23,0.17,16.82,0,0.58,0,0,0.06,0.98,1.08,1.12,0,0,0,0.08,0.43,5.81,0,0.3,0.58,0,0.29,0,0,0,4.18,0,0.25,0.04,0,0,0.17,0.01,0.92
3/31/1977,0.26,0.16,0.04,0.15,0.11,0,0.78,0,1.59,0,0.02,0.38,0.08,0.19,1.49,0.8,0.02,1.53,0.02,0,0.06,0.03,0.16,2.01,0,0,1.65,4.94,0.27,0.03,0,0,0.29,8.31,0,0,0.05,0,5.41,0,0,0.01,0,7.39,0.56,0.04,0.57,0.42,0.32,18.59,0,0.26,0,0,0.11,1.87,2.04,1.17,0,0,0.02,0.08,1.4,5.72,0,0.53,0.69,0,0.93,0,0,0,5.62,0,0.34,0.04,1.87,0,0.18,0.01,1.24
4/30/1977,0.21,0.37,0,0.04,1.02,0,1.83,0,4.24,0,0,0.31,0.07,0.18,2.74,3.86,0,0,0,0,0.01,0.02,0.02,5.27,0,0,0.37,12.66,0.06,0.01,0,0,0.08,40.06,0,0,0.04,0,16.85,0,0,0,0,30.57,0.38,0.32,1.49,2.12,0.76,58.39,0,0.2,0,0,0.19,3.4,2.5,1,0,0,0,0.07,4.96,9.08,0,2.69,0.45,0,3.3,0,0,0,30.28,0,4.08,0.03,4.55,0,0.15,0,6.69
5/31/1977,0.31,0.27,0.02,0,5.8,0,1.3,0,4.83,0,0.01,0.25,0.07,0.26,2.11,4.8,0.01,1.42,0.01,0,0.02,0.02,0.01,8.21,0,0,0.86,13.67,0.11,0.01,0,0,0.24,52.77,0,0,0.04,0,24.62,0,0,0,0,36.71,0.59,1.83,2.31,2.45,0.54,76.26,0,0.42,0,0,0.37,6.64,2.26,1.01,0,0,0,0.07,3.32,14.89,0,3.12,0.67,0,2.22,0,0,0,46.28,0,6.74,0.03,0,0,0.15,0,10.22
6/30/1977,0.07,0.11,0,0,6.18,0,0.56,0,6.85,0,0,0.07,0.02,0.05,0.55,1.74,0,0.26,0,0,0,0.01,0,4.35,0,0,0.02,5.83,0,0,0,0,0.11,76.76,0,0,0.01,0,14.77,0,0,0,0,43.74,0.15,1.95,1.23,4.54,0.23,113.88,0,0.5,0,0,0.09,1.58,1.92,0.3,0,0,0,0.02,1.83,7.08,0,5.78,0.29,0,1.22,0,0,0,28.61,0,4.78,0.01,0,0,0.05,0,6.31
7/31/1977,0,0,0,0,0,0,0,0,1.41,0,0,0.17,0.07,0,0.09,0.05,0,0,0,0,0,0,0,1.45,0,0,0,0.07,0,0,0,0,0,10.18,0,0,0,0,0.18,0,0,0.01,0,5.86,0.13,0,0.41,0,0,24.78,0,1.41,0,0,0,0.07,0,0.97,0,0,0,0.07,0,0.41,0,0,0.09,0,0,0,0,0,0.32,0,2.09,0.03,0,0,0.15,0,0.07
8/31/1977,0,0,0,0,0,0,0,0,0.78,0,0,0.04,0.04,0,0.28,0.01,0,0,0,0,0,0,0,0.47,0,0,0,0,0,0,0,0,0,2.26,0,0,0,0,0,0,0,0,0,0.99,0.12,0,0.13,0.45,0,14.51,0,0,0,0,0,0,0.67,0.64,0,0,0,0.04,0.93,1.38,0,0.58,0.03,0,0.62,0,0,0,0.76,0,0.19,0.02,0,0,0.1,0,0.17
9/30/1977,0,0.02,0.01,0,0.17,0,0.1,0,0.61,0,0,0,0,0,0.23,0.01,0,0,0,0,0,0,0,0.48,0,0,0.1,0,0,0,0,0,0,1.58,0,0,0,0,0,0,0,0,0,0,0.11,0.05,0.14,0.55,0.04,6.33,0,0,0,0,0,0,0.84,0.01,0,0,0,0,0,1.28,0,0.7,0.04,0,0,0,0,0,0.52,0,0,0,0,0,0,0,0.11
10/31/1977,0.04,0,0,0,0,0,0,0,0.74,0,0,0,0,0.14,3.95,0.01,0,0,0,0,0,0,0.08,0.37,0,0.03,0.12,0,0,0,0,0,0,0.78,0,0,0.03,0,0,0,0,0.38,0,0,0.1,0,0.11,0.04,0,5.98,0.12,0.07,0,0.07,0,0.06,0.67,0,0,0,0,0,0,0.86,0,0.05,0.14,0.08,0,0,0,0,0.47,0,0,0,0,0.01,0,0,0.1
11/30/1977,0.1,0.04,0.01,0,0,0,0.21,0,1.18,0,0,0,0.01,0.1,0.19,0.05,0,0.85,0,0,0,0,0.21,0.73,0,0.08,1.28,1.9,0,0,0,0,0.14,3.28,0,0,0.07,0,2.76,0,0,0,0,1.73,0.25,0,0.21,0.31,0.09,9.84,0.48,0.67,0,0.23,0.02,0.43,0,0.08,0,0,0,0.01,0,3.84,0,0.39,0.32,0,0,0.01,0,0,1.74,0,0,0,0.06,0.02,0.01,0,0.38
12/31/1977,1.3,0.4,0.63,0.68,2.31,0,1.95,0,1.89,0,0.22,0.5,0.28,0.84,1.59,1.89,0.2,13.02,0.21,0,0.62,0.33,3.07,6.69,0,2.71,2.81,15.93,3.01,0.33,0,0,3.99,24.61,0,0,0.68,0,20.94,0.02,0,0.29,0,34.28,1.28,0.73,1.89,0.53,0.81,80.35,5.55,6.09,0.86,2.65,0.43,7.61,0.89,4.06,0,0,0,0.28,0,34.74,0,0.67,2.48,0.06,0,0.17,0.05,0,11.7,0,0.16,0.13,8.34,0.2,0.61,0.13,2.58
1/31/1978,8.75,1.06,7.84,9.24,10.65,6.35,5.18,1.8,2,9.98,2.3,10.98,4.17,2.69,8.33,1.2,2.13,92.35,2.2,2.72,6.43,3.4,18.07,9.26,1.88,22.57,13.87,15.4,31.36,3.43,0,3.49,25.36,35.65,3.5,0,5.42,19.02,17.5,1.29,3.32,1.8,2.06,112.73,10.15,3.36,2.61,0.46,2.16,159.53,7.71,49.99,10.7,15.25,0.76,13.47,1.13,59.52,3.98,9.41,0.14,4.17,1.85,120.05,3.16,0.59,13.43,0.41,1.23,4.86,1.28,2.93,22.64,5.84,2.02,1.89,37.02,1.14,8.95,1.38,5
2/28/1978,5.07,1.09,15.26,12.3,5.63,8.66,5.32,1.81,2.18,10.01,3.92,8.62,3.27,1.38,4.16,1.17,3.63,54.03,3.74,4.96,10.95,5.8,8.5,10.82,2.19,14.38,8.28,12.64,53.4,5.84,0,3.51,47.81,34.19,3.51,7,3.55,26.61,13.64,1.01,3.33,2.76,2.81,147.06,7.86,1.78,3.05,0.43,2.22,205.31,5.91,26.35,6.22,12.24,0.65,11.58,1.63,46.69,3.99,9.44,2.8,3.27,2.07,132.96,3.17,0.55,10.57,0.62,1.38,11.23,4.43,2.94,15.25,2.89,2.7,1.48,43.63,0.91,7.02,2.35,3.37
3/31/1978,8.62,2.37,4.76,9.19,0.89,6.69,11.58,1.97,5.75,10.93,3.26,8.5,3.79,3.3,7.95,5.71,3.02,90.63,3.11,2.38,9.1,4.81,10.05,30.71,2.72,22.66,10.2,30.22,44.38,4.86,0,3.82,51.89,66.02,3.83,99,5.3,20.89,33.13,0.65,3.64,4.22,2.17,188.17,15.02,0.28,8.66,4.16,4.82,335.72,14.07,0.01,6.36,25.38,2.08,36.86,7.26,54.2,4.36,10.3,2.04,3.79,4.44,199.7,3.46,5.29,19.61,0.95,2.96,11.17,2.8,3.2,34.83,3.41,11.05,1.72,73.59,1.9,8.15,1.96,7.68
4/30/1978,8.89,2.38,0.81,17.18,11.94,7.35,11.61,0.27,9.75,1.52,3.32,5.81,3.55,3.49,14.5,7.22,3.08,86.95,3.17,1.86,9.28,4.91,5.69,37.51,0.68,18.74,9.15,30.11,45.26,4.95,0,0.53,41.66,79.48,0.53,199,5.58,10.49,40.08,0.21,0.5,3.83,2.39,234.15,16.71,3.77,10.58,3.26,4.83,341.1,10.92,0,1.44,28.07,2.24,39.77,12.24,50.78,0.6,1.43,2.27,3.55,7.92,202.5,0.48,4.15,19.84,0.87,5.28,6.13,0.69,0.44,51.05,0.5,16.24,1.61,73.64,2.1,7.63,2,11.28
5/31/1978,4.55,2.15,0.18,5.11,5.97,0.58,10.5,0.14,32.38,0.79,1.04,0.47,0.9,2.44,9.27,23.31,0.96,43.31,0.99,0.11,2.91,1.54,0.44,79.15,0.48,3.82,0.89,60.1,14.19,1.55,0,0.27,14.65,246.49,0.28,202,1.63,0,108.25,0.02,0.26,1.21,0.19,382.28,8.6,1.89,22.32,11.75,4.37,694.8,13.37,0,0.42,40.64,3.54,62.92,33.38,12.81,0.31,0.74,0.53,0.9,22.95,187.82,0.25,14.96,9.4,0.27,15.3,0.29,0.03,0.23,113.36,0.37,39.53,0.41,31.15,3.04,1.93,0.63,25.02
6/30/1978,1.76,0.94,0,0.43,0.42,0,4.58,0.01,44.16,0.06,0.18,0.02,0.23,0.79,3.68,19.84,0.17,16.9,0.17,0,0.51,0.28,0.05,57.3,0.14,0.96,0.59,47.6,2.47,0.27,0,0.02,5.6,378.64,0.02,49,0.54,0,120.59,0,0.02,0.54,0,409.55,3.25,0.13,16.16,18.38,1.91,835.97,12.91,0,0.04,33.08,2.01,35.64,22.04,3.31,0.03,0.06,0.13,0.23,26.21,114.42,0.02,23.39,2.74,0.12,17.47,0.02,0,0.02,113.99,0.11,29.36,0.11,2.23,2.47,0.5,0.11,25.15
7/31/1978,0.42,0.25,0,0.14,0,0,1.2,0,20.2,0,0.04,0,0.07,0.08,0.79,3.05,0.04,4.16,0.04,0,0.12,0.08,0.01,17.46,0.01,0.2,0.39,17.56,0.57,0.06,0,0,1.91,216.06,0,0,0.16,0,46.3,0,0,0,0,164.54,1.09,0,4.93,12.01,0.5,471.19,4.78,0.45,0,5.37,0.19,3.34,2.83,1.07,0,0,0.11,0.07,8.91,29.86,0,15.29,1.25,0,5.94,0.01,0,0,29.3,0,8.02,0.03,0,0.4,0.16,0.03,6.46
8/31/1978,0.1,0.08,0,0,0,0,0.38,0,5.29,0,0,0,0.02,0.11,0.22,0.09,0,0.91,0,0,0,0.01,0,4.55,0,0,0.27,3.16,0,0,0,0,0.37,38.08,0,0,0.05,0,4.35,0,0,0.73,0,40.81,0.76,0,1.28,3.96,0.16,153.35,0.48,0,0,0.31,0.03,0.5,1.29,0.29,0,0,0.22,0.02,1.02,15.25,0,5.03,0.68,0.17,0.68,0.01,0,0,2.75,0,1.25,0.01,0,0.02,0.04,0,0.61
9/30/1978,0.2,0.21,0,0,2.65,0,1.04,0,4.02,0,0,0,0.09,0.09,0.54,0.83,0,1.68,0,0,0.01,0.02,0,4.52,0,0.07,0.26,10.77,0.03,0,0,0,0.62,35.36,0,0,0.13,0,13.26,0,0,0.69,0,47.74,0.86,0.84,1.27,3.18,0.43,149.28,2.21,0,0,0,0.09,1.53,1.24,1.33,0,0,0.43,0.09,0.42,24.56,0,4.05,0.8,0.15,0.28,0.01,0,0,7.23,0,1.12,0.04,0,0,0.2,0,1.59
10/31/1978,0.11,0.13,0,0,0.43,0,0.64,0,2.2,0,0,0,0,0,0.06,0.02,0,1.2,0,0,0,0.02,0.22,2.16,0,0.14,0.17,0.06,0,0,0,0,0.2,4.34,0,0,0.07,0,0.12,0,0,0.46,0,14.19,0.59,0.14,0.61,0.98,0.27,35.53,0.32,0.04,0,0.1,0.03,0.58,1.03,0,0,0,0.34,0,1.13,5.42,0,1.24,0.6,0.1,0.75,0,0,0,1.39,0,1.61,0,0,0.01,0,0,0.31
11/30/1978,0.21,0.09,0.06,0.18,0,0,0.45,0,1.92,0,0.09,0.07,0.06,0.06,0.14,0.1,0.09,2.33,0.09,0.02,0.26,0.15,0.46,1.36,0,0.42,0.83,1.78,1.28,0.14,0,0,1.4,5.13,0,0,0.11,0,2.58,0.02,0,0.78,0,11.44,0.83,0,0.38,0.66,0.19,30.38,0.96,0.32,0,0,0.06,1.1,1.04,0.89,0,0,0.48,0.06,0.52,18.85,0,0.84,0.76,0.18,0.35,0.05,0.01,0,2.56,0,0.2,0.03,0,0,0.13,0.06,0.56
12/31/1978,0.34,0.18,0.02,0.73,0.3,0.01,0.88,0,2.33,0,0.1,0.35,0.18,0.14,1.16,0.48,0.1,2.78,0.1,0.31,0.29,0.16,0.8,1.27,0.04,0.77,0.71,3.95,1.42,0.16,0,0,1.11,9.78,0,0,0.17,0,5.19,0.01,0,0.46,0,16.29,0.84,0.09,0.36,0.68,0.37,33.21,1.74,7.45,0,0.28,0.05,0.86,1.14,2.57,0,0,0.72,0.18,0.97,14.11,0,0.87,1.16,0.11,0.65,0.05,0.01,0,4.09,0,0.73,0.08,2.51,0.02,0.39,0.06,0.9
1/31/1979,2.51,0.78,1.56,7.06,5.71,6.25,3.79,0,2.62,0,1.18,5.22,2.02,0.56,6.07,3.49,1.09,23.11,1.13,4.79,3.29,1.75,5.73,8.16,0.27,6.88,8.12,14.76,16.06,1.76,0,0,10.83,30.09,0,0,1.51,21.78,16.78,0.61,0,1.04,2.03,96.82,3.77,1.8,2.3,0.8,1.58,95.8,5.02,20.42,1.84,8.89,0.39,6.91,2.04,28.79,0,0,1.2,2.02,1.91,91.34,0,1.02,4.78,0.24,1.27,1.81,0.54,0,14.93,0,0.95,0.92,30.85,0.66,4.33,0.71,3.3
2/28/1979,4.61,1.11,4.37,9.88,10.98,9.46,5.43,0.61,2.18,3.35,1.69,11.51,4.29,0.6,3.03,1.02,1.57,50.98,1.62,4.78,4.73,2.51,8.33,6.01,0.86,14.35,7.58,9.45,23.07,2.52,0,1.17,17.83,21.67,1.18,0,2.77,31.07,10.19,0.5,1.12,1.6,3.07,106.57,4.69,3.47,1.69,0.53,2.26,103.43,3.41,11.35,3.86,8.68,0.23,4.09,1.71,61.32,1.34,3.16,2.04,4.29,1.78,109.15,1.06,0.68,6.86,0.36,1.19,3.33,1.34,0.98,11.53,1.29,1.94,1.95,52.39,0.65,9.22,1.02,2.55
3/31/1979,7.1,1.71,1.5,7.29,8.78,4.56,8.36,0.13,4.92,0.74,2.11,8.78,4.34,2.15,5.79,3.59,1.96,75.7,2.02,2.43,5.9,3.13,9.14,17.09,0.43,19.28,5.05,19.52,28.8,3.15,0,0.26,25.48,45.48,0.26,0,4.65,19.57,21.4,0.22,0.25,3.91,1.48,138.9,11.26,2.77,4.82,1.65,3.48,185.44,9.78,0.31,1.57,17.22,0.96,17,3.41,62.04,0.3,0.7,1.75,4.34,3.57,151.26,0.24,2.1,14.69,0.89,2.38,4.2,0.99,0.22,27.07,0.22,6.03,1.97,60.43,1.29,9.32,1.27,5.97
4/30/1979,4.96,1.75,0.42,2.96,7.88,0.39,8.57,0.07,10.46,0.37,0.91,1.74,1.24,2.12,10.56,7.72,0.84,45.89,0.87,0.08,2.55,1.35,3.57,32.93,0.41,8.82,2.17,31.38,12.42,1.36,0,0.13,10.21,75.03,0.13,1,3.17,0,41.76,0.04,0.12,2.42,0.13,134.33,10.48,2.49,9.29,3.69,3.57,246.11,7.9,0,0.61,22.77,1.87,33.2,11.31,17.66,0.15,0.35,0.49,1.24,7.96,111.52,0.12,4.69,12.35,0.55,5.31,1.29,0.14,0.11,48.49,0.11,16.93,0.56,46.66,1.7,2.65,0.55,10.71
5/31/1979,4.98,1.73,0.06,1.25,11.08,0.02,8.46,0.01,37.91,0.05,0.34,0.17,0.55,2.75,6.75,20.17,0.32,50.35,0.33,0,0.96,0.52,1.22,75.7,0.21,4.17,0.82,61.36,4.69,0.51,0,0.02,4.7,303.3,0.02,9,2.12,0,110.52,0,0.02,2.6,0.01,351.34,10.47,3.5,21.35,15.24,3.52,606.67,10.05,0,0.18,34.41,3.21,56.97,30.37,7.91,0.02,0.05,0.16,0.55,23.63,150.85,0.02,19.39,10.52,0.59,15.76,0.12,0.01,0.02,140.53,0.04,40.76,0.25,17.18,2.57,1.19,0.21,31.02
6/30/1979,1.06,0.35,0,0.09,2.91,0,1.69,0,27.4,0,0.08,0.02,0.18,0.56,2.68,5.58,0.07,9.58,0.08,0,0.23,0.15,0.03,23.42,0.01,0.6,0.36,22.1,1.1,0.12,0,0,2.5,187.44,0,1,0.32,0,56,0,0,0,0,156.56,2.51,0.92,6.61,11.03,0.7,347.39,5.51,0,0,10.15,0.54,9.67,7.12,2.64,0,0,0.09,0.18,11.47,49.24,0,14.03,2.59,0,7.65,0.01,0,0,56.08,0,14.33,0.08,3.06,0.76,0.4,0.05,12.37
7/31/1979,0.3,0.09,0.02,0.01,0,0,0.46,0,6.42,0,0.06,0,0.12,0.2,0.57,0.27,0.06,2.9,0.06,0,0.17,0.11,0.01,5.11,0,0.14,0.23,3,0.83,0.09,0,0,1.49,36.31,0,0,0.11,0,7.9,0,0,1.09,0,41.13,1.19,0,1.44,4.04,0.19,120.62,1.43,0.22,0,0,0.11,1.92,0.15,1.68,0,0,0.1,0.12,1.34,19.38,0,5.14,1.25,0.25,0.89,0,0,0,7.6,0,2.41,0.05,0,0,0.25,0.04,1.68
8/31/1979,0.12,0.07,0,0,0,0,0.32,0,2.6,0,0,0,0,0.12,0.16,0.02,0,1.16,0,0,0,0,0,2.23,0,0,0.16,1.68,0,0,0,0,0.23,5.25,0,0,0.06,0,2.3,0,0,0.32,0,16.85,0.77,0,0.63,1.22,0.13,47.42,0.41,0,0,0,0.04,0.75,0.12,0,0,0,0.13,0,1,7.85,0,1.55,0.57,0.07,0.67,0,0,0,2,0,0.6,0,0,0,0,0,0.44
9/30/1979,0.09,0.07,0,0,0.49,0,0.33,0,1.63,0,0,0,0.01,0.09,0.39,0,0,0.58,0,0,0,0,0,1.4,0,0,0.11,1.47,0,0,0,0,0,0.38,0,0,0.06,0,1.81,0.01,0,0.66,0,8.56,0.44,0.16,0.39,0.66,0.14,21.94,0.1,0,0,0,0.01,0.13,0.46,0.12,0,0,0.06,0.01,0.56,5.98,0,0.85,0.39,0.15,0.37,0,0,0,0.34,0,0.33,0,0,0,0.02,0,0.08
10/31/1979,0.24,0.08,0,0,0,0,0.41,0,1.97,0,0,0.01,0.03,0.19,0.37,0.97,0,2.26,0,0,0,0,0.52,1.4,0,0.27,0.93,3.75,0,0,0,0,0.4,9.21,0,0,0.17,0,8.11,0.01,0,0.38,0,11.19,0.62,0,0.39,1.16,0.17,25.8,1.97,0.11,0,0.45,0.04,0.75,1.24,0.41,0,0,0.02,0.03,1.27,8.14,0,1.48,0.66,0.08,0.85,0.01,0,0,4.42,0,0.08,0.01,0,0.03,0.06,0,0.97
11/30/1979,0.48,0.24,0.04,0.09,2.23,0,1.16,0,2.15,0,0.06,0.32,0.18,0.27,0.48,1.74,0.06,4.95,0.06,0.01,0.17,0.1,1.12,1.84,0,0.97,2.28,7.73,0.82,0.09,0,0,1.24,13.63,0,0,0.25,0.6,11.21,0,0,0.97,0,14.43,0.99,0.7,0.52,0.57,0.48,30.31,3.71,2.36,0,1.17,0.17,3,2.46,2.5,0,0,0.46,0.18,0.88,9.77,0,0.73,1.25,0.22,0.59,0.05,0.01,0,6.71,0,0.58,0.08,1.05,0.09,0.38,0.04,1.48
12/31/1979,0.94,0.34,0.08,0.53,1.12,0.05,1.67,0,2.51,0,0.07,1.21,0.53,0.37,0.71,1.62,0.07,10.15,0.07,0.18,0.2,0.12,2.3,3.87,0.05,2.5,5.71,8.45,0.98,0.11,0,0,1.17,13.7,0,0,0.48,1.44,11.11,0.05,0,0.28,0.02,19.84,1.98,0.35,1.09,0.72,0.7,33.85,2.73,17.15,0.41,3.41,0.23,4.02,2.29,7.55,0,0,0.59,0.53,0.89,16.07,0,0.92,2.06,0.06,0.59,0.06,0.02,0,5.54,0,1.15,0.24,5.71,0.25,1.13,0.04,1.22
1/31/1980,15.7,3.91,6.79,12.35,0,10.71,19.1,1.33,12.76,7.36,2.04,16.21,6.09,5.9,5.02,14.69,1.89,174.23,1.94,7.06,5.69,3.02,30.95,59.51,0.95,43.58,7.05,64.71,27.74,3.03,0,2.58,22.87,107.38,2.58,57,10.14,36.68,73.56,0.99,2.45,3.14,3.48,265.07,22.23,0,16.79,3.46,7.95,336.04,31.04,23.88,9.76,57.84,4.18,74.17,9.61,86.99,2.94,6.94,1.95,6.09,4.24,281.92,2.33,4.4,28.63,0.71,2.83,4.39,1.43,2.16,69.33,4.42,19.47,2.77,121.38,4.32,13.07,1.22,15.3
2/29/1980,13.69,2.71,7.53,15.44,11.83,11.86,13.23,5.32,6.97,29.44,2.58,12.19,5.36,4.04,6.36,4.01,2.39,151.22,2.47,7.3,7.21,3.82,15.56,30.75,6.98,37.06,10.72,28.5,35.19,3.85,0,10.3,33.07,54.96,10.33,87,8.7,21.58,30.75,2.19,9.8,6.82,3.85,255.7,23.05,3.74,8.67,1.67,5.51,281.06,12.21,4.19,15.88,29.08,2.04,36.28,5.7,76.63,11.74,27.75,3.72,5.36,2.88,278.39,9.33,2.12,30.37,1.55,1.92,6.82,2.39,8.63,45.7,10.25,8.57,2.44,91.09,2.17,11.52,1.55,10.1
3/31/1980,7.35,1.02,0.22,5.88,7.31,5.4,4.98,0.85,6.7,4.72,2.14,3.76,2.37,2.06,11.39,2.64,1.99,73.2,2.05,1.75,5.99,3.18,4.58,21.01,2.24,16.79,4.02,17.35,29.22,3.2,0,1.65,31.23,40.94,1.66,252,4.72,10.8,19.02,0.68,1.57,3.64,1.75,156.17,13.63,2.31,5.93,1.17,2.07,221.8,5.02,0,5,14.84,1.27,22.54,5.36,33.8,1.88,4.45,2.48,2.37,3.82,142.59,1.5,1.49,16.95,0.82,2.55,6.09,1.23,1.38,34.53,1.55,5.45,1.07,32.7,1.11,5.08,1.29,7.62
4/30/1980,3.71,1.43,0.32,2.8,0,0.22,6.99,0.17,16.72,0.95,0.64,1.12,0.87,1.77,12.23,10.16,0.59,30.76,0.61,0.1,1.78,0.94,0.37,41.67,0.63,4.1,2.9,36.82,8.7,0.95,0,0.33,11.49,104.15,0.34,78,1.34,0.99,49.01,0.14,0.32,1.21,0.07,172.71,8.53,0,11.75,5.32,2.91,319.95,8.47,0,1.5,25.2,2.12,37.73,16.2,12.36,0.38,0.9,0.42,0.87,11.12,113.72,0.3,6.77,9.37,0.28,7.41,1.28,0.12,0.28,57.69,0.42,20.74,0.39,15.01,1.88,1.86,0.38,12.73
5/31/1980,2.92,1.33,0.08,1.07,0,0.02,6.51,0.03,36.56,0.16,0.32,0.11,0.36,1.61,16.92,15.4,0.3,16.79,0.3,0.03,0.89,0.48,0.24,70.59,0.29,2.47,1.11,49.14,4.35,0.48,0,0.06,7.65,219.69,0.06,70,1.01,0,88.5,0,0.05,1.94,0.01,287.64,6.94,0,19.91,12.32,2.71,538.62,11.63,0,0.7,32.09,2.57,45.7,28.03,5.1,0.06,0.15,0.17,0.36,20.58,139.9,0.05,15.68,5.61,0.44,13.72,0.15,0.02,0.05,104.56,0.16,34.57,0.16,10.97,2.4,0.77,0.19,23.08
6/30/1980,1.45,0.75,0,0.27,3.49,0,3.67,0,41.74,0.01,0.12,0.07,0.24,0.83,3.84,12.68,0.11,12.94,0.11,0,0.33,0.18,0.05,47.82,0.06,1.15,0.55,41.65,1.59,0.17,0,0,3.82,315.95,0,12,0.44,0,105.51,0,0,0,0,289.35,3.21,1.1,13.49,15.59,1.53,649.38,12.4,0,0.18,29.37,1.58,28.02,18.69,3.46,0,0.01,0.07,0.24,21.85,75.56,0,19.84,2.68,0,14.57,0.02,0,0,93.91,0.04,29.29,0.11,5.33,2.19,0.52,0.07,20.72
7/31/1980,0.59,0.34,0.01,0.12,0.47,0,1.65,0,29.77,0,0,0.03,0.23,0.4,1.01,3.33,0,5.72,0,0,0,0.01,0.01,16.6,0.01,0.59,0.33,23.34,0,0,0,0,1.74,232.03,0,23,0.23,0,61.52,0,0,0,0,141,1.44,0.15,4.68,14.4,0.69,438.77,7.46,0.26,0.04,7.36,0.37,6.48,4.07,3.26,0,0,0.03,0.23,9.88,29.72,0,18.33,1.54,0,6.59,0.01,0,0,39.81,0,11.52,0.1,7.97,0.55,0.49,0,8.78
8/31/1980,0.21,0.16,0,0,0.39,0,0.76,0,6.87,0,0,0.01,0.11,0.15,0.47,0.07,0,1.83,0,0,0,0,0,3.82,0,0.21,0.23,4.2,0,0,0,0,0.08,32.94,0,0,0.11,0,5.78,0,0,0.4,0,32.93,0.59,0.12,1.08,3.55,0.32,121.1,1.18,0,0,0,0.06,1.15,0,1.52,0,0,0.02,0.11,1.29,15.91,0,4.52,0.77,0.09,0.86,0,0,0,3.93,0,2.16,0.05,0,0,0.23,0,0.87
9/30/1980,0.15,0.11,0,0,0,0,0.56,0,3.41,0,0,0,0.1,0.13,0.44,0.02,0,1.15,0,0,0,0,0,2.39,0,0.15,0.17,1.57,0,0,0,0,0,4.5,0,0,0.1,0,1.94,0,0,0.95,0,15,0.41,0,0.67,1.32,0.23,40.97,0.42,0,0,0,0.04,0.75,0.28,1.49,0,0,0.03,0.1,0,14.25,0,1.68,0.59,0.22,0,0,0,0,0.99,0,0.89,0.05,0,0,0.22,0,0.22
10/31/1980,0.17,0.09,0,0,0,0,0.43,0,2.55,0,0,0,0.01,0.13,0.36,0.01,0,1.48,0,0,0,0.02,0.3,1.59,0,0.22,0.15,0,0,0,0,0,0.17,1.15,0,0,0.09,0,0,0,0,0.31,0,9.81,0.56,0,0.45,0.91,0.18,26.5,0.04,0.03,0,0,0.03,0.47,0.81,0.12,0,0,0.06,0.01,0.02,6.48,0,1.16,0.7,0.07,0.01,0,0,0,0.44,0,0.66,0,0,0,0.02,0,0.1
11/30/1980,0.22,0.09,0.01,0.01,0,0,0.44,0,2.11,0,0.01,0.09,0.04,0.16,0.4,0.02,0.01,2.1,0.01,0,0.03,0.02,0.44,1.14,0.01,0.39,0.2,0.56,0.15,0.02,0,0,0.73,1.75,0,0,0.11,0,0.82,0,0,0.09,0,5.7,0.59,0,0.32,0.49,0.18,21.3,0.2,0.06,0,0,0.02,0.35,0.04,0.64,0,0,0.1,0.04,0,3.48,0,0.63,0.7,0.02,0,0,0,0,1.74,0,0.09,0.02,0,0,0.1,0.01,0.38
12/31/1980,0.39,0.11,0.04,0.16,0.27,0,0.55,0,2,0,0.05,0.34,0.14,0.24,0.7,0.22,0.05,3.78,0.05,0.06,0.14,0.08,0.76,0,0.08,0.78,1.25,2.92,0.7,0.08,0,0,1.14,5.06,0,0,0.19,0,3.83,0.01,0,0.15,0,9.63,0.89,0.09,0,0.7,0.23,30.26,0.68,1.61,0.04,0,0.06,1.06,0.41,1.99,0,0,0.14,0.14,0.29,13.94,0,0.9,1.11,0.03,0.19,0,0,0,2.88,0,0.08,0.06,0.49,0,0.3,0.03,0.64
1/31/1981,1.31,0.41,0.67,0.94,3.2,0.31,1.98,0.02,1.59,0.11,0.38,3.71,1.3,0.37,2.07,0.41,0.35,13.07,0.36,1.02,1.06,0.57,2.24,2.17,0.22,2.61,4.02,3.64,5.18,0.57,0,0.04,2.96,4.59,0.04,0,0.81,4.64,4.14,0.1,0.04,0.55,0.1,21.42,2.02,1.01,0.61,0.71,0.82,37.43,1.33,6.31,0.73,1.42,0.03,0.57,0.25,18.55,0.04,0.1,0.31,1.3,0.47,35.56,0.03,0.9,2.57,0.12,0.31,0,0,0.03,6,0.05,0.04,0.59,18.35,0.11,2.79,0.23,1.33
2/28/1981,1.03,0.42,0.24,0.62,0.31,0.12,2.04,0,2.52,0,0.2,1.24,0.45,0.51,1,1.73,0.19,10.76,0.19,0.24,0.57,0.3,1.55,4.58,0.16,2.08,1.23,10.97,2.76,0.3,0,0,2.76,18.81,0,0,0.56,8.05,11.84,0.08,0,0.78,0.04,26.87,2.08,0.1,1.29,0.77,0.85,57.82,2.18,3.09,0.38,5.22,0.33,5.93,2.67,6.42,0,0,0.13,0.45,1.41,21.75,0,0.98,2.37,0.18,0.94,0,0,0,10.26,0,0.67,0.2,12.03,0.39,0.96,0.12,2.26
3/31/1981,4.09,0.89,1.95,5.52,4.67,4.86,4.37,0.14,3.25,0.76,0.51,3.98,1.71,1.28,5.64,1.86,0.47,41.48,0.49,3.33,1.42,0.75,4.18,7.43,0.31,8.14,4.01,12.93,6.94,0.76,0,0.27,5.07,27.33,0.27,0,2.47,15.91,14.17,0.05,0.25,1.76,1.58,52.24,4.51,1.47,2.1,0.9,1.82,89.28,4.57,0.18,1.49,6.95,0.56,10.02,2.51,24.48,0.3,0.72,0.54,1.71,1.7,71.17,0.24,1.14,6.12,0.4,1.13,0,0,0.22,15.88,0.19,3.74,0.78,24.92,0.52,3.68,0.31,3.5
4/30/1981,2.23,1.31,0.37,2.6,2.07,0.24,6.41,0.03,12.99,0.18,0.25,0.75,0.49,1.27,6.08,9.56,0.23,19.2,0.24,0.1,0.7,0.37,0.94,29.29,0.21,2.97,0.67,36.28,3.41,0.37,0,0.06,1.44,98.63,0.06,0,1.21,1.35,48.28,0,0.06,0.65,0.08,121.99,3.89,0.65,8.26,5.35,2.67,211.02,3.6,0,0.26,14.47,1.56,27.76,15.16,7.04,0.07,0.17,0.15,0.49,9.3,59.83,0.06,6.81,4.46,0.15,6.2,0,0,0.05,60.29,0.04,19.78,0.22,19.4,1.08,1.06,0.15,13.32
5/31/1981,1.21,0.61,0,0.25,6.7,0,2.96,0,21.05,0,0.07,0.13,0.12,0.86,3.7,9.01,0.06,10.11,0.06,0,0.19,0.11,0.08,28.97,0.02,0.72,0.46,32.52,0.92,0.1,0,0,0.93,183.89,0,0,0.39,0,58.57,0,0,0,0,158.82,2.23,2.12,8.17,9.67,1.23,323.21,0,0.06,0,5.75,1.21,21.54,13.45,1.71,0,0,0.05,0.12,14.08,53.46,0,12.3,1.84,0,9.39,0,0,0,87.63,0,20.92,0.05,0,0.43,0.26,0.04,19.34
6/30/1981,0.28,0.15,0,0.04,0,0,0.71,0,12.19,0,0,0.04,0.13,0.23,0.86,1.45,0,2.25,0,0,0,0.01,0.01,11.12,0,0.16,0.18,8.93,0,0,0,0,0.43,100.74,0,0,0.08,0,22.62,0,0,0.02,0,68.89,0.8,0,3.14,6.5,0.3,215.46,0.88,0.09,0,0,0.15,2.58,2.3,1.82,0,0,0,0.13,4.61,18.92,0,8.27,0.64,0,3.08,0,0,0,24.78,0,6.44,0.06,0,0,0.27,0,5.47
7/31/1981,0.08,0.03,0,0,0,0,0.15,0,2.43,0,0,0.01,0.07,0.16,0.21,0.03,0,0.53,0,0,0,0,0,2.81,0,0.04,0.1,1.15,0,0,0,0,0.21,9.48,0,0,0.03,0,3.03,0,0,0.09,0,16,0.47,0,0.79,1.49,0.06,58.54,0.28,0.06,0,0,0.04,0.64,0.16,0.95,0,0,0,0.07,0.2,8.15,0,1.89,0.18,0.02,0.13,0,0,0,0,0,1.27,0.03,0,0,0.14,0,0
8/31/1981,0.12,0.02,0,0,0,0,0.1,0,1.35,0,0,0,0.07,0.38,0.39,0,0,0.62,0,0,0,0,0,1.33,0,0.04,0.06,2.1,0,0,0,0,0.35,2.1,0,0,0.06,0,2.89,0,0,0,0,4.61,0.31,0,0.37,0.7,0.04,25.39,0,0,0,0,0,0,0.09,0.98,0,0,0,0.07,0.1,12.05,0,0.89,0.14,0,0.07,0,0,0,1.75,0,0.25,0.03,0,0,0.15,0,0.39
9/30/1981,0.01,0.04,0,0,0.62,0,0.21,0,1.11,0,0.01,0,0.01,0.05,0.05,0,0.01,0.03,0.01,0,0.04,0.03,0,0.7,0,0,0.07,1.28,0.19,0.02,0,0,0.12,0.86,0,0,0.01,0,1.58,0,0,0,0,5.03,0.22,0.2,0.2,0.35,0.09,15.71,0,0,0,0,0,0,0.12,0.15,0,0,0,0.01,0.11,5.04,0,0.45,0.13,0,0.08,0,0,0,0.44,0,0.33,0,0,0,0.02,0.01,0.1
10/31/1981,0.16,0.07,0,0,0.35,0,0.36,0,1.6,0,0,0,0.01,0.12,1.54,0.41,0,0.18,0,0,0.01,0.01,0.34,1.79,0,0.26,0.93,3.38,0.03,0,0,0,0,7.96,0,0,0.11,0,7.32,0,0,0.13,0,5.74,0.42,0.11,0.5,0.95,0.15,20.94,0.94,0.07,0,0.57,0.05,0.92,0.43,0.11,0,0,0.01,0.01,0.68,10.44,0,1.21,0.41,0.03,0.45,0.01,0,0,2.65,0,0.99,0,0,0.04,0.02,0,0.58
11/30/1981,3.15,1.02,0.09,0.47,2.57,0.27,4.96,0,3.96,0,0.1,1.4,0.78,1.17,3.57,7.81,0.1,32.77,0.1,0.5,0.29,0.16,7.7,14.47,0,7.48,5.46,29.78,1.41,0.15,0,0,1.36,47.33,0,0,1.69,5.56,43.22,0.04,0,1.45,0.09,50.15,2.74,0.81,4.08,2.98,2.07,68.36,15.02,0.35,0.38,13.45,1.14,20.19,8.54,11.18,0,0,0.09,0.78,5.15,53.35,0,3.79,2.92,0.33,3.44,0.07,0.02,0,27.73,0,9,0.36,16.09,1.01,1.68,0.06,6.12
12/31/1981,7.26,1.85,0.67,2.08,7.45,0.89,9.01,0,8.26,0,0.22,4.81,1.91,3.02,7.45,11.41,0.2,75.1,0.21,0.66,0.6,0.32,17.53,25.47,0.05,21.01,4.99,27.95,2.95,0.32,0,0,1.16,55.65,0,0,4.71,7.97,36.75,0.12,0,2.12,0.29,63.6,7.4,2.35,7.18,2.75,3.75,68.9,17.78,3.69,2.73,37.31,2.51,44.61,10.67,27.3,0,0,0.14,1.91,6.54,99.77,0,3.5,8.76,0.48,4.36,0.12,0.03,0,34.93,0,15.18,0.87,26.59,2.79,4.1,0.13,7.71
1/31/1982,11.69,1.74,6.33,9.35,2.89,6.48,8.52,1.38,4.69,7.65,2.44,17.09,6.4,2.44,8.19,2.43,2.26,127.57,2.33,3.15,6.82,3.61,22.42,16.15,2.29,35.21,14.9,11.96,33.28,3.64,0,2.68,16.51,36.46,2.68,0,7.17,48.24,13.6,3.03,2.55,3.09,2.1,135.06,11.02,0.91,4.56,1.67,3.55,123.03,12.25,59.96,24.15,18.96,0.87,15.46,3.14,91.48,3.05,7.21,1.01,6.4,2.59,164.39,2.42,2.13,15.32,0.7,1.73,3.53,0.89,2.24,22.87,4.5,4.77,2.91,75.44,1.42,13.75,1.47,5.04
2/28/1982,13.83,3.48,4.99,9.63,8.56,8.15,16.98,0.5,10.87,2.79,2.12,14.17,5.47,5.99,11.71,12.67,1.97,144.37,2.03,4.48,5.93,3.14,22.36,55.62,0.59,42.58,6.81,38.88,28.95,3.17,0,0.98,20.11,73.41,0.98,0,9.92,29.67,41.95,0.37,0.93,7.12,2.65,202.63,20.21,2.7,15.69,2.18,7.07,200.22,22.34,13.29,9.75,47.8,3.43,60.9,10.29,78.16,1.11,2.63,1.56,5.47,7.96,232.88,0.88,2.77,24.74,1.61,5.31,5.28,2.11,0.82,58.31,1.58,14.44,2.49,80.39,3.57,11.75,1.28,12.89
3/31/1982,14.03,2.26,3.98,11.26,4.59,7.04,11.02,1.1,8.26,6.07,3.18,15.01,6.78,3.48,10.97,3.83,2.95,151.53,3.04,6.14,8.89,4.71,14.47,31.44,1.78,39.45,9.61,25.67,43.36,4.74,0,2.12,38.39,41.31,2.13,0,8.51,27.07,28.15,0.29,2.02,4.99,2.29,189.42,18.8,1.45,8.87,2.56,4.59,236.17,11.08,0.01,8.03,27.06,1.71,30.36,5.94,96.88,2.42,5.72,1.72,6.78,4,242.71,1.92,3.26,23.35,1.13,2.67,8.99,2.88,1.78,51.54,1.53,7.57,3.08,101.46,2.02,14.56,1.91,11.38
4/30/1982,19.15,2.72,6.06,15.01,11.6,8.31,13.26,2.46,20.67,13.59,4.34,11.65,7.56,7.22,31.87,13.47,4.02,188.18,4.14,2.65,12.12,6.42,9.31,67.86,3.15,34.97,10.49,56.67,59.11,6.47,0,4.76,54.73,136.83,4.77,158,10.91,39.09,75.42,0.45,4.52,8.75,2.7,428.81,33.4,3.66,19.14,7.21,5.52,624.41,17.64,0,11.84,49.43,3.98,70.63,18.32,107.99,5.42,12.81,2.87,7.56,14.05,388.8,4.31,9.18,41.91,1.98,9.36,8.78,1.45,3.98,108.93,4.12,26.29,3.43,103.01,3.69,16.23,2.61,24.04
5/31/1982,6.4,1.72,0.31,1.92,12.13,0.18,8.38,0.17,51.98,0.92,0.63,0.28,0.92,3.37,11.87,24.07,0.58,62.11,0.6,0,1.75,0.94,0.51,88.85,0.67,5.24,1.19,59.07,8.56,0.94,0,0.32,7.88,311.24,0.32,213,2.21,0,106.39,0.02,0.31,2.39,0.06,418.28,13.19,3.83,25.06,17.36,3.49,736.78,19.97,0,1.59,52.28,4.01,71.14,34.16,13.15,0.37,0.87,0.35,0.92,25.62,216.03,0.29,22.09,14.84,0.54,17.08,0.18,0.02,0.27,145.87,0.38,44.45,0.42,6.67,3.91,1.98,0.38,32.19
6/30/1982,1.79,0.59,0,0.45,6.41,0,2.9,0.02,50.69,0.12,0.19,0.04,0.36,0.91,3.37,12.27,0.17,17.38,0.18,0,0.52,0.27,0.06,44.95,0.23,1.36,0.95,36.75,2.55,0.28,0,0.04,1.06,334.21,0.04,62,0.55,0,93.12,0,0.04,1.17,0,262.96,4.18,2.03,12.68,16.26,1.21,597.62,15.62,0,0.51,34.92,1.42,25.3,16.42,5.11,0.05,0.11,0.15,0.36,20.3,102.62,0.04,20.69,3.97,0.27,13.54,0.02,0,0.03,96.94,0.15,27.23,0.16,0,2.61,0.77,0.11,21.39
7/31/1982,0.65,0.28,0,0.19,4.02,0,1.38,0,29.35,0,0.08,0.01,0.22,0.38,1.1,2.18,0.07,6.33,0.07,0,0.21,0.12,0.02,19.14,0.04,0.44,0.68,17.23,1.03,0.11,0,0,2,191.55,0,19,0.27,0,45.43,0,0,1.06,0,123.12,2.29,1.27,5.4,12.66,0.57,382,7.1,0.42,0.08,8.51,0.31,5.59,3.51,3.12,0,0,0.06,0.22,6.47,68.32,0,16.11,2.34,0.24,4.31,0.01,0,0,35.59,0,10.08,0.1,0,0.64,0.47,0.05,7.85
8/31/1982,0.29,0.09,0,0.01,1.67,0,0.42,0,7.32,0,0,0,0.1,0.23,0.53,0.11,0,2.67,0,0,0,0,0,5.82,0,0.11,0.43,3.23,0,0,0,0,1.24,52.62,0,0,0.13,0,4.45,0,0,0.25,0,36.49,1.19,0.53,1.64,4.93,0.17,156.07,2.04,0,0,1.68,0.11,2.01,0.11,1.36,0,0,0.08,0.1,0.61,19.68,0,6.28,1.11,0.06,0.4,0,0,0,9.74,0,1.06,0.04,0,0.13,0.2,0,2.15
9/30/1982,0.38,0.3,0.01,0.11,1.62,0,1.47,0,5.34,0,0.02,0,0.12,0.23,0.96,0.74,0.02,3.31,0.02,0,0.06,0.06,0,4.81,0,0.16,0.39,12.17,0.31,0.03,0,0,1.02,51.16,0,0,0.26,0,15,0,0,0.25,0,30.93,1.12,0.51,1.36,4.36,0.61,172.98,4.26,0,0,0,0.03,0.49,0,1.7,0,0,0.16,0.12,2.13,25.52,0,5.55,1.14,0.06,1.42,0.02,0,0,10.65,0,0.24,0.05,3.91,0,0.26,0.01,2.35
10/31/1982,1.01,0.9,0.02,0.25,2.24,0,4.4,0,7.81,0,0.1,0.57,0.38,0.39,0.35,5.43,0.09,11.13,0.09,0,0.27,0.16,2.26,13.86,0.02,1.77,1.6,18.97,1.31,0.14,0,0,2.14,53.93,0,0,0.63,0,41.07,0,0,0.71,0,51.32,2.31,0.71,3.91,4.61,1.83,131.7,14.08,0.11,0.02,9.37,1.02,18.07,9.1,5.39,0,0,0.22,0.38,5.75,38.83,0,5.87,2.56,0.16,3.83,0.07,0.03,0,25.92,0,11.3,0.17,0,0.7,0.81,0.06,5.72
11/30/1982,4.08,1.16,2.96,4.12,3.14,1.86,5.67,0.12,7,0.66,0.91,5.81,2.47,1.03,4.43,2.08,0.84,43.13,0.86,1.17,2.53,1.35,10.2,14.21,0.56,10.75,8.71,14.98,12.33,1.35,0,0.23,10.07,47.16,0.23,92,2.13,9.19,21.74,0.21,0.22,1.88,0.6,84.14,5.58,0.99,4.01,2.08,2.36,147.22,8.3,0.84,1.55,14.68,0.67,11.95,4.36,35.3,0.26,0.62,0.46,2.47,2.92,92,0.21,2.64,6.68,0.43,1.94,0.79,0.13,0.19,19.77,1.21,5.6,1.12,41.49,1.1,5.31,0.54,4.36
12/31/1982,11.93,1.6,5.86,8.47,4.34,7,7.81,0.95,5.52,5.23,2.52,10.71,4.14,3.01,9.27,2.05,2.34,128.08,2.41,2.07,7.05,3.74,27.22,18.02,1.15,35.35,7.88,15.84,34.37,3.76,0,1.83,31.2,41.79,1.84,224,7.97,40.8,20.83,1.02,1.74,4.43,2.27,150.31,12.39,1.37,5.08,1.52,3.25,217.24,11.52,15.2,5.56,25.97,0.98,17.39,2.46,59.08,2.09,4.93,1.85,4.14,2.6,164.81,1.66,1.93,16.55,1.01,1.73,6.55,1.64,1.53,26.84,2.85,4.38,1.88,65.23,1.94,8.88,1.52,5.93
1/31/1983,11.98,1.87,10.34,15.75,5.81,17.78,9.12,3.12,5.2,17.24,3.68,17.15,6.37,2.51,10.19,1.8,3.41,129.17,3.52,8.86,10.28,5.79,23.16,15.56,6.12,36.51,10.69,13.13,50.17,5.49,0,6.03,48.1,35.47,6.05,218,7.14,37.4,14.92,2.07,5.74,4.13,5.77,185.59,13.75,1.83,4.39,1.31,3.8,229.03,11.52,25.4,10.57,19.01,0.95,16.85,2.37,90.97,6.87,16.25,3.94,6.37,2.48,195.53,5.46,1.67,18.03,0.94,1.66,12.77,5,5.05,21.91,9.49,3.89,2.89,84.63,1.42,13.67,2.21,4.83
2/28/1983,15.21,2.59,14.11,15.05,9.8,12.38,12.65,2.63,4.63,14.56,5.13,17.93,7.01,4.57,14.57,1.74,4.75,158.78,4.9,6.19,14.33,7.58,24.75,17.96,5.73,47.41,13.42,15.93,69.89,7.65,0,5.09,66.77,35.99,5.11,260,11.25,63.13,17.19,1.95,4.84,7.11,4.02,231.92,21.83,3.09,5.06,1.22,5.27,273.85,16.69,44.56,16.86,25.56,1.37,24.38,2.87,100.08,5.8,13.72,6.74,7.01,2.32,253.52,4.61,1.56,28.86,1.61,1.54,15.9,5.32,4.27,31.5,3.66,4.13,3.18,120.07,1.91,15.04,3.08,6.94
3/31/1983,26.04,4.15,17.64,28.54,17.15,22.67,20.25,3.95,7.52,21.85,7.7,24.45,12.28,8.17,13.64,3.38,7.13,285.76,7.35,11.16,21.5,11.38,25.4,38.49,13.41,70.72,19.67,27.61,104.89,11.47,0,7.65,105.6,56.93,7.67,319,16.25,78.36,30.27,2.93,7.27,10.92,7.36,369.72,40.18,5.41,10.86,1.4,8.43,432.05,20.56,20.87,36.22,48.53,2.71,48.05,3.91,175.37,8.71,20.6,5.88,12.28,4.05,435.02,6.93,1.79,50.73,2.48,2.7,22.62,4.3,6.41,65.94,6.56,6.57,5.58,188.18,3.63,26.36,4.63,14.58
4/30/1983,10.5,1.59,3.56,6.65,11.93,2.14,7.75,0.97,7.84,5.36,2.52,4.8,3.4,3.69,39.63,3.5,2.33,80.46,2.41,0.54,7.04,3.74,6.76,27.51,3.22,23.32,6.15,19.16,34.32,3.75,0,1.88,35.93,40.98,1.88,301,6.85,7.97,25.5,0.63,1.78,4.57,0.7,197.45,19.55,3.77,7.76,1.57,3.23,277.45,10.1,6.33,6.14,23.7,1.81,32.13,4.99,48.51,2.14,5.05,1.5,3.4,3.62,204.61,1.7,1.99,24.19,1.04,2.41,1.69,0.1,1.57,44.46,1.76,7.3,1.54,73.91,1.77,7.29,1.51,9.82
5/31/1983,11.07,2.9,1.84,5.68,20.26,0.85,14.16,0.55,40.16,3.06,1.54,1.7,2.32,5.3,14.76,22.9,1.43,113.57,1.47,0.24,4.3,2.29,1.38,103.48,1.94,10.27,2.31,62.39,20.99,2.3,0,1.07,22.51,252.07,1.07,303,4.07,0,112.37,0.21,1.02,4.12,0.28,382.29,22.9,6.4,29.19,12.37,5.9,727.47,22.8,1.28,3.16,62.78,5.29,93.96,32.73,33.15,1.22,2.88,0.72,2.32,20.71,267.77,0.97,15.75,26.06,0.94,13.81,0.27,0.03,0.9,125.58,1.04,41.43,1.05,42.34,4.69,4.98,0.93,27.72
6/30/1983,5.41,2.23,0.18,0.97,15.65,0.01,10.87,0.13,79.14,0.71,0.41,0.13,0.65,2.94,4.19,33.58,0.38,58.39,0.39,0.05,1.15,0.62,0.3,135.39,1.86,4.36,0.83,75.32,5.62,0.61,0,0.25,5.97,535,0.25,292,1.77,0,190.82,0,0.24,0.18,0,656.05,10.76,4.94,38.19,25.31,4.53,1170.1,29.53,1.19,1,74.25,5.61,99.67,50.82,9.26,0.28,0.67,0.12,0.65,38.15,223.15,0.23,32.21,9.7,0.04,25.44,0.03,0,0.21,194.61,0.53,65.35,0.29,0,5.55,1.39,0.25,42.95
7/31/1983,1.95,0.7,0.08,0.46,0,0,3.42,0.01,53.03,0.03,0.16,0.03,0.36,0.93,1.37,16.16,0.15,21.32,0.15,0.08,0.45,0.24,0.06,50.56,0.34,1.47,0.59,45.32,2.19,0.24,0,0.01,2.08,375.41,0.01,184,0.66,0,119.47,0,0.01,0.29,0,351.67,4.19,0,14.26,18.5,1.42,699.53,20.49,19.08,0.4,40.07,1.54,27.39,18.99,5.17,0.01,0.03,0.09,0.36,25.45,98.37,0.01,23.54,3.87,0.06,16.97,0.01,0,0.01,110.81,0.1,29.08,0.16,3.4,2.99,0.78,0.1,24.45
8/31/1983,0.65,0.31,0.06,0.33,1.24,0,1.51,0,18.34,0,0.03,0,0.18,0.35,0.65,1.55,0.03,6.8,0.03,0.06,0.09,0.07,0,12.37,0.13,0.29,0.44,18.77,0.43,0.05,0,0,2.48,138.44,0,66,0.29,0,25.82,0,0,0.38,0,97.05,2.35,0.39,3.49,9.01,0.63,289.29,4.9,0,0.19,4.22,0.1,1.72,2.17,2.52,0,0,0.06,0.18,4.57,22.59,0,11.46,2.04,0.09,3.05,0.01,0,0,21.33,0,4.46,0.08,2.38,0.32,0.38,0.02,4.7
9/30/1983,0.45,0.24,0.11,0.19,0.35,0,1.19,0,6.29,0,0.02,0,0.16,0.22,1.19,0.93,0.02,3.86,0.02,0.02,0.05,0.07,0,4.83,0.07,0.19,0.34,5.24,0.25,0.03,0,0,1.39,32.09,0,48,0.31,0,6.46,0,0,0.25,0,29.03,1.77,0.11,1.36,3.46,0.5,103.98,5.04,0,0.15,0,0.22,3.84,1.47,2.29,0,0,0.06,0.16,1.52,16.77,0,4.41,1.88,0.06,1.01,0.03,0,0,11.67,0,2.81,0.07,0,0,0.34,0.01,2.57
10/31/1983,0.45,0.22,0.11,0.35,0.87,0,1.06,0,4.21,0,0.04,0.32,0.2,0.26,0.76,0.86,0.04,4.32,0.04,0.02,0.12,0.08,0.98,3.76,0.13,0.75,0.38,3.03,0.57,0.06,0,0,1.28,16.57,0,106,0.28,0,6.55,0,0,0.33,0,28.44,1.67,0.28,1.06,2.04,0.44,59.09,3.26,0.02,0.13,0.61,0.08,1.5,1.64,2.8,0,0,0.06,0.2,1.08,25.34,0,2.6,1.64,0.07,0.72,0.05,0.01,0,7.03,0,1.69,0.09,0,0.05,0.42,0.03,1.55
11/30/1983,8.46,2.28,1.84,3.5,6.1,0.67,11.12,0.11,8.69,0.63,0.64,9.49,3.64,2.91,2.32,10.66,0.59,94.71,0.61,2.42,1.79,0.96,19.05,32.84,0.45,23.39,6.58,40.27,8.73,0.96,0,0.22,10,69.27,0.22,141,5.25,21.36,58.43,0.19,0.21,2.76,0.22,114.31,11.56,1.93,9.26,3.57,4.63,149.71,22.67,0.13,5.13,39.26,2.7,47.88,10.85,52.07,0.25,0.59,0.35,3.64,7.61,145.09,0.2,4.54,11.74,0.63,5.07,1.4,0.36,0.18,51.45,0.41,13.67,1.66,47.32,2.93,7.83,0.38,11.36
12/31/1983,16.46,1.63,6.8,11.43,10.08,8.54,7.98,0.77,8.76,4.29,2.15,14.96,5.82,5.44,6.4,8.09,1.99,182.17,2.05,4.75,5.99,3.18,26.46,40.9,1.96,48.54,7,35.11,29.23,3.2,0,1.5,24.78,65.94,1.5,135,10.76,38.71,46.17,0.36,1.43,6.11,2.77,203.84,22.86,3.18,11.54,2.4,3.32,230.43,20.48,0.49,10.41,42.19,3.03,53.84,7.66,83.09,1.71,4.04,1.46,5.82,5.85,257.2,1.36,3.05,26.01,1.39,3.9,4.35,1.67,1.26,58.48,1.57,11.07,2.64,0,3.15,12.49,1.29,12.92
1/31/1984,5.82,1.53,1.8,2.56,6.58,1.34,7.47,0.26,8.12,1.42,0.73,2.78,1.4,2.04,3.83,3.95,0.68,63.01,0.7,0.77,2.04,1.08,5.6,23.19,0.6,15.56,1.71,14.66,9.93,1.09,0,0.5,10.82,33.91,0.5,185,3.5,13.01,16.66,0.22,0.47,2.11,0.44,93.22,10.47,2.08,6.54,1.98,3.11,126.37,6.4,0.59,2.09,16.36,0.93,16.55,4.49,20,0.57,1.34,0.48,1.4,3.39,111.34,0.45,2.52,10.21,0.48,2.26,1.98,0.53,0.42,34.69,0.44,6.54,0.64,39.92,1.22,3.01,0.44,7.66
2/29/1984,4.94,0.78,1.43,3.3,5.14,1.75,3.79,0.08,5.57,0.46,0.67,3.31,1.75,1.41,6.82,2.28,0.62,49.89,0.64,1.44,1.87,0.99,3.29,14.02,0.42,10.87,4.99,12.24,9.1,1,0,0.16,8.69,28.01,0.16,1,3.3,15.26,13.21,0.16,0.15,1.87,0.57,80.79,7.38,1.62,3.96,1.05,1.58,113.87,3.53,0.25,2.55,10.87,0.57,10.14,3.28,25.02,0.18,0.43,0.45,1.75,2.53,98.87,0.14,1.33,7.54,0.42,1.69,1.64,0.27,0.13,25.15,0.14,4.71,0.8,23.89,0.81,3.76,0.4,5.55
3/31/1984,5.84,1.03,0.63,1.75,6.86,0.34,5.02,0.06,9.04,0.33,0.52,2.34,1.63,2.21,13.63,4.84,0.48,53.58,0.5,0.21,1.46,0.77,2.82,23.48,0.24,10.49,4.58,23.81,7.13,0.78,0,0.12,7.71,50.94,0.12,1,3.23,7,26.1,0.08,0.11,2.19,0.11,97.38,8.95,2.16,6.62,2.35,2.09,166.04,5.2,0,2.22,15.77,1.37,24.35,7.85,23.34,0.13,0.31,0.28,1.63,4.64,102.6,0.1,3,9.51,0.5,3.09,1.05,0.11,0.1,36.66,0.1,9.05,0.74,17.73,1.18,3.51,0.31,8.09
4/30/1984,3.64,0.75,0.25,0.86,6.47,0.02,3.66,0.03,15.98,0.18,0.25,0.71,0.73,1.59,8.91,6.53,0.23,33.41,0.23,0.07,0.68,0.37,0.37,28.55,0.1,2.97,3.17,24.92,3.34,0.37,0,0.06,2.66,87.72,0.06,0,1.32,3.87,33.17,0,0.06,1.26,0.01,128.91,5.93,2.04,8.05,4.31,1.52,208.4,4.97,0,0.86,13.89,1.59,28.31,12.07,10.49,0.07,0.17,0.16,0.73,7.08,79.19,0.06,5.49,5.9,0.28,4.72,0.11,0.01,0.05,46.23,0.07,12.19,0.33,13.62,1.04,1.58,0.15,10.2
5/31/1984,2.6,1.06,0.06,0.29,6.05,0,5.18,0.01,47.93,0.03,0.08,0.13,0.42,1.28,10.67,17.59,0.08,19.52,0.08,0.01,0.24,0.16,0.15,54.68,0.04,2.03,1.26,50.43,1.15,0.13,0,0.01,0,342.86,0.01,0,0.85,0,90.83,0,0.01,0.67,0,264.66,3.86,1.91,15.42,15.15,2.16,490.59,14.26,0.03,0.38,37.18,1.6,28.51,26.62,5.99,0.01,0.03,0.07,0.42,25.01,79.57,0.01,19.28,3.88,0.16,16.67,0.01,0,0.01,122.09,0.04,35.79,0.19,0,2.78,0.9,0.05,26.94
6/30/1984,0.98,0.36,0,0.13,2.88,0,1.77,0,36.48,0,0,0.02,0.23,0.62,5.35,7.49,0,5.87,0,0,0,0,0.03,23.36,0,0.72,1.37,21.65,0,0,0,0,0,226.23,0,0,0.31,0,54.85,0,0,0.92,0,114.35,2.21,0.91,6.59,11.4,0.74,273.35,9.03,0.03,0.1,15.64,0.63,11.26,8.42,3.25,0,0,0.05,0.23,12.04,39.73,0,14.51,2.27,0.21,8.03,0,0,0,58.9,0,16,0.1,0,1.17,0.49,0,12.99
7/31/1984,0.36,0.18,0,0.02,1.19,0,0.89,0,11.99,0,0,0,0.12,0.29,1.88,0.36,0,2.13,0,0,0,0,0.01,8.06,0,0.21,0.59,3.6,0,0,0,0,0,69.41,0,0,0.15,0,9.48,0,0,0.26,0,46.67,1.21,0.38,2.27,6.04,0.37,168.5,3.05,22.6,0.02,0.98,0.11,1.98,1.13,1.65,0,0,0.01,0.12,1.72,10.75,0,7.69,1.19,0.06,1.15,0,0,0,13.04,0,2.07,0.05,0,0.07,0.25,0,2.88
8/31/1984,0.2,0.09,0,0,0.89,0,0.43,0,3.62,0,0,0,0.05,0.19,0.62,0.03,0,1.56,0,0,0,0.02,0,2.75,0,0.07,0.44,0.16,0,0,0,0,0.57,13.21,0,0,0.11,0,0.22,0,0,0.15,0,8.03,0.85,0.28,0.77,1.81,0.18,72.24,0.72,0,0.01,0,0,0,0.12,0.68,0,0,0,0.05,0.12,6.33,0,2.31,0.62,0.04,0.08,0,0,0,2.22,0,0.44,0.02,0,0,0.1,0,0.49
9/30/1984,0.15,0,0,0,1.71,0,0,0,2.04,0,0,0,0,0.12,0.59,0.01,0,1.02,0,0,0,0.02,0,1.53,0,0.06,0.3,0.19,0,0,0,0,0.21,4.9,0,0,0.1,0,0.23,0,0,0.05,0,0,0.84,0.54,0.43,2.27,0,38.69,0.39,0,0,0,0.28,5.05,0.09,0.02,0,0,0,0,0.03,2.26,0,2.89,0.36,0.01,0.02,0,0,0,0.93,0,0,0,0,0,0,0,0.21
10/31/1984,0.35,0.1,0,0,0.23,0,0.49,0,2.42,0,0.01,0.18,0.1,0.24,0.31,0.44,0.01,3.59,0.01,0,0.03,0.02,0.71,1.98,0,0.55,1.59,2.62,0.13,0.01,0,0,0.42,8,0,0,0.18,0,5.67,0,0,0.07,0,8.42,1.01,0.07,0.56,0,0.2,32.23,1.16,0,0.03,0,0.06,1.04,0.53,1.39,0,0,0.03,0.1,0.64,10.31,0,0,1.15,0.02,0.42,0,0,0,4.21,0,0.2,0.04,0,0,0.21,0.01,0.93
11/30/1984,1.61,0.49,0.21,0.6,7.41,0.12,2.39,0,2.85,0,0.13,1.55,0.59,0.75,0.96,2.56,0.12,17.41,0.12,0.11,0.36,0.2,3.34,4.71,0.04,3.6,9,11.44,1.77,0.19,0,0,1.9,23.95,0,0,0.95,8.76,16.59,0.06,0,0.86,0.04,28.11,4.08,2.34,1.33,1.24,1,50.29,3.6,0.05,0.3,5.23,0.26,4.6,2.04,8.43,0,0,0.12,0.59,1.76,34.01,0,1.58,2.85,0.19,1.17,0,0.01,0,13.16,0,1.53,0.27,6.99,0.39,1.27,0.08,2.91
12/31/1984,1.25,0.32,0.58,0.58,5.07,0.01,1.56,0,2.25,0,0.12,1.45,0.51,0.48,1.47,1.17,0.11,12.85,0.11,0.19,0.33,0.18,2.03,5.19,0.14,2.9,3.21,6.01,1.62,0.18,0,0,2.09,14.83,0,0,0.74,14.03,7.9,0.06,0,0.51,0,21.37,2.21,1.6,1.46,0.71,0.65,42.23,1.69,0.8,0.43,4.78,0.2,3.55,1.73,7.29,0,0,0.16,0.51,0.88,19.49,0,0.91,2.21,0.11,0.58,0,0.01,0,6.97,0,1.29,0.23,0,0.36,1.1,0.07,1.54
1/31/1985,0.78,0.27,0.3,0.38,1.28,0.02,1.32,0,4.03,0,0.11,1.1,0.38,0.38,0.67,1.24,0.1,8.22,0.1,0.09,0.31,0.16,1.27,2.51,0.12,1.81,1.35,5.55,1.49,0.16,0,0,1.95,12.84,0,0,0.44,5.84,6.31,0.04,0,0.46,0.01,18.89,2.13,0.4,0.71,0.59,0.55,40.96,2.06,2.34,0.34,4,0.21,3.71,0.85,5.45,0,0,0.12,0.38,0.9,15.43,0,0.76,1.81,0.1,0.6,0,0.01,0,6.45,0,1.49,0.17,4.09,0.3,0.82,0.07,1.42
2/28/1985,2.23,0.52,0.93,1.93,0.91,1.11,2.54,0.03,3.07,0.16,0.36,3.36,1.22,0.56,2.58,1.68,0.34,23.1,0.35,0.76,1.02,0.54,3.18,4.68,0.13,5.31,3.6,7.61,4.97,0.54,0,0.06,4.4,15.18,0.06,0,1.53,14.28,8.22,0.15,0.05,0.02,0.36,33.26,2.6,0.29,1.32,0.77,1.06,57.08,3.28,1.57,1.07,5.36,0.31,5.5,3.2,17.43,0.06,0.15,0.29,1.22,1.23,38.29,0.05,0.99,3.19,0,0.82,0,0.02,0.05,9.4,0.03,2.65,0.55,17.17,0.4,2.62,0.22,2.07
3/31/1985,3.03,0.85,1.93,2.83,1.76,0.55,4.14,0.05,4.02,0.28,0.48,3.67,1.67,0.94,3.6,2.17,0.44,31.48,0.45,0.37,1.33,0.7,2.94,10.24,0.33,6.79,6.76,13.13,6.48,0.71,0,0.1,5.67,28.04,0.1,0,1.72,9.3,14.39,0.04,0.09,0.77,0.18,58.96,4.67,0.56,2.89,1.39,1.72,86.01,3.21,1.73,1.24,8.6,0.59,10.56,4.12,23.92,0.11,0.26,0.24,1.67,2.06,71.72,0.09,1.77,5.24,0.17,1.37,0,0.02,0.08,17.98,0.02,4.52,0.76,23.05,0.64,3.6,0.29,3.97
4/30/1985,3.53,1.42,0.43,0.71,4.69,0.04,6.92,0.01,17.02,0.05,0.24,0.83,0.55,1.71,8.08,11.07,0.22,32.14,0.23,0.02,0.67,0.35,1.72,42.16,0.13,5.55,0.96,40.02,3.26,0.36,0,0.02,3.53,122.33,0.02,0,2,4.85,53.26,0,0.02,1.44,0.01,147.01,6.33,1.48,11.89,5.6,2.88,256.78,4.49,0.87,0.36,18.83,2.09,37.13,16.5,7.85,0.02,0.05,0.08,0.55,10.97,86.88,0.02,7.13,6.75,0.33,7.31,0,0.01,0.02,73.34,0.01,23.82,0.25,18.01,1.41,1.18,0.14,16.19
5/31/1985,1.46,0.58,0.05,0.1,1.99,0,2.81,0,25.63,0,0.05,0.27,0.18,0.75,3.92,9.87,0.04,12.94,0.05,0,0.14,0.09,0.11,31.64,0.03,0.97,0.62,32.96,0.66,0.07,0,0,0,198.84,0,0,0.49,0,59.36,0,0,0.17,0,170.94,2.55,0.63,8.92,9.53,1.17,318.22,2.72,0.68,0.11,11.93,1.25,22.13,12.93,2.52,0,0,0.01,0.18,14.59,50.2,0,12.14,2.48,0.04,9.72,0,0,0,91.11,0,20.7,0.08,0,0.89,0.38,0.03,20.11
6/30/1985,0.41,0.17,0.06,0.01,0.66,0,0.81,0,11.63,0,0.03,0.05,0.13,0.33,1.13,1.61,0.03,3.52,0.03,0,0.08,0.07,0.01,11.01,0,0.26,0.6,7.77,0.37,0.04,0,0,0,92.81,0,0,0.12,0,19.69,0,0,0.37,0,56.69,1.17,0.21,3.11,6.41,0.34,175.77,1.66,0.39,0.06,1.47,0.19,3.38,2.08,1.92,0,0,0,0.13,3.67,14.71,0,8.15,0.91,0.08,2.44,0,0,0,22.44,0,5.23,0.06,0,0.11,0.29,0.02,4.95
7/31/1985,0.12,0.03,0.01,0,1.34,0,0.15,0,2.95,0,0.01,0.03,0.1,0.15,0.32,0.06,0.01,0.97,0.01,0,0.02,0.02,0,2.79,0,0.07,0.25,0.79,0.12,0.01,0,0,0,12.83,0,0,0.04,0,2.09,0,0,0.25,0,12.16,0.44,0.42,0.79,1.47,0.06,61.44,0.23,2.87,0.05,0,0.06,0.99,0.23,1.49,0,0,0,0.1,0.19,7.05,0,1.87,0.28,0.05,0.12,0,0,0,2.55,0,0.88,0.05,0,0,0.22,0.01,0.56
8/31/1985,0.05,0,0,0,0.53,0,0,0,1.59,0,0,0.01,0.1,0,0.14,0.02,0,0.52,0,0,0,0.02,0,1.6,0,0.03,0.17,0.73,0,0,0,0,0.37,2.99,0,0,0.02,0,1,0,0,0.14,0,4.83,0.37,0.17,0.45,0.71,0,26.38,0.09,0,0.02,0,0.03,0.48,0.1,1.37,0,0,0,0.1,0.04,10.58,0,0.91,0.31,0.03,0.02,0,0,0,1.13,0,0.24,0.04,0,0,0.21,0,0.25
9/30/1985,0.19,0.02,0,0,1.85,0,0.11,0,1.81,0,0,0,0.06,0.32,0.56,0.13,0,1.35,0,0,0,0.01,0,0.92,0,0.08,0.17,1.19,0,0,0,0,0.12,5.6,0,0,0.09,0,1.47,0,0,0.08,0,6.36,0.52,0.58,0.26,0.48,0.05,21.79,0.24,0,0.01,0,0.06,1.03,0.3,0.91,0,0,0,0.06,0.44,9.59,0,0.61,0.41,0.02,0.29,0,0,0,2.93,0,0.65,0.03,0,0,0.14,0,0.64
10/31/1985,0.14,0,0,0,0.82,0,0,0,2.08,0,0,0.05,0.07,0.09,0.26,0.3,0,1.32,0,0,0,0.01,0.31,2.38,0,0.23,0.46,3.55,0,0,0,0,0,13.85,0,0,0.1,0,7.69,0,0,0.06,0,11.59,1.34,0.26,0.67,1.98,0,26.66,0,0,0.07,1.04,0.05,0.93,0.31,0.98,0,0,0,0.07,0.96,8.33,0,2.52,0.62,0.01,0.64,0.01,0,0,2.15,0,0.36,0.03,0,0.08,0.15,0,0.47
11/30/1985,0.67,0.39,0.3,0.4,1.87,0.07,1.91,0,1.92,0,0.06,0.51,0.26,0.38,0.87,0.54,0.05,6.75,0.05,0.13,0.16,0.09,1.55,1.39,0,1.25,2.61,6.29,0.78,0.09,0,0,0.9,12.08,0,0,0.38,3.87,9.12,0.01,0,0.48,0.02,16.27,1.17,0.59,0.39,0.64,0.8,39.53,0.85,2.55,0.16,2.56,0.01,0.16,1.05,3.76,0,0,0.02,0.26,0.65,21.71,0,0.81,1.62,0.11,0.43,0.05,0.02,0,5.91,0,0,0.12,22.75,0.19,0.57,0.03,1.3
12/31/1985,1.72,0.45,0.32,0.77,2.25,0.29,2.19,0,2.57,0,0.15,0.8,0.38,0.76,1.91,2.06,0.14,17.79,0.15,0.11,0.43,0.23,4.22,6.2,0.02,4.37,2.2,14.88,2.1,0.23,0,0,1.98,27.24,0,0,0.89,4,19.57,0.03,0,1.09,0.09,33.62,2.15,0.71,1.75,1.17,0.91,69.92,1.45,27.86,0.29,7.65,0.38,6.82,1.86,5.4,0,0,0.07,0.38,1.63,32.29,0,1.49,2.85,0.25,1.09,0.23,0.04,0,10.28,0,1.05,0.17,9.13,0.57,0.81,0.09,2.27
1/31/1986,3.97,0.97,0.25,0.3,3.52,0.33,4.72,0.07,3.71,0.36,0.14,2.21,0.87,1.65,4.25,4.89,0.13,40.94,0.13,0.15,0.38,0.21,9.6,16.56,0.11,11.27,4.41,19.95,1.86,0.2,0,0.13,1.92,33.35,0.13,0,2.49,8.65,22.68,0.03,0.12,1.15,0.11,44.88,4.7,1.11,4.67,1.47,1.97,95.79,2.9,23.29,1.04,23.66,1.2,21.38,5.57,12.46,0.14,0.34,0.07,0.87,3.29,50.82,0.11,1.87,6.52,0.26,2.2,0.83,0.16,0.11,21.62,0.67,7.82,0.4,19.03,1.77,1.87,0.08,4.77
2/28/1986,30.79,5.56,6.36,16.47,13.3,11.67,27.15,4.71,8.5,26.06,5.15,32.82,12.99,11.23,25.22,10.53,4.77,326.65,4.92,5,14.38,7.61,47.07,70.73,6.78,89.79,11.55,59.46,70.14,7.67,0,9.12,63.36,86.7,9.14,11,19.9,68.5,64.15,0.83,8.67,9.75,3.79,362.11,42.66,4.2,19.95,2.44,11.3,472.9,55.91,1.8,23.72,55.65,4.79,85,11.43,185.63,10.39,24.56,2.21,12.99,7.79,424.17,8.26,3.11,53.28,2.21,5.19,13.5,4.65,7.64,96.68,10.72,17.25,5.9,202.64,4.16,27.9,3.09,21.35
3/31/1986,14.36,2.76,10.97,12.45,9.97,8.37,13.46,2.5,17.75,13.84,2.93,9.68,5.79,4.64,24.17,13.01,2.71,141.51,2.8,5.33,8.18,4.33,7.38,63.81,3.5,26.76,6.6,50.29,39.91,4.37,0,4.85,44.82,100.87,4.86,212,8.32,36.97,55.14,0.5,4.61,6.33,2.72,287.4,24.36,3.15,18,4.25,5.6,414.54,26.49,0,8.81,32.5,3.75,66.56,16.43,82.67,5.52,13.05,3.05,5.79,9.72,282.19,4.39,5.41,26.84,1.44,6.48,7.68,1.32,4.06,91.67,4.4,23,2.63,66.34,2.43,12.43,1.76,20.24
4/30/1986,4.04,1.14,0.49,4.36,4.65,0.74,5.58,0.29,21.23,1.61,0.63,0.39,0.88,1.66,7.69,10.62,0.59,39.4,0.6,0.11,1.77,0.95,0.4,45.64,0.88,3.32,1.94,37.23,8.63,0.94,0,0.56,7.68,131.72,0.57,215,1.45,5.27,49.56,0.07,0.54,2.86,0.24,191.45,8.48,1.47,12.87,7.37,2.32,355.75,11.7,0,0.94,19.03,1.8,31.96,17.53,12.59,0.64,1.52,0.33,0.88,9.93,103.61,0.51,9.37,8.76,0.65,6.62,0.22,0.02,0.47,67.91,0.53,23.08,0.4,46.91,1.42,1.89,0.38,14.99
5/31/1986,2.28,1.09,0.07,0.67,1.13,0.61,5.34,0.1,42.65,0.57,0.24,0.09,0.45,1.1,4.46,17.68,0.22,22.06,0.23,0.01,0.67,0.38,0.07,61.78,0.38,1.75,1.17,51.08,3.26,0.36,0,0.2,3.35,311.17,0.2,140,0.7,0,92.01,0,0.19,4.47,0.2,315.61,4.73,0.36,17.43,13.87,2.22,629.52,10.05,0,0.32,37.97,1.86,33.09,25.35,6.37,0.23,0.54,0.13,0.45,19.14,85.57,0.18,17.65,4.4,1.01,12.76,0.02,0,0.17,106.31,0.4,38.78,0.2,1.18,2.84,0.96,0.14,23.46
6/30/1986,0.8,0.52,0,0.1,0,0.56,2.52,0,46.02,0.01,0.05,0.01,0.18,0.4,1.5,10.35,0.05,7.82,0.05,0,0.14,0.1,0.03,37.63,0.08,0.58,0.57,34.08,0.68,0.07,0,0,0,343.86,0,91,0.28,0,86.34,0,0,3.49,0.18,227.7,2.64,0,10.61,15.88,1.05,601.29,2.24,0,0.04,32.63,0.49,8.75,12.37,2.5,0,0.01,0.02,0.18,16.46,36.6,0,20.21,1.97,0.79,10.98,0.01,0,0,78.34,0.04,27.25,0.08,1.59,2.44,0.38,0.03,17.28
7/31/1986,0.3,0.15,0,0.01,0,0.47,0.73,0,13.51,0,0,0,0.07,0.27,0.52,0.49,0,2.8,0,0,0,0.02,0,9.18,0.01,0.14,0.37,7.56,0,0,0,0,0,95.79,0,1,0.12,0,19.92,0,0,0.51,0.15,50.53,1.26,0,2.59,7.48,0.3,230.12,3.41,0.3,0.01,1.28,0.05,0.81,1.34,0.99,0,0,0,0.07,2.85,23.43,0,9.52,0.94,0.12,1.9,0.01,0,0,13.63,0,4.38,0.03,2.69,0.1,0.15,0,3.01
8/31/1986,0.14,0.09,0,0,0,0.07,0.46,0,3.87,0,0,0,0.04,0.14,0.34,0.02,0,1.18,0,0,0,0.02,0,3.12,0,0.05,0.26,1.54,0,0,0,0,0.18,17.64,0,0,0.09,0,2.12,0,0,0.18,0.02,12.17,1.03,0,0.88,2.74,0.19,81.65,0.93,0,0.01,0,0.02,0.41,0.05,0.54,0,0,0,0.04,0.22,8.86,0,3.49,0.37,0.04,0.15,0.01,0,0,3.31,0,2.63,0.02,0,0,0.08,0,0.73
9/30/1986,0.2,0.2,0.01,0,0.04,0,1,0,2.43,0,0,0,0.04,0.19,0.53,0.05,0,1.63,0,0,0,0,0,0.93,0,0.08,0.49,2.01,0,0,0,0,0,3.92,0,0,0.14,0,2.48,0,0,0.29,0,5.04,1.24,0.01,0.26,1.16,0.42,34.92,0.97,0,0.01,0,0,0,0.22,0.51,0,0,0.01,0.04,0.17,10.41,0,1.47,0.68,0.06,0.11,0,0,0,2.28,0,0.19,0.02,12.01,0,0.08,0,0.5
10/31/1986,0.21,0.14,0,0,0,0,0.69,0,2.38,0,0,0.1,0.05,0.15,0.26,0.19,0,2.15,0,0,0,0,0.33,0.3,0.01,0.23,0.17,1.29,0,0,0,0,0.49,7.36,0,0,0.1,0,2.8,0,0,0.17,0,6.72,1.48,0,0.09,0.76,0.29,25.27,0.01,0,0,0,0,0,0.13,0.73,0,0,0.03,0.05,0.14,6.88,0,0.96,0.71,0.03,0.09,0,0,0,4.58,0,0,0.02,1.92,0,0.11,0,1.01
11/30/1986,0.2,0.03,0,0,0,0,0.16,0,1.8,0,0.01,0.15,0.06,0.13,0.21,0.02,0.01,2.1,0.01,0,0.02,0.02,0.32,1.48,0.04,0.27,0.3,0.67,0.08,0.01,0,0,0.4,2.36,0,0,0.09,0.26,0.97,0,0,0.02,0,2.55,0.87,0,0.42,0.44,0.07,15,0.45,0.04,0,0,0,0,0.01,0.79,0,0,0.04,0.06,0,3.19,0,0.56,0.57,0,0,0,0,0,1.72,0,0,0.03,0,0,0.12,0,0.38
12/31/1986,0.29,0.09,0.1,0.05,0,0,0.44,0,1.67,0,0.03,0.29,0.1,0.18,0.46,0.04,0.03,2.75,0.03,0,0.08,0.05,0.44,0.85,0.07,0.38,1.12,0.99,0.4,0.04,0,0,0.5,1.98,0,1,0.16,0,1.3,0,0,0.05,0,4.65,0.71,0,0.24,0.33,0.18,15.09,0.59,2.22,0,0,0,0,0,1.43,0,0,0.04,0.1,0.08,4.35,0,0.42,0.7,0.01,0.06,0,0,0,2.25,0,0,0.05,2.22,0,0.21,0.02,0.5
1/31/1987,0.45,0.13,0.14,0.21,0,0,0.65,0,1.49,0,0.05,0.54,0.18,0.3,1.02,0.18,0.05,4.03,0.05,0.01,0.14,0.08,0.62,1.22,0.08,0.6,2.31,2.18,0.7,0.08,0,0,1.04,3.05,0,1,0.27,0,2.47,0,0,0.12,0,5.9,0.92,0,0.34,0.33,0.27,20.57,1.24,4.7,0,0,0.01,0.2,0.24,2.58,0,0,0.07,0.18,0.23,0,0,0.42,1,0.03,0.15,0,0,0,3.7,0,0.31,0.08,5.91,0,0.39,0.03,0.82
2/28/1987,1.23,0.31,1.24,1.36,0,0.35,1.5,0.02,1.64,0.1,0.21,1.72,0.56,0.59,6.05,1.06,0.19,7.99,0.2,0.38,0.58,0.31,1.48,2.64,0.26,1.68,5.16,7.28,2.81,0.31,0,0.03,2.86,9.45,0.03,0,0.67,4.79,7.86,0.03,0.03,0.43,0.11,18.39,1.92,0,0.75,0.53,0.62,41.43,4.21,0.48,0,0,0.02,0.37,0.88,7.98,0.04,0.09,0.13,0.56,0.63,18.45,0.03,0.67,1.66,0.1,0.42,0,0,0.03,7.95,0.01,2.33,0.25,15.02,0,1.2,0.12,1.76
3/31/1987,2.68,0.65,0.43,1.56,0,1.39,3.17,0.06,2.47,0.35,0.38,3.04,1.27,1.04,5.8,2.1,0.35,24.97,0.37,1.3,1.07,0.57,1.87,6.21,0.23,3.44,2.87,11.88,5.22,0.57,0,0.12,3.92,19.59,0.12,0,1.5,21.26,13.02,0.01,0.12,0.95,0.45,36.3,3.7,0,1.75,0.54,1.32,66.69,7.26,0,0,0,0.32,5.77,2.43,18.1,0.14,0.33,0.2,1.27,1.47,45.21,0.11,0.69,3.76,0.22,0.98,0,0,0.1,17.29,0.03,3.28,0.58,25.65,0,2.72,0.23,3.81
4/30/1987,1.04,0.81,0.2,0.18,0,0,3.94,0,10.49,0,0.09,0.23,0.21,0.58,1.85,8.94,0.09,10.02,0.09,0.01,0.26,0.13,0.28,18.72,0.06,0.84,0.55,30.94,1.27,0.14,0,0,0.62,88.96,0,0,0.47,2.39,41.18,0,0,0.31,0,98.88,1.8,0,5.28,4.85,1.64,174.9,1.66,0,0,0,1.08,19.22,12.55,2.96,0,0,0.06,0.21,8.85,30.51,0,6.17,1.78,0.07,5.9,0,0,0,58.01,0,16.29,0.09,2.19,0,0.44,0.06,12.81
5/31/1987,0.54,0.36,0.08,0.05,0,0,1.74,0,15.29,0,0.01,0.01,0.05,0.41,1.07,5.72,0.01,5.1,0.01,0,0.03,0.03,0.03,15.1,0.03,0.24,0.44,18.75,0.16,0.02,0,0,0,131.33,0,0,0.17,0,33.78,0,0,0.54,0,101.58,0.98,0,4.26,7.92,0.72,232.67,0,0,0,0,0.38,6.79,5.83,0.65,0,0,0.01,0.05,8.94,22.12,0,10.08,0.97,0.12,5.96,0,0,0,64.35,0,11.04,0.02,5.64,0,0.1,0.01,14.2
6/30/1987,0.18,0.07,0.05,0,0,0,0.33,0,5.55,0,0,0,0,0.27,0.36,0.48,0,1.58,0,0,0,0,0,4.83,0.02,0.08,0.18,2.88,0,0,0,0,0.79,45.4,0,0,0.05,0,7.3,0,0,0.21,0,31.33,0.6,0,1.36,3.87,0.14,125.39,0,0,0,0,0.02,0.35,0.86,0,0,0,0,0,1.25,10.62,0,4.93,0.48,0.05,0.83,0,0,0,8.9,0,2.08,0,0.32,0,0,0,1.96
7/31/1987,0.1,0.03,0,0,0,0,0.15,0,1.83,0,0,0,0,0.24,0.13,0.03,0,0.8,0,0,0,0,0,0,0,0.04,0.1,0.2,0,0,0,0,0.79,5.96,0,0,0.03,0,0.51,0,0,0.05,0,5.63,0.67,0,0,1.21,0.06,37.95,0,0.04,0,0,0,0,0.16,0,0,0,0,0,0.12,4.31,0,1.54,0.24,0.01,0.08,0,0,0,2.36,0,1.46,0,4.32,0,0,0,0.52
8/31/1987,0.08,0.03,0,0,0,0,0.14,0,1.09,0,0,0,0.03,0.25,0.08,0.01,0,0.61,0,0,0,0,0,0,0,0.03,0.07,0.36,0,0,0,0,0.49,0.99,0,0,0.03,0,0.49,0,0,0,0,2.64,0.25,0,0,0.83,0.06,19.11,0,0,0,0,0,0,0,0.36,0,0,0,0.03,0.1,4.04,0,1.06,0.13,0,0.07,0,0,0,1.04,0,0.56,0.01,1.19,0,0.05,0,0.23
9/30/1987,0.04,0.04,0,0,0,0,0.18,0,0.96,0,0,0,0.02,0.12,0.13,0.01,0,0.19,0,0,0,0,0,1.17,0,0.01,0.05,0.29,0,0,0,0,0.12,0,0,0,0.02,0,0.35,0,0,0.06,0,1.39,0.2,0,0.33,0.22,0.07,12.54,0,0,0,0,0,0.03,0,0.32,0,0,0,0.02,0.18,1.1,0,0.28,0.13,0.02,0.12,0,0,0,1,0,0,0.01,0,0,0.05,0,0.22
10/31/1987,0.06,0.02,0.04,0,0,0,0.12,0,1.08,0,0,0.02,0.01,0.06,0.2,0.01,0,0.42,0,0,0.01,0.02,0.07,0.77,0,0.03,0.17,1.13,0.06,0.01,0,0,0.03,2.46,0,0,0.03,0,2.44,0,0,0.14,0,3.93,0.26,0,0.22,0.54,0.05,18.44,0,0.01,0,0,0,0,0.09,0.15,0,0,0,0.01,0.04,4.07,0,0.69,0.22,0.03,0.03,0,0,0,1.24,0,0,0,0,0,0.02,0,0.27
11/30/1987,0.16,0.12,0.01,0,0,0,0.57,0,1.39,0,0,0.03,0.01,0.12,0.43,0.16,0,1.39,0,0,0,0,0.21,1.1,0,0.13,0.7,3.53,0,0,0,0,0.38,12,0,0,0.07,1.59,5.13,0,0,0.03,0,14.46,0.45,0,0.31,0.89,0.24,24.51,0.12,0.02,0,0.04,0,0,0.24,0.15,0,0,0,0.01,0.54,6.55,0,1.14,0.3,0.01,0.36,0,0,0,3.67,0,0,0,2.75,0,0.02,0,0.81
12/31/1987,0.39,0.14,0.13,0,0,0,0.66,0,1.78,0,0.03,0.16,0.05,0.28,1,0.82,0.03,3.42,0.03,0.01,0.08,0.05,0.5,1.81,0,0.33,3.74,6.67,0.39,0.04,0,0,0.71,13.76,0,0,0.2,2.07,8.77,0.01,0,0.34,0,13.09,0.77,0,0.51,0.56,0.27,25.73,1.16,0.2,0,0.38,0.06,1.07,1.21,0.7,0,0,0.03,0.05,0.7,19.65,0,0.72,0.51,0.08,0.46,0,0,0,5.44,0,0.4,0.02,1.08,0.03,0.11,0.02,1.2
1/31/1988,1.26,0.28,0.56,0.64,0,0.04,1.36,0,1.76,0,0.11,1.18,0.33,0.64,2.25,1.11,0.1,12.09,0.11,0.24,0.31,0.17,1.24,3.57,0.28,1.01,4.02,2.29,1.51,0.17,0,0,2.21,20.73,0,0,0.66,4.93,2.6,0.02,0,0.71,0.01,27.69,1.43,0,1.01,0.72,0.57,59.89,3.01,1.26,0,0.97,0.15,2.64,1.6,4.73,0,0,0.09,0.33,1.09,44.52,0,0.91,1.38,0.16,0.73,0,0,0,7.86,0,0.84,0.15,7.48,0.07,0.71,0.07,1.74
2/29/1988,0.63,0.38,0.09,0.21,0,0,1.87,0,2.16,0,0.04,0.37,0.11,0.41,1.45,1.97,0.04,5.67,0.04,0.03,0.12,0.07,0.5,4.78,0.08,0.55,1.19,4.53,0.58,0.06,0,0,0.64,18.08,0,0,0.36,3.89,4.89,0.01,0,0.34,0,24.35,0.96,0,1.35,0.76,0.78,49.34,3.54,1.7,0,1.14,0.26,4.57,2.18,1.54,0,0,0.12,0.11,1.54,30.98,0,0.96,0.63,0.08,1.03,0,0,0,8.9,0,1.92,0.05,10.74,0.09,0.23,0.03,1.96
3/31/1988,0.93,0.65,0.1,0.43,0,0.01,3.19,0,4.29,0,0.09,0.65,0.2,0.62,1.78,3.96,0.08,8.69,0.09,0.04,0.25,0.14,0.48,10.77,0.03,0.75,1.09,15.88,1.24,0.14,0,0,1.3,36.92,0,0,0.45,3.7,17.41,0,0,0.32,0,52.88,1.72,0,3.04,1.63,1.33,93.32,4.42,1.48,0,1.42,0.68,12.12,5.59,2.85,0,0,0.09,0.2,3.79,34.95,0,2.07,1.22,0.07,2.53,0,0,0,23.1,0,7.93,0.09,6,0.11,0.43,0.05,5.1
4/30/1988,0.89,0.6,0.12,0.58,0,0,2.95,0,7.26,0,0.11,0.52,0.2,0.6,3.51,5.64,0.1,6.49,0.11,0,0.32,0.17,0.29,14.03,0.01,0.57,3.12,21.9,1.54,0.17,0,0,0.15,75.67,0,0,0.48,4.21,29.14,0,0,0.23,0,87.37,1.17,0,3.96,3.35,1.23,155.89,0,0.64,0,0,0.82,14.59,8.17,2.84,0,0,0.04,0.2,6.31,31.43,0,4.26,1.19,0.05,4.21,0,0,0,49.51,0,12.03,0.09,11.19,0,0.43,0.07,10.93
5/31/1988,0.64,0.33,0.14,0.14,0,0,1.6,0,12.56,0,0.03,0.11,0.06,0.43,2.86,4.53,0.03,4.48,0.03,0,0.08,0.06,0.05,13.04,0.01,0.21,1.37,20.19,0.38,0.04,0,0,0,128.5,0,0,0.19,0,36.36,0,0,0.31,0,105.2,1.05,0,3.68,6.08,0.67,226.42,0,0,0,0,0.45,8,5.58,0.82,0,0,0,0.06,7.98,26.62,0,7.74,1.01,0.07,5.32,0,0,0,54.6,0,10.34,0.03,4.82,0,0.12,0.02,12.05
6/30/1988,0.28,0.1,0.09,0.02,0,0,0.48,0,7.57,0,0.01,0.04,0.02,0.42,1.28,1.14,0.01,1.68,0.01,0,0.02,0.02,0.01,6.47,0,0.09,0.84,5.93,0.08,0.01,0,0,0,67.47,0,0,0.07,0,15.02,0,0,0.2,0,49.04,0.46,0,1.82,4.65,0.2,141.81,3.34,0.03,0,1.07,0.09,1.66,1.26,0.32,0,0,0,0.02,2.84,10.8,0,5.92,0.5,0.05,1.89,0,0,0,12.62,0,3.15,0.01,2.85,0.08,0.05,0,2.78
7/31/1988,0.07,0.03,0.01,0,0,0,0.17,0,2.04,0,0,0.13,0.07,0.19,0.33,0.05,0,0.36,0,0,0,0.02,0,0,0,0.02,0.18,0.94,0,0,0,0,0,11.68,0,0,0.02,0,2.47,0,0,0.1,0,14.22,0.4,0,0,1.37,0.07,53.34,0,0.27,0,0,0.03,0.56,0.13,0.99,0,0,0,0.07,0.29,8.59,0,1.74,0.14,0.02,0.19,0,0,0,2.32,0,1.73,0.03,3.96,0,0.15,0,0.51
8/31/1988,0.04,0.03,0.01,0,0,0,0.16,0,1.14,0,0,0.06,0.08,0.16,0.19,0.01,0,0.2,0,0,0,0,0,0,0,0.01,0.12,0.04,0,0,0,0,0.2,2.73,0,0,0.01,0,0.06,0,0,0,0,2.63,0.38,0,0,0.57,0.07,25.69,0,0,0,0,0,0,0,1.1,0,0,0,0.08,0.09,2.48,0,0.72,0.06,0,0.06,0,0,0,1.04,0,0.31,0.03,2.11,0,0.17,0,0.23
9/30/1988,0.04,0.03,0,0,0,0,0.15,0,0.82,0,0,0,0.02,0.13,0.22,0,0,0.1,0,0,0,0,0,0.79,0,0.01,0.09,0,0,0,0,0,0.06,1.49,0,0,0.02,0,0,0,0,0.57,0,1.28,0.25,0,0.22,0.36,0.06,13.24,0,0,0,0,0.01,0.09,0,0.34,0,0,0,0.02,0.11,0.65,0,0.46,0.03,0.13,0.07,0,0,0,1,0,0,0.01,0,0,0.05,0,0.22
10/31/1988,0,0.07,0.01,0,0,0,0.34,0,0.79,0,0,0,0.01,0,0.33,0,0,0,0,0,0,0.01,0,0.59,0,0,0.1,0.34,0,0,0,0,0,0.21,0,0,0,0,0.73,0,0,0.68,0,0.67,0.25,0,0.17,0.07,0.14,8.29,0,0,0,0,0,0,0,0.09,0,0,0,0.01,0,0.57,0,0.08,0.1,0.15,0,0,0,0,0,0,0,0,0.91,0,0.01,0,0
11/30/1988,0.24,0.07,0.02,0,0.3,0,0.36,0,1.23,0,0,0.03,0.01,0.2,0.73,0.4,0,1.99,0,0,0.01,0.01,0.49,0.88,0,0.37,1.23,3.94,0.04,0,0,0,0.04,1.83,0,0,0.13,0,5.72,0,0,0.27,0,4.61,0.53,0.09,0.25,0.65,0.15,15.17,0.04,0,0,4.17,0.06,1,0.67,0.17,0,0,0,0.01,0.35,10.92,0,0.83,0.5,0.06,0.24,0,0,0,1.99,0,0.17,0.01,0,0.31,0.03,0,0.44
12/31/1988,0.32,0.15,0.1,0.01,0,0,0.74,0,1.17,0,0.04,0.23,0.09,0.26,1.7,0.67,0.04,1.81,0.04,0.01,0.11,0.07,0.67,1.59,0,0.63,3.33,4.16,0.56,0.06,0,0,0.61,5.29,0,0,0.15,2.42,5.47,0,0,0.18,0,10.23,0.49,0,0.45,0.47,0.31,19.3,0.01,1.09,0,1.44,0.06,1.01,0.7,1.25,0,0,0.03,0.09,0.48,11.96,0,0.6,0.52,0.04,0.32,0,0,0,4.86,0,1.03,0.04,3.11,0.11,0.19,0.02,1.07
1/31/1989,0.56,0.17,0.04,0,0.14,0.16,0.84,0,1.29,0,0.05,0.54,0.18,0.62,3.8,0.95,0.05,2.21,0.05,0.07,0.14,0.08,1.17,2.17,0,1.27,2.26,5.62,0.67,0.07,0,0,0.5,11.41,0,0,0.28,1.34,6.39,0,0,0.37,0.05,12.64,0.66,0.05,0.61,0.52,0.35,22.74,0.02,2.22,0,2.5,0.1,1.69,0.89,2.6,0,0,0.1,0.18,0.7,13.53,0,0.66,0.42,0.08,0.46,0,0,0,4.45,0,1.19,0.08,4.62,0.19,0.39,0.03,0.98
2/28/1989,0.95,0.3,0.18,0.38,0.04,0.36,1.46,0,1.57,0,0.1,0.66,0.21,0.93,2.46,1.59,0.09,7.85,0.09,0.19,0.28,0.15,1.97,4.76,0.02,2.17,2.32,9.6,1.35,0.15,0,0,0.96,18.78,0,0,0.63,0,10.36,0,0,1,0.12,23.45,0.86,0.01,1.34,0.74,0.61,38.53,0.02,1.88,0,2.34,0.28,4.94,2.77,2.97,0,0,0.16,0.21,1.33,23.43,0,0.94,1.16,0.23,0.89,0,0,0,14.69,0,2.72,0.09,5.93,0.17,0.45,0.06,3.24
3/31/1989,8.6,1.92,0.13,1.56,2.56,1.56,9.38,0,8.68,0,0.38,3.58,1.34,4.22,3.02,10.56,0.35,94.51,0.36,0.87,1.06,0.56,10.54,37.46,0.05,19.67,6.84,45.61,5.15,0.56,0,0,4.12,76.84,0,0,5.27,4.17,50.01,0,0,3.04,0.51,96.42,8.69,0.81,10.57,3.2,3.91,133.57,4.82,0.65,0,20.72,2.35,41.69,13.35,19.14,0,0,0.79,1.34,7.47,113.32,0,4.07,10.03,0.69,4.98,0,0,0,70.12,0,8.48,0.61,24.3,1.55,2.88,0.23,15.48
4/30/1989,3.31,1.75,0.07,0,2.05,0.01,8.53,0,22.52,0,0.09,0.35,0.25,1.83,5.93,13.38,0.08,31.7,0.09,0,0.25,0.13,1.22,44.83,0.01,4.41,1.3,40.42,1.23,0.13,0,0,0,141.71,0,0,1.67,4.02,53.8,0,0,1.33,0,160.91,4.34,0.65,12.64,7.3,3.55,240.77,4.09,0.64,0,20.64,2.27,40.34,21.18,3.58,0,0,0.45,0.25,12.83,71.46,0,9.3,3.76,0.3,8.55,0,0,0,89.81,0,31.09,0.11,8.79,1.54,0.54,0.05,19.82
5/31/1989,1.19,0.62,0.08,0,0.22,0,3.02,0,27.13,0,0.02,0.02,0.06,0.56,4.84,10.18,0.02,8.99,0.02,0,0.06,0.04,0.07,29.35,0,0.79,0.54,30.97,0.28,0.03,0,0,0,204.38,0,0,0.38,0,55.78,0,0,2.06,0,138.76,1.67,0.07,8.28,9.4,1.26,243.13,6.26,0.21,0,9.08,0.93,16.57,13.36,0.91,0,0,0.03,0.06,13.31,27.89,0,11.97,1.16,0.47,8.87,0,0,0,84.01,0,18.89,0.03,0,0.68,0.14,0.01,18.54
6/30/1989,0.32,0.23,0.02,0,0.96,0,1.12,0,25.12,0,0,0,0,0,2.16,3.53,0,1.78,0,0,0,0.01,0.01,15.48,0,0.2,0.32,14.41,0,0,0,0,0,142.96,0,0,0.1,0,36.5,0,0,0.81,0,68.26,0.64,0.3,4.37,9.05,0.47,154.04,4.78,0.31,0,1.53,0.15,2.6,3.86,0,0,0,0,0,6.34,14.35,0,11.52,0.5,0.18,4.23,0,0,0,46.33,0,9.35,0,0,0.11,0,0,10.23
7/31/1989,0.09,0.09,0,0,0,0,0.42,0,5.68,0,0,0,0.03,0,0.56,0.1,0,0.47,0,0,0,0.02,0,3.59,0,0.04,0.15,1.7,0,0,0,0,0,22.89,0,0,0.03,0,4.47,0,0,0.17,0,14.21,0.49,0,1.01,2.73,0.17,45.31,0,0.04,0,0.1,0.05,0.86,0.18,0.36,0,0,0,0.03,0.38,0,0,3.48,0.18,0.04,0.26,0,0,0,4.04,0,4.3,0.01,0,0.01,0.05,0,0.89
8/31/1989,0.03,0.06,0,0,0,0,0.3,0,2.23,0,0,0,0,0,0.31,0.02,0,0.01,0,0,0,0.01,0,1.26,0,0.01,0.1,0.92,0,0,0,0,0.56,3.8,0,0,0.01,0,1.27,0,0,0,0,5.16,0.35,0,0.35,0.79,0.12,22.7,0,0,0,0,0,0,0.05,0,0,0,0,0,0.09,0,0,1,0.06,0,0.06,0,0,0,1.25,0,6.25,0,0,0,0,0,0.28
9/30/1989,0.08,0.01,0.06,0,0,0,0.06,0,1.98,0,0,0,0.01,0,0.37,0.09,0,0.56,0,0,0,0.01,0,0.95,0,0.03,0.19,3.57,0,0,0,0,0.15,3.93,0,0,0.05,0,4.39,0,0,0.08,0,4.44,0.46,0,0.27,1.1,0.02,20.78,0.85,0,0,0.93,0.01,0.23,0.25,0.21,0,0,0,0.01,0.56,1.84,0,1.4,0.28,0.02,0.37,0,0,0,2.3,0,0,0.01,0,0.07,0.03,0,0.51
10/31/1989,0.29,0.23,0,0,0,0,1.12,0,2.05,0,0,0.06,0.03,0.2,0.24,0.87,0,3.06,0,0,0,0.01,0.5,8.94,0,0.39,1.05,8.87,0.02,0,0,0,0,10.98,0,0,0.14,0,19.21,0,0,0.23,0,13.89,0.77,0,2.52,1.4,0.47,25,0.51,0,0,1.64,0.16,2.79,0.87,0.46,0,0,0,0.03,1.71,10.75,0,1.78,0.92,0.05,1.14,0,0,0,5.9,0,4.66,0.01,0,0.12,0.07,0,1.3
11/30/1989,0.38,0.17,0.02,0,0,0,0.85,0,1.95,0,0,0.21,0.08,0.24,0.76,0.79,0,3.52,0,0,0.01,0.01,0.65,1.99,0,0.62,1.28,5.28,0.06,0.01,0,0,0.22,9.6,0,0,0.19,0,7.67,0,0,0.11,0,10.48,0.82,0,0.56,1.04,0.35,22.82,0.58,0,0,2.68,0.13,2.37,1.66,1.13,0,0,0,0.08,1.21,2.84,0,1.32,0.72,0.02,0.81,0,0,0,8.32,0,0.49,0.04,1.17,0.2,0.17,0,1.84
12/31/1989,0.3,0.13,0.01,0,0,0,0.64,0,1.94,0,0.01,0.16,0.05,0.11,0.56,0.91,0.01,2.84,0.01,0,0.03,0.02,0.51,2.13,0,0.49,0.18,3.27,0.14,0.02,0,0,0.23,9.21,0,0,0.18,0,4.3,0,0,0.18,0,8.36,0.57,0,0.6,0.82,0.27,17.85,0.16,0,0,0.93,0.14,2.4,1.17,0.78,0,0,0,0.05,0.55,3.74,0,1.04,0.39,0.04,0.37,0,0,0,7.33,0,1.37,0.02,0,0.07,0.12,0.01,1.62
1/31/1990,0.78,0.26,0.09,0,0,0.06,1.26,0,1.77,0,0.07,0.86,0.28,0.41,1.27,1.37,0.06,7.54,0.06,0.01,0.19,0.1,1.1,3.04,0,1.29,3.98,5.99,0.91,0.1,0,0,0.77,10.48,0,0,0.45,0,6.81,0,0,0.48,0.02,15.37,1.04,0,0.86,0.6,0.52,24.79,0.3,0.32,0,1.78,0.22,3.96,1.68,4.07,0,0,0.03,0.28,0.94,12.25,0,0.76,1.35,0.11,0.63,0,0,0,9.3,0,2.63,0.13,2.39,0.13,0.61,0.04,2.05
2/28/1990,1.07,0.26,0.16,0.16,0,0.48,1.29,0,1.61,0,0.1,2.25,0.74,0.38,1.19,1.22,0.09,11.11,0.1,0.51,0.28,0.15,1.44,3.56,0.02,1.8,2.84,6.44,1.38,0.15,0,0,0.63,13.53,0,0,0.6,1.76,6.95,0.01,0,0.47,0.16,20.88,1.29,0,1,0.65,0.54,34.55,0.18,0.85,0,1.16,0.26,4.6,1.2,10.53,0,0,0.09,0.74,0.97,27.91,0,0.82,2.02,0.1,0.65,0,0,0,8.13,0,2.62,0.33,0.66,0.09,1.58,0.06,1.8
3/31/1990,2.6,0.9,0.07,0.03,0,0.09,4.4,0,4.25,0,0.12,1.9,0.8,1.29,4.16,3.89,0.11,25.44,0.11,0.18,0.32,0.17,2.28,13.64,0.03,4.33,1.72,20.03,1.57,0.17,0,0,1.01,40.63,0,0,1.5,0.78,21.96,0,0,1.31,0.03,55.44,4.18,0,3.85,1.54,1.83,86.11,1.28,0.7,0,7.83,0.88,15.57,5.56,11.43,0,0,0.11,0.8,3.66,50.38,0,1.96,4.63,0.3,2.44,0,0,0,28.72,0,7.61,0.36,16.45,0.59,1.72,0.07,6.34
4/30/1990,1.6,0.85,0.07,0,0,0,4.17,0,11.84,0,0.04,0.32,0.2,0.82,4.81,8.06,0.04,13.36,0.04,0,0.11,0.06,0.69,25.05,0,1.96,0.76,31.59,0.54,0.06,0,0,0,100.5,0,0,0.9,0,42.05,0,0,0.21,0,111.82,2.91,0,7.07,5.62,1.74,175.3,0.97,0.42,0,5.89,1.25,22.28,12.46,2.8,0,0,0.06,0.2,9.56,46.88,0,7.15,2.2,0.05,6.38,0,0,0,62.3,0,18.08,0.09,11.16,0.44,0.42,0.02,13.75
5/31/1990,0.77,0.31,0.03,0,0,0,1.53,0,13.74,0,0.02,0.15,0.13,0.44,2.68,4.62,0.02,6.23,0.02,0.05,0.06,0.04,0.06,14.42,0.3,0.4,1.87,19.21,0.28,0.03,0,0,0,103,0,0,0.25,0,34.59,0,0,0.09,0,84.16,1.64,0,4.07,5.94,0.64,167.71,0,0.1,0,0,0.42,7.42,5.11,1.81,0,0,0,0.13,7.3,22.82,0,7.56,1.07,0.02,4.86,0,0,0,53.93,0,11.07,0.06,8.94,0,0.27,0.01,11.9
6/30/1990,0.62,0.13,0.06,0,0,0,0.64,0,9.74,0,0,0.02,0.08,0.39,2.17,2.06,0,4.91,0,0.01,0,0.01,0.02,9.1,0.01,0.31,0.3,6.74,0,0,0,0,0,66.18,0,0,0.18,0,17.08,0,0,0.25,0,44.46,1.23,0,2.57,4.93,0.27,123.96,0.23,0,0,1.43,0.24,4.26,2.37,1.14,0,0,0,0.08,2.67,11.6,0,6.27,0.87,0.06,1.78,0,0,0,22.44,0,5.85,0.04,1.49,0.11,0.17,0,4.95
7/31/1990,0.1,0.07,0,0,0,0,0.35,0,2.71,0,0,0,0.02,0.05,0.34,0.1,0,0.86,0,0,0.01,0.02,0,2.38,0,0.04,0.1,1.07,0.04,0,0,0,0.49,16.3,0,0,0.04,0,2.82,0,0,0.06,0,18.31,0.54,0,0.67,1.78,0.15,59.3,0,0,0,0,0.07,1.16,0.03,0.22,0,0,0,0.02,0.25,0,0,2.27,0.21,0.01,0.16,0,0,0,3.05,0,1.19,0.01,0.23,0,0.03,0,0.67
8/31/1990,0.02,0.01,0,0,0,0,0.05,0,1.37,0,0,0,0,0,0.1,0.02,0,0.18,0,0,0,0.01,0,0.22,0,0.01,0.07,0.86,0,0,0,0,0.18,3.3,0,0,0.01,0,1.18,0,0,0,0,2.26,0.45,0,0.06,0.53,0.02,17.12,0,0,0,0,0.02,0.4,0.2,0,0,0,0,0,0.18,0,0,0.67,0.08,0,0.12,0,0,0,1.38,0,0,0,0,0,0,0,0.31
9/30/1990,0.02,0,0.37,0,0,0,0,0,1.01,0,0,0,0.03,0.01,0.09,0.01,0,0.11,0,0,0,0.01,0,0.55,0.27,0.01,0.05,1.04,0,0,0,0,0.02,1.01,0,0,0.01,0,1.28,0,0,0,0,0.18,0.25,0,0.16,0.37,0,10.17,0,0,0,0,0.04,0.77,0,0.37,0,0,0,0.03,0.33,0,0,0.47,0.07,0,0.22,0,0,0,0.34,0,1.17,0.01,0,0,0.06,0,0.08
10/31/1990,0.04,0.04,0,0,0.02,0,0.2,0,1,0,0,0,0.02,0.06,0.71,0.01,0,0,0,0,0,0.01,0.07,0.7,0,0.05,0.05,0.69,0,0,0,0,0,0.32,0,0,0.03,0,1.5,0,0,0,0,0.31,0.31,0.01,0.2,0.49,0.08,10.04,0,0,0,0,0.04,0.77,0,0.28,0,0,0,0.02,0,0,0,0.63,0.11,0,0,0,0,0,0.32,0,0,0.01,0,0,0.04,0,0.07
11/30/1990,0.09,0.06,0.01,0,0,0,0.27,0,1.17,0,0,0,0.01,0.02,0.17,0.02,0,0.85,0,0,0,0.01,0.15,0.42,0,0.11,0.17,0.36,0,0,0,0,0,1.21,0,0,0.04,0,0.53,0,0,0,0,0.3,0.34,0,0.12,0.36,0.11,6.14,0.01,0,0,0.06,0.06,0.98,0.14,0.12,0,0,0,0.01,0.09,6.68,0,0.45,0.19,0,0.06,0,0,0,0,0,0.1,0,0,0,0.02,0,0
12/31/1990,0.09,0.06,0.02,0,0.25,0,0.28,0,1.22,0,0,0,0,0.04,0.18,0.02,0,0.92,0,0,0,0,0.18,0.81,0,0.14,0.59,0,0,0,0,0,0.02,1.03,0,0,0.04,0,0,0,0,0,0,0.76,0.34,0.08,0.23,0.34,0.12,8.65,0.01,0,0,0.18,0.07,1.2,0.17,0,0,0,0,0,0.07,3.15,0,0.43,0.17,0,0.05,0,0,0,1.55,0,0.09,0,0,0.01,0,0,0.34
1/31/1991,0.11,0.06,0.05,0,0,0,0.31,0,1.25,0,0,0,0.01,0.08,0.21,0.04,0,1.05,0,0,0,0.01,0.21,0.35,0,0.19,0.3,0.74,0.02,0,0,0,0.16,1.04,0,0,0.05,0,0.84,0,0,0.08,0,1.99,0.29,0,0.1,0.16,0.13,12.34,0.09,0,0,1.18,0.03,0.59,0.27,0.09,0,0,0,0.01,0.16,3.33,0,0.21,0.11,0.02,0.11,0,0,0,0.88,0,0,0,0,0.09,0.01,0,0.19
2/28/1991,0.19,0.12,0.08,0,0.19,0,0.57,0,0.93,0,0.02,0.04,0.04,0.15,0.36,0.31,0.01,1.77,0.02,0,0.05,0.03,0.35,0.91,0.04,0.35,1.79,1.66,0.22,0.02,0,0,0.12,2.16,0,0,0.09,0,1.79,0,0,0.27,0,2.94,0.32,0.06,0.26,0.23,0.24,9.75,0.09,0,0,1.14,0.04,0.64,0.53,0.54,0,0,0,0.04,0.21,3.23,0,0.29,0.14,0.06,0.14,0,0,0,0.32,0,0.93,0.02,0,0.09,0.08,0.01,0.07
3/31/1991,3.95,1.02,3.17,7.55,1.55,6.77,4.99,0.68,2.47,3.76,1.18,13.93,2.78,0.72,5.65,2.69,1.1,40.4,1.13,3.16,3.31,1.75,5.68,7,1.43,7.57,6.59,23.79,16.13,1.76,0,1.31,16.21,35.21,1.32,0,2.39,15.77,26.09,0,1.25,1.31,2.2,94.18,2.02,0.49,1.97,1.09,2.08,119.19,3.59,14.99,0,7.38,0.49,8.71,3.3,39.7,1.5,3.54,1.17,2.78,2.4,82.77,1.19,1.39,4.09,0.3,1.6,0.12,0.12,1.1,17.54,1.34,5.17,1.26,31.22,0.55,5.97,0.71,3.87
4/30/1991,2.69,1.37,0.12,0.55,1.52,1.88,6.69,0.01,5,0.04,0.21,0.6,0.35,1.62,4.74,5.14,0.2,25.55,0.2,0.06,0.59,0.32,1.92,17.82,0.25,4.59,0.61,26.41,2.89,0.32,0,0.01,3.43,53.95,0.01,0,1.51,1.58,35.15,0,0.01,1.65,0.61,79.34,3.6,0.48,5.03,2.21,2.79,137.87,1.04,1.31,0,9.27,1.09,19.43,6.74,5.07,0.02,0.04,0.32,0.35,4.44,64.35,0.01,2.81,3.78,0.37,2.96,0.04,0.02,0.01,33.94,0.03,9.57,0.16,11.36,0.69,0.76,0.13,7.49
5/31/1991,2.02,0.42,0,0.23,3.35,1.78,2.04,0,16.01,0,0.05,0.12,0.09,1.18,6.03,11.39,0.05,16.99,0.05,0,0.15,0.09,0.56,36.13,0.01,2,0.29,36.72,0.72,0.08,0,0,0,151.38,0,0,0.9,0,66.13,0,0,0.9,0.58,169.49,3.44,1.06,10.19,8.09,0.85,281.24,2.47,0.66,0,9.88,2.01,35.63,15.53,1.32,0,0,0.06,0.09,13.06,80.65,0,10.29,2.99,0.2,8.71,0.01,0,0,83.04,0,18.44,0.04,11.5,0.74,0.2,0.03,18.33
6/30/1991,0.7,0.22,0,0.2,2.02,1.61,1.05,0,19.55,0,0.07,0,0.01,0.43,2.27,5.73,0.07,5.78,0.07,0,0.2,0.12,0.03,20.84,0,0.39,0.18,20.92,0.96,0.11,0,0,0,184.3,0,0,0.21,0,53.01,0,0,1.19,0.52,143.62,1.42,0.64,5.88,10.03,0.44,326.17,0.56,0.09,0,6.9,0.58,10.31,5.5,0.21,0,0,0,0.01,10.5,40.82,0,12.76,0.92,0.27,7,0,0,0,52.13,0,10.82,0.01,0,0.52,0.03,0.04,11.51
7/31/1991,0.14,0.1,0.01,0.11,0.51,0.86,0.49,0,4.11,0,0.03,0,0.01,0.09,0.44,0.36,0.02,1.18,0.03,0,0.07,0.04,0,4.7,0,0.06,0.06,3.16,0.36,0.04,0,0,0.38,33.72,0,0,0.05,0,8.33,0,0,0.13,0.28,30.32,0.59,0.16,1.33,3.5,0.2,102.8,0.17,0,0,2.1,0.09,1.62,0.59,0.16,0,0,0,0.01,1.02,21.61,0,4.46,0.22,0.03,0.68,0,0,0,4.24,0,2.37,0.01,0,0.16,0.02,0.02,0.94
8/31/1991,0.03,0.05,0,0,0.41,0.38,0.23,0,1.57,0,0,0,0.01,0,0.15,0.03,0,0.26,0,0,0,0,0,1.11,0,0.01,0.03,0.62,0,0,0,0,0.92,3.83,0,0,0.02,0,0.85,0,0,0,0.12,6.67,0.26,0.13,0.31,0.74,0.1,25.75,0,0,0,0,0.03,0.47,0,0.12,0,0,0,0.01,0.1,13.55,0,0.94,0.13,0,0.07,0,0,0,1.24,0,0.8,0,0,0,0.02,0,0.27
9/30/1991,0.01,0.04,0,0,0.82,0.32,0.19,0,1.22,0,0,0,0.02,0,0.04,0.01,0,0.06,0,0,0,0.01,0,0.72,0,0,0.02,0.14,0,0,0,0,0.37,1.29,0,0,0.01,0,0.17,0,0,0,0.1,2.14,0.23,0.26,0.2,0.7,0.08,15.34,0,0,0,0,0.01,0.25,0.12,0.28,0,0,0,0.02,0.27,5.41,0,0.9,0.05,0,0.18,0,0,0,0.15,0,1.06,0.01,0,0,0.04,0,0.03
10/31/1991,0.09,0.07,0,0,0.34,0.53,0.36,0,1.17,0,0,0,0.05,0.09,0.13,0.22,0,0.84,0,0,0,0.02,0.15,0.99,0,0.1,0.7,0.82,0,0,0,0,0,3.14,0,0,0.05,0,1.78,0,0,0.21,0.17,4.41,0.29,0.11,0.28,0.51,0.15,14.66,0.08,0,0.01,0.24,0.08,1.45,0.16,0.69,0,0,0,0.05,0.32,10.17,0,0.64,0.23,0.05,0.22,0,0,0,2.21,0,0.93,0.02,0,0.02,0.1,0,0.49
11/30/1991,0.13,0.09,0,0,0.41,0.57,0.43,0,2.04,0,0,1.71,0.01,0.09,0.17,1.04,0,1.34,0,0,0,0.01,0.25,2.03,0,0.19,0.26,4.75,0,0,0,0,0.07,10.73,0,0,0.06,0,6.89,0,0,0.07,0.19,10.09,0.25,0.13,0.57,1.15,0.18,19.21,0.17,0,0,0.51,0.08,1.41,0.72,0.15,0,0,0,0.01,1.06,3.66,0,1.46,0.2,0.01,0.71,0,0,0,4.14,0,1.01,0,0,0.04,0.02,0,0.91
12/31/1991,0.21,0.09,0.05,0,0.76,0.34,0.43,0,1.89,0,0.01,0.04,0.07,0.12,0.17,0.54,0.01,2.17,0.01,0,0.03,0.03,0.38,1.54,0,0.36,1.19,2.17,0.17,0.02,0,0,0.29,6.71,0,0,0.1,0,2.85,0,0,0.16,0.11,7.56,0.42,0.24,0.43,0.65,0.18,17.73,0.18,0,0.01,0.54,0.06,1.12,0.8,1.07,0,0,0,0.07,0.35,5.54,0,0.82,0.47,0.04,0.24,0,0,0,4.53,0,0.81,0.03,0,0.04,0.16,0.01,1
1/31/1992,0.33,0.3,0.12,0.33,0.07,0.19,1.47,0,1.71,0,0.05,0.32,0.24,0.14,0.2,0.69,0.05,3.62,0.05,0.04,0.14,0.08,0.6,1.89,0,0.59,1.61,3.28,0.67,0.07,0,0,0.44,7.82,0,0,0.17,0,3.73,0,0,0.2,0.06,12.05,0.29,0.02,0.53,0.5,0.61,21.18,0.32,0.58,0.07,0.95,0.09,1.53,1.13,3.49,0,0,0,0.24,0.72,10.23,0,0.64,0.48,0.04,0.48,0,0,0,4.49,0,1.26,0.11,3.95,0.07,0.52,0.03,0.99
2/29/1992,3.24,0.7,2.43,6.02,1.01,5.47,3.44,0.37,1.99,2.04,0.91,9.29,2.57,0.62,0.35,2.57,0.84,37.35,0.87,1.29,2.54,1.35,4.52,6.12,1.48,5.98,6.29,11.26,12.39,1.36,0,0.71,7.67,19.3,0.71,0,1.98,16.82,12.15,0,0.68,1.41,1.78,59.88,2.32,0.32,1.73,0.71,1.43,69.5,3.92,8.17,1.09,4.03,0.42,7.53,2.34,36.76,0.81,1.92,0.91,2.57,1.61,52.03,0.65,0.91,3.71,0.32,1.07,0,0,0.6,15.28,0.72,3.43,1.17,31.72,0.3,5.53,0.55,3.37
3/31/1992,3.34,0.97,0.69,1.32,1.9,1.38,4.72,0.09,3.42,0.48,0.29,2.1,1.01,1.15,5.5,3.68,0.27,32.95,0.27,0.7,0.8,0.43,2.32,11.66,0.34,5.4,3.59,16.35,3.92,0.43,0,0.17,4.48,28.22,0.17,0,1.89,5.99,17.93,0,0.16,1.2,0.45,50.63,4.14,0.6,3.29,1.27,1.97,78.32,4.25,1.39,0.35,6.59,0.8,14.17,5.48,14.45,0.19,0.45,0.8,1.01,2.83,50.41,0.15,1.62,4.8,0.27,1.89,0,0,0.14,22.39,0.14,6.01,0.46,16.2,0.49,2.17,0.17,4.94
4/30/1992,1.61,0.25,0.07,0.36,2.13,0.36,1.24,0.01,11.69,0.05,0.12,0.2,0.2,0.82,4.61,9.53,0.11,14.01,0.12,0.02,0.35,0.19,0.27,24.98,0.1,1.22,0.68,32.53,1.69,0.18,0,0.02,0.11,101.11,0.02,0,0.6,0,43.3,0,0.02,0.37,0.12,131.01,2.71,0.67,7.04,5.43,0.52,212.84,2.71,1.11,0.05,5.87,1.4,24.8,13.57,2.82,0.02,0.05,0.23,0.2,10.74,54.97,0.02,6.91,2.48,0.09,7.16,0,0,0.02,67.09,0.03,15.21,0.09,16.53,0.44,0.42,0.07,14.81
5/31/1992,0.44,0.2,0,0.2,0.79,0.04,1,0,14.18,0,0.02,0,0.06,0.27,5.86,3.62,0.01,0,0.01,0,0.04,0.05,0.01,15.46,0,0.24,0.28,15.69,0.21,0.02,0,0,0,118.18,0,0,0.12,0,28.25,0,0,0.64,0.01,107.99,1.21,0.25,4.36,6.9,0.42,240.11,0,0.99,0.01,0,0.32,5.7,4.09,0.88,0,0,0.03,0.06,7.81,25.66,0,8.78,0.67,0.14,5.21,0,0,0,41.78,0,7.91,0.03,15.03,0,0.13,0.01,9.22
6/30/1992,0.09,0.1,0,0.18,0.92,0,0.48,0,4.36,0,0,0,0.02,0.03,2.21,0.31,0,0,0,0,0,0.03,0,4.47,0,0.04,0.39,1.98,0,0,0,0,0,30.6,0,0,0.03,0,5.02,0,0,0.16,0,29.06,0.64,0.29,1.26,2.64,0.2,80.34,0,0.01,0,0,0.06,1.03,0.23,0.26,0,0,0,0.02,1,8.92,0,3.36,0.27,0.03,0.67,0,0,0,6.01,0,1.66,0.01,0,0,0.04,0,1.33
7/31/1992,0.06,0.09,0.03,0.04,1.21,0,0.45,0,2.55,0,0.12,0,0.04,0.03,0.42,0.89,0.11,0.28,0.12,0,0.34,0.18,0,4.25,0,0.02,0.3,4.62,1.65,0.18,0,0,0,24.76,0,0,0.03,0,12.18,0,0,0.29,0,27.84,0.35,0.38,1.2,2.56,0.19,49.78,0,0,0.01,0,0.09,1.58,0.79,0.55,0,0,0,0.04,2.32,14.4,0,3.26,0.31,0.06,1.55,0,0,0,6.17,0,2.06,0.02,0,0,0.08,0.07,1.36
8/31/1992,0,0.04,0,0,0.89,0,0.18,0,1.27,0,0,0,0.05,0,0.14,0.02,0,0,0,0,0,0.01,0,1.31,0,0,0.07,0.81,0,0,0,0,0.25,3.78,0,0,0,0,1.11,0,0,0.01,0,4.54,0.21,0.28,0.37,0.77,0.07,20.38,0,0,0,0,0.04,0.63,0.09,0.76,0,0,0,0.05,0.26,7.38,0,0.98,0.06,0,0.17,0,0,0,0.52,0,1.35,0.02,0,0,0.11,0,0.11
9/30/1992,0,0.03,0,0,0.73,0,0.17,0,0.98,0,0,0,0.01,0.01,0.04,0.02,0,0,0,0,0,0.01,0,0.85,0,0,0.05,0.05,0,0,0,0,0.14,1.16,0,0,0,0,0.06,0,0,0.09,0,1.47,0.12,0.23,0.24,0.57,0.07,9.72,0,0,0,0,0.04,0.69,0,0.13,0,0,0,0.01,0,2.84,0,0.72,0.03,0.02,0,0,0,0,0.8,0,0.34,0,0,0,0.02,0,0.18
10/31/1992,0.02,0.06,0,0,0.1,0,0.27,0,1.1,0,0,0,0,0.05,0.05,0.08,0,0.17,0,0,0,0.01,0.05,0.81,0,0.04,0.48,1.35,0,0,0,0,0,2.66,0,0,0.02,0,2.93,0.01,0,0.19,0,1.44,0.3,0.03,0.23,0.42,0.11,14.42,0,0,0,0,0.05,0.84,0.05,0.03,0,0,0,0,0.17,4.16,0,0.54,0.2,0.04,0.12,0,0,0,1.88,0,0.7,0,0,0,0,0,0.42
11/30/1992,0.1,0.09,0,0,0.08,0,0.45,0,1.37,0,0,0,0,0.02,0.2,0.37,0,0.99,0,0,0,0.01,0.22,1.04,0,0.16,0.26,2.75,0,0,0,0,0.13,4.81,0,0,0.07,0,3.99,0,0,0.02,0,5.96,0.31,0.03,0.29,0.69,0.19,16.94,0,0,0,0.05,0.05,0.93,0.21,0.05,0,0,0,0,0.36,1.46,0,0.88,0.28,0,0.24,0.01,0,0,2.26,0,0.68,0,0,0,0.01,0,0.5
12/31/1992,1.11,0.76,0.05,1.04,1.12,0.91,3.73,0,2.09,0,0.13,2.1,0.55,0.51,1.38,0.66,0.12,11.38,0.12,0.21,0.36,0.19,2.64,1.04,0.08,2.32,6.2,5.19,1.74,0.19,0,0,1.16,9.51,0,0,0.59,0,6.82,0.05,0,0.7,0.3,22.11,0.73,0.35,0.29,0.54,1.55,30.9,1.1,0.37,0.39,4.24,0.09,1.59,1.15,7.86,0,0,0.09,0.55,0.6,23.93,0,0.69,2.04,0.16,0.4,0.07,0.02,0,5.33,0,1.45,0.25,5.68,0.32,1.18,0.08,1.18
1/31/1993,10.21,1.45,10.3,16.94,3.55,30.2,7.07,2.48,2.39,13.74,3.49,18.06,6.33,2.64,9.43,4.4,3.24,108.7,3.34,5.01,9.76,5.17,21,9.88,4.08,28.76,16.04,21.33,47.61,5.21,0,4.81,39.61,37.29,4.82,0,6.27,46.82,24.25,0.99,4.57,4.43,9.81,187.11,9.78,1.12,2.79,1.01,2.94,191.94,14.11,0,10.33,19.4,0.98,17.36,1.45,90.49,5.48,12.95,4.26,6.33,2.01,193.95,4.36,1.28,13.93,1.01,1.34,8.1,2.86,4.03,21.19,7.36,3.06,2.88,101.24,1.45,13.6,2.1,4.68
2/28/1993,7.68,1.67,7.71,10.47,3.26,29.16,8.16,2.56,1.78,14.14,1.5,9.49,3.11,1.67,7.11,1.49,1.39,81.4,1.43,2.52,4.18,2.22,12,9.48,4.43,22.49,7.76,10.97,20.37,2.23,0,4.95,24.27,26.11,4.96,0,5.38,27.03,11.84,2.19,4.71,3.1,9.47,100.82,8.18,1.03,2.67,0.77,3.4,127.74,7.43,10.4,5,15.09,0.78,13.82,1.77,44.47,5.64,13.33,1.94,3.11,1.44,116.1,4.48,0.98,11.9,0.7,0.96,5.1,1.5,4.15,14.43,3.89,2.98,1.41,42.11,1.13,6.68,0.9,3.18
3/31/1993,9.91,3.66,3.01,6.81,8.3,9.98,17.87,0.96,6.75,5.29,1.45,8.69,2.76,4.95,11.23,7.14,1.35,100.91,1.39,1.77,4.06,2.15,8.52,42.38,2.55,24.68,5.15,35.24,19.79,2.17,0,1.85,20.52,71.54,1.86,0,6.14,15.45,38.64,0.68,1.76,5.14,3.24,158.44,14.92,2.62,11.95,2.42,7.44,246.73,11.1,8.09,3.85,35.04,2.37,42.13,9.08,39.42,2.11,4.99,2.14,2.76,6.03,173.22,1.68,3.08,20.33,1.17,4.02,4.3,0.78,1.55,51.59,1.73,12.94,1.25,43.92,2.62,5.92,0.87,11.39
4/30/1993,5.97,3.03,0.64,1.87,7.07,1.63,14.81,0.26,14.13,1.42,0.7,2.3,1.34,6.53,11.02,10.2,0.65,53.53,0.67,0.43,1.96,1.04,2.67,52.36,1.21,10.05,3.16,40.11,9.54,1.04,0,0.5,9.27,95.14,0.5,0,3.22,6.01,53.38,0.14,0.47,2.45,0.53,185.8,9.75,2.23,14.77,4.64,6.17,331.25,8.95,2.47,1.65,24.19,2.51,44.66,14.9,19.16,0.57,1.34,1.36,1.34,9.1,132.44,0.45,5.9,13.9,0.56,6.07,1.52,0.15,0.42,68.03,0.5,21.12,0.61,28.3,1.81,2.88,0.42,15.01
5/31/1993,3.41,1.29,0,0.83,5.2,0.16,6.3,0.05,44.5,0.29,0.22,0.44,0.35,2.38,6.91,24.57,0.2,31.86,0.21,0.01,0.61,0.34,0.32,85.31,0.49,2.72,1.56,65.35,2.97,0.32,0,0.1,3.84,299.57,0.1,0,1.21,0,117.71,0,0.1,3.27,0.05,387.21,6.4,1.64,24.06,15.45,2.62,702.52,17.35,1.17,0.31,44.94,3.65,64.79,37.61,5.05,0.11,0.27,1.19,0.35,24.73,145.51,0.09,19.66,5.53,0.74,16.49,0.18,0.02,0.08,142.1,0.2,42.5,0.16,9.06,3.36,0.76,0.13,31.36
6/30/1993,1.86,0.24,0,0.98,1.21,0.01,1.15,0.01,40.2,0.04,0.13,0.16,0.26,1.11,3.83,13.75,0.12,17.58,0.12,0.01,0.36,0.21,0.06,46.77,0.19,1.37,1.17,37.53,1.75,0.19,0,0.01,3.56,284.16,0.01,0,0.58,0,95.09,0,0.01,1.78,0,284.2,3.86,0.38,13.19,13.84,0.48,605.16,18.29,0.81,0.1,21.33,1.6,28.47,17.38,3.71,0.02,0.04,0.85,0.26,20.71,88.65,0.01,17.62,2.8,0.4,13.81,0.03,0,0.01,105.78,0.06,31.1,0.12,0,1.59,0.56,0.08,23.35
7/31/1993,0.36,0.18,0,0.51,1.22,0,0.9,0,18.18,0,0,0,0.03,0.31,0.7,1.95,0,3.31,0,0,0,0.02,0,14.79,0.03,0.18,0.32,13.59,0,0,0,0,2.91,127.18,0,0,0.15,0,35.83,0,0,0.71,0,98.43,1.16,0.38,4.17,9.65,0.37,322.92,1.45,0.07,0,2.49,0.15,2.75,2.61,0.45,0,0,0.82,0.03,6.41,35.12,0,12.28,1.01,0.16,4.27,0.01,0,0,30.92,0,6.81,0.01,0,0.19,0.07,0,6.82
8/31/1993,0.12,0.11,0,0.44,1.02,0,0.52,0,4.31,0,0,0,0.02,0.12,0.32,0.08,0,0.99,0,0,0,0.03,0,3.65,0,0.05,0.22,2.24,0,0,0,0,1.29,19.9,0,0,0.08,0,3.08,0,0,0.06,0,22.77,0.76,0.32,1.03,2.97,0.22,85.72,0.3,0,0,0.61,0.03,0.49,0.07,0.3,0,0,0.76,0.02,0.44,16.4,0,3.78,0.45,0.01,0.29,0.01,0,0,3.59,0,0.2,0.01,0,0.05,0.05,0,0.79
9/30/1993,0.07,0.07,0,0.43,0.84,0,0.36,0,2.29,0,0.01,0.24,0.05,0.11,0.19,0.01,0,0.47,0,0,0.01,0.05,0,1.59,0,0.03,0.16,0.46,0.07,0.01,0,0,0.23,3.12,0,0,0.05,0,0.57,0,0,0.15,0,9,0.46,0.26,0.45,0.93,0.15,29.09,0.54,0,0.01,0.86,0.03,0.58,0,0.69,0,0,0.76,0.05,0.14,8.94,0,1.18,0.26,0.04,0.09,0,0,0,0.36,0,0.64,0.02,0,0.06,0.1,0,0.08
10/31/1993,0.11,0.09,0,0.44,0.76,0,0.44,0,2.05,0,0,0.21,0.09,0.14,0.01,0.02,0,1.23,0,0.02,0,0.02,0.15,1.48,0.01,0.09,0.19,1.09,0,0,0,0,1.71,3.49,0,0,0.05,0,2.35,0,0,0.16,0,8,0.62,0.24,0.42,1.01,0.18,20.99,1.26,0,0,0.95,0.03,0.58,0.02,1.29,0,0,0.96,0.09,0.21,6.29,0,1.28,0.46,0.04,0.14,0,0,0,0.96,0,0.19,0.04,0,0.07,0.19,0,0.21
11/30/1993,0.14,0.07,0.02,0.41,0.9,0,0.33,0,1.73,0,0,0.2,0.07,0.12,0.06,0.02,0,1.52,0,0.02,0,0.02,0.19,0.66,0.05,0.13,0.97,0.58,0.02,0,0,0,0.93,1.79,0,0,0.06,2.34,0.85,0,0,0.06,0,4.25,0.59,0.29,0.19,0.58,0.14,18.57,0.3,0,0,1.83,0.07,1.16,0.1,0.96,0,0,0.99,0.07,0.09,3.73,0,0.73,0.5,0.01,0.06,0,0,0,0.53,0,0.54,0.03,0,0.14,0.14,0,0.12
12/31/1993,0.44,0.08,0.04,0.76,1.09,0.03,0.37,0,1.7,0,0.04,0.49,0.17,0.2,0.42,0.27,0.04,4.65,0.04,0.05,0.11,0.07,0.59,1.4,0.09,0.43,3.73,2.92,0.55,0.06,0,0,0.98,4.9,0,0,0.23,1.37,3.84,0,0,0.09,0.01,8.25,0.61,0.35,0.39,0.62,0.15,20.84,0.21,0.02,0,1.32,0.09,1.65,0.42,2.4,0,0,1.04,0.17,0.24,6.05,0,0.78,0.87,0.02,0.16,0,0,0,2.32,0,1.06,0.08,0,0.1,0.36,0.02,0.51
1/31/1994,0.41,0.14,0.07,0.79,1.06,0.2,0.69,0,1.67,0,0.05,0.65,0.21,0.16,2.86,0.55,0.05,1.83,0.05,0.1,0.14,0.08,0.44,1.6,0.09,0.39,2.83,2.97,0.68,0.07,0,0,0.74,0,0,0,0.22,0.84,3.37,0,0,0.36,0.06,9.08,0.72,0.33,0.45,0.37,0.29,23.35,0.38,0.2,0,1.63,0.08,1.37,2.13,2.98,0,0,1.1,0.21,0.4,13.88,0,0.48,0.97,0.08,0.27,0,0,0,3.25,0,1.55,0.09,0.88,0.12,0.45,0.03,0.72
2/28/1994,1.31,0.44,1.05,2.9,0,4.97,2.17,0,1.55,0.01,0.18,2.7,0.91,0.36,2.16,0.8,0.17,12.99,0.18,0.42,0.51,0.27,1.26,4.17,0.32,1.29,6.26,6.13,2.5,0.27,0,0,2.71,8.74,0,0,0.73,8.2,6.61,0,0,0.69,1.61,26.58,1.43,0,1.18,0.37,0.9,42.19,0.74,1.86,0,3.82,0.13,2.31,2.07,12.98,0,0.01,1.03,0.91,0.61,29.05,0,0.48,2.04,0.15,0.41,0,0,0,4.32,0,2.04,0.41,6.41,0.29,1.95,0.11,0.95
3/31/1994,1.35,0.69,0.05,0.81,0.93,0.46,3.37,0,3.66,0,0.08,0.69,0.3,0.7,3.41,3.9,0.08,12.03,0.08,0.12,0.24,0.12,0.81,11.43,0.12,1.29,1.37,17.89,1.15,0.13,0,0,0.99,34.2,0,0,0.68,5.14,19.61,0,0,0.72,0.15,38.3,2.06,0.29,3.22,1.35,1.4,76.99,1.63,0.98,0,5.63,0.62,10.93,4.09,4.32,0,0,0.91,0.3,2.9,31.54,0,1.72,2.51,0.16,1.93,0,0,0,21.61,0,6.64,0.14,7.17,0.42,0.65,0.05,4.77
4/30/1994,0.91,0.57,0,0.83,1.41,0.08,2.79,0,9.4,0,0.08,0.48,0.23,0.47,3.34,6.42,0.07,6.98,0.07,0.09,0.22,0.1,0.32,19.92,0.05,0.67,2.83,27.82,1.05,0.11,0,0,0.82,81.66,0,0,0.48,0.24,37.03,0,0,0.42,0.03,81.56,1.65,0.45,5.62,4.16,1.16,152.14,1.17,1.09,0,5.43,1.01,17.93,9.5,3.34,0,0,0.75,0.23,7.18,39.4,0,5.3,1.83,0.1,4.79,0,0,0,47.39,0,13.61,0.11,9.63,0.41,0.5,0.05,10.46
5/31/1994,0.9,0.25,0.02,0.9,2.39,0.11,1.24,0,17.43,0,0.16,0.24,0.15,0.57,2.1,6.67,0.15,8.25,0.15,0.03,0.44,0.23,0.05,22.18,0.04,0.32,2.4,27.68,2.16,0.24,0,0,0.56,152.92,0,0,0.26,0,49.85,0,0,1.1,0.04,117.55,1.65,0.76,6.26,7.69,0.52,261.06,0.96,0.93,0,4.64,0.89,15.87,10.56,2.08,0,0,0.87,0.15,10.19,43.91,0,9.79,1.77,0.25,6.79,0,0,0,62.05,0,17.51,0.07,35.93,0.35,0.31,0.1,13.7
6/30/1994,0.14,0.15,0,0.68,1.01,0.01,0.75,0,9.35,0,0.11,0.15,0.09,0.04,1.16,0.91,0.11,0.54,0.11,0.02,0.32,0.17,0,8.22,0,0.05,0.4,5.83,1.55,0.17,0,0,0.63,76.17,0,0,0.04,0,14.76,0,0,0.52,0,51.92,0.6,0.32,2.32,4.58,0.31,161.44,0.05,0.14,0,0.3,0.11,2.02,1.38,1.31,0,0,0.36,0.09,2.45,18.21,0,5.82,0.43,0.12,1.63,0,0,0,19.59,0,4.91,0.04,0,0.02,0.2,0.07,4.32
7/31/1994,0.04,0.06,0,0.6,0.5,0,0.29,0,1.94,0,0.07,0.09,0.1,0.07,0.21,0.03,0.07,0.17,0.07,0.01,0.2,0.16,0,1.71,0,0.01,0.21,0.4,0.97,0.11,0,0,0.34,5.25,0,0,0.01,0,1.06,0,0,0.03,0,3.84,0.25,0.16,0.48,1.08,0.12,40.74,0,0,0,0,0,0,0.09,1.41,0,0,0.02,0.1,0.21,16.61,0,1.38,0.14,0,0.14,0,0,0,1.77,0,0.93,0.04,0,0,0.21,0.04,0.39
8/31/1994,0.02,0.03,0,0.04,0.67,0,0.16,0,1.11,0,0,0.01,0.03,0.09,0.1,0.01,0,0.08,0,0,0,0.03,0,0.74,0,0.01,0.14,0.01,0,0,0,0,0.88,0,0,0,0.01,0,0.02,0,0,0,0,0.48,0.31,0.21,0.21,0.37,0.07,18.94,0,0,0,0,0,0.05,0,0.42,0,0,0,0.03,0,14.03,0,0.47,0.08,0,0,0,0,0,0.8,0,0,0.01,0,0,0.06,0,0.18
9/30/1994,0,0.03,0,0,0.67,0,0.16,0,0.92,0,0,0.01,0.08,0.02,0.06,0.01,0,0,0,0,0,0.02,0,0.44,0,0,0.11,0.02,0,0,0,0,0.15,0,0,0,0,0,0.03,0,0,0,0,1.33,0.28,0.21,0.12,0.52,0.07,12.86,0,0,0,0,0.04,0.67,0,1.19,0,0,0,0.08,0.05,7.28,0,0.67,0.07,0,0.03,0,0,0,0,0,0.61,0.04,0,0,0.18,0,0
10/31/1994,0.04,0.08,0,0,0.44,0,0.37,0,0.87,0,0,0,0.01,0.04,0.07,0.02,0,0.33,0,0,0.01,0.02,0.08,1.11,0,0.06,0.15,1.4,0.05,0.01,0,0,0,7.05,0,0,0.03,0,3.04,0,0,0,0,9.56,0.25,0.14,0.31,0.87,0.15,40.85,0,0,0.01,0,0.02,0.38,0.01,0.1,0,0,0,0.01,0.37,0,0,1.1,0.28,0,0.25,0,0.52,0,0.77,0,1.05,0,0,0,0.02,0,0.17
11/30/1994,0.37,0.11,0.02,0,0.81,0,0.54,0,3.47,0,0.01,0,0.02,0.3,0.63,1.05,0.01,3.41,0.01,0,0.02,0.02,0.81,1.14,0,0.61,6.67,11.17,0.08,0.01,0,0,0.2,24.58,0,0,0.26,0,16.2,0.04,0,0.16,0,21.97,0.83,0.26,0.32,1.14,0.22,44.62,0,0,0.02,2.84,0.15,2.74,1.55,0.32,0,0,0,0.02,1.45,10.49,0,1.45,0.78,0.04,0.97,0.01,0.01,0,6.54,0,2.59,0.01,4.06,0.21,0.05,0,1.44
12/31/1994,1.3,0.81,0.04,0,1.25,0,3.95,0,1.92,0,0.04,0.5,0.28,0.63,1.42,1.19,0.04,13.49,0.04,0.09,0.12,0.07,3.19,3.26,0,2.69,4.08,6.08,0.59,0.06,0,0,0.74,20.72,0,0,0.68,0.98,7.99,0.12,0,0.69,0,25.46,0.93,0.4,0.92,0.53,1.64,44.24,0.01,0,0.19,3.89,0.11,1.95,1.92,4.05,0,0,0,0.28,0.84,24.81,0,0.68,1.45,0.16,0.56,0.06,0.01,0,8.06,0,2.14,0.13,0,0.29,0.61,0.03,1.78
1/31/1995,15.9,2.42,8.02,18.33,4.87,17.81,11.81,1.45,12.2,8,2.56,19.58,7.49,5.05,14.25,3.78,2.37,168.57,2.44,5.55,7.14,3.78,34.41,13.45,4.48,46.63,19.01,26.39,34.82,3.81,0,2.8,34.29,55.25,2.81,0,9.9,42.88,30,3.03,2.66,5.75,5.78,200.03,14.91,1.54,3.79,0.76,4.92,220.62,15.81,23.16,12.45,28.54,1.6,28.42,2.61,106.96,3.19,7.54,3.91,7.49,3.14,231.97,2.54,0.97,22.55,1.31,2.09,7.02,2.28,2.34,35.78,4.73,9.06,3.4,97.98,2.13,16.08,1.54,7.9
2/28/1995,4.7,1.27,0.84,0.95,5.01,2.52,6.19,0.2,3.44,1.1,0.59,2.46,0.94,1.87,2.79,3.73,0.55,50.84,0.57,0.84,1.65,0.87,8.98,18.45,0.84,14.08,1.63,16.24,8.06,0.88,0,0.39,13.75,41.4,0.39,0,2.93,5.83,17.52,0.37,0.37,1.67,0.82,70.48,6.99,1.58,5.2,1.77,2.58,126.58,5.25,2.96,1.89,16.61,0.97,17.18,3.74,13.36,0.44,1.04,1.26,0.94,3.01,71.72,0.35,2.26,7.36,0.38,2.01,3.51,1.35,0.32,27.69,0.62,6.49,0.42,16.2,1.24,2.01,0.36,6.11
3/31/1995,22.2,4.68,14.33,25.69,12.2,15.8,22.84,4.07,14.66,22.5,5.7,22.98,10.01,6.27,18.75,8.28,5.28,236.42,5.44,8.51,15.92,8.42,28.5,51.77,8.07,65.22,11.64,43.6,77.67,8.5,0,7.88,77.11,89.73,7.9,32.63,14.65,57.25,47.81,0.29,7.49,8.64,5.13,360.06,30.1,3.85,14.6,2,9.51,515.44,28.09,35.82,18.37,58.45,3.54,62.88,11.28,143.03,8.97,21.21,5.9,10.01,7.37,395.46,7.13,2.54,39.48,1.96,4.91,15.96,4.05,6.6,62.66,7.1,17.21,4.55,141.97,4.37,21.5,3.43,13.83
4/30/1995,9.79,3.3,1.06,2.08,11.97,1,16.13,0.39,14.36,2.16,1.27,3.14,1.94,4.99,14.72,10.98,1.18,95.44,1.22,1.26,3.56,1.87,6.69,54.61,1.55,22.17,4.73,41.01,17.36,1.9,0,0.76,17.41,98.02,0.76,158.94,6.59,8.63,54.59,0.45,0.72,4.97,0.32,210.21,18.26,3.78,15.4,4.74,6.72,374.54,29.6,3.83,2.96,42.15,3.19,56.75,15.96,27.65,0.86,2.04,1.36,1.94,9.1,215.02,0.69,6.04,21.48,1.13,6.06,2,0.19,0.63,60.32,0.71,19.57,0.88,25.3,3.15,4.16,0.77,13.31
5/31/1995,11.75,4.68,0.48,2.16,12.14,0.13,22.85,0.14,38.81,0.77,1.1,3.67,2.97,5.85,20.86,22.53,1.02,114.22,1.05,1.08,3.08,1.61,3.31,91.73,0.66,15.34,3.75,55.89,15.03,1.64,0,0.27,16.57,217.66,0.27,228.36,5.23,9.27,100.66,0.02,0.26,6.21,0.04,388.63,22.11,3.83,25.87,10.34,9.51,656.67,32.97,2.63,4.2,58.58,4.69,83.23,34.87,42.37,0.31,0.73,1.26,2.97,18.81,283.35,0.25,13.17,28.38,1.41,12.54,0.27,0.03,0.23,131.56,0.39,39.22,1.35,47.3,4.38,6.37,0.66,29.04
6/30/1995,4.13,1.23,0,0.96,3.54,0,6.01,0.01,53.6,0.04,0.34,0.2,0.8,2.01,7.82,26.12,0.31,40.24,0.32,0.03,0.95,0.48,0.21,99.38,0.19,3.27,2.44,57.12,4.61,0.5,0,0.01,3.38,414.47,0.01,87,1.33,0,144.72,0,0.01,3.83,0,475.18,6.25,1.12,28.03,21.5,2.5,889.4,10.08,1.23,0.73,64.35,3.08,54.79,39.88,11.46,0.02,0.04,1.06,0.8,30.78,175.51,0.01,27.36,6.91,0.87,20.52,0.02,0,0.01,159.27,0.08,53.42,0.36,9.5,4.81,1.72,0.2,35.15
7/31/1995,1.27,0.24,0,0.52,0,0,1.18,0,42.91,0,0.04,0.02,0.26,0.62,2.28,12.14,0.04,12.47,0.04,0.01,0.13,0.07,0.03,55.69,0.07,0.86,0.37,44.56,0.61,0.07,0,0,0,377.2,0,77.35,0.47,0,117.49,0,0,2.52,0,320.17,1.73,0,15.71,20.98,0.49,763.6,7.45,0.45,0.09,25.32,0.64,11.41,18.07,3.68,0,0,0.91,0.26,24.36,101.17,0,26.7,2.77,0.57,16.24,0,0,0,116.21,0,30.09,0.12,0,1.89,0.55,0.03,25.65
8/31/1995,0.33,0.2,0,0.46,2.75,0,1,0,10.91,0,0,0,0.02,0.25,0.74,0.69,0,2.97,0,0,0.01,0.02,0,13.2,0.01,0.13,0.26,13.56,0.05,0.01,0,0,0.82,94.96,0,2.16,0.19,0,18.65,0,0,0.15,0,67.54,1.19,0.87,3.72,7.96,0.42,245.34,0.97,0,0.01,2.79,0.08,1.44,1.22,0.35,0,0,0.8,0.02,3.8,22.75,0,10.13,1.43,0.03,2.53,0,0,0,17.84,0,3.11,0.01,0,0.21,0.05,0,3.94
9/30/1995,0.16,0.13,0,0.43,1.41,0,0.62,0,4.41,0,0.08,0,0.16,0.08,0.42,0.03,0.07,1.33,0.07,0.01,0.21,0.14,0,3.3,0,0.07,0.19,0.94,1.04,0.11,0,0,0.74,17.66,0,0,0.11,0,1.16,0,0,0.2,0,21.52,0.76,0.44,0.93,2.32,0.26,68.92,0.01,0,0.03,1.37,0.04,0.75,0.08,2.31,0,0,0.73,0.16,0.45,6.98,0,2.95,0.86,0.04,0.3,0.02,0,0,1,0,0.9,0.07,0,0.1,0.35,0.05,0.22
10/31/1995,0.15,0.12,0,0.37,1.57,0,0.6,0,1.9,0,0,0,0.13,0.07,0.04,0.01,0,1.61,0,0.03,0,0.02,0.31,2.19,0.01,0.23,0.18,0.6,0,0,0,0,0.51,2.65,0,0,0.1,0.32,1.31,0.01,0,0,0,7.76,0.72,0.5,0.62,1.05,0.25,25.25,0.01,0,0.09,1.24,0.01,0.11,0,1.91,0,0,0.83,0.13,0.15,0,0,1.34,0.75,0,0.1,0.02,0.01,0,0.4,0,0.21,0.06,0,0.09,0.29,0,0.09
11/30/1995,0.18,0.22,0,0.34,0.74,0,1.06,0,1.18,0,0.01,0,0.23,0.12,0.36,0.01,0.01,1.63,0.01,0.1,0.02,0.03,0.38,1.78,0.05,0.29,0.24,0.46,0.12,0.01,0,0,0.11,1.89,0,0,0.1,1.05,0.67,0,0,0.18,0,4.46,0.8,0.23,0.5,0.73,0.44,17.57,0,0,0.12,0,0.04,0.63,0,3.22,0,0,0.92,0.23,0.05,0.19,0,0.93,0.72,0.04,0.04,0.02,0,0,1.79,0,0.21,0.1,0,0,0.48,0.01,0.4
12/31/1995,0.88,0.55,0.09,0.85,2.16,0.06,2.69,0,3.3,0,0.15,0.91,0.48,0.39,0.82,1.92,0.14,9.29,0.14,0.23,0.41,0.23,2.12,4.76,0.3,1.96,7.29,13.64,1.99,0.22,0,0,2.11,17.79,0,5.08,0.45,2.33,17.93,0.05,0,0.58,0.02,26.28,1.84,0.68,1.34,0.83,1.12,49.78,0.01,1.09,0.5,6.82,0.19,3.36,1.94,6.86,0,0,1.04,0.48,1.85,21.01,0,1.05,1.95,0.13,1.24,0.22,0.02,0,12.73,0,4.06,0.22,8.55,0.51,1.03,0.09,2.81
1/31/1996,4.28,1.83,3.79,3.87,2.68,3.21,8.92,0.43,4.84,2.38,0.57,8.65,2.88,1.27,8.2,2.05,0.52,41.1,0.54,2.1,1.58,0.84,9.72,6.2,1.15,11.72,11.05,12.03,7.72,0.84,0,0.83,5.16,24.08,0.83,0,2.71,15.99,13.68,0.99,0.79,1.24,1.04,63.64,5.12,0.85,1.75,0.8,3.71,69.63,5.89,6.54,4.34,9.55,0.31,5.43,2.2,41.11,0.95,2.24,1.14,2.88,1.72,73.94,0.75,1.02,5.97,0.28,1.15,0.88,0.24,0.7,17.55,1.6,4.39,1.31,28.68,0.71,6.18,0.34,3.87
2/29/1996,10.08,3.27,10.03,10.99,7.81,7.91,15.96,2.91,9.96,16.08,1.96,10.44,5.47,3.54,1.6,9.19,1.82,113.56,1.88,4.68,5.49,2.91,17.27,37.33,4.37,28.88,14.35,40.96,26.76,2.93,0,5.63,24.88,74.21,5.64,0,6.71,32.33,44.19,2.19,5.35,4.35,2.57,187.4,14.39,2.47,10.53,1.87,6.65,235.19,11.6,12.64,9.47,36.64,2.2,39.03,7.56,78.1,6.41,15.16,2.54,5.47,6.49,189.66,5.1,2.38,19.16,0.99,4.33,4.67,1.79,4.71,57.55,6.02,15.08,2.48,87.07,2.74,11.74,1.18,12.7
3/31/1996,8.92,2.62,4.52,4.97,8.41,3.46,12.78,1,10.35,5.54,1.56,5.2,2.78,4.14,10.79,4.96,1.45,90.65,1.49,2.04,4.36,2.31,9.3,32.37,2.98,23.67,5.39,27.27,21.28,2.33,0,1.94,20.72,61.77,1.94,6.63,5.4,13.16,29.91,0.68,1.84,4.7,1.12,153.67,13.99,2.65,9.13,1.98,5.32,227.17,13.49,10.15,3.97,31.55,1.72,30.6,7.21,39.71,2.21,5.22,2.1,2.78,5.08,173.94,1.76,2.52,16.56,1.06,3.38,3.64,0.86,1.62,41.42,1.78,11.5,1.26,59.18,2.36,5.97,0.94,9.14
4/30/1996,5.36,1.91,0.22,1.62,7.83,0.99,9.31,0.27,19.11,1.52,0.76,0.91,1.3,2.87,8.47,10.63,0.7,51.81,0.72,0.54,2.12,1.11,3.29,48.71,0.89,11.08,4.65,39.75,10.33,1.13,0,0.53,9.39,120.31,0.53,0,3.53,4.87,52.9,0.14,0.5,2.1,0.32,195.08,10.91,2.47,13.74,6.75,3.88,337.97,8.58,5.17,1.73,32.73,2.47,43.89,18.53,18.58,0.6,1.43,1.39,1.3,10.32,120.05,0.48,8.59,12.19,0.48,6.88,1.49,0.17,0.44,67.5,0.49,21.85,0.59,28.16,2.45,2.79,0.46,14.9
5/31/1996,5.08,1.4,0.03,1.07,6.34,0.06,6.84,0.07,43.91,0.39,0.27,2.02,0.71,3.18,12,20.13,0.25,46.2,0.26,0.2,0.76,0.4,0.69,72,0.4,4.62,5.13,62.23,3.71,0.41,0,0.14,2.76,275.73,0.14,67.39,1.82,1.57,112.08,0,0.13,5.17,0.02,317.77,7.16,2,20.31,15.1,2.85,596.47,8.77,3.74,0.83,57.14,3.25,57.75,32.57,10.1,0.16,0.37,1.19,0.71,22.67,127.62,0.12,19.22,6.92,1.17,15.12,0.12,0.01,0.12,139.36,0.25,44.67,0.32,5.11,4.27,1.52,0.16,30.76
6/30/1996,1.41,0.29,0,0.54,0.66,0,1.43,0,30.32,0.01,0.07,0,0.34,0.92,4.5,6.31,0.06,11.74,0.06,0.02,0.18,0.09,0.04,37.76,0.11,1.05,0.59,24.81,0.89,0.1,0,0,0.49,249.2,0,0.46,0.43,0,62.85,0,0,1.84,0,156.67,3.03,0.21,10.65,11.66,0.6,420.81,5.86,1.39,0.32,14.45,0.51,9.01,8.76,4.82,0,0.01,0.97,0.34,12.25,49.33,0,14.84,3.22,0.41,8.16,0.01,0,0,73.35,0.03,18.33,0.15,9.81,1.08,0.72,0.04,16.19
7/31/1996,0.55,0.25,0,0.41,2.98,0,1.2,0,8.98,0,0.2,0,0.21,0.58,1.31,0.37,0.18,4.75,0.19,0,0.56,0.3,0.02,11.47,0.02,0.39,0.39,6.21,2.72,0.3,0,0,0.7,88.61,0,0,0.19,0,16.37,0,0,0.38,0,49.06,1.59,0.94,3.23,6.82,0.5,189.66,0.55,0.04,0.12,4.43,0.11,1.96,1,3,0,0,0.78,0.21,1.95,15.56,0,8.69,1.56,0.08,1.3,0,0,0,11.75,0,2.64,0.1,0,0.33,0.45,0.12,2.59
8/31/1996,0.25,0.15,0,0.38,2.03,0,0.75,0,0.97,0,0.1,0,0.15,0.36,0.43,0.03,0.09,2.24,0.1,0.01,0.28,0.17,0,4.57,0.01,0.12,0.27,1.55,1.39,0.15,0,0,1.34,13.41,0,0,0.1,0,2.13,0,0,0.07,0,13.18,0.81,0.64,1.29,1.9,0.31,62.59,2.91,0,0.04,0.81,0.04,0.79,0,2.2,0,0,0.55,0.15,0.3,7.96,0,2.42,0.77,0.01,0.2,0,0,0,0.04,0,0.95,0.07,0,0.06,0.33,0.06,0.01
9/30/1996,0.19,0.11,0,0.07,0.88,0,0.56,0,0.13,0,0,0,0.09,0.25,0.24,0.01,0,1.79,0,0,0,0.02,0,2.96,0,0.08,0.2,0.78,0,0,0,0,1.24,3.34,0,0,0.13,0,0.96,0,0,0.08,0,4.85,0.57,0.28,0.83,0.74,0.23,21.15,0.51,0,0.01,0.01,0.03,0.53,0.14,1.23,0,0,0.62,0.09,0.16,8.53,0,0.94,0.53,0.02,0.1,0.01,0,0,0,0,0.05,0.04,0,0,0.18,0,0
10/31/1996,0.17,0.37,0.04,0,1.9,0,1.83,0,1.16,0,0,0,0.05,0,0.46,0.02,0,1.57,0,0,0,0.04,0.38,1.94,0,0.28,0.33,0.88,0.01,0,0,0,0.85,3.24,0,0,0.12,0,1.9,0,0,0.16,0,1.89,0.81,0.6,0.55,0.72,0.76,18.31,0,0,0.05,1.7,0.01,0.26,0.11,0.67,0,0,0.85,0.05,0.15,4.63,0,0.91,0.69,0.04,0.1,0.02,0.01,0,0,0,0,0.02,0,0.13,0.1,0,0
11/30/1996,1.28,1.02,1.85,1.77,2.03,0.99,4.96,0,4.86,0,0.53,0.04,0.49,1.28,0.39,4.41,0.49,13.58,0.5,0.19,1.47,0.78,3.07,5.29,0.13,2.55,3.7,16.8,7.16,0.78,0,0,7.28,37.06,0,0,0.7,2.08,24.37,0,0,0.46,0.32,56.79,2.26,0.64,1.49,1.41,2.07,96.84,1.32,3.22,0.31,8.83,0.42,7.49,3.6,7.06,0,0,1.13,0.49,2.43,32.63,0,1.79,2.24,0.1,1.62,0.83,0.1,0,16.95,0,4.27,0.22,3.96,0.66,1.06,0.32,3.74
12/31/1996,13.73,2.32,9.09,19.79,7.13,14.03,11.31,1.03,12.1,5.72,4.53,16.2,7.48,4.06,1.68,8.87,4.19,156.49,4.32,5.65,12.64,6.69,29.75,26.69,1.23,39.89,16.33,37.16,61.66,6.75,0,2,43.57,57.18,2.01,5.08,8.55,43.18,48.86,0.94,1.9,3.75,4.56,229.27,15.22,2.25,7.53,1.77,4.71,218.81,21.12,31.67,12.77,42.39,2.49,44.21,5.97,106.88,2.28,5.39,3.83,7.48,4.21,250,1.81,2.25,21.02,0.85,2.8,10.7,3.76,1.68,41.09,3.46,12.31,3.4,95.99,3.17,16.06,2.72,9.07
1/31/1997,35.35,7.68,21.06,25.49,27.55,27.72,37.49,5.09,33.01,28.16,9.22,22.19,13.36,12.28,7.78,17.97,8.54,396.41,8.8,10.65,25.74,13.63,41.69,79.93,8.02,96.13,13.12,96.7,125.57,13.74,0,9.85,112.67,221.43,9.88,169.64,23.23,72.7,109.93,0.47,9.37,9.11,9,630.04,41.83,8.7,22.54,11.63,15.61,751.81,23.58,50.09,23.73,150.7,6.79,120.56,13.19,190.88,11.23,26.54,6.32,13.36,19.25,559.52,8.93,14.8,55.78,2.07,12.84,24,6.23,8.25,114.23,9.96,36.18,6.07,157.64,11.26,28.69,5.54,25.21
2/28/1997,5.85,1.47,2.42,2.2,6.65,3.62,7.19,0.44,8.83,2.46,1.69,1.91,1.68,2.48,13.28,2.7,1.56,54.62,1.61,0.68,4.72,2.5,1.45,17.14,1.78,7.17,1.27,13.17,23,2.52,0,0.86,20.92,33.62,0.86,223.59,2.38,5.89,14.21,0.25,0.82,2.49,1.18,111.04,9.54,2.1,4.83,1.43,2.99,189.05,5.9,5.96,2.44,31.13,1.14,20.33,4.37,24.03,0.98,2.32,2.31,1.68,2.39,102.04,0.78,1.82,14.57,0.56,1.59,1.6,0.12,0.72,20.49,0.81,5.64,0.76,0,2.33,3.61,1.01,4.52
3/31/1997,2.97,0.96,0.8,2.16,6.15,1.07,4.67,0.23,12.64,1.27,0.7,0.52,0.7,1.24,13.71,6.94,0.65,20.93,0.67,0.04,1.96,1.04,0.3,26.7,0.84,2.47,1.81,31.53,9.55,1.04,0,0.45,9.06,69.41,0.45,38.88,1.08,0,34.57,0.1,0.42,0.76,0.35,107.69,6.11,1.94,7.53,3.51,1.94,222.48,1.87,2.25,0.76,23.93,1.56,27.73,10.27,10.07,0.51,1.2,1.37,0.7,6,93.09,0.4,4.46,7.27,0.17,4,0.25,0.03,0.37,31.7,0.42,13.91,0.32,0,1.79,1.51,0.42,7
4/30/1997,2.2,1.02,0.09,2.63,6.66,0.39,5,0.09,18.02,0.49,0.32,0.08,0.43,1.11,15.2,10.58,0.3,10.31,0.31,0.01,0.89,0.48,0.12,38.98,0.55,1.74,2.15,41.13,4.36,0.48,0,0.17,3.82,121.88,0.17,0,0.72,0,54.74,0.01,0.16,0.63,0.13,172.66,3.96,2.1,11,6.81,2.08,305.86,1.4,1.99,0.36,23.11,1.77,31.52,17.67,6.12,0.19,0.46,1.08,0.43,10.82,68.83,0.15,8.67,4.43,0.14,7.21,0.02,0,0.14,67.8,0.33,21.12,0.19,0,1.73,0.92,0.19,14.97
5/31/1997,1.4,0.5,0,1.85,6.93,0.02,2.43,0.01,35.44,0.03,0.11,0,0.26,0.8,16.31,13.2,0.1,0,0.11,0.01,0.31,0.17,0.04,49.36,0.2,1.08,1.02,50.73,1.52,0.17,0,0.01,0.65,313.97,0.01,0,0.43,0,91.37,0,0.01,0,0.01,273.81,2.68,2.19,13.92,14.75,1.01,544.4,1.67,2.12,0.12,23.69,1.18,21.02,18.76,3.68,0.01,0.03,0.82,0.26,20.57,71.07,0.01,18.77,2.83,0,13.72,0.02,0,0.01,107.73,0.07,31.03,0.12,0,1.77,0.55,0.07,23.78
6/30/1997,0.68,0.39,0,0.82,6.53,0.02,1.92,0,20.69,0,0.04,0,0.13,0.57,4.72,4.06,0.04,2.96,0.04,0.01,0.11,0.06,0.02,22.29,0.04,0.49,0.5,22.12,0.55,0.06,0,0,0.94,226.97,0,0,0.24,0,56.04,0,0,0.35,0.01,121.88,2.01,2.06,6.29,10.95,0.8,326.69,2.94,0.41,0.03,10.98,0.22,3.97,4.89,1.79,0,0,0.61,0.13,8.92,14,0,13.94,1.51,0.08,5.95,0.01,0,0,41.87,0,12.7,0.06,0,0.82,0.27,0.02,9.24
7/31/1997,0.37,0.2,0,0.74,1.87,0.24,0.96,0,5.2,0,0.03,0,0.07,0.46,1.76,0.15,0.03,2.24,0.03,0,0.08,0.03,0,7.78,0,0.19,0.27,3.6,0.4,0.04,0,0,1.39,60.1,0,0,0.15,0,9.48,0,0,0.25,0.08,35.66,1,0.59,2.19,4.47,0.4,134.84,0.57,0,0.01,2.74,0.06,1.02,0.36,1.05,0,0,0.33,0.07,0.59,16.15,0,5.69,0.76,0.06,0.39,0,0,0,5.13,0,2.44,0.03,0,0.2,0.16,0.02,1.13
8/31/1997,0.23,0.13,0,0.74,0.83,0.37,0.65,0,2.8,0,0.01,0,0.03,0.35,0.77,0.02,0.01,1.59,0.01,0,0.03,0.03,0,2.4,0,0.09,0.31,0.81,0.17,0.02,0,0,1.39,14.72,0,0,0.14,0,1.12,0,0,0.53,0.12,12.25,0.65,0.26,0.68,1.75,0.27,49.02,0,0,0.01,1.74,0.04,0.78,0.03,0.47,0,0,0.1,0.03,0.28,14.38,0,2.22,0.48,0.12,0.19,0.01,0,0,0.54,0,0.36,0.01,0,0.13,0.07,0.01,0.12
9/30/1997,0.16,0.11,0,0.57,1.08,0.36,0.55,0,1.13,0,0,0,0.02,0.25,0.85,0.01,0,0.81,0,0,0,0.01,0,1.89,0.01,0.07,0.14,1.48,0,0,0,0,0.87,3.85,0,0,0.11,0,1.82,0,0,0.2,0.12,5.19,0.71,0.34,0.53,0.78,0.23,23.49,0,0,0,0.94,0.06,1.14,0,0.29,0,0,0.28,0.02,0,5.73,0,0.99,0.5,0.05,0,0.02,0,0,0.46,0,1.73,0.01,0,0.07,0.04,0,0.1
10/31/1997,0.27,0.15,0,0.34,1.35,0.22,0.71,0,1.99,0,0.07,0,0.05,0.24,0.47,0.02,0.06,2.43,0.06,0,0.19,0.11,0.58,1.42,0,0.44,0.68,0.93,0.91,0.1,0,0,0.46,2,0,0,0.19,0,2,0,0,0.2,0.07,2.83,0.82,0.43,0.4,0.77,0.3,17.67,0.39,0,0.05,1.91,0.07,1.21,0,0.74,0,0,0.21,0.05,0,3.09,0,0.98,0.85,0.04,0,0.01,0.01,0,0.52,0,1.1,0.02,0,0.14,0.11,0.04,0.11
11/30/1997,0.51,0.19,0.1,0.89,1.29,0.05,0.94,0,2.1,0,0.04,0.2,0.19,0.32,0.6,0.18,0.03,5.09,0.03,0.05,0.1,0.07,1.16,1.12,0.11,0.94,5.89,2.35,0.48,0.05,0,0,0.75,2.93,0,0,0.28,0.54,3.42,0.04,0,0.28,0.02,6.48,1.14,0.41,0.32,0.57,0.39,24.61,5.16,0,0.14,0,0.04,0.73,0.86,2.71,0,0,0,0.19,0.19,8.57,0,0.73,1.18,0.06,0.13,0.04,0.01,0,1.49,0,1.2,0.09,2.77,0,0.41,0.02,0.33
12/31/1997,0.87,0.73,1.18,1.19,1.63,0.01,3.55,0.04,1.5,0.21,0.09,0.52,0.3,0.34,0.96,0.58,0.08,9.13,0.08,0.13,0.24,0.13,2.18,1.91,0.39,1.86,4.48,5.34,1.19,0.13,0,0.07,1.16,9.33,0.07,0,0.45,1.46,7.03,0.12,0.07,0.44,0,15.85,1.46,0.51,0.54,0.64,1.48,34.25,4.68,1.29,0.18,0,0.09,1.62,1.69,4.32,0.08,0.2,0,0.3,0.71,14.57,0.07,0.82,1.75,0.1,0.47,0.08,0.02,0.06,3.3,0.43,1.24,0.14,0,0,0.65,0.05,0.73
1/31/1998,8.31,1.31,10.89,14.98,2.3,12.69,6.38,0.8,8.79,4.43,1.55,24.34,5.15,1.61,8.75,3.41,1.44,87.68,1.48,3.38,4.34,2.31,19.38,5.14,1.59,23.91,17.78,16.95,21.17,2.32,0,1.55,14.55,32.94,1.56,0.49,5.29,28.04,19.27,3.03,1.48,2.62,4.12,99.65,7.19,0.73,1.45,0.89,2.66,103.22,25.53,20.18,7.65,3.73,0.73,13.01,2.32,73.63,1.77,4.18,2.34,5.15,3.43,145.8,1.41,1.13,10.95,0.6,2.29,2.67,0.61,1.3,18.16,2.94,3.71,2.34,78.49,0.28,11.07,0.93,4.01
2/28/1998,16.82,1.22,40.22,25.68,4,26.25,5.97,8.71,8.75,48.23,5.15,35.09,12.22,2.93,12.65,1.78,4.77,182.39,4.92,11,14.38,7.62,29.83,7.36,18.89,50.67,21.73,17.11,70.17,7.68,0,16.88,54.16,38.05,16.92,6.86,11.29,76.28,18.46,0.37,16.05,8.88,8.53,252.64,17.21,1.26,2.08,0.85,2.49,219.75,36.68,40.43,24.85,17.95,1.07,19.07,1.98,174.56,19.23,45.46,6.69,12.22,0.07,291.13,15.29,1.08,25.75,2.01,0.05,12.54,4.78,14.14,20.41,17.92,3.92,5.55,146.11,1.34,26.24,3.09,4.5
3/31/1998,11.73,2.68,5.71,7.89,7.5,21.08,13.08,1.09,8.37,6.06,2.62,9.69,4.01,4.99,9.87,7.08,2.42,124,2.5,3.14,7.31,3.87,13.65,32.15,4,33.68,5.74,31.34,35.66,3.9,0,2.12,31.71,62.99,2.13,65.13,7.06,20.18,34.36,0.29,2.02,8.28,6.85,167.98,16.82,2.37,9.07,2.21,5.45,231.05,21.37,25.13,6.76,29.29,2.18,38.71,6.42,57.32,2.42,5.71,2.73,4.01,4.91,218.45,1.92,2.81,21.63,1.88,3.27,7.29,1.9,1.78,49.73,1.99,10.5,1.82,63.87,2.19,8.62,1.57,10.98
4/30/1998,9.6,2.27,3.8,7.71,8.45,5.31,11.07,0.55,12.23,3.06,2.73,7.74,4.19,3.71,13.18,7.3,2.53,96.16,2.61,2.54,7.64,4.05,7.12,36.44,1.71,22.57,4.83,31.52,37.26,4.08,0,1.07,34.96,74.91,1.07,212.37,6.39,18.41,41.95,0.45,1.02,3.81,1.72,190.19,15.2,2.67,10.28,3.3,4.61,294.86,21.37,4.79,6.62,28.15,2.05,36.42,10.55,59.91,1.22,2.88,2.15,4.19,6.76,201.17,0.97,4.21,20.35,0.86,4.51,7.22,1.12,0.9,47.07,1,13.46,1.91,69.02,2.1,9,1.64,10.39
5/31/1998,9.07,2.95,2.74,1.56,10.8,1.03,14.39,0.27,25.05,1.52,1.2,2.78,2.21,4.38,15.9,12.65,1.11,88.08,1.14,0.75,3.35,1.76,3.4,67.35,1.14,13.96,5.31,42.91,16.32,1.79,0,0.53,17.66,146.52,0.53,278.29,4.49,6.3,77.29,0.02,0.5,2.79,0.33,259.27,16.23,3.41,19,7.49,5.99,453.51,24.86,0,3.13,35.59,3.35,59.56,20.48,31.5,0.6,1.43,1.34,2.21,12.71,202.51,0.48,9.53,19.17,0.63,8.48,1.08,0.06,0.44,84.88,0.57,24.76,1,44.12,2.66,4.73,0.72,18.73
6/30/1998,5.46,1.88,0.53,1.06,1.69,0.45,9.16,0.08,56.82,0.46,0.73,0.36,0.84,3.51,10.36,25.91,0.67,52.15,0.69,0.04,2.03,1.04,0.43,113.2,0.56,4.43,0.65,68.22,9.88,1.08,0,0.16,9.18,392.98,0.16,266.04,1.89,0,172.83,0,0.15,6.15,0.15,473.78,10.73,0.53,31.93,21.2,3.81,885.23,41.14,0,0.87,61.23,3.94,70.02,42.76,12.06,0.18,0.43,1.28,0.84,35.72,214.81,0.14,26.98,9.56,1.39,23.81,0.12,0.01,0.13,159.39,0.32,54.05,0.38,6.74,4.58,1.81,0.44,35.18
7/31/1998,1.58,0.27,0.01,0.37,2.7,0.01,1.32,0.02,40.18,0.1,0.2,0,0.38,0.91,3.01,8.95,0.18,15.19,0.19,0.01,0.55,0.29,0.05,40.85,0.22,1.19,0.34,39.42,2.68,0.29,0,0.03,2.8,300.93,0.03,157.78,0.5,0,103.93,0,0.03,3.82,0,294.37,4.41,0.85,11.52,17.86,0.55,692.18,24.01,0.01,0.21,7.68,0.79,14.03,11.95,5.45,0.04,0.09,0.92,0.38,24.06,96.08,0.03,22.73,3.79,0.86,16.04,0.01,0,0.03,75.8,0.17,25.37,0.17,13.1,0.57,0.82,0.12,16.73
8/31/1998,0.57,0.23,0,0.21,2.93,0.01,1.12,0,8.45,0,0.04,0,0.2,0.57,0.99,0.2,0.04,5.36,0.04,0.01,0.13,0.08,0.01,6.99,0.07,0.33,0.23,5.86,0.61,0.07,0,0,1.3,37.79,0,0.85,0.23,0,8.06,0,0,0.46,0,57.39,1.98,0.93,1.97,4.54,0.47,163.52,4.35,0,0.05,0.33,0.22,3.99,0.38,2.88,0,0,0.86,0.2,1.81,18.45,0,5.78,1.88,0.1,1.2,0,0,0,6.56,0,1.8,0.09,0,0.02,0.43,0.03,1.45
9/30/1998,0.38,0.2,0.01,0.2,1.81,0,0.97,0,6.91,0,0.03,0,0.16,0.31,0.96,0.08,0.03,3.26,0.03,0.01,0.08,0.08,0,1.45,0.06,0.15,0.18,3.09,0.41,0.04,0,0,1.21,15.61,0,0.22,0.25,0,3.8,0,0,0.21,0,30.23,1.35,0.57,0.41,1.95,0.4,73.62,1.45,0,0.03,1.66,0.15,2.64,0.34,2.34,0,0,0.87,0.16,0.47,10.23,0,2.48,1.32,0.04,0.32,0.02,0,0,3.14,0,0.79,0.07,5.01,0.12,0.35,0.02,0.69
10/31/1998,0.38,0.2,0.04,0.28,1.58,0,0.97,0,2.55,0,0,0,0.12,0.26,0.32,0.05,0,3.88,0,0.03,0,0.04,0.81,2.57,0.11,0.62,0.28,1.16,0,0,0,0,0.27,6.79,0,0,0.23,0.26,2.52,0,0,0.22,0,7.56,1.95,0.5,0.72,1.17,0.4,36.74,0.03,0,0.08,2.27,0.03,0.55,0,1.66,0,0,0.64,0.12,0.43,4.62,0,1.49,1.33,0.05,0.29,0.01,0,0,1.96,0,0,0.05,0,0.17,0.25,0,0.43
11/30/1998,0.61,0.33,0.15,0.39,1.37,0,1.62,0,2.49,0,0.06,0.08,0.25,0.36,0.39,0.8,0.06,6.48,0.06,0.11,0.17,0.1,1.47,3.27,0.17,1.24,3.05,9.27,0.84,0.09,0,0,1.1,12.05,0,1.08,0.31,1.16,13.45,0,0,0.47,0,16.2,1.75,0.43,0.92,0.93,0.67,39.46,1.33,0.06,0.13,3.79,0.16,2.85,2.6,3.58,0,0,0.52,0.25,1.02,16.68,0,1.18,1.98,0.11,0.68,0.1,0.01,0,7.77,0,2.44,0.11,4.54,0.28,0.54,0.04,1.71
12/31/1998,1.23,0.73,0.14,0.51,1.19,0.01,3.55,0,2.46,0,0.11,0.24,0.34,0.57,0.62,2.03,0.1,13.45,0.11,0.16,0.31,0.17,2.91,5.14,0.22,3.35,3.18,9.7,1.51,0.17,0,0,1.96,18.78,0,10.39,0.63,1.64,12.76,0.22,0,0.59,0,29.29,2.37,0.38,1.45,1.19,1.48,47.04,3.64,0.04,0.36,6.58,0.22,3.82,4.3,4.88,0,0,0.56,0.34,1.3,26.94,0,1.51,2.64,0.13,0.87,0.33,0.1,0,10.46,0,1.75,0.16,5.55,0.49,0.73,0.07,2.31
1/31/1999,4.56,1.73,1.23,2.12,0,0.37,8.47,0.06,4.7,0.31,0.37,6.91,2.4,1.42,5.67,2.44,0.35,46.61,0.36,1.69,1.05,0.56,9.85,21,0.31,12.66,6.94,13.82,5.1,0.56,0,0.11,4.97,23.8,0.11,0,3.02,13.08,15.71,0.08,0.1,2.89,0.12,48.51,7.32,0,5.92,0.85,3.53,69.05,8.34,1.17,3.41,12.25,0.8,14.13,2.03,34.34,0.12,0.29,0.55,2.4,1.59,88.71,0.1,1.08,9.68,0.66,1.06,0.76,0.32,0.09,18.48,0.19,4.38,1.09,20.88,0.92,5.16,0.22,4.08
2/28/1999,13.32,2,4.38,7.61,5.25,4.4,9.77,0.31,7.2,1.74,0.9,18.7,6.18,5.04,8.21,2.5,0.84,143.81,0.86,5.16,2.52,1.33,20.93,16.73,0.84,38.22,12.26,18.08,12.29,1.34,0,0.61,8.82,35.28,0.61,0,8.62,35.46,19.5,0.03,0.58,10.56,1.43,112,18.94,1.66,4.72,0.89,4.07,111.5,17.07,10.24,10.23,29.31,1.37,24.42,1.77,88.3,0.69,1.64,1.33,6.18,1.94,184.52,0.55,1.14,23.86,2.39,1.29,1.26,0.47,0.51,22.53,0.64,4.56,2.81,79.56,2.19,13.27,0.54,4.97
3/31/1999,6.98,1.75,0.98,1.34,5.28,0.44,8.56,0.14,5.14,0.77,0.36,2.86,1.72,3.6,6.4,3.4,0.34,72.48,0.35,1.25,1.02,0.54,5.86,19.86,0.46,17.03,6.05,17.74,4.96,0.54,0,0.27,5,36.73,0.27,0,4.36,8.03,19.45,0,0.26,3.29,0.14,67.1,11.23,1.67,5.6,1.27,3.56,104.63,9.29,4.35,2.37,20.02,1.38,24.52,3.75,24.56,0.31,0.73,1.32,1.72,2.57,95.77,0.25,1.61,13.15,0.75,1.72,0.8,0.22,0.23,23.89,0.21,7.68,0.78,19.92,1.5,3.69,0.22,5.27
4/30/1999,5.52,1.96,0.58,2.68,5.79,0.79,9.59,0.12,10.7,0.69,0.59,0.67,1.44,2.97,8.55,7.18,0.54,53.97,0.56,0.59,1.64,0.87,2.84,32.76,0.43,10.19,4.26,27.63,7.99,0.87,0,0.24,7.33,70.81,0.24,0,3.19,5.34,36.78,0,0.23,5.35,0.26,128.98,10.84,1.83,9.24,3.16,3.99,184.85,5.28,5.9,1.86,31.99,1.97,35.06,10.38,20.51,0.27,0.65,1.38,1.44,6.34,119.12,0.22,4.02,12.85,1.21,4.22,0.92,0.12,0.2,39.03,0.21,12.82,0.65,15.87,2.39,3.08,0.35,8.61
5/31/1999,3.86,1.03,0.04,0.55,5.52,0.01,5.02,0.01,35.73,0.05,0.18,0.12,0.57,2.54,10.31,21.78,0.16,33.73,0.17,0.1,0.49,0.27,0.38,79.51,0.14,3.08,0.91,59.82,2.39,0.26,0,0.02,0.68,274.61,0.02,0,1.38,0.65,107.75,0,0.02,15.83,0,282.25,7.32,1.74,22.43,15.05,2.09,454.66,0.31,5.93,0.59,49.74,3.51,62.37,35.09,8.14,0.02,0.05,1.05,0.57,24.39,124.95,0.02,19.15,7.17,3.59,16.26,0.06,0.01,0.02,132.08,0.04,38.86,0.26,0,3.72,1.22,0.11,29.15
6/30/1999,1.5,0.25,0,0.28,4.44,0.01,1.22,0,34.64,0,0.08,0,0.29,0.99,6.72,12.42,0.08,10.51,0.08,0.01,0.23,0.12,0.05,41.21,0.07,1.12,0.54,30.49,1.12,0.12,0,0,0,249.06,0,0,0.46,0,77.26,0,0,1.39,0,162.67,3.88,1.4,11.62,15.11,0.51,336.67,10.98,5.01,0.23,26.2,1.05,18.57,14.77,4.16,0,0,0.71,0.29,17.42,68.02,0,19.23,3.17,0.31,11.61,0,0,0,94.38,0,25.57,0.13,0,1.96,0.63,0.05,20.83
7/31/1999,0.47,0.22,0,0.1,2.93,0,1.05,0,10.16,0,0.04,0,0.14,0.4,1.95,1.05,0.04,3.3,0.04,0,0.12,0.07,0.01,9.75,0.01,0.33,0.3,4.84,0.59,0.06,0,0,0,57.1,0,0,0.16,0,12.76,0,0,0.54,0,36.56,1.61,0.93,2.75,6.01,0.44,109.93,4.15,0.5,0.06,0,0.14,2.52,1.38,1.99,0,0,0.14,0.14,2.02,25.56,0,7.64,1.8,0.12,1.34,0,0,0,16.03,0,4.88,0.06,0,0,0.3,0.03,3.54
8/31/1999,0.31,0.14,0,0.07,2.02,0,0.69,0,3.66,0,0.02,0,0.1,0.39,0.64,0.03,0.02,2.67,0.02,0,0.06,0.04,0,1.47,0,0.16,0.21,0.45,0.27,0.03,0,0,0.42,8.74,0,0,0.13,0,0.61,0,0,0.05,0,13.85,1.16,0.64,0.42,1.68,0.29,34.96,1.75,0,0.02,0.4,0.06,1.11,0.04,1.48,0,0,0.05,0.1,0.37,15.43,0,2.14,1.03,0.01,0.25,0,0,0,2.22,0,0.75,0.05,0.93,0.03,0.22,0.01,0.49
9/30/1999,0.2,0.1,0,0,1.73,0,0.51,0,4.53,0,0,0,0.06,0.26,0.62,0.01,0,1.46,0,0,0,0.02,0,0,0,0.08,0.15,0.03,0,0,0,0,1.58,3.68,0,0,0.13,0,0.03,0,0,0.02,0,6.55,0.8,0.55,0,0.66,0.21,20.13,1.21,0,0.01,0.55,0.03,0.58,0,0.92,0,0,0.01,0.06,0.13,12.92,0,0.84,0.66,0,0.09,0,0,0,0.31,0,1.21,0.03,4.2,0.04,0.14,0,0.07
10/31/1999,0.2,0.11,0,0,2.95,0,0.53,0,1.71,0,0,0,0.06,0.26,0.51,0.02,0,1.6,0,0,0,0.01,0.42,1.08,0,0.31,0.27,0,0,0,0,0,1.19,2.87,0,0,0.13,0.01,0,0,0,0.14,0,2.9,0.76,0.93,0.3,0.62,0.22,8.99,2.18,0,0.05,0.55,0.06,1.11,0,0.9,0,0,0,0.06,0.21,5.41,0,0.79,0.68,0.03,0.14,0.04,0.01,0,0,0,1.86,0.03,0,0.04,0.14,0,0
11/30/1999,0.41,0.15,0.01,0.09,1.53,0,0.73,0,1.68,0,0.01,0,0.15,0.28,0.61,0.29,0.01,4,0.01,0.06,0.02,0.02,0.95,1.53,0,0.79,1.58,2.44,0.1,0.01,0,0,0.51,4.39,0,0,0.21,0.7,3.54,0,0,0.13,0,5.57,1.04,0.48,0.43,0.68,0.3,16.8,3.93,0,0.08,1.23,0.02,0.32,0.27,2.15,0,0,0.13,0.15,0.48,7.59,0,0.87,1.25,0.03,0.32,0.03,0.01,0,2.35,0,0.91,0.07,4.44,0.09,0.32,0,0.52
12/31/1999,0.4,0.55,0.04,0.31,1.6,0,2.68,0,0.98,0,0.01,0,0.11,0.24,1.24,0.25,0.01,3.24,0.01,0.05,0.02,0.02,0.94,1.91,0,0.92,1.01,0.93,0.12,0.01,0,0,0.44,2.52,0,0,0.2,0.52,1.23,0,0,0.09,0,4.14,1.08,0.51,0.54,0.5,1.12,15.36,1.48,0,0.06,2.24,0.01,0.19,0.32,1.61,0,0,0.43,0.11,0.17,6.68,0,0.63,1.16,0.02,0.11,0.03,0.01,0,2.31,0,0.5,0.05,0,0.17,0.24,0.01,0.51
1/31/2000,4.27,1.49,0.5,2.94,1.41,1.04,7.26,0.01,5.27,0.03,0.45,8.61,2.34,1.25,4.34,2.59,0.42,44.78,0.43,1.48,1.25,0.67,9.27,6.71,0.26,11.48,10.53,17.85,6.11,0.67,0,0.01,4.55,16.85,0.01,0,2.7,12.21,20.3,0,0.01,1.43,0.34,56.66,6.68,0.44,1.89,0.72,3.02,75.55,4.51,3.85,3,15.51,0.72,12.71,1.85,33.42,0.01,0.03,0.71,2.34,1.87,76.34,0.01,0.92,8.79,0.32,1.25,0.92,0.21,0.01,16.54,0.06,3.89,1.06,34.68,1.16,5.02,0.27,3.65
2/29/2000,12.37,1.66,5.58,19.66,3.77,19.42,8.1,1.27,7.04,7.05,3.04,22.19,6.98,3.2,9.45,3.23,2.81,133.36,2.9,5.83,8.48,4.5,18.3,11.71,2.12,34.19,16.01,18.29,41.36,4.52,0,2.47,32.27,31.56,2.48,0,7.85,40.14,19.74,0.01,2.35,7.27,6.31,170.31,13.78,1.19,3.3,0.81,3.37,159.11,9.67,25.98,11.66,25.93,1.09,19.39,2.3,99.73,2.81,6.65,3.63,6.98,1.98,206.97,2.24,1.04,19.19,1.65,1.32,5.92,2.11,2.07,23.19,2.71,5.3,3.17,92.43,1.94,14.99,1.82,5.12
3/31/2000,6.36,1.95,1.81,7.75,7.44,6.64,9.52,0.28,7.64,1.53,1.7,3.85,2.45,3.05,6.86,5.07,1.58,65.11,1.62,1.52,4.75,2.52,4.64,20.75,0.74,14.14,4.96,22.76,23.18,2.54,0,0.53,20.52,43.59,0.54,0,4.09,10.67,24.96,0,0.51,6.51,2.16,116.62,11.1,2.35,5.85,1.65,3.96,167.23,10.25,14.97,3.33,19.56,1.39,24.71,4.66,35.01,0.61,1.44,3.3,2.45,3.74,157.46,0.48,2.1,14.55,1.48,2.5,3.47,0.66,0.45,30.8,0.49,7.76,1.11,42.26,1.46,5.26,1.02,6.8
4/30/2000,3.27,1.26,0.12,1.38,9.59,0.57,6.13,0.04,17.15,0.23,0.49,0.56,0.72,1.86,8.54,11.58,0.45,28.82,0.47,0.3,1.36,0.72,1.08,43.61,0.3,4.5,2.92,42.81,6.64,0.73,0,0.08,6.33,114.45,0.08,0,1.5,2.67,56.99,0,0.08,6.34,0.19,165.45,6.99,3.03,12.3,6,2.55,285.3,3.31,6.77,0.94,16.45,2.38,42.33,19.78,10.24,0.09,0.22,1.57,0.72,10.55,112.48,0.07,7.63,8.44,1.44,7.03,0.43,0.03,0.07,75.2,0.12,22.06,0.33,11.81,1.23,1.54,0.29,16.6
5/31/2000,2.71,0.41,0.01,0.38,6.35,0.07,1.99,0,35.52,0,0.21,0.44,0.64,1.74,6.67,15.66,0.2,24.4,0.2,0.08,0.59,0.32,0.23,54.83,0.09,2.09,3.36,56.56,2.87,0.31,0,0,1.06,261.59,0,0,0.94,0.42,101.86,0,0,7.51,0.02,279.07,5.53,2.01,15.46,14.06,0.83,535.9,2.63,0.75,0.64,28.25,2.24,39.75,24.43,9.19,0,0,0.1,0.64,22.82,109.72,0,17.9,5.7,1.7,15.22,0.05,0,0,124.89,0,33.23,0.29,0,2.11,1.38,0.13,27.57
6/30/2000,0.82,0.25,0,0.06,5.42,0.01,1.24,0,22.78,0,0.04,0,0.22,0.59,2.67,3.91,0.04,6.65,0.04,0.01,0.11,0.07,0.02,21.51,0.02,0.59,0.79,21.39,0.52,0.06,0,0,0.28,177.75,0,0,0.25,0,54.18,0,0,4.34,0,134.2,2.7,1.71,6.07,12.59,0.52,359.41,3.93,0.99,0.15,8.21,0.3,5.4,4.58,3.21,0,0,0.02,0.22,11.42,54.35,0,16.02,2.49,0.98,7.61,0.01,0,0,42.52,0,12.44,0.1,0,0.61,0.48,0.02,9.38
7/31/2000,0.34,0.18,0,0.02,3.45,0,0.87,0,5.34,0,0.01,0,0.1,0.35,0.8,0.12,0.01,2.91,0.01,0,0.02,0.01,0.01,3.96,0,0.23,0.3,2.21,0.08,0.01,0,0,0,27.47,0,0,0.12,0,5.82,0,0,0.43,0,25.2,0.97,1.09,1.12,3.58,0.36,97.78,5.86,0,0.04,1.28,0.03,0.48,0.25,1.48,0,0,0.01,0.1,0.71,16.71,0,4.55,1.29,0.1,0.48,0,0,0,5.24,0,1.5,0.05,0,0.1,0.22,0,1.16
8/31/2000,0.19,0.11,0,0,3.22,0,0.54,0,1.83,0,0.02,0,0.06,0.32,0.5,0.01,0.02,1.46,0.02,0,0.06,0.04,0,1.14,0,0.09,0.21,0.93,0.27,0.03,0,0,0.34,7.77,0,0,0.08,0,1.27,0,0,0.12,0,12.47,0.6,1.02,0.32,1.14,0.22,43.04,4.73,0,0.01,0.37,0.08,1.47,0.04,0.91,0,0,0,0.06,0.1,11.3,0,1.45,0.71,0.03,0.07,0,0,0,0.78,0,0.9,0.03,0,0.03,0.14,0.01,0.17
9/30/2000,0.17,0.12,0,0,2.92,0,0.57,0,2.63,0,0,0,0.09,0.11,0.47,0.01,0,1.43,0,0,0,0.01,0,0.18,0,0.07,0.18,1.18,0,0,0,0,0.61,2.79,0,0,0.11,0,1.45,0,0,0.06,0,6.97,0.8,0.92,0.05,0.81,0.24,20.23,2.71,0,0.01,0.89,0.05,0.82,0.06,1.34,0,0,0,0.09,0.16,7.96,0,1.03,0.68,0.01,0.11,0.01,0,0,1.13,0,1.52,0.04,0,0.07,0.2,0,0.25
10/31/2000,0.33,0.12,0.06,0.03,2.3,0,0.6,0,1.97,0,0,0.04,0.24,0.31,0.25,0.03,0,3.41,0,0.08,0,0.01,0.63,0.83,0,0.49,1.54,1.41,0,0,0,0,1.58,2.49,0,0,0.17,0.88,3.05,0,0,0,0,5.94,1.33,0.73,0.23,0.68,0.25,20.46,2.81,0,0.13,0.36,0.03,0.45,0.04,3.48,0,0,0.01,0.24,0.39,9.56,0,0.87,1.13,0,0.26,0.02,0,0,2.1,0,0.2,0.11,0,0.03,0.52,0,0.46
11/30/2000,0.32,0.13,0.01,0.31,1.53,0,0.63,0,1.18,0,0.01,0,0.04,0.21,0.58,0.22,0.01,3.07,0.01,0.02,0.02,0.02,0.62,1.28,0,0.63,1.15,2.97,0.12,0.01,0,0,0.53,4.02,0,0,0.15,0.2,4.31,0,0,0.07,0,6.36,0.98,0.48,0.36,0.58,0.26,16.85,1.44,0.01,0.02,1.82,0.08,1.35,0.21,0.64,0,0,0.02,0.04,0.36,4.64,0,0.74,1.2,0.02,0.24,0.02,0.01,0,2.85,0,1.8,0.02,0,0.14,0.1,0.01,0.63
12/31/2000,0.43,0.14,0.02,0.13,1.8,0,0.7,0,0.84,0,0.03,0.04,0.09,0.3,0.74,0.41,0.02,4.1,0.02,0.04,0.07,0.04,0.83,1.98,0.01,0.85,2.04,3.79,0.35,0.04,0,0,0.92,5.39,0,0,0.26,0.43,4.98,0,0,0.01,0,7.17,1.05,0.57,0.56,0.62,0.29,16.59,1.14,0.17,0.08,2.48,0.09,1.62,0.67,1.35,0,0,0.02,0.09,0.38,7.82,0,0.79,1.29,0,0.25,0.03,0.01,0,1.49,0,2.07,0.04,0,0.19,0.2,0.02,0.33
1/31/2001,0.75,0.15,0.09,0.75,0.22,0.06,0.71,0,1.45,0,0.15,1.51,0.41,0.25,1.26,0.44,0.14,7.34,0.15,0.2,0.43,0.23,1.25,1.46,0.13,1.47,3.71,4.58,2.08,0.23,0,0,1.85,5.16,0,0,0.47,2.01,5.2,0,0,0.22,0.02,15.76,1.38,0.07,0.41,0.55,0.3,27.89,0.16,0.03,0.41,4.2,0.04,0.67,0.93,5.91,0,0,0.11,0.41,0.51,15.6,0,0.7,1.81,0.05,0.34,0.06,0.04,0,3.86,0,1.68,0.19,10.11,0.31,0.89,0.09,0.85
2/28/2001,1.68,0.7,1.03,1.85,0.71,0.67,3.41,0.2,1.61,1.12,0.36,3.14,5.82,0.39,1.69,0.8,0.34,17.81,0.35,4.68,1.02,0.54,2.5,1.82,0.36,3.35,9.05,8.31,4.97,0.54,0,0.39,5.43,11.79,0.39,0,0.95,33.57,8.97,0.03,0.37,0.42,0.22,30.98,2.46,0.23,0.51,0.56,1.42,41.65,0.85,2.36,8.97,3.6,0.09,1.61,1.14,83.2,0.45,1.06,0.28,5.82,0.73,34.01,0.36,0.71,3.04,0.1,0.49,0.17,0.1,0.33,6.31,0.6,1.59,2.65,4.84,0.27,12.5,0.22,1.39
3/31/2001,2.58,1.21,1.36,3.48,1.46,2.48,5.9,0.42,4.43,2.31,0.69,4.64,4.27,0.91,3.72,4.88,0.64,25.94,0.66,2.51,1.92,1.02,2.68,14.27,0.88,5.2,2.99,30.06,9.38,1.03,0,0.81,8.06,54.46,0.81,0,1.57,17.54,32.96,0.01,0.77,1.48,0.81,87.61,4.78,0.46,4.03,1.82,2.46,128.6,1.72,4.43,5.37,9.2,0.82,14.57,5.43,61.02,0.92,2.18,0.59,4.27,4.76,71.98,0.73,2.32,5.83,0.33,3.17,0.27,0.11,0.68,29.65,0.62,8.65,1.94,15.96,0.69,9.17,0.41,6.54
4/30/2001,2.6,0.89,0.05,0.56,5.09,0.23,4.35,0,10.61,0.02,0.33,0.36,0.5,1.12,5.77,6.13,0.31,23.85,0.32,0.02,0.92,0.49,1.52,23.09,0.13,4.17,2.71,30.98,4.5,0.49,0,0.01,4.31,88.56,0.01,0,1.56,0,41.24,0,0.01,1.17,0.07,109.7,5.88,1.61,6.51,4.02,1.81,191.26,1.73,3.57,0.35,11.73,1.26,22.38,11.15,7.08,0.01,0.02,0.31,0.5,7.23,74.86,0.01,5.11,7.17,0.27,4.82,0.13,0.02,0.01,48.28,0.02,13.17,0.23,17.71,0.88,1.06,0.2,10.66
5/31/2001,1.6,0.25,0,0.11,5.02,0,1.23,0,30.7,0,0.07,0,0,0.96,4.85,9,0.06,13.57,0.06,0,0.19,0.11,0.18,34.03,0.02,1.09,0.79,40.25,0.91,0.1,0,0,0,231.84,0,0,0.53,0,72.49,0,0,1.41,0,219.51,3.39,1.58,9.6,12.46,0.51,450.02,2.86,2.46,0,10.1,1.37,24.34,14.14,0.03,0,0,0.11,0,18.8,71.99,0,15.85,3.38,0.32,12.53,0.01,0,0,92.29,0,20.67,0,3.03,0.75,0,0.04,20.37
6/30/2001,0.3,0.16,0,0.02,2.91,0,0.79,0,7.13,0,0,0,0.04,0.39,0.95,0.41,0,2.34,0,0,0,0.01,0.01,5.37,0,0.17,0.66,3.14,0,0,0,0,0,37.84,0,0,0.08,0,7.96,0,0,0.24,0,35.59,0.92,0.92,1.51,3.5,0.33,121.35,0.83,0,0.01,1.27,0.04,0.65,0.53,0.6,0,0,0,0.04,1.67,13.42,0,4.45,0.95,0.06,1.11,0,0,0,7.26,0,2.1,0.02,0,0.09,0.09,0,1.6
7/31/2001,0.14,0.09,0,0,2.65,0,0.42,0,1.56,0,0.01,0,0.05,0.32,0.45,0.02,0.01,0.97,0.01,0,0.03,0.02,0,2.04,0,0.08,0.34,1.11,0.14,0.02,0,0,0.12,10.33,0,0,0.04,0,2.92,0,0,0.05,0,11.55,0.5,0.84,0.58,1.15,0.17,53.36,0.99,0,0.01,0.64,0,0,0.11,0.76,0,0,0,0.05,0.47,9.06,0,1.47,0.42,0.01,0.31,0,0,0,1.45,0,0.82,0.02,0,0.05,0.11,0.01,0.32
8/31/2001,0.09,0.06,0,0,1.7,0,0.27,0,0.63,0,0,0,0.04,0.29,0.27,0.01,0,0.58,0,0,0.01,0.02,0,1.07,0,0.05,0.24,1.37,0.06,0.01,0,0,0.75,2.53,0,0,0.04,0,1.88,0,0,0.04,0,2.86,0.55,0.54,0.3,0.3,0.11,17.81,0.49,0,0.01,0.72,0,0,0,0.56,0,0,0,0.04,0,5.79,0,0.38,0.25,0.01,0,0,0,0,0.55,0,1.4,0.02,0,0.05,0.08,0,0.12
9/30/2001,0.08,0.05,0,0,0.84,0,0.25,0,1.19,0,0.01,0,0,0.2,0.29,0,0,0.4,0,0,0.01,0.02,0,0.19,0,0.02,0.18,0.82,0.07,0.01,0,0,0.13,1.31,0,0,0.04,0,1.01,0,0,0,0,2.16,0.42,0.26,0.05,0.36,0.1,7.61,0,0,0,0,0,0,0,0,0,0,0,0,0,4.91,0,0.46,0.24,0,0,0,0,0,4.4,0,0.29,0,0,0,0,0,0.97
10/31/2001,0.08,0.11,0,0,0.33,0,0.52,0,1.08,0,0,0,0.18,0.15,0.9,0.01,0,0,0,0.06,0,0.01,0.16,0.48,0,0.11,0.18,0.31,0,0,0,0,0,1.57,0,0,0.05,0.62,0.66,0,0,0,0,0.13,0.45,0.1,0.14,0.44,0.22,12.27,0,0,0.07,0,0,0.02,0.25,2.52,0,0,0,0.18,0,5.18,0,0.56,0.19,0,0,0,0,0,0,0,1.57,0.08,0,0,0.38,0,0
11/30/2001,0.34,0.24,0.05,0.03,0.16,0.01,1.18,0,2.18,0,0.01,0,0.01,0.3,0.79,0.9,0.01,3.01,0.01,0,0.04,0.03,0.74,1.6,0,0.59,2.59,7.74,0.19,0.02,0,0,0.51,9.64,0,0,0.17,0.02,11.23,0.06,0,0.42,0,10.77,0.74,0.05,0.45,0.84,0.49,29.95,2.7,0,0,0.41,0.12,2.16,1.33,0.08,0,0,0,0.01,1.24,10.33,0,1.07,0.98,0.09,0.83,0,0,0,7.08,0,2.58,0,4.14,0.03,0.01,0.01,1.56
12/31/2001,1.67,0.51,0.86,3.32,1.63,2.74,2.51,0.15,3.81,0.81,0.44,5.52,1.23,0.65,1.01,1.25,0.41,18.09,0.42,0.72,1.23,0.66,3.61,2.73,0.22,3.95,9.82,14.45,5.98,0.65,0,0.28,4.55,25.62,0.28,0,0.97,5.95,19,0.06,0.27,0.82,0.89,47.35,3.18,0.51,0.77,0.97,1.05,63.02,3.37,3.19,1.1,5.61,0.28,4.92,1.73,17.62,0.32,0.76,0.25,1.23,1.37,45.16,0.26,1.23,3.85,0.18,0.91,0.02,0.03,0.24,11.53,0.4,3.06,0.56,23.17,0.42,2.65,0.26,2.54
1/31/2002,2.95,0.67,1.07,2.65,4.29,3.19,3.28,0.25,2.5,1.4,0.39,5.12,1.29,0.85,1.71,2.09,0.37,32.37,0.38,1,1.1,0.59,5.11,6.01,0.44,7.27,3.37,13.72,5.38,0.59,0,0.49,5.48,24.61,0.49,0,1.75,7.11,15.59,0.04,0.47,0.41,1.04,44.6,4.29,1.36,1.7,1.49,1.37,56.87,4.52,3.14,1.55,12.68,0.48,8.55,1.68,18.45,0.56,1.32,0.5,1.29,1.55,43.88,0.44,1.9,4.75,0.09,1.03,0.02,0.05,0.41,13.94,0.35,2.85,0.59,15.25,0.95,2.77,0.24,3.08
2/28/2002,2.84,0.88,0.36,1.04,1.12,0.48,4.28,0.01,2.12,0.04,0.18,4.72,0.95,0.82,2.3,2.1,0.16,30.24,0.17,0.76,0.5,0.26,4.13,7.36,0.12,7.21,3.55,10.8,2.42,0.26,0,0.01,2.99,22.98,0.01,0,1.99,5.31,11.65,0.15,0.01,0.35,0.16,33.94,3.33,0.35,2.08,1.2,1.78,56.79,4.79,1.76,1.14,5.03,0.48,8.52,1.91,13.6,0.02,0.04,0.25,0.95,1.61,33.99,0.01,1.52,4.26,0.08,1.07,0.01,0.02,0.01,14.9,0.01,3.28,0.43,12.71,0.38,2.04,0.11,3.29
3/31/2002,4.73,1.87,0.2,1.32,3.8,0.32,9.11,0.01,4.46,0.05,0.26,7.58,1.83,1.42,5.07,3.36,0.24,49.56,0.25,1.28,0.74,0.39,4.2,14.52,0.11,10.66,5.72,19.21,3.59,0.39,0,0.02,6.73,35.14,0.02,0,2.79,8.57,21.06,0.04,0.02,1.11,0.1,58.07,6.87,1.2,4.09,1.39,3.79,97.53,5.28,0.43,1.86,14.55,0.93,16.5,3.79,26.16,0.02,0.05,0.16,1.83,2.69,67.64,0.02,1.77,8.21,0.25,1.79,0.02,0.03,0.02,23.04,0.03,6.03,0.83,22.23,1.09,3.93,0.16,5.08
4/30/2002,2.95,0.97,0,0.47,8.36,0.04,4.73,0,16.56,0,0.11,0.52,0.52,1.34,7.87,11.16,0.1,25.91,0.11,0.27,0.32,0.17,1.32,41.37,0.06,4.59,1.36,40.12,1.54,0.17,0,0,1.3,127.4,0,0,1.61,1.95,53.39,0,0,0.16,0.01,153.72,5.61,2.64,11.67,5.98,1.97,251.22,6.31,0.88,0.46,13.22,2.31,41.06,19.52,7.41,0,0,0.05,0.52,11.09,82.28,0,7.61,5.8,0.03,7.39,0,0,0,77.62,0,22.52,0.24,20.63,0.99,1.11,0.07,17.13
5/31/2002,1.76,0.28,0,0.03,7.75,0,1.35,0,28.37,0,0.06,0.12,0.47,0.97,6.62,12.97,0.05,13.66,0.06,0.18,0.16,0.09,0.15,34.4,0.02,1.24,1.9,39.26,0.8,0.09,0,0,0,213.04,0,0,0.6,1.61,70.72,0.13,0,0,0,183.23,3.17,2.45,9.7,10.03,0.56,330.03,4.97,0.12,0.42,9.57,1.79,31.73,19.87,6.75,0,0,0.08,0.47,16.25,62.23,0,12.77,2.91,0,10.83,0,0,0,105.92,0,26.84,0.21,8.41,0.72,1.01,0.04,23.38
6/30/2002,0.6,0.22,0,0,2.94,0,1.07,0,18.67,0,0.01,0.16,0.27,0.45,1.3,4.25,0.01,5.58,0.01,0.06,0.04,0.02,0.02,17.71,0,0.4,0.39,14.16,0.19,0.02,0,0,0,145.01,0,0,0.18,0.47,35.87,0.04,0,0,0,90.45,1.24,0.93,5,8.98,0.45,230.09,3.4,0,0.21,8.78,0.25,4.4,4.68,3.9,0,0,0,0.27,7.03,25.5,0,11.43,1.17,0,4.69,0,0,0,37.01,0,10.38,0.12,0,0.66,0.59,0.01,8.17
7/31/2002,0.2,0.11,0,0,1.38,0,0.52,0,4.11,0,0.02,0,0.1,0.37,0.61,0.1,0.02,1.38,0.02,0,0.06,0.04,0.01,2.9,0,0.12,0.23,0.56,0.27,0.03,0,0,0,17.75,0,0,0.07,0,1.47,0.01,0,0.1,0,15.7,0.51,0.44,0.82,2.13,0.22,60.07,0.88,0,0.06,1.7,0.03,0.47,0.11,1.37,0,0,0,0.1,0.26,10.74,0,2.71,0.41,0.02,0.18,0,0,0,5.43,0,2.06,0.04,0,0.13,0.21,0.01,1.2
8/31/2002,0.11,0.06,0,0,0.88,0,0.3,0,1.13,0,0.01,0,0.16,0.31,0.37,0.01,0.01,0.65,0.01,0,0.02,0.02,0,1.5,0,0.04,0.16,0.84,0.12,0.01,0,0,0.39,2.7,0,0,0.05,0,1.16,0,0,0.03,0,3.3,0.31,0.28,0.42,0.52,0.12,17.51,0.95,0,0.08,2.54,0,0,0,2.35,0,0,0,0.16,0.21,6.75,0,0.66,0.23,0.01,0.14,0,0,0,0,0,0.08,0.07,0,0.19,0.35,0.01,0
9/30/2002,0.09,0.05,0,0,1.32,0,0.23,0,0.66,0,0,0,0.13,0.25,0.4,0.01,0,0.38,0,0,0,0.01,0,0.57,0,0.03,0.12,0.47,0,0,0,0,0.23,1.96,0,0,0.06,0,0.58,0,0,0.09,0,0.83,0.29,0.42,0.16,0.41,0.1,9.79,0.34,0,0.02,0.76,0,0,0,1.8,0,0,0,0.13,0.01,3.57,0,0.53,0.23,0.02,0.01,0,0,0,0,0,0.58,0.06,0,0.06,0.27,0,0
10/31/2002,0.08,0.05,0,0,0.9,0,0.26,0,0.61,0,0,0,0,0.18,0.94,0.01,0,0,0,0,0,0,0.16,0.66,0,0.12,0.14,0.91,0,0,0,0,0,0.59,0,0,0.06,0,1.97,0,0,0,0,0.89,0.37,0.28,0.19,0.28,0.11,8.28,0.17,0,0,0.22,0,0,0,0,0,0,0,0,0.04,0,0,0.36,0.29,0,0.03,0,0,0,0.6,0,0.39,0,0,0.02,0,0,0.13
11/30/2002,0.34,0.18,0.04,0.08,0.83,0.01,0.87,0,3.26,0,0.06,0,0.13,0.27,0.5,1.77,0.06,3.3,0.06,0.04,0.17,0.09,0.74,2.53,0,0.59,1.01,15.1,0.82,0.09,0,0,0.9,21.72,0,0,0.18,0.41,21.91,0,0,0.41,0,28.92,0.71,0.26,0.71,1.03,0.36,64,3.35,0.05,0.02,0,0.13,2.3,1.8,1.85,0,0,0,0.13,2.03,10.71,0,1.31,0.66,0.09,1.36,0,0,0,10.57,0,2.49,0.06,7.1,0,0.28,0.04,2.33
12/31/2002,1.38,0.36,5.46,3.18,1.68,1.65,1.78,0.94,3.11,5.21,0.44,2.14,1.07,0.62,1.93,1.3,0.4,13.84,0.42,0.6,1.22,0.65,3.02,2.24,1.69,3.31,12.41,9.9,5.93,0.65,0,1.82,2.16,14.69,1.83,0,0.77,4.77,13.01,0.46,1.73,0.99,0.54,32.03,1.96,0.53,0.63,0.61,0.74,46.35,2.32,1.62,0.44,2.93,0.16,2.87,1.61,15.24,2.08,4.91,0.05,1.07,0.83,32.61,1.65,0.78,2.63,0.22,0.55,0.02,0.03,1.53,7.18,2.05,3.27,0.48,20.92,0.22,2.29,0.26,1.59
1/31/2003,1.62,0.62,1.83,0.98,1.72,0,3.02,0.22,2.55,1.24,0.23,0.56,0.46,0.76,2.15,2.86,0.21,16.14,0.22,0.31,0.64,0.34,3.1,8.73,0.48,4,3.52,18.12,3.11,0.34,0,0.43,1.93,26.55,0.44,0,1.05,2.23,20.59,0.92,0.41,1.35,0,42.27,2.66,0.54,2.46,0.92,1.26,63.31,4.56,0.09,0.23,6.74,0.52,9.17,2.37,6.53,0.49,1.17,0.07,0.46,1.94,23.62,0.39,1.17,2.95,0.31,1.29,0.02,0.05,0.36,18.78,0.39,3.83,0.21,11.29,0.5,0.98,0.14,4.14
2/28/2003,1.37,0.85,0.3,0.32,1.75,0,4.15,0.04,2.11,0.22,0.14,0.24,0.28,0.69,1.07,2.23,0.13,14.49,0.13,0.19,0.38,0.2,2.34,9.7,0.2,3.45,3.76,12.26,1.85,0.2,0,0.08,1.48,17.94,0.08,0,0.78,1.37,13.23,0.29,0.07,0.9,0,33.7,2.89,0.55,2.74,0.85,1.73,61.29,4.79,0.34,0.14,3.27,0.5,8.97,2.21,3.95,0.09,0.21,0.03,0.28,1.62,21.48,0.07,1.08,2.64,0.21,1.08,0.02,0.02,0.07,16.33,0.07,3.95,0.13,8.7,0.24,0.59,0.08,3.61
3/31/2003,2.01,1.38,0.2,0.32,2.46,0,6.74,0.05,3.61,0.27,0.21,0.16,0.36,0.93,1.75,5.18,0.2,21.06,0.2,0.25,0.6,0.32,3.29,18.32,0.2,5.15,4.46,23.73,2.91,0.32,0,0.09,1.65,36.99,0.09,0,1.3,1.79,26.02,0.25,0.09,1.1,0,61.69,3.36,0.78,5.17,1.65,2.81,111.43,7.06,0.44,0.18,2.51,0.99,17.62,7.76,5.17,0.11,0.25,0.02,0.36,3.8,43.37,0.08,2.1,3.91,0.25,2.54,0.03,0.03,0.08,30.97,0.09,9.17,0.16,4.77,0.19,0.78,0.13,6.83
4/30/2003,5.51,2.01,0.05,0.64,5.07,0,9.82,0.01,8.21,0.03,0.32,1.47,1.41,2.37,6.15,5.09,0.3,56.62,0.31,0.82,0.9,0.48,6.02,24.06,0.11,13.54,7.9,26.74,4.39,0.48,0,0.01,2.19,68.5,0.01,0,3.41,5.66,35.59,0.21,0.01,3.79,0,113.11,9.69,1.6,6.79,2.57,4.09,159.53,6.55,2.21,0.59,14.42,1.43,25.48,8.04,20.21,0.01,0.03,0.35,1.41,4.88,86,0.01,3.27,11.05,0.86,3.25,0.03,0,0.01,42.27,0.02,11.16,0.64,27.84,1.08,3.04,0.19,9.33
5/31/2003,5.51,0.57,0.04,0.39,7.45,0,2.79,0.01,31.09,0.03,0.27,0.32,0.67,3.74,12.13,17.13,0.25,49.76,0.26,0.15,0.76,0.41,2.24,59.38,0.07,8.08,2.26,56.51,3.73,0.41,0,0.01,1.65,259.26,0.01,0,2.9,1.28,101.78,0.13,0.01,4.92,0,254.71,10.06,2.35,16.75,12.2,1.16,444.11,8.83,1.97,0.22,31.57,3,53.24,26.38,9.52,0.01,0.03,0.2,0.67,19.98,105.21,0.01,15.53,10.61,1.12,13.32,0.03,0,0.01,116.87,0.03,32.33,0.3,26.66,2.36,1.43,0.16,25.79
6/30/2003,1.2,0.22,0,0.01,1.86,0,1.06,0,31.55,0,0.01,0,0.08,0.77,2.96,9.56,0.01,10.76,0.01,0,0.03,0.02,0.06,32.34,0,0.83,0.46,29.5,0.16,0.02,0,0,0,224.82,0,0,0.38,0,74.75,0.04,0,0.77,0,186.78,2.85,0.59,9.12,13.62,0.44,378.34,7.58,0.73,0.01,17.62,0.72,12.73,10.36,1.11,0,0,0.01,0.08,15.91,44.5,0,17.34,2.16,0.17,10.61,0,0,0,85.1,0,19.86,0.04,1.53,1.32,0.17,0.01,18.78
7/31/2003,0.31,0.13,0.09,0.01,1.61,0,0.64,0,4.53,0,0.22,0,0,0.49,0.76,0.27,0.21,2.55,0.21,0,0.63,0.02,0.01,5.55,0,0.21,0.3,3.53,3.05,0.33,0,0,1.7,31.38,0,0,0.1,0,9.31,0.02,0,0.17,0,28.27,0.8,0.51,1.57,3.99,0.27,94.1,2.07,0,0,2.32,0.03,0.49,0.95,0.04,0,0,0,0,1.1,11.57,0,5.08,0.77,0.04,0.74,0,0,0,9.98,0,1.87,0,0,0.17,0.01,0.13,2.2
8/31/2003,0.16,0.08,0.19,0,1.42,0,0.41,0,2.99,0,0,0,0,0.27,0.38,0.06,0,1.27,0,0,0,0.01,0,1.65,0,0.07,0.2,2.87,0,0,0,0,0.5,10.18,0,0,0.07,0,3.95,0.26,0,0.25,0,11.46,0.57,0.45,0.47,1.09,0.17,40.21,0.39,0,0,0.97,0,0,0.21,0,0,0,0.01,0,0.48,11.04,0,1.38,0.38,0.06,0.32,0,0,0,0,0,1.42,0,0,0.07,0,0,0
9/30/2003,0.08,0.06,0.14,0,0.98,0,0.29,0,1.39,0,0,0,0,0.2,0.28,0.01,0,0.5,0,0,0,0.01,0,0.98,0,0.03,0.15,2.29,0,0,0,0,0,1.75,0,0,0.05,0,2.83,0.02,0,0.18,0,6,0.38,0.31,0.28,0.53,0.12,13.36,0.56,0,0,1.23,0,0,0.06,0,0,0,0,0,0.24,4.33,0,0.68,0.14,0.04,0.16,0,0,0,0,0,0.05,0,0,0.09,0,0,0
10/31/2003,0.08,0.06,0.05,0,0,0,0.3,0,0.47,0,0,0,0.01,0.18,0.16,0,0,0.58,0,0,0,0,0.15,1.05,0,0.1,0.11,0.75,0,0,0,0,0,1.62,0,0,0.05,0,1.63,0,0,0.07,0,1.51,0.42,0,0.3,0.36,0.12,9.76,0.27,0,0,1.72,0.06,1.09,0,0.19,0,0,0,0.01,0,0,0,0.45,0.28,0.02,0,0,0,0,0,0,0.87,0.01,0,0.13,0.03,0,0
11/30/2003,0.19,0.18,0.03,0,0.01,0,0.89,0,1.28,0,0,0,0.03,0.19,0.29,0.02,0,1.75,0,0.01,0,0,0.38,1.18,0,0.3,0.79,2.88,0,0,0,0,0,4.27,0,0,0.09,0.07,4.18,0,0,0.36,0,2.82,0.75,0,0.33,0.43,0.37,13.32,1.16,0,0.01,1.16,0.04,0.71,0.38,0.37,0,0,0,0.03,0.04,0,0,0.55,0.66,0.08,0.02,0,0,0,1.84,0,0.47,0.01,0,0.09,0.06,0,0.41
12/31/2003,1.17,0.23,0.11,0.57,2.14,0,1.11,0,3.59,0,0.07,2.78,0.7,0.63,1.81,1.24,0.06,11.47,0.06,0.31,0.19,0.1,2.43,2.75,0.02,2.55,10.11,16.53,0.92,0.1,0,0,0.89,20.28,0,0,0.64,2.88,21.73,0,0,1,0,22.61,2.66,0.68,0.78,1.13,0.46,45.39,3.33,0.33,0.27,5.04,0.28,4.95,1.77,9.97,0,0,0,0.7,1.47,24.06,0,1.44,2.99,0.22,0.98,0,0,0,11.9,0,4.24,0.32,16.18,0.38,1.5,0.04,2.63
1/31/2004,1.61,0.59,0.31,1.36,3.77,0.2,2.87,0.06,2.13,0.32,0.22,3.41,1.01,0.53,2.08,1.46,0.2,16.4,0.21,0.7,0.62,0.33,2.82,3.93,0.27,3.67,4.05,12.94,3.01,0.33,0,0.11,1.74,11.81,0.11,0,0.99,5.07,14.71,0.09,0.11,0.95,0.06,31.43,2.75,1.19,1.11,0.94,1.2,47.87,1.75,0.48,0.64,7.61,0.3,5.37,1.48,14.48,0.13,0.3,0.03,1.01,1.05,30.64,0.1,1.2,3.28,0.22,0.7,0,0,0.09,4.91,0.2,3.13,0.46,6.07,0.57,2.18,0.13,1.08
2/29/2004,3.78,1.63,2.93,5.47,4.34,3.06,7.96,0.57,3.07,3.15,0.58,9.29,1.75,1.02,4.26,1.45,0.54,39.35,0.55,1.16,1.62,0.86,5.46,6.1,0.72,8.9,6.67,15.39,7.88,0.86,0,1.1,4.16,12.89,1.11,0,2.41,8.05,16.6,0.46,1.05,2.45,0.99,57.6,5.08,1.37,1.72,0.88,3.31,69.41,4.51,3.19,1,10.85,0.52,9.24,1.89,24.98,1.26,2.97,0.84,1.75,1.24,63.49,1,1.12,6.15,0.55,0.83,0,0,0.92,13.28,1.05,3.73,0.79,20.35,0.81,3.75,0.35,2.93
3/31/2004,4.19,1.39,0.7,2.26,6.43,1.38,6.8,0.06,8.79,0.32,0.29,1.71,0.82,1.65,6.71,8.61,0.27,41.25,0.27,0.36,0.8,0.42,3.1,30.64,0.25,8.36,1.4,43.21,3.91,0.43,0,0.11,2.49,95.84,0.11,0,2.49,2.8,47.38,0.04,0.11,1.84,0.45,119.76,7.48,2.03,8.64,3.69,2.83,194.43,7.38,0.51,0.39,17.71,1.82,32.35,12.55,11.66,0.13,0.3,0.97,0.82,6.85,70.71,0.1,4.7,8.74,0.42,4.57,0,0,0.09,48.02,0.12,15.15,0.37,17.9,1.32,1.75,0.17,10.6
4/30/2004,2.06,0.53,0,0.07,5.21,0,2.59,0,17.07,0,0.06,0.04,0.21,1.06,5.21,10.51,0.06,18.41,0.06,0.04,0.17,0.09,0.61,31.45,0.05,2.39,0.81,39.9,0.83,0.09,0,0,0,126.63,0,0,0.93,0.36,53.11,0,0,0.58,0,138.65,3.9,1.65,8.87,5.63,1.08,226.78,2.67,0.09,0.09,10.2,1.87,33.25,17.18,2.99,0,0,0.01,0.21,10.06,47.93,0,7.17,3.68,0.13,6.71,0,0,0,74.34,0,20.86,0.1,8.12,0.76,0.45,0.04,16.41
5/31/2004,1.02,0.24,0,0.01,4.34,0,1.17,0,22.76,0,0.01,0,0.08,0.67,2.78,9.42,0.01,8.95,0.01,0,0.02,0.02,0.07,25.04,0,0.67,0.41,33.91,0.08,0.01,0,0,0,191.96,0,0,0.33,0,61.08,0,0,2.26,0,133.17,1.92,1.37,7.06,8.96,0.49,288.54,2.68,0,0.03,0.24,0.9,15.92,12.15,1.16,0,0,0,0.08,13.93,28.9,0,11.41,1.34,0.51,9.28,0,0,0,83.46,0,18.59,0.04,0,0.02,0.17,0,18.42
6/30/2004,0.32,0.16,0,0,2.42,0,0.77,0,12.51,0,0,0,0.06,0.43,0.89,1.24,0,2.59,0,0,0.01,0.01,0.01,10.24,0,0.2,0.17,9.46,0.05,0.01,0,0,0,104.73,0,0,0.09,0,23.98,0,0,1.17,0,51.11,0.82,0.77,2.89,6.77,0.32,177.89,1.78,0,0.02,1.47,0.08,1.48,1.74,0.85,0,0,0,0.06,3.42,7.51,0,8.61,0.6,0.26,2.28,0,0,0,22.66,0,5.75,0.03,1.31,0.11,0.13,0,5
7/31/2004,0.16,0.08,0,0,1.98,0,0.39,0,4.48,0,0,0,0.05,0.41,0.44,0.05,0,1.12,0,0,0.01,0.01,0,1.31,0,0.1,0.09,1.4,0.03,0,0,0,0,19.29,0,0,0.05,0,3.68,0,0,0.27,0,11.82,0.44,0.63,0.37,2.53,0.16,58.47,0.61,0,0.01,1.06,0,0,0.26,0.67,0,0,0,0.05,0.22,2.94,0,3.22,0.22,0.06,0.15,0,0,0,3.27,0,1.59,0.02,1.33,0.08,0.1,0,0.72
8/31/2004,0.11,0.05,0,0,1.41,0,0.26,0,1.56,0,0,0,0.05,0.36,0.28,0.01,0,0.72,0,0,0,0,0,0.59,0,0.05,0.06,0.49,0,0,0,0,0,4.02,0,0,0.04,0,0.68,0,0,0,0,1.37,0.29,0.44,0.17,0.61,0.11,17.87,0.48,0,0,0.95,0,0,0.03,0.71,0,0,0,0.05,0.13,6.5,0,0.78,0.19,0,0.09,0,0,0,0.41,0,0.62,0.02,0,0.07,0.11,0,0.09
9/30/2004,0.09,0.06,0,0,1.13,0,0.27,0,0,0,0,0,0.02,0.28,0.32,0.01,0,0.47,0,0,0,0.01,0,1.33,0,0.03,0.08,0.03,0,0,0,0,0.08,1.45,0,0,0.06,0,0.04,0,0,0.01,0,0,0.3,0.36,0.38,0.3,0.11,8.17,0.39,0,0,0.94,0,0,0.3,0.25,0,0,0,0.02,0.12,2.4,0,0.39,0.2,0,0.08,0,0,0,0,0,0.03,0.01,0,0.07,0.04,0,0
10/31/2004,0.29,0.13,0.03,0.8,1.29,0,0.62,0,2.91,0,0.07,0.2,0.07,0.14,0.42,0.3,0.07,2.84,0.07,0,0.21,0.12,0.61,0.34,0,0.46,1.14,7.33,1.02,0.11,0,0,0.45,11.87,0,0,0.19,0,15.87,0,0,0.14,0,17.41,0.62,0.41,0.1,0.74,0.26,37.5,2.08,1.02,0.07,1.5,0.03,0.54,0.99,1.06,0,0,0.16,0.07,0.94,16.54,0,0.94,0.71,0.03,0.63,0.03,0.01,0,4.18,0,2.35,0.03,0.63,0.11,0.16,0.04,0.92
11/30/2004,0.4,0.19,0.02,0.82,1.35,0.34,0.92,0,1.81,0,0.05,0.24,0.13,0.18,0.62,0.91,0.04,4,0.05,0.05,0.13,0.07,0.96,2.57,0,0.8,1.42,12.59,0.65,0.07,0,0,0.27,17.19,0,0,0.21,0.63,18.27,0,0,0.13,0.11,20.23,0.7,0.43,0.72,1.16,0.38,42.4,2.32,4.33,0.07,0,0.09,1.65,1.43,1.92,0,0,0.28,0.13,1.17,4.92,0,1.48,0.82,0.03,0.78,0.03,0.01,0,5.84,0,2.64,0.06,2.41,0,0.29,0.03,1.29
12/31/2004,1.5,0.67,0.94,3.34,2.41,4.95,3.27,0.17,2.96,0.94,0.66,4.29,1.31,0.61,3.78,2.35,0.61,13.52,0.63,0.65,1.83,0.97,3.6,2.71,0.28,3.88,5.57,13.11,8.94,0.98,0,0.33,3.76,16.32,0.33,0,0.77,6.5,17.24,0.21,0.31,0.59,1.61,39.59,1.92,0.76,0.76,0.88,1.36,59.08,4.19,8.5,1.33,4.33,0.2,3.59,2.27,18.71,0.38,0.89,0.46,1.31,1,25.44,0.3,1.12,2.45,0.13,0.67,0.61,0.08,0.28,9.58,0.8,3.28,0.59,8.7,0.32,2.81,0.39,2.11
1/31/2005,6.24,1.11,5.87,21.25,4.21,24.01,5.44,1.22,6.93,6.75,3.64,15.72,5.24,1.97,4.36,2.28,3.37,67.26,3.48,4.31,10.16,5.38,13.18,5.32,1.73,17.51,8.03,22.74,49.58,5.42,0,2.36,28.1,39.57,2.37,0,4.01,30.89,25.86,0.91,2.25,3.32,7.8,198.43,8.58,1.33,1.5,1.08,2.27,165.54,6.83,30.51,9.2,17.36,0.72,12.73,2.48,74.79,2.69,6.36,5.85,5.24,1.94,168.09,2.14,1.37,12.14,0.75,1.3,6.14,2.24,1.98,16.63,3.38,4.48,2.38,77.32,1.3,11.24,2.19,3.67
2/28/2005,4.33,1.62,5.03,7.14,4.47,2.37,7.9,1.49,3.9,8.26,1.68,4.72,2.14,1.33,8.92,1.92,1.56,41.05,1.6,1.93,4.69,2.48,8.05,11.7,2.45,12.41,7.31,18.53,22.88,2.5,0,2.89,17.82,33.78,2.9,0,2.61,13.25,20,0.63,2.75,3.6,0.77,104.94,8.13,1.41,3.3,0.94,3.29,134.33,7.68,9.06,4.02,14.57,0.85,15.16,2.35,30.61,3.3,7.79,2.03,2.14,2.02,113.35,2.62,1.2,10.77,0.81,1.35,4.06,1.41,2.42,18.04,2.24,4.19,0.97,35.92,1.09,4.6,1.01,3.98
3/31/2005,9.95,2.32,4.42,14.31,6.92,8.11,11.34,0.63,7.13,3.49,2.63,15.32,5.39,3.03,14.04,4.07,2.43,100.03,2.51,4.04,7.33,3.88,13.27,22.74,1.38,28.51,10.01,28.43,35.78,3.91,0,1.22,31.01,61.71,1.22,0,6.64,27.01,31.18,0.29,1.16,4.89,2.63,195.22,15.21,2.18,6.41,1.85,4.72,230.29,13.6,21.24,8.33,25.97,1.58,28.14,5.39,76.93,1.39,3.29,3.26,5.39,3.96,192.56,1.11,2.35,20.42,1.11,2.64,6.46,1.4,1.02,31.25,1.13,9.32,2.45,59.54,1.94,11.56,1.58,6.9
4/30/2005,6.83,1.61,0.89,1.22,6.24,0.44,7.85,0.12,10.61,0.65,1.01,1.27,1.6,2.46,10.9,6.95,0.93,67.26,0.96,0.67,2.81,1.49,5.43,37.13,0.53,16.25,4.59,34.42,13.71,1.5,0,0.23,11.69,86.65,0.23,0,4.37,6.06,45.82,0.06,0.22,3.99,0.14,152.21,12.97,1.97,10.47,3.42,3.27,265.81,11.25,3.83,2.22,22.3,2.18,38.79,11.96,22.86,0.26,0.61,0.94,1.6,6.32,137.1,0.21,4.35,15.62,0.9,4.22,1.92,0.2,0.19,48.9,0.22,15.95,0.73,44.19,1.67,3.44,0.6,10.79
5/31/2005,7.93,3.21,0.1,1.46,1.59,0.59,15.69,0.04,45.94,0.22,0.67,0.71,0.88,3.81,5.82,26.83,0.62,85.13,0.64,0.11,1.88,0.99,2.81,121.52,0.23,11.5,3.52,100.54,9.16,1,0,0.08,10.03,341.67,0.08,38.5,3.89,0.55,181.09,0.01,0.07,2.82,0.19,472.17,13.96,0.5,34.27,19.41,6.53,846,19.35,3.43,0.93,36.97,4.95,87.85,39.82,12.54,0.09,0.21,0.88,0.88,29.85,215.55,0.07,24.7,13.77,0.64,19.9,0.21,0.02,0.07,174.73,0.19,52.46,0.4,28.74,2.76,1.88,0.4,38.56
6/30/2005,2.65,0.36,0,0.16,0,0.39,1.74,0,42.66,0,0.13,0.04,0.31,1.51,1.86,17.44,0.12,28.69,0.13,0.01,0.37,0.19,0.16,58.48,0.08,2.04,2.2,50.96,1.8,0.2,0,0,0.4,284.65,0,22.05,0.87,0,129.11,0,0,0,0.13,326.23,4.92,0,16.49,16.5,0.72,678.1,13.38,1.08,0.17,22.84,0.28,4.98,19.79,4.42,0,0,0.52,0.31,26.45,119.49,0,21,4.29,0,17.63,0.02,0,0,115.53,0,62.02,0.14,5.15,1.71,0.66,0.08,25.5
7/31/2005,0.72,0.23,0,0.02,1.86,0,1.12,0,20.35,0,0,0,0.13,0.45,0.91,2.58,0,7.31,0,0,0,0,0.02,15.74,0.01,0.51,0.34,19.09,0,0,0,0,1.02,132.82,0,0,0.24,0,50.32,0,0,0.72,0,127.9,1.72,0.59,4.44,12.48,0.47,348.1,5.42,0.02,0.03,0.07,0.05,0.96,2.66,1.81,0,0,0.03,0.13,8.61,53.05,0,15.88,1.94,0.16,5.74,0,0,0,33.83,0,12.16,0.06,0,0.01,0.27,0,7.47
8/31/2005,0.29,0.14,0,0,1.83,0,0.68,0,3.82,0,0,0,0.08,0.22,0.58,0.04,0,2.66,0,0,0,0,0,1.92,0,0.13,0.23,1.49,0,0,0,0,0.54,14.18,0,0,0.13,0,2.05,0,0,0.21,0,26.53,0.93,0.58,0.54,2.4,0.28,73.42,0.75,0,0.01,0,0.13,2.32,0.35,1.11,0,0,0,0.08,0.12,17.79,0,3.06,0.73,0.05,0.08,0.01,0,0,4.29,0,0.76,0.04,0,0,0.17,0,0.95
9/30/2005,0.18,0.1,0,0.07,1.69,0,0.51,0,1.66,0,0,0,0.01,0.14,0.67,0.01,0,1.36,0,0,0,0,0,1.21,0,0.07,0.18,0.94,0,0,0,0,0.2,3.11,0,0,0.12,0,1.16,0,0,0.24,0,11.76,0.63,0.53,0.34,0.59,0.21,19.51,0.87,0,0,1.74,0,0,0.09,0.18,0,0,0,0.01,0.04,10.94,0,0.76,0.5,0.05,0.02,0.01,0,0,0,0,0,0.01,0,0.13,0.03,0,0
10/31/2005,0.2,0.09,0,0.31,0.17,0,0.45,0,2.13,0,0,0,0.07,0.09,0.67,0.01,0,1.55,0,0,0,0.01,0.43,0.77,0,0.32,0.2,1.76,0,0,0,0,0,2.7,0,0,0.14,0,3.8,0,0,0.09,0,6.71,0.83,0.05,0.22,0.43,0.19,18.5,1.1,0,0.07,0.48,0.05,0.81,0.21,0.93,0,0,0.02,0.07,0.05,3.05,0,0.54,0.55,0.02,0.03,0.01,0,0,3.68,0,2.76,0.03,0,0.04,0.14,0,0.81
11/30/2005,0.25,0.5,0.03,0.49,1.7,0,2.42,0,1.66,0,0.01,0,0.05,0.11,0.39,0.36,0,2.41,0,0,0.01,0.02,0.54,1.32,0,0.41,1.08,3.03,0.07,0.01,0,0,0,4.62,0,0,0.17,0,4.39,0,0,0.16,0,6.73,0.72,0.54,0.37,0.73,1.01,21.85,2.64,0,0.04,1.25,0.07,1.17,0.6,0.72,0,0,0.03,0.05,0.44,4.11,0,0.92,0.89,0.04,0.29,0,0,0,3.84,0,1.27,0.02,0,0.09,0.11,0,0.85
12/31/2005,7.63,1.38,0.35,1.24,3.72,0.49,6.76,0.12,12.47,0.69,0.4,4.45,2.14,2.73,8.09,12.19,0.37,79.59,0.38,1.06,1.12,0.6,18.68,29.45,0.17,20.84,11.9,43.75,5.48,0.6,0,0.24,3.11,59.05,0.24,0,4.54,10.79,57.52,0.16,0.23,2.31,0.16,76.16,8.24,1.18,8.31,2.25,2.81,110.22,20.65,1.74,2.25,30.41,2.64,46.84,10.02,30.56,0.27,0.65,0.1,2.14,5.52,93.07,0.22,2.86,10.47,0.53,3.68,0.36,0.06,0.2,45.17,0.52,17.94,0.97,52.25,2.27,4.59,0.24,9.97
1/31/2006,9.22,1.52,3.69,3.83,6.81,5.74,7.42,0.51,6.84,2.83,1.34,7.27,3.98,2.66,7.34,5.69,1.24,98.85,1.28,3.1,3.75,1.99,18.22,27.09,1,27.49,9.33,26.86,18.28,2,0,0.99,14.79,43.13,0.99,0,5.83,23.02,30.53,0.46,0.94,3.64,1.86,127.76,14.56,2.15,7.64,1.91,3.09,163.35,21.13,4.59,7,24.95,1.72,30.62,5.66,56.88,1.13,2.67,1.11,3.98,3.71,135.43,0.9,2.43,15.48,0.82,2.47,3.38,1,0.83,49.94,1.5,9.37,1.81,67.34,1.86,8.55,0.81,11.02
2/28/2006,5.01,1.9,0.28,0.84,4.55,0.44,9.28,0.03,4.58,0.18,0.3,1.91,1.06,1.45,2.97,6.8,0.27,54.71,0.28,0.94,0.82,0.44,9.57,23.59,0.22,15,4.71,28.48,4.02,0.44,0,0.06,3.17,37.17,0.06,0,3.12,6.65,30.74,0.02,0.06,2.6,0.14,67.76,8.3,1.44,6.65,1.79,3.86,113.52,10.62,0.62,2.17,14.83,1.72,30.47,9.33,15.19,0.07,0.17,0.14,1.06,4.82,60.73,0.06,2.27,8.85,0.59,3.21,1.25,0.52,0.05,35.75,0.1,11.23,0.48,15.03,1.11,2.28,0.18,7.89
3/31/2006,12.77,1.66,2.82,9.95,4.56,5.56,8.13,0.4,8.77,2.2,2.2,13.38,6.77,3.48,11.34,3.94,2.04,135.04,2.1,6.2,6.15,3.26,19.14,21.48,0.71,39.15,17.79,26.39,29.99,3.28,0,0.77,25.85,39.03,0.77,0,8.96,42.7,28.94,0.19,0.73,10.26,1.81,172.34,19.63,1.44,6.06,1.89,3.39,200.56,12.13,8.24,13.86,37.43,1.44,25.58,6.04,96.74,0.88,2.07,1.72,6.77,3.86,197.12,0.7,2.4,22.04,2.33,2.57,6.26,2.41,0.64,33.39,0.57,8.53,3.08,95.56,2.8,14.54,1.32,7.37
4/30/2006,25.19,2.74,2.42,16.25,10.55,15.07,13.38,0.93,29.98,5.16,5.16,25.05,11.39,9.35,32.52,9.4,4.78,256.15,4.93,7.68,14.41,7.63,18.44,47.58,1.78,58.23,10.3,48.93,70.31,7.69,0,1.8,63.59,100.74,1.81,186.25,15.31,53.71,65.13,0.45,1.72,11.89,4.89,345.56,45.51,3.33,13.42,4.53,5.57,511.38,17.69,23.63,18.59,92.37,3.83,67.98,16.34,162.69,2.06,4.86,3.53,11.39,9.69,404.7,1.63,5.77,48.65,2.7,6.46,11.04,2.2,1.51,74.2,1.53,20.07,5.17,173.21,6.9,24.45,3.1,16.38
5/31/2006,7.9,3.54,0.07,1.24,0,0.84,17.28,0.04,56.16,0.2,0.78,1.19,1.06,4.29,14.76,24.44,0.72,76.44,0.74,0.05,2.17,1.15,0.72,118.55,0.39,6.53,1.83,75.81,10.6,1.16,0,0.07,10.99,379.26,0.07,256.46,2.81,0,136.55,0.02,0.07,4.49,0.27,500.45,18.05,0,33.44,20.52,7.2,889.46,22.8,5.06,1.1,54.65,4.59,81.57,41.75,15.16,0.08,0.19,0.8,1.06,32.29,242.03,0.06,26.12,17.19,1.02,21.53,0.22,0.02,0.06,178.19,0.13,52.66,0.48,15.4,4.08,2.28,0.47,39.33
6/30/2006,2.12,0.28,0,0.26,0,0.06,1.39,0,42.93,0,0.13,0.04,0.38,1.21,4.05,12.8,0.12,20.45,0.12,0.01,0.36,0.19,0.07,56.46,0.14,1.63,0.59,48.15,1.76,0.19,0,0,1.62,408.64,0,169.47,0.65,0,121.99,0,0,1.02,0.02,335.64,4.61,0,15.93,19.89,0.58,764.34,17.36,5.26,0.2,14.07,0.74,13.07,18.68,5.45,0,0,0.1,0.38,26.1,65.31,0,25.31,4.94,0.23,17.4,0.01,0,0,121.89,0,37.69,0.17,2.66,1.05,0.82,0.08,26.9
7/31/2006,0.7,0.23,0,0,1.13,0,1.11,0,15.23,0,0,0,0.17,0.44,1.22,0.84,0,6.8,0,0.01,0,0,0.02,13.4,0.01,0.49,0.39,14.04,0,0,0,0,0.58,133.43,0,0,0.28,0,37.03,0,0,0.22,0,87.32,2.21,0.36,3.78,10.37,0.46,326.08,4.11,3.62,0.04,2.47,0.23,4.05,1.67,2.41,0,0,0.01,0.17,4.42,14.66,0,13.2,2.34,0.05,2.95,0,0,0,18.91,0,4.8,0.08,2.06,0.18,0.36,0,4.17
8/31/2006,0.37,0.15,0,0.03,0.52,0,0.71,0,5.47,0,0,0,0.07,0.28,0.73,0.01,0,3.39,0,0,0,0,0,2.63,0,0.14,0.27,2.37,0,0,0,0,0.55,13.35,0,0,0.18,0,3.26,0,0,0,0,18.55,1.16,0.16,0.74,1.92,0.3,67.86,1.64,0,0.01,0.86,0.07,1.25,0.17,0.97,0,0,0.01,0.07,0.33,7.04,0,2.44,1.16,0,0.22,0.01,0,0,2.71,0,1.5,0.03,5.34,0.06,0.15,0,0.6
9/30/2006,0.26,0.09,0,0,0.3,0,0.43,0,3.94,0,0.06,0,0.05,0.19,0.67,0.01,0.06,2.21,0.06,0,0.17,0.11,0,0.57,0,0.11,0.2,0.96,0.81,0.09,0,0,0.39,1.76,0,0,0.18,0,1.18,0,0,0,0,7.99,0.7,0.1,0.16,0.74,0.18,23.89,1.43,0,0.01,1.9,0.04,0.8,0.11,0.73,0,0,0,0.05,0.18,5.85,0,0.94,0.61,0,0.12,0.01,0,0,0.92,0,0,0.02,4.86,0.14,0.11,0.04,0.2
10/31/2006,0.32,0.1,0,0.07,1.39,0,0.48,0,2.26,0,0,0,0.07,0.18,0.1,0.01,0,3.57,0,0.02,0,0,0.63,1,0,0.48,0.2,0.72,0,0,0,0,0.19,0.39,0,0.67,0.17,0.2,1.55,0,0,0.02,0,5.84,1.09,0.44,0.28,0.64,0.2,16.72,0.85,0,0.01,0.29,0.06,1.09,0.03,1.02,0,0,0.1,0.07,0.21,7.03,0,0.81,0.91,0,0.14,0,0,0,2.72,0,0.9,0.03,0.53,0.02,0.15,0,0.6
11/30/2006,0.44,0.17,0.01,0.17,1.51,0,0.82,0,1.11,0,0.03,0,0.13,0.21,0.74,0.74,0.03,4.31,0.03,0.04,0.08,0.05,0.88,2.52,0,0.93,1.35,3.05,0.37,0.04,0,0,0.46,3.72,0,0,0.21,0.46,4.42,0,0,0.04,0,8.18,1.36,0.48,0.71,0.84,0.34,17.68,1.91,0.06,0.02,3.03,0.11,1.98,1.02,1.8,0,0,0.11,0.13,0.45,5.25,0,1.07,1.33,0.01,0.3,0,0,0,5.07,0,1.12,0.06,0,0.23,0.27,0.02,1.12
12/31/2006,0.74,0.24,0.06,0.47,1.92,0,1.16,0,1.98,0,0.07,0.44,0.31,0.31,1.17,0.72,0.07,7.25,0.07,0.12,0.21,0.12,1.47,1.93,0.04,1.55,5.63,6.03,1.02,0.11,0,0,1.21,6.89,0,0,0.46,1.22,7.92,0,0,0.05,0,13.66,1.96,0.61,0.54,0.64,0.48,24.87,1.56,0.27,0.04,5.16,0.21,3.77,1.33,4.46,0,0,0.15,0.31,0.68,9.95,0,0.82,2.12,0.01,0.45,0,0,0,7.02,0,2.62,0.14,8.44,0.39,0.67,0.04,1.55
1/31/2007,0.86,0.56,0.04,0.45,1.65,0,2.73,0,1.23,0,0.06,0.48,0.3,0.32,1.25,1.56,0.06,8.6,0.06,0.19,0.17,0.1,1.4,3.26,0.05,1.86,0.39,7.72,0.85,0.09,0,0,0.97,8.05,0,0,0.53,1.35,8.78,0,0,0.13,0,13.59,1.82,0.52,0.92,0.58,1.14,23.32,1.49,0.21,0.07,6.34,0.24,4.31,1.36,4.34,0,0,0.17,0.3,0.89,2.97,0,0.74,2.31,0.03,0.59,0,0,0,4.5,0,2.24,0.14,3.43,0.47,0.65,0.04,0.99
2/28/2007,3.12,1,0.34,3.39,1.53,1.14,4.89,0,3.49,0,0.26,6.71,1.62,1.15,3.58,2.69,0.24,32.13,0.25,1.03,0.72,0.38,4.44,6.09,0.11,6.88,1.93,14.58,3.5,0.38,0,0,2.83,16.96,0,0,1.97,7.4,15.73,0,0,0.64,0.37,36.56,4.56,0.48,1.72,0.78,2.04,47.5,4.93,1.88,0.36,8.48,0.61,10.78,2.72,23.21,0,0,0.91,1.62,1.51,47.02,0,0.99,5.3,0.14,1.01,0,0,0,20.31,0,5.02,0.74,30.48,0.63,3.49,0.15,4.48
3/31/2007,3.26,0.85,0.2,0.79,3.13,0.34,4.15,0,7.23,0,0.19,1.19,0.72,1.4,4.86,5.86,0.17,32.41,0.18,0.39,0.53,0.28,2.67,16.17,0.1,6.47,1.16,26.81,2.57,0.28,0,0,1.82,49.07,0,0,1.87,2.61,29.39,0,0,1.16,0.11,67.28,6.61,0.99,4.56,2.19,1.73,97.14,3.02,0.13,0.13,19.52,1.28,22.82,9.1,10.27,0,0,1.02,0.72,4.64,44.76,0,2.79,6.82,0.26,3.09,0,0,0,27.06,0,8.66,0.33,22.07,1.46,1.54,0.11,5.97
4/30/2007,1.94,0.5,0.01,0.01,2.65,0,2.42,0,13.94,0,0.08,0.48,0.33,1.02,4.99,7.8,0.07,17.09,0.07,0.1,0.21,0.11,0.84,17.88,0.03,2.76,1.59,28.03,1.03,0.11,0,0,0.01,79.8,0,0,1.06,0.95,37.31,0,0,0.47,0,90.37,3.91,0.84,5.04,4.01,1.01,139.22,0.59,0.5,0.06,12.22,1.16,20.6,15,4.7,0,0,0.68,0.33,7.87,36.74,0,5.11,3.38,0.1,5.25,0,0,0,58.16,0,11.55,0.15,18.08,0.91,0.71,0.05,12.84
5/31/2007,1.28,0.25,0,0.03,2.64,0,1.22,0,21.29,0,0,0.08,0.19,0.84,3.68,7.75,0,10.97,0,0.04,0,0,0.1,17.93,0,0.81,0.74,27.22,0,0,0,0,0,145.51,0,0,0.43,0.32,49.03,0,0,0.26,0,101.1,2.66,0.83,5.06,7.13,0.51,199.69,0.67,0.43,0.03,5.53,0.68,12.16,9.21,2.76,0,0,2.36,0.19,10.54,24.54,0,9.07,2.52,0.06,7.03,0,0,0,63.3,0,13.59,0.09,8.37,0.41,0.41,0,13.97
6/30/2007,0.38,0.15,0,0.03,1.61,0,0.74,0,8.09,0,0,0,0.06,0.26,1.11,0.75,0,3.22,0,0,0,0,0.01,4.27,0,0.23,0.18,4.83,0,0,0,0,0,38.32,0,0,0.11,0,12.23,0,0,0.2,0,23.04,1.27,0.51,1.21,3.3,0.31,75.06,0.75,0,0.01,1.62,0.13,2.31,0.77,0.9,0,0,0,0.06,1.39,6.93,0,4.2,0.96,0.05,0.93,0,0,0,10.59,0,2.87,0.03,0.35,0.12,0.14,0,2.34
7/31/2007,0.18,0.08,0,0,0.9,0,0.4,0,1.46,0,0.1,0,0.05,0.13,0.52,0.03,0.09,1.53,0.09,0,0.27,0.14,0,1.86,0,0.11,0.1,1.66,1.33,0.15,0,0,0,6.04,0,0,0.05,0,4.39,0,0,0.07,0,3.18,0.49,0.28,0.53,0.83,0.17,28.97,0.38,0,0,0.43,0.07,1.31,0.24,0.68,0,0,0,0.05,0.11,4.09,0,1.06,0.5,0.01,0.07,0,0,0,4.42,0,1.49,0.02,0,0.03,0.1,0.06,0.98
8/31/2007,0.11,0.06,0,0,0.69,0,0.27,0,0.73,0,0.05,0,0.07,0.09,0.29,0.01,0.05,0.94,0.05,0,0.15,0.08,0,1.37,0,0.06,0.07,2.49,0.73,0.08,0,0,0.22,2.22,0,0,0.04,0,3.42,0,0,0.07,0,1.39,0.33,0.22,0.39,0.38,0.11,17.06,0,0,0,0,0.05,0.9,0.16,0.96,0,0,0,0.07,0.14,2.05,0,0.49,0.32,0.01,0.09,0,0,0,1.43,0,0.93,0.03,0,0,0.14,0.03,0.32
9/30/2007,0.09,0.05,0.01,0,1.02,0,0.25,0,0.46,0,0,0,0.02,0.08,0.32,0.01,0,0.66,0,0,0,0,0,0.86,0,0.03,0.05,2.3,0,0,0,0,0.29,1.55,0,0,0.05,0,2.84,0,0,0.15,0,1.19,0.36,0.32,0.24,0.29,0.1,10.62,0,0,0,0,0.05,0.96,0.08,0.32,0,0,0,0.02,0.15,0,0,0.37,0.35,0.03,0.1,0,0,0,2.75,0,0.33,0.01,0,0,0.05,0,0.61
10/31/2007,0.17,0.06,0.01,0,0.95,0,0.31,0,1.54,0,0,0,0,0.1,0.57,0.02,0,1.36,0,0,0,0,0.31,0.18,0,0.23,0.45,0.98,0,0,0,0,0,1.63,0,0,0.09,0,2.12,0,0,0,0,1.82,0.61,0.3,0.05,0.34,0.13,11.02,0.1,0,0,0.56,0.06,1.02,0.18,0.05,0,0,0,0,0.25,2.62,0,0.43,0.33,0,0.17,0,0,0,0,0,1.05,0,0,0.04,0.01,0,0
11/30/2007,0.17,0.07,0.01,0,1.38,0,0.32,0,0.28,0,0,0,0.01,0.1,0.31,0.03,0,1.64,0,0,0,0,0.34,1.17,0,0.29,0.32,0.18,0,0,0,0,0.15,1.63,0,0,0.08,0,0.26,0,0,0,0,1.08,0.57,0.44,0.33,0.32,0.13,6.09,0.91,0,0,1.44,0.03,0.52,0.38,0.14,0,0,0,0.01,0.09,0.81,0,0.41,0.26,0,0.06,0,0.01,0,1.38,0,0.62,0,0,0.11,0.02,0,0.3
12/31/2007,0.34,0.1,0.01,0.08,0.96,0,0.49,0,1.34,0,0.02,0.12,0.17,0.16,0.61,0.11,0.02,3.34,0.02,0.05,0.06,0.04,0.66,0.82,0,0.67,2.17,2.64,0.3,0.03,0,0,0.62,3.95,0,0,0.16,0.61,3.47,0,0,0.14,0,4.69,0.72,0.3,0.23,0.38,0.2,15.73,1.28,0,0.03,2.21,0.06,1.14,0.75,2.42,0,0,0,0.17,0.22,7.19,0,0.48,0.6,0.03,0.15,0.01,0.05,0,2.99,0,1.32,0.08,3.26,0.17,0.36,0.01,0.66
1/31/2008,1.73,0.18,0.9,3.19,1.61,6.85,0.88,1.28,2.92,7.09,0.46,8.42,1.61,0.71,2.56,0.54,0.43,17.25,0.44,0.97,1.29,0.69,2.9,0.54,1.96,3.44,8.2,8.87,6.31,0.69,0,2.48,5.58,10.16,2.49,0,1.03,7.32,10.08,0.92,2.36,0.55,2.22,45.25,2.62,0.51,0.15,0.51,0.37,58.16,1.69,1.55,0.53,5.8,0.15,2.74,1.2,22.93,2.83,6.68,0.33,1.61,0.71,47.19,2.25,0.65,3.03,0.13,0.47,0.21,0.07,2.08,4.93,2.98,2.95,0.73,24.85,0.43,3.45,0.28,1.09
2/29/2008,2.16,0.56,2.37,3.61,1.74,4.61,2.74,0.62,2.26,3.42,0.95,4.53,1.47,0.83,2.67,0.95,0.88,22,0.9,0.9,2.64,1.4,2.93,2.29,1.01,4.43,4.26,11.28,12.89,1.41,0,1.2,11.45,19.06,1.2,0,1.37,6.22,12.18,0.29,1.14,0.77,1.5,62.59,3.62,0.55,0.65,0.58,1.14,73.56,1.98,4.02,0.47,7.67,0.25,4.38,1.77,21.05,1.36,3.22,1.12,1.47,1.02,59.66,1.08,0.74,3.83,0.17,0.68,0.43,0.14,1,7.22,1.06,2.33,0.67,24.07,0.57,3.16,0.57,1.59
3/31/2008,2.16,1.2,0.18,0.53,2.42,0.61,5.84,0.13,3.26,0.7,0.25,0.36,0.44,0.95,2.92,3.44,0.24,21.77,0.24,0.16,0.71,0.38,1.92,12.03,0.38,4.21,1.16,21.8,3.47,0.38,0,0.25,4.04,37.74,0.25,0,1.18,1.33,23.91,0.07,0.23,0.96,0.2,55.88,4,0.76,3.39,1.38,2.43,104.96,5.35,1.02,0.12,8.93,0.72,12.7,3.62,6.27,0.28,0.66,0.75,0.44,3.11,44.82,0.22,1.76,4.43,0.22,2.07,0.17,0.08,0.21,21.3,0.23,5.7,0.2,9.71,0.67,0.94,0.15,4.7
4/30/2008,1.85,0.88,0.01,0.31,3.15,0.02,4.3,0.02,8.63,0.13,0.07,0,0.2,0.91,4.55,7.77,0.07,16.46,0.07,0.05,0.21,0.11,1,26.21,0.13,2.87,1.06,30.15,1.02,0.11,0,0.04,0.67,76.61,0.04,0,1.14,0.43,40.13,0.01,0.04,0,0.01,102.94,3.53,0.99,7.39,3.46,1.79,178.11,3.08,1.86,0.05,9.87,1.34,23.78,12.92,2.86,0.05,0.12,0.06,0.2,7.43,45.16,0.04,4.4,4.79,0,4.96,0.09,0.01,0.04,44.79,0.1,13.65,0.09,12.67,0.74,0.43,0.04,9.89
5/31/2008,1.48,0.29,0,0.27,3.97,0,1.42,0,24.87,0,0.03,0,0.09,0.95,4.39,12.04,0.03,12.55,0.03,0,0.09,0.05,0.26,34.23,0.04,1.2,0.44,37.82,0.42,0.05,0,0,0,200.4,0,0,0.55,0,68.12,0,0,0,0,193.87,2.66,1.25,9.66,9.45,0.59,353.99,0.74,0.68,0.02,9.36,1.59,28.17,17.85,1.22,0,0,0,0.09,15.07,54.21,0,12.03,2.9,0,10.05,0.03,0,0,95.85,0,22.33,0.04,10.63,0.7,0.18,0.02,21.15
6/30/2008,0.42,0.18,0,0.1,2.29,0,0.89,0,17.2,0,0,0,0.05,0.29,1.31,2.96,0,3.53,0,0,0,0,0.02,14.33,0,0.25,0.28,14.4,0,0,0,0,0,140.3,0,0,0.13,0,36.48,0,0,0,0,94.34,0.77,0.72,4.04,7.59,0.37,233.93,1.31,0,0.01,2.25,0.27,4.8,3.71,0.77,0,0,0,0.05,7.01,16.24,0,9.66,0.89,0,4.67,0,0,0,36.26,0,8.49,0.02,0.4,0.17,0.12,0,8
7/31/2008,0.14,0.07,0,0,1.73,0,0.36,0,3.46,0,0,0,0.07,0.1,0.45,0.07,0,1.19,0,0,0,0,0,2.85,0,0.08,0.17,1.65,0,0,0,0,0.09,23.16,0,0,0.04,0,4.35,0,0,0.07,0,24.78,0.34,0.55,0.8,2.27,0.15,73.13,0,0,0.01,0,0.09,1.64,0.27,1.01,0,0,0,0.07,0.45,6.12,0,2.89,0.15,0.02,0.3,0,0,0,4.45,0,1.78,0.03,0,0,0.15,0,0.98
8/31/2008,0.19,0.04,0,0,1.41,0,0.21,0,1.27,0,0,0,0.02,0.14,0.58,0.01,0,1.53,0,0,0,0,0,0.73,0,0.11,0.12,0.5,0,0,0,0,3.34,1.75,0,0,0.05,0,0.69,0,0,0.02,0,8.14,0.23,0.44,0.21,0.48,0.09,19.86,0,0,0,0,0.07,1.2,0,0.34,0,0,0,0.02,0.04,8.83,0,0.61,0.19,0.01,0.03,0,0,0,1.59,0,0.54,0.01,0,0,0.05,0,0.35
9/30/2008,0.19,0.05,0,0,1.09,0,0.23,0,0.89,0,0,0,0.01,0.17,0.62,0,0,1.51,0,0,0,0,0,0.33,0,0.08,0.08,0.06,0,0,0,0,0.08,0.67,0,0,0.09,0,0.08,0,0,0,0,4.43,0.2,0.35,0.09,0.2,0.1,9.37,0.83,0,0,0.31,0.07,1.25,0.08,0.2,0,0,0,0.01,0.14,2.82,0,0.26,0.12,0,0.09,0,0,0,1.85,0,1.16,0.01,0,0.02,0.03,0,0.41
10/31/2008,0.11,0.05,0,0,1.24,0,0.25,0,0.47,0,0,0,0,0.06,0.49,0.01,0,0.8,0,0,0,0.01,0.22,0.94,0,0.16,0.11,0.6,0,0,0,0,0,2.16,0,0,0.07,0,1.31,0,0,0,0,0,0.57,0.39,0.27,0.43,0.1,9.66,0,0,0,0,0.09,1.58,0.09,0,0,0,0,0,0.3,0.51,0,0.55,0.27,0,0.2,0,0,0,0.53,0,0.88,0,0,0,0,0,0.12
11/30/2008,0.21,0.11,0.03,0,1.16,0,0.55,0,2.77,0,0.01,0,0,0.11,0.31,0.61,0,2.11,0,0,0.01,0.01,0.45,2.25,0,0.37,1.36,12.5,0.07,0.01,0,0,0,21.3,0,0,0.1,0,18.14,0,0,0.15,0,17.77,1.08,0.37,0.64,2.36,0.23,42.36,1.92,0,0,0,0.14,2.54,0.94,0,0,0,0,0,2.53,8.54,0,3.01,0.42,0.03,1.68,0,0,0,8.39,0,2.96,0,0,0,0,0,1.85
12/31/2008,0.28,0.3,0.05,0.01,0.82,0,1.46,0,1.28,0,0.03,0,0.09,0.14,0.41,0.23,0.03,2.79,0.03,0.02,0.09,0.05,0.61,1.35,0,0.59,2.34,4.8,0.43,0.05,0,0,0,8.81,0,0,0.14,0.27,6.31,0,0,0.25,0,10.51,1.2,0.26,0.38,0.71,0.61,24.17,1.22,0,0.01,1.55,0.11,1.95,1.11,1.31,0,0,0,0.09,0.51,5.69,0,0.9,0.72,0.05,0.34,0,0,0,3.41,0,2.25,0.04,0,0.12,0.2,0.02,0.75
1/31/2009,0.86,0.52,0.07,1.26,1.12,0.17,2.55,0,3.26,0,0.21,1.09,0.31,0.35,1.25,3.78,0.19,8.64,0.2,0.12,0.59,0.31,1.85,6.3,0,2.04,1.51,19.16,2.86,0.31,0,0,0.4,30.08,0,0,0.47,1.2,21.78,0,0,1.03,0.06,48.95,2.02,0.35,1.78,1.31,1.06,75.48,3.87,1.29,0.06,4.52,0.47,8.34,2.66,4.38,0,0,0,0.31,2.63,36.82,0,1.67,2.08,0.23,1.75,0,0,0,13.49,0,4.85,0.14,11.04,0.34,0.66,0.13,2.98
2/28/2009,2.68,1.36,0.48,1.81,2.05,1.73,6.63,0.2,2.87,1.08,0.48,4.2,1.05,0.95,3.09,2.04,0.45,27.6,0.46,0.65,1.34,0.71,4.89,9.09,0.3,6.49,9.01,16.2,6.56,0.72,0,0.38,4.64,27.69,0.38,0,1.65,4.83,17.48,0.27,0.36,1.39,0.56,57.77,3.74,0.65,2.56,1.18,2.76,82.16,4.53,4.37,0.35,1.38,0.6,10.59,3.2,15.03,0.43,1.02,0.02,1.05,2.14,53.74,0.34,1.5,6.42,0.31,1.43,0,0,0.32,21.56,0.45,4.85,0.48,15.33,0.1,2.26,0.29,4.76
3/31/2009,6.13,1.79,0.75,1.32,4.53,1.72,8.73,0.21,6.76,1.18,0.5,4.24,1.94,2.18,6.6,4.48,0.46,63.59,0.48,1.18,1.4,0.74,7.88,25.76,0.37,14.98,4.45,30.52,6.81,0.75,0,0.41,4.42,56.47,0.41,0,3.82,8.2,33.46,0.18,0.39,4.57,0.56,112.82,10.97,1.43,7.27,2.2,3.64,141.71,10.28,3.72,0.61,13.06,1.69,30.06,8.41,27.66,0.47,1.11,0.13,1.94,4.7,110.42,0.37,2.8,17.65,1.03,3.13,0,0,0.35,38.37,0.3,10.68,0.88,34.56,0.98,4.16,0.3,8.47
4/30/2009,2.66,1.11,0.02,0.39,3.64,0.15,5.44,0,11.41,0.02,0.15,0.31,0.31,1.1,4.63,9.38,0.14,25.65,0.14,0.1,0.42,0.22,1.81,40.26,0.09,5.29,1.54,36.05,2.06,0.23,0,0.01,1.2,106.31,0.01,0,1.67,0.92,47.98,0,0.01,0,0.05,147.79,5.86,1.15,11.36,5.69,2.27,234.74,7.04,2.07,0.08,8.74,1.97,34.91,17.05,4.45,0.01,0.02,0.1,0.31,9.3,71.03,0.01,7.24,8.13,0,6.2,0,0,0.01,64.27,0.02,18.78,0.14,16.54,0.65,0.67,0.09,14.18
5/31/2009,3.94,0.69,0.01,0.07,0.33,0.01,3.39,0,40.24,0,0.09,0.23,0.28,2.19,9.44,19.43,0.09,35.59,0.09,0.05,0.26,0.14,1.03,66.27,0.02,4.41,2.32,56.74,1.25,0.14,0,0,0,310.4,0,0,1.72,0.37,102.2,0,0,0.69,0,288.07,6.52,0.11,18.69,15.64,1.41,497.4,10.25,2.12,0.06,28.06,2.73,48.51,27.95,3.97,0,0,0.01,0.28,25.36,95.43,0,19.91,6.29,0.16,16.9,0,0,0,142.69,0,36.42,0.13,7.67,2.1,0.6,0.06,31.49
6/30/2009,0.56,0.22,0,0,1.48,0,1.07,0,17.72,0,0.03,0,0.05,0.36,1.45,2.78,0.03,5.01,0.03,0,0.08,0.04,0.02,17.08,0,0.37,0.34,16.03,0.37,0.04,0,0,0,147.37,0,0,0.16,0,40.62,0,0,0.32,0,92.3,1.59,0.47,4.82,9.3,0.45,226.85,3.43,0,0.01,1.94,0.21,3.65,3.73,0.68,0,0,0,0.05,7.72,19.99,0,11.83,1.54,0.07,5.14,0,0,0,35.62,0,9.37,0.02,3.43,0.14,0.1,0.02,7.86
7/31/2009,0.19,0.11,0,0,0.63,0,0.52,0,6.07,0,0.01,0,0.01,0.14,0.46,0.11,0.01,1.71,0.01,0,0.04,0.03,0.01,3.93,0,0.12,0.19,2.6,0.18,0.02,0,0,0,36.78,0,0,0.07,0,6.85,0,0,0.15,0,28.7,0.97,0.2,1.11,4.17,0.22,101.84,0.95,0,0,0.42,0.03,0.51,0.34,0.19,0,0,0,0.01,0.64,12.9,0,5.3,0.66,0.03,0.43,0,0,0,6.08,0,1.35,0.01,1.98,0.03,0.03,0.01,1.34
8/31/2009,0.1,0.07,0,0,0.38,0,0.33,0,1.96,0,0.01,0,0.05,0.09,0.26,0.01,0,0.83,0,0,0.01,0.01,0,1.57,0,0.03,0.13,0.93,0.07,0.01,0,0,0.19,6.08,0,0,0.04,0,1.28,0,0,0.08,0,8.72,0.48,0.12,0.44,0.91,0.14,31.03,0.86,0,0,0.55,0.01,0.16,0.05,0.71,0,0,0,0.05,0.29,7.38,0,1.16,0.23,0.02,0.19,0,0,0,1.54,0,1.19,0.02,0,0.04,0.11,0,0.34
9/30/2009,0.07,0.05,0,0,0.26,0,0.23,0,1.04,0,0,0,0.04,0.06,0.23,0,0,0.5,0,0,0,0.01,0,0.79,0,0.02,0.11,0.48,0,0,0,0,0.09,1.52,0,0,0.04,0,0.6,0,0,0.07,0,4.72,0.24,0.08,0.22,0.43,0.1,11.94,0,0,0,0,0,0,0,0.55,0,0,0,0.04,0.01,3.79,0,0.55,0.22,0.02,0.01,0,0,0,1.94,0,0.43,0.02,0,0,0.08,0,0.43
10/31/2009,0.17,0.1,0.07,0,0.28,0,0.51,0.05,2.85,0.3,0.04,0,0.04,0.09,0.3,0.16,0.04,1.6,0.04,0,0.11,0.06,0.34,1.83,0,0.25,2.72,8.32,0.53,0.06,0,0.1,0.11,19.38,0.1,0.91,0.11,0,18.02,0.09,0.1,0.27,0,27.12,0.81,0.09,0.52,1.84,0.21,59.76,1.36,0.13,0.02,0,0.08,1.49,0.77,0.51,0.12,0.28,0,0.04,1.17,10.6,0.09,2.34,0.6,0.06,0.78,0.01,0,0.09,6.21,0.45,1.84,0.02,2.74,0,0.08,0.02,1.37
11/30/2009,0.13,0.09,0,0,0.03,0,0.44,0,0.74,0,0.01,0,0,0.06,0.37,0.03,0.01,1.16,0.01,0,0.02,0.01,0.3,2.02,0,0.24,0.89,1.72,0.09,0.01,0,0,0.43,6.04,0,17.29,0.07,0,2.49,0,0,0.16,0,8.24,0.56,0.01,0.57,0.59,0.18,20.83,0.98,0.39,0,0.51,0.02,0.33,0.71,0,0,0,0,0,0.02,0.34,0,0.75,0.39,0.04,0.01,0.02,0.01,0,2.02,0,0.83,0,0,0.04,0,0,0.45
12/31/2009,0.49,0.17,0.1,0.67,1.69,0.47,0.85,0,1.59,0,0.23,0.2,0.25,0.23,0.49,0.28,0.21,5.08,0.22,0.1,0.64,0.34,1.11,2.02,0.01,1.05,3.7,6.34,3.13,0.34,0,0,1.62,10.61,0,0.23,0.24,1.09,8.34,0,0,0.6,0.15,23.76,1.09,0.53,0.57,0.65,0.35,39.78,1.88,4.04,0.13,4.04,0.17,2.98,1.04,3.59,0,0,0,0.25,0.29,15.04,0,0.83,1.33,0.14,0.2,0.2,0.02,0,3.08,0,2.06,0.11,0,0.3,0.54,0.14,0.68
1/31/2010,1.87,0.37,2.13,5.48,1.56,2.95,1.83,1.91,3.28,10.56,0.62,11.76,2,0.7,1.49,0.88,0.57,19.94,0.59,1.33,1.73,0.92,4.18,2.77,2.2,4.71,10.13,11.2,8.45,0.92,0,3.69,7.5,18.29,3.7,0,1.13,10.36,12.73,1.24,3.51,0.89,0.96,57,3.24,0.49,0.78,0.82,0.76,73.2,2.94,8.37,2.25,5.29,0.28,4.97,1.66,28.5,4.21,9.95,1.01,2,0.93,47.55,3.35,1.05,4.16,0.2,0.62,1.24,0.42,3.09,8.36,4.26,4.19,0.91,21.22,0.4,4.28,0.37,1.85
2/28/2010,2.34,0.72,2.24,4.04,1.43,3.17,3.53,0.57,2.54,3.16,0.88,4.49,1.33,0.77,3.68,0.97,0.82,23.24,0.84,1.08,2.46,1.3,4.25,5.36,1.08,6.11,5.29,11.26,12.02,1.31,0,1.11,12.36,23.8,1.11,0,1.45,7.57,12.14,0.24,1.05,2.15,1.03,67.89,3.63,0.45,1.51,0.82,1.47,102.88,3.23,7.76,1.8,7.02,0.39,6.97,1.76,19.06,1.26,2.98,1.85,1.33,1.09,58.1,1,1.04,4.91,0.49,0.73,2.15,0.87,0.93,9.85,0.94,3.03,0.61,26.72,0.52,2.86,0.53,2.18
3/31/2010,3.66,1.54,1.79,3.95,1.82,1.89,7.53,0.53,3.65,2.92,1.02,5.13,1.71,1.16,7.88,3.09,0.95,34.11,0.97,1.31,2.85,1.51,5.99,13.83,1.05,9.73,5.9,20.54,13.9,1.52,0,1.02,13.87,43.63,1.02,4.27,2.4,9.03,22.52,0.24,0.97,1.91,0.61,91.95,5.8,0.57,3.9,1.51,3.14,147.23,7.63,7.11,2.12,9.6,0.82,14.59,3.77,24.39,1.16,2.75,1.26,1.71,2.49,72.34,0.92,1.92,7.64,0.43,1.66,2.3,0.66,0.86,21.21,0.94,6.4,0.78,25.62,0.72,3.67,0.61,4.68
4/30/2010,5.18,2.2,1.2,2.92,3.32,0.78,10.76,0.18,7.96,1,0.88,4.7,1.77,1.85,5.53,6.92,0.81,53.96,0.84,1.08,2.45,1.31,5.77,29.89,0.69,13.23,7.61,30.57,11.97,1.31,0,0.35,13.41,81.14,0.35,0,3.15,7.45,40.69,0.09,0.33,2.03,0.25,135.71,9.04,1.05,8.43,3.19,4.48,232.71,10.54,5.96,1.88,13.66,1.66,29.42,10.62,25.34,0.4,0.94,1.02,1.77,5.59,94.65,0.32,4.06,12.19,0.46,3.73,2.01,0.29,0.29,43.8,0.32,14,0.81,33.99,1.02,3.81,0.53,9.67
5/31/2010,5.3,1.28,0.04,0.29,1.47,0.01,6.25,0.04,21.24,0.22,0.35,0.86,0.69,2.27,11.26,13.61,0.32,49.19,0.33,0.22,0.97,0.51,3.11,52.27,0.15,10.06,2.82,41.87,4.71,0.52,0,0.08,3.63,154.19,0.08,0,3.21,1.9,75.42,0.01,0.07,1.63,0,218.22,9.25,0.46,14.74,7.82,2.6,396.89,9.55,3.23,0.65,19.29,2.89,51.25,22.35,9.86,0.09,0.21,0.09,0.69,12.33,112.73,0.07,9.95,11.21,0.37,8.22,0.09,0.01,0.07,90.6,0.15,24.86,0.31,30.82,1.44,1.48,0.21,20
6/30/2010,3.13,0.25,0,0.33,0,0,1.24,0,42.2,0.01,0.1,0,0.26,1.88,1.73,18.47,0.09,34.29,0.09,0.01,0.27,0.15,0.25,62.81,0.03,2.29,0.47,49.81,1.3,0.14,0,0,0,360.59,0,0,1.06,0,126.19,0,0,6.26,0,332.89,5.02,0,17.72,18.48,0.52,693.73,11.78,0.28,0.17,31.91,2.21,39.19,23.34,3.71,0,0.01,0.01,0.26,26.77,86.47,0,23.52,4.65,1.42,17.85,0.03,0,0,132.05,0.02,34.65,0.12,0,2.38,0.56,0.06,29.15
7/31/2010,0.48,0.19,0,0.21,2.45,0,0.93,0,14.79,0,0,0,0.12,0.31,0.55,1.28,0,4.91,0,0,0,0,0.01,10.2,0,0.32,0.3,10.04,0,0,0,0,0,94.04,0,0,0.15,0,26.47,0,0,0.56,0,77.96,1.6,0.77,2.88,7.28,0.39,250.58,3.04,0,0.04,1.87,0.17,2.96,1.56,1.74,0,0,0,0.12,3.91,10.29,0,9.27,1.44,0.13,2.61,0,0,0,20.27,0,4.25,0.06,7.16,0.14,0.26,0,4.47
8/31/2010,0.17,0.1,0.25,0,1.1,0,0.47,0,2.4,0,0,0,0.04,0.13,0.31,0.03,0,1.59,0,0,0,0,0,2.21,0,0.08,0.2,1.16,0,0,0,0,0.73,7.55,0,0.26,0.07,0,1.6,0,0,0.19,0,14.44,0.59,0.35,0.62,1.49,0.2,51.5,0,0,0.01,0,0,0.07,0.05,0.6,0,0,0,0.04,0.06,3.13,0,1.89,0.58,0.04,0.04,0,0,0,5.31,0,0,0.02,0,0,0.09,0,1.17
9/30/2010,0.11,0.1,0,0,1.02,0,0.51,0,1.59,0,0,0,0.03,0.09,0.28,0.01,0,0.98,0,0,0,0.01,0,0.89,0,0.04,0.15,0.5,0,0,0,0,3.11,2.05,0,0,0.08,0,0.61,0,0,0.2,0,7.57,0.61,0.32,0.25,0.57,0.21,18.78,0.41,0,0,0,0.01,0.14,0.08,0.42,0,0,0,0.03,0.03,5.59,0,0.72,0.25,0.05,0.02,0.01,0,0,2.5,0,0,0.01,0,0,0.06,0,0.55
10/31/2010,0.44,0.15,0,0,1.35,0,0.73,0,5.51,0,0.02,0.01,0.05,0.21,0.72,3.18,0.02,4.28,0.02,0,0.05,0.04,0.96,3.96,0,0.72,0.49,13.73,0.23,0.03,0,0,0,50.31,0,0,0.29,0,29.71,0,0,0.39,0,36.61,1.19,0.43,1.12,3.48,0.3,60.63,5.68,0,0.05,0,0.23,4.01,3.8,0.7,0,0,0,0.05,3.21,15.08,0,4.43,1.08,0.09,2.14,0,0,0,18.65,0,6.65,0.02,7.37,0,0.11,0.01,4.12
11/30/2010,0.89,1.02,0.07,0.26,0.72,0,4.96,0,3.18,0,0.07,1.06,0.46,0.39,0.98,1.55,0.07,9.18,0.07,0.18,0.2,0.12,2.17,4.25,0,1.84,2.39,10.79,0.99,0.11,0,0,0.76,32.15,0,0,0.46,1.97,15.65,0,0,0.6,0,35.15,1.67,0.23,1.2,1.62,2.07,53.39,4.54,0.2,0.28,1.17,0.2,3.55,2.53,6.61,0,0,0,0.46,1.62,21.94,0,2.06,1.84,0.13,1.08,0.04,0.02,0,13.44,0,3.53,0.21,4.74,0.09,0.99,0.04,2.97
12/31/2010,9.78,1.58,0.7,12.18,0,9.18,7.74,0.11,9.99,0.62,2.3,11.13,4.11,3.13,10.28,6.22,2.13,101.98,2.19,2.74,6.42,3.4,22.19,24.99,0.27,28.02,10.48,29.74,31.3,3.42,0,0.22,24.97,75.1,0.22,4.54,6.19,22.37,39.1,0.16,0.2,4.39,2.98,188.26,12.2,0,7.05,2.05,3.22,230.83,14.92,18,6.08,28.38,1.76,31.34,6.11,58.67,0.25,0.58,2.05,4.11,3.87,188.9,0.2,2.6,17.27,1,2.58,4.75,1.29,0.18,38.17,0.72,9.84,1.87,84.84,2.12,8.82,1.38,8.42
1/31/2011,4.94,0.96,2.17,5.5,5.29,6.63,4.69,0.3,3.98,1.69,1.55,4.73,1.7,1.48,2.98,3.55,1.44,54.01,1.48,1.49,4.33,2.29,9.39,11.87,0.38,14.67,1.78,17.35,21.12,2.31,0,0.59,20.64,42.88,0.59,21.36,2.92,10.56,19.73,0.28,0.56,1.87,2.15,105.77,7.26,1.67,3.35,1.45,1.95,152.74,10.69,9.06,3.38,12.65,1.1,19.54,3.73,24.32,0.67,1.59,1.22,1.7,2.7,92.5,0.53,1.84,9.32,0.42,1.8,5.58,2.22,0.49,22.48,0.82,5.3,0.77,37.97,0.95,3.66,0.93,4.96
2/28/2011,4.48,1.76,3.39,7.81,5.27,5.46,8.59,1.24,3.24,6.86,1.7,7.23,2.62,1.27,2.7,2.34,1.57,48.86,1.62,2.35,4.74,2.52,8.52,9.59,1.16,13.43,7.51,13.96,23.12,2.53,0,2.4,15.76,34.47,2.41,0,2.94,16.31,15.06,0.9,2.28,1.03,1.77,109.01,5.17,1.66,2.7,1.28,3.58,116.73,5.71,12.76,5.21,10.35,0.67,11.92,3.13,37.45,2.74,6.47,1.3,2.62,2.07,73.05,2.18,1.63,7.11,0.23,1.38,4.06,1.58,2.01,8.36,3.55,6.18,1.19,25.29,0.77,5.63,1.02,1.84
3/31/2011,18.96,3.84,5.21,18.79,0,13.24,18.77,2.55,11.33,14.09,4.46,16.77,10.36,5.79,16.49,4.27,4.14,201.13,4.26,8.18,12.47,6.61,23.5,42.29,3.31,55.02,10.97,29.66,60.83,6.65,0,4.93,59.99,66.53,4.94,20.94,12.39,55.49,32.52,1.07,4.69,8.61,4.3,263.53,23.6,0,11.93,1.58,7.82,286.23,17.52,32.23,17.89,46.92,2.26,40.16,5.44,148.04,5.62,13.28,4.52,10.36,3.56,285.46,4.47,2.02,31.57,1.95,2.38,12.76,2.94,4.13,44.7,4.01,8.74,4.71,112.01,3.51,22.25,2.68,9.87
4/30/2011,10.45,3.09,0.68,2.09,9.24,0.24,15.09,0.27,18.3,1.47,1.49,1.51,1.86,3.86,16.54,9.66,1.38,102.5,1.42,0.78,4.16,2.21,6.87,55.04,0.95,23.09,1.84,44.64,20.29,2.22,0,0.52,22.57,116.64,0.52,182.41,7.02,6.9,59.41,0.13,0.49,8.55,0.08,220.85,20.48,2.92,15.52,4.69,6.28,413.88,15.09,4.16,2.71,46.98,3.33,59.14,16.47,26.64,0.59,1.39,0.93,1.86,8.79,210.31,0.47,5.97,25.16,1.94,5.86,3.12,0.32,0.43,65.03,0.48,18.15,0.85,64.71,3.51,4,0.89,14.35
5/31/2011,6.54,2.13,0,0.86,10.83,0.36,10.42,0.05,32.33,0.29,0.63,0.33,0.82,3.35,12.01,15.83,0.58,63.41,0.6,0.05,1.75,0.93,1.3,72.52,0.48,7.19,2.1,52.71,8.55,0.94,0,0.1,9,216.44,0.1,75.64,2.51,0,94.94,0.02,0.1,5.43,0.12,307.76,14.89,3.42,20.46,10.03,4.34,544.49,14.5,1.87,0.87,36.03,3.7,65.65,27.85,11.72,0.11,0.27,0.41,0.82,17.26,152.07,0.09,12.77,17.87,1.23,11.51,0.27,0.03,0.08,98.78,0.15,32.19,0.37,20,2.69,1.76,0.38,21.8
6/30/2011,4.62,1.34,0.01,0.79,7.08,0.12,6.55,0.02,54.26,0.11,0.36,0.14,0.5,2.55,8.83,24.79,0.33,44.53,0.34,0.01,0.99,0.51,0.32,89.57,0.16,3.71,2.67,57.69,4.85,0.53,0,0.04,4.05,424.35,0.04,90.94,1.56,0,146.17,0,0.04,12.91,0.04,426.88,9.34,2.24,25.26,19.84,2.73,844.79,22.3,1.7,0.32,46.2,4.85,86.16,37.5,7.19,0.04,0.1,0.35,0.5,31.26,147.27,0.03,25.25,9.15,2.93,20.84,0.03,0,0.03,167.32,0.12,31.16,0.23,0,3.45,1.08,0.21,36.93
7/31/2011,1.42,0.26,0,0.45,0.63,0.01,1.26,0,36.4,0,0.12,0,0.16,0.85,2.66,9.97,0.11,13.65,0.11,0.01,0.33,0.17,0.05,40.1,0.01,1.05,0.54,31.19,1.62,0.18,0,0,0.36,287.22,0,58.01,0.48,0,82.23,0,0,4.89,0,199.45,3.32,0.2,11.31,16.8,0.52,490.09,13.9,0.57,0.03,11.8,1.42,25.23,12.54,2.29,0,0,0.13,0.16,16.68,45.87,0,21.38,3.23,1.11,11.12,0.01,0,0,86.2,0,13.75,0.07,4.56,0.88,0.34,0.07,19.02
8/31/2011,0.4,0.19,0,0,0,0,0.94,0,9.08,0,0.02,0,0.06,0.3,0.78,0.35,0.02,3.72,0.02,0,0.05,0.05,0,8.11,0,0.16,0.18,5.97,0.24,0.03,0,0,1.15,47.13,0,0,0.19,0,8.21,0,0,0.13,0,40.63,1.73,0,2.29,4.77,0.39,135.66,2.76,0.31,0.01,0.01,0.14,2.49,0.51,0.92,0,0,0,0.06,1.03,19.79,0,6.07,1.49,0.03,0.69,0.01,0,0,9.03,0,1.58,0.03,3.93,0,0.14,0.01,1.99
9/30/2011,0.24,0.12,0,0,0,0,0.58,0,4.9,0,0,0,0.04,0.17,0.63,0.02,0,2.03,0,0,0,0.02,0,2.65,0,0.1,0.13,2.14,0,0,0,0,0.69,11.45,0,1.45,0.17,0,2.64,0,0,0.28,0,16.5,0.9,0,0.75,1.89,0.24,48.93,1.62,0,0.01,0.58,0.12,2.21,0.2,0.53,0,0,0,0.04,0.17,9.66,0,2.4,0.83,0.06,0.12,0.01,0,0,2.47,0,1.13,0.02,1.25,0.04,0.08,0,0.55
10/31/2011,0.36,0.13,0.01,0,0.75,0,0.64,0,3.99,0,0.01,0,0.11,0.19,0.25,0.46,0.01,3.84,0.01,0.03,0.03,0.03,0.74,2.44,0,0.57,0.42,4.43,0.17,0.02,0,0,0.4,15.71,0,0,0.19,0.32,9.58,0,0,0.34,0,19.49,1.13,0.24,0.69,1.71,0.27,49.48,1.91,0,0.01,3.05,0.08,1.49,0.87,1.52,0,0,0,0.11,0.85,9.13,0,2.18,1.14,0.08,0.57,0,0,0,3.4,0,2.01,0.05,17.04,0.23,0.23,0.01,0.75
11/30/2011,0.34,0.14,0.02,0,0.5,0,0.7,0,0.89,0,0.02,0,0.08,0.16,0.53,0.18,0.02,3.37,0.02,0.03,0.06,0.04,0.72,2.83,0,0.75,0.92,2.63,0.28,0.03,0,0,0.61,6.13,0,1.11,0.17,0.29,3.82,0,0,0,0,8.04,1.35,0.16,0.8,0.73,0.29,28.68,0.78,0.34,0.02,0.59,0.07,1.23,0.51,1.09,0,0,0,0.08,0.28,5.62,0,0.93,1.05,0,0.19,0,0,0,3.52,0,1.39,0.03,0,0.04,0.16,0.01,0.78
12/31/2011,0.3,0.13,0.02,0,1.87,0,0.62,0,0.78,0,0.05,0,0.05,0.13,0.47,0.12,0.04,3.01,0.04,0.02,0.13,0.08,0.63,2.02,0.02,0.69,0.33,0.83,0.63,0.07,0,0,0.37,1.12,0,0.18,0.15,0.22,1.09,0,0,0,0,6.47,1.16,0.59,0.57,0.54,0.26,19.45,0,0.91,0.01,0,0.05,0.94,0.12,0.77,0,0,0,0.05,0,1.91,0,0.69,0.89,0,0,0,0,0,4.78,0,0.63,0.02,0,0,0.12,0.03,1.05
1/31/2012,0.79,0.25,0.02,0.16,1.85,0,1.21,0,1.62,0,0.15,0.14,0.3,0.31,1.15,2.12,0.14,7.82,0.14,0.12,0.42,0.23,1.65,4.22,0.06,1.78,4.14,9.67,2.04,0.22,0,0,2.2,10.24,0,0,0.51,1.2,10.99,0,0,0.5,0,19.77,2.39,0.58,1.19,0.72,0.5,40.54,1.78,0.83,0.07,2.75,0.23,4.07,2.06,4.28,0,0,0,0.3,1.04,17.99,0,0.91,1.74,0.11,0.69,0,0,0,10.84,0,3.64,0.14,11.83,0.21,0.64,0.09,2.39
2/29/2012,0.52,0.68,0.01,0.03,0.86,0,3.34,0,1.15,0,0.08,0.02,0.18,0.18,0.74,1.23,0.07,5.15,0.08,0.11,0.22,0.12,0.94,4.28,0.07,1.19,1.89,6.16,1.09,0.12,0,0,1.18,9.54,0,0,0.34,0.77,6.65,0,0,0.25,0,17.8,1.04,0.27,1.21,0.53,1.39,34.34,1.57,1.22,0.06,3.02,0.14,2.52,1.69,2.52,0,0,0.03,0.18,0.79,9.19,0,0.68,1.39,0.06,0.53,0,0,0,6.27,0,2.62,0.08,4.61,0.23,0.38,0.05,1.38
3/31/2012,4.3,1.55,0.07,0.93,1.59,0.19,7.57,0,4.06,0,0.31,3.12,1.28,1.49,4.63,4.02,0.28,44.63,0.29,0.85,0.86,0.46,6.53,11.45,0.06,10.25,11.65,18.12,4.18,0.46,0,0,4.94,28.36,0,2.12,2.75,6.15,19.86,0,0,1.13,0.06,46.73,4.9,0.5,3.23,1.06,3.15,74.23,5.23,2.25,0.48,12.55,0.89,15.77,5.58,18.32,0,0,0.15,1.28,2.41,43.76,0,1.34,6.07,0.26,1.61,0,0,0,22.12,0,7.02,0.58,20.99,0.94,2.75,0.18,4.88
4/30/2012,6.01,0.73,0.02,1.21,3.12,0.88,3.57,0,18.21,0,0.42,5.64,1.6,2.58,10.03,11.39,0.39,58.56,0.4,0.89,1.17,0.62,4.62,27.57,0.1,12.13,5.61,41.34,5.72,0.63,0,0,4.55,111.98,0,0,3.54,6.28,55.02,0,0,1.13,0.29,152.55,7.26,0.98,7.78,5.44,1.49,211.05,2.88,1.92,0.5,23.46,2.08,36.88,18.3,22.91,0,0,0.11,1.6,10.35,82.73,0,6.93,8.77,0.26,6.9,0,0,0,74.14,0,18.47,0.73,41.77,1.75,3.44,0.25,16.36
5/31/2012,1.96,0.25,0,0.03,1.69,0.11,1.22,0,20.89,0,0.06,0.14,0.21,1.21,5.15,7.82,0.06,17.29,0.06,0.07,0.17,0.09,0.17,18.3,0.02,1.37,0.61,24.15,0.81,0.09,0,0,0,148.78,0,2.02,0.67,0.63,43.5,0,0,2.19,0.04,121.89,3.33,0.53,5.16,7.86,0.51,251.28,1.07,2.51,0.06,15.38,0.74,13.11,8.6,3.03,0,0,0.02,0.21,10.64,34.33,0,10.01,2.91,0.5,7.09,0,0,0,62.41,0,12.61,0.1,15.79,1.15,0.46,0.04,13.77
6/30/2012,0.52,0.19,0,0,0.45,0.02,0.93,0,8.52,0,0,0,0.08,0.34,1.4,0.97,0,4.55,0,0.02,0,0,0.01,4.16,0,0.33,0.52,3.59,0,0,0,0,0.62,35.38,0,2.81,0.15,0.16,9.09,0,0,0.3,0.01,28.79,1.14,0.14,1.17,3.39,0.39,84.79,0.93,1.54,0.02,1.44,0.11,1.88,0.95,1.18,0,0,0,0.08,1.53,14.36,0,4.31,1.25,0.07,1.02,0,0,0,13.4,0,3.47,0.04,9.73,0.11,0.18,0,2.96
7/31/2012,0.26,0.1,0,0,0.23,0,0.49,0,3.76,0,0.16,0,0.08,0.18,0.69,0.04,0.15,2.22,0.16,0,0.46,0.22,0.01,0.43,0,0.16,0.26,0.5,2.22,0.24,0,0,0,6.31,0,0,0.08,0,1.31,0,0,0.17,0,9.34,0.47,0.07,0.12,0.81,0.2,33.39,0.52,0,0.02,0.61,0.01,0.1,0.12,1.2,0,0,0,0.08,0.06,8.79,0,1.03,0.71,0.04,0.04,0,0,0,3.27,0,1.22,0.04,7.77,0.05,0.18,0.1,0.72
8/31/2012,0.13,0.06,0,0,0,0,0.3,0,2.97,0,0.3,0,0.06,0.1,0.32,0.01,0.28,1.16,0.29,0,0.84,0.44,0,0,0,0.07,0.16,0.47,4.12,0.45,0,0,0.55,4.23,0,0,0.05,0,0.64,0,0,0.08,0,5.11,0.31,0,0,0.49,0.12,23.07,0.12,0,0.01,0,0,0.02,0.08,0.9,0,0,0,0.06,0.12,5.77,0,0.62,0.34,0.02,0.08,0,0,0,1.04,0,0.92,0.03,5.2,0,0.14,0.18,0.23
9/30/2012,0.11,0.05,0,0,0.02,0,0.23,0,1.02,0,0,0,0.13,0.1,0.37,0.01,0,0.85,0,0,0,0,0,0.28,0,0.04,0.11,0.22,0,0,0,0,0.2,1.74,0,0,0.06,0,0.28,0,0,0.22,0,3.6,0.22,0.01,0.08,0.28,0.1,10.8,0,0,0.01,0,0,0,0.01,1.81,0,0,0,0.13,0,3.98,0,0.36,0.24,0.05,0,0,0,0,1.18,0,0,0.06,0,0,0.27,0,0.26
10/31/2012,0.13,0.09,0,0,0,0,0.43,0,1.46,0,0,0,0.06,0.05,0.58,0.01,0,0.93,0,0.01,0,0,0.24,0.06,0,0.17,0.48,0.49,0,0,0,0,0,1.16,0,0,0.08,0.16,1.05,0,0,0.15,0,2.29,0.53,0,0.02,0.33,0.18,14.99,0,0,0,0,0.04,0.77,0.12,0.87,0,0,0,0.06,0.04,0.68,0,0.42,0.36,0.03,0.03,0,0,0,5.85,0,0.79,0.03,0,0,0.13,0,1.29
11/30/2012,0.44,0.62,0.02,0,0.32,0,3.03,0,2.05,0,0.01,0.09,0.13,0.22,0.48,1.65,0.01,4.54,0.01,0.04,0.02,0.02,0.9,1.63,0,0.84,0.26,9.27,0.12,0.01,0,0,0.13,7.86,0,0,0.21,0.45,13.45,0,0,0.42,0,7.1,0.87,0.1,0.46,0.73,1.26,25.31,2.46,0,0.01,0,0.19,3.39,1.79,1.79,0,0,0,0.13,0.87,8.5,0,0.93,1.23,0.1,0.58,0,0,0,11.73,0,3.65,0.06,0,0,0.27,0.01,2.59
12/31/2012,5.55,0.76,0.8,3.83,1.94,4.26,3.73,0.78,5.85,4.34,0.81,4.88,2.09,2.08,0.43,5.47,0.75,63.07,0.77,1.22,2.26,1.2,8.74,12.36,0.87,12.39,6.2,27.19,11.04,1.21,0,1.52,4.04,36.29,1.52,0,3.44,9.11,35.75,0.64,1.44,1.35,1.38,82.22,6.36,0.61,3.49,1.79,1.55,86.1,14.58,6.51,0.21,8.62,1.26,22.42,8.1,29.89,1.73,4.09,0.41,2.09,3.25,85.75,1.38,2.28,7.9,0.31,2.17,0,0,1.27,34.88,1.59,9.43,0.95,34.49,0.64,4.49,0.49,7.7
1/31/2013,1.71,0.48,0.28,0.76,1.61,2.22,2.35,0.04,2.07,0.24,0.18,0.76,0.41,0.73,1.05,2.23,0.17,18.49,0.18,0.22,0.52,0.28,1.51,6.8,0.15,3.63,1.61,11.81,2.52,0.28,0,0.09,1.15,21.35,0.09,0,0.94,1.49,13.42,0.03,0.08,0.82,0.72,32.44,3.38,0.51,1.92,0.92,0.98,53.9,5.05,0.16,0.04,4.25,0.49,8.73,2.79,5.84,0.1,0.23,0.06,0.41,1.61,26.77,0.08,1.17,3.06,0.18,1.07,0,0,0.07,13.17,0.08,3.4,0.19,4.91,0.32,0.88,0.11,2.91
2/28/2013,1.22,0.66,0.02,0.66,2.1,0.29,3.2,0,2.11,0.02,0.1,0.16,0.22,0.51,0.68,1.7,0.1,13.22,0.1,0.12,0.29,0.16,0.86,6.59,0.09,2.32,6.08,8.37,1.4,0.15,0,0.01,0.99,14.08,0.01,0,0.74,0.79,9.03,0,0.01,0.59,0.09,24.71,2.25,0.66,1.86,0.79,1.33,45.89,3.35,1.03,0.02,2.72,0.37,6.55,2.22,3.09,0.01,0.02,0.06,0.22,1.14,21.19,0.01,1.01,2.21,0.13,0.76,0,0,0.01,12.05,0.02,3.14,0.1,5.02,0.2,0.46,0.06,2.66
3/31/2013,1.72,0.68,0.01,0.01,1.78,0.06,3.32,0,6.32,0,0.09,0.11,0.23,0.85,4.24,4.81,0.09,15.28,0.09,0.08,0.26,0.14,0.91,15.32,0.05,2.82,3.59,23.23,1.29,0.14,0,0,0.53,43.05,0,7.49,1.07,0.65,25.47,0,0,0.75,0.02,60.55,2.63,0.56,4.32,2.02,1.38,96.45,3.57,1.08,0.02,3.43,0.91,16.19,7.8,3.24,0,0,0.1,0.23,4.1,36.42,0,2.57,2.68,0.17,2.73,0,0,0,31.89,0,10.06,0.1,10.42,0.26,0.49,0.06,7.04
4/30/2013,1.63,0.26,0.02,0,2.36,0,1.28,0,15.1,0,0.06,0.14,0.21,1.03,9.18,8.03,0.06,9.55,0.06,0.06,0.17,0.08,0.2,21.09,0.02,1.22,0.68,35.05,0.81,0.09,0,0,0,117.59,0,0,0.56,0.6,46.66,0,0,0.44,0,123.7,2.41,0.74,5.95,6.02,0.53,190.64,4.89,0,0.02,5.59,0.99,17.66,11.89,3.05,0,0,0,0.21,9.67,39.01,0,7.66,2.24,0.1,6.44,0,0,0,63.69,0,14.28,0.1,20.5,0.42,0.46,0.04,14.06
5/31/2013,0.56,0.22,0,0,2.12,0,1.06,0,18.6,0,0.01,0,0.1,0.37,4.72,5.18,0,1.69,0,0.02,0.01,0.01,0.02,17.19,0,0.35,0.28,25.49,0.07,0.01,0,0,0,150.05,0,7.45,0.17,0.17,45.91,0,0,1.44,0,104.34,1.16,0.67,4.85,8.34,0.44,205.3,1.45,0,0.01,0.27,0.27,4.82,5.85,1.42,0,0,0,0.1,9.86,20.22,0,10.62,0.91,0.32,6.57,0,0,0,56.42,0,13.13,0.05,6.67,0.02,0.21,0,12.45
6/30/2013,0.23,0.11,0,0,1.45,0,0.55,0,7.89,0,0.05,0,0.09,0.16,1.29,1.02,0.05,1.38,0.05,0,0.14,0.07,0.01,6.97,0,0.14,0.39,7.51,0.67,0.07,0,0,0.07,60.27,0,6.14,0.07,0,19.02,0,0,0.23,0,33.8,0.42,0.46,1.97,6.01,0.23,103.16,0,0,0.01,0,0.05,0.95,1.06,1.24,0,0,0,0.09,1.8,10.93,0,7.65,0.48,0.05,1.2,0,0,0,16.24,0,3.89,0.04,0,0,0.19,0.03,3.58
7/31/2013,0.13,0.06,0,0,0.66,0,0.29,0,2.53,0,0.1,0,0.08,0.1,0.63,0.07,0.09,0.8,0.09,0,0.27,0.13,0,1.3,0,0.08,0.3,0.85,1.3,0.14,0,0,0.02,8.58,0,4.89,0.04,0,2.23,0,0,0.05,0,8.99,0.31,0.21,0.37,1.66,0.12,40.1,0,0,0,0,0.04,0.68,0.2,1.11,0,0,0,0.08,0.17,9.64,0,2.11,0.36,0.01,0.11,0,0,0,5.6,0,0.9,0.04,0.54,0,0.17,0.06,1.24
8/31/2013,0.08,0.04,0,0,0.02,0,0.2,0,2.93,0,0.01,0,0.05,0.07,0.29,0.01,0.01,0.6,0.01,0,0.04,0.02,0,0,0,0.03,0.07,0.64,0.2,0.02,0,0,0.11,1.54,0,0.74,0.03,0,0.88,0,0,0.1,0,3.32,0.28,0.01,0,0.34,0.08,13.93,0,0,0,0,0,0,0.07,0.68,0,0,0,0.05,0.21,6.14,0,0.44,0.21,0.02,0.14,0,0,0,3,0,0.92,0.02,5.72,0,0.1,0.01,0.66
9/30/2013,0.07,0.04,0,0,3.48,0,0.19,0,1.18,0,0,0,0.01,0.06,0.34,0.01,0,0.44,0,0,0,0,0,0.55,0,0.02,0.05,0.6,0,0,0,0,0.21,1.17,0,0,0.05,0,0.74,0,0,0.16,0,7.04,0.2,1.1,0.16,0.33,0.08,0,0,0,0,0,0.01,0.19,0.05,0.21,0,0,0,0.01,0,3.11,0,0.42,0.15,0.04,0,0,0,0,4.61,0,0.5,0.01,0,0,0.03,0,1.02
10/31/2013,0.11,0.05,0.03,0,0.43,0,0.25,0,1.36,0,0,0,0,0.08,0.32,0.01,0,0.96,0,0,0,0,0.17,0.1,0,0.11,0.28,0.9,0,0,0,0,0,1.45,0,0,0.06,0,1.95,0,0,0.02,0,0.66,0.22,0.13,0.03,0.24,0.1,30.17,0,0,0,0,0.01,0.25,0.04,0,0,0,0,0,0,1.21,0,0.31,0.2,0,0,0,0,0,2.07,0,0,0,0,0,0,0,0.46
11/30/2013,0.15,0.06,0.08,0,0.89,0,0.29,0,0.57,0,0,0,0.01,0.09,0.34,0.02,0,1.35,0,0,0,0,0.23,0.66,0.04,0.18,1.83,2.14,0,0,0,0,0.01,3.2,0,0,0.07,0.01,3.11,0,0,0,0,2.89,0.33,0.28,0.19,0.33,0.12,7.59,0,0,0,0,0.01,0.26,0.1,0.2,0,0,0,0.01,0,0,0,0.42,0.24,0,0,0,0,0,2.66,0,0.87,0.01,0,0,0.03,0,0.59
12/31/2013,0.16,0.07,0.1,0,0.77,0,0.33,0,0.59,0,0,0.01,0,0.09,0.37,0.01,0,1.45,0,0,0,0.01,0.24,0.73,0,0.2,5.19,3.25,0,0,0,0,0.15,2.71,0,0,0.07,0,4.27,0,0,0.1,0,2.58,0.38,0.24,0.21,0.35,0.14,12.27,0,0,0,0,0.03,0.52,0.14,0,0,0,0,0,0.07,0,0,0.45,0.38,0.02,0.05,0,0,0,0.97,0,0.93,0,0,0,0,0,0.21
1/31/2014,0.16,0.23,0.02,0,0.54,0,1.12,0,0.61,0,0.01,0,0.01,0.08,0.35,0.31,0.01,1.44,0.01,0,0.02,0.02,0.24,1.03,0,0.2,3.84,3.41,0.12,0.01,0,0,0.27,5.27,0,0,0.09,0.01,3.88,0,0,0.11,0,2.05,0.35,0.17,0.29,0.27,0.47,11.14,0.78,0,0,0.48,0.02,0.28,0.26,0.21,0,0,0,0.01,0.12,0,0,0.34,0.18,0.03,0.08,0,0,0,2.27,0,0.71,0.01,0,0.04,0.03,0.01,0.5
2/28/2014,1.57,0.37,0.06,0,1.1,0,1.82,0,2.16,0,0.03,0.8,0.34,0.76,2.52,2.76,0.03,15.45,0.03,0.01,0.08,0.05,1.97,3.84,0.05,2.02,0.61,12.26,0.38,0.04,0,0,0.36,17.39,0,0,0.86,0.24,13.23,0,0,0.56,0,11.72,2.03,0.35,1.08,0.56,0.76,21.26,3.94,0,0,3.58,0.35,6.25,1.67,4.88,0,0,0.01,0.34,1.11,11.93,0,0.72,2.03,0.13,0.74,0,0,0,15.11,0,3.15,0.16,9.82,0.27,0.73,0.02,3.34
3/31/2014,2.3,0.44,0.05,0.01,1.54,0,2.17,0,3.32,0,0.03,1.92,0.41,1.16,4.31,4.49,0.03,21.81,0.03,0.01,0.09,0.05,1.75,9.09,0.03,2.95,2.18,18.16,0.43,0.05,0,0,0.44,32.26,0,5.52,1.28,0.31,19.92,0,0,0.59,0,32.49,2.31,0.49,2.56,1.36,0.9,47.64,3.97,0,0,3.3,0.64,11.3,5.44,5.82,0,0,0.01,0.41,2.47,21.91,0,1.73,2.4,0.14,1.64,0,0,0,24.15,0,6.15,0.19,13.42,0.25,0.87,0.02,5.33
4/30/2014,1.49,0.25,0.01,0.07,1.89,0,1.22,0,11.33,0,0.03,0.83,0.24,0.98,5.33,7.62,0.02,11.5,0.03,0.01,0.07,0.04,0.44,16.07,0,1.22,0.74,29.68,0.36,0.04,0,0,0.04,83.74,0,4.65,0.71,0.15,39.51,0,0,0.55,0,76.34,1.99,0.6,4.53,4.43,0.51,113.44,0.03,0.01,0,4.18,0.88,15.69,11.94,3.45,0,0,0,0.24,6.99,26.71,0,5.64,1.78,0.12,4.66,0,0,0,51.47,0,11.87,0.11,22.67,0.31,0.52,0.02,11.36
5/31/2014,0.44,0.19,0,0,2.03,0,0.91,0,16.39,0,0,0.12,0.04,0.34,1.72,6.69,0,3.23,0,0,0,0,0.03,12.96,0,0.18,0.53,22.44,0,0,0,0,0,116.08,0,5.65,0.13,0.02,40.42,0,0,0.5,0,74,0.85,0.64,3.65,6.19,0.38,164.21,0,0,0,1.41,0.37,6.53,6.95,0.61,0,0,0,0.04,7.29,15.88,0,7.88,0.66,0.11,4.86,0,0,0,56.74,0,11.42,0.02,8.2,0.11,0.09,0,12.52
6/30/2014,0.29,0.06,0,0,1.01,0,0.3,0,4.96,0,0,0,0.04,0.24,1.18,0.55,0,2.14,0,0,0,0,0.01,5.69,0,0.12,0.71,3.66,0,0,0,0,0,40.29,0,5.48,0.08,0.02,9.28,0,0,0.14,0,20.8,0.36,0.32,1.61,2.89,0.12,84.44,0.05,0,0,0.07,0.03,0.59,0.52,0.61,0,0,0,0.04,0.8,0,0,3.68,0.32,0.03,0.53,0,0,0,9.98,0,2.24,0.02,0,0.01,0.09,0,2.2
7/31/2014,0.06,0.03,0,0,0.44,0,0.16,0,3.06,0,0,0,0.05,0.05,0.21,0.02,0,0.42,0,0,0,0,0,0.59,0,0.03,0.1,1.18,0,0,0,0,0.05,7.81,0,5.81,0.02,0.02,3.1,0,0,0.12,0,7.44,0.22,0.14,0.17,1.49,0.07,29.79,0,0,0,0,0,0.07,0.33,0.74,0,0,0,0.05,0.12,0,0,1.9,0.12,0.03,0.08,0,0,0,2.79,0,1.84,0.02,1.66,0,0.11,0,0.62
8/31/2014,0.04,0.02,0,0,0.11,0,0.1,0,2.07,0,0,0,0.06,0.04,0.15,0.01,0,0.27,0,0,0,0,0,0.04,0,0.01,0.07,1.3,0,0,0,0,0.02,3.22,0,1.19,0.01,0.01,1.79,0,0,0.04,0,1.15,0.15,0.04,0.01,0.75,0.04,20.26,0,0,0,0,0,0,0.09,0.86,0,0,0,0.06,0.23,0,0,0.95,0.05,0.01,0.15,0,0,0,2.76,0,1.31,0.03,1.55,0,0.13,0,0.61
9/30/2014,0.03,0.02,0,0,0.27,0,0.12,0,1.41,0,0,0,0.05,0.03,0.17,0.01,0,0.16,0,0,0,0,0,0,0,0.01,0.05,1.34,0,0,0,0,0.01,0.92,0,0,0.02,0,1.65,0,0,0,0,1.29,0.11,0.09,0,0.35,0.05,8.91,0,0,0,0,0,0,0.09,0.74,0,0,0,0.05,0,3.59,0,0.44,0.07,0,0,0,0,0,2.05,0,0.59,0.02,0,0,0.11,0,0.45
10/31/2014,0.06,0.03,0,0,0.56,0,0.16,0,1.22,0,0,0,0.01,0.05,0.31,0.01,0,0.39,0,0,0,0,0.09,0.06,0,0.05,0.07,0,0,0,0,0,0,0.83,0,0,0.03,0.01,0,0,0,0.11,0,0,0.19,0.18,0.02,0.33,0.07,3.23,0,0,0,0,0,0.05,0.06,0.21,0,0,0,0.01,0.08,3.51,0,0.42,0.17,0.03,0.05,0,0,0,2.04,0,1.4,0.01,0,0,0.03,0,0.45
11/30/2014,0.14,0.12,0.01,0,0.28,0,0.59,0,1,0,0,0,0.01,0.09,0.32,0.21,0,1.25,0,0,0.01,0.01,0.21,0.65,0,0.15,0.65,1.08,0.04,0,0,0,0,2.64,0,0,0.06,0.02,1.57,0,0,0.25,0,1.6,0.37,0.09,0.18,0.53,0.25,11.15,0,0,0,0,0,0.07,0.25,0.12,0,0,0,0.01,0.11,3.59,0,0.68,0.33,0.06,0.07,0,0,0,2.85,0,1.04,0,0,0,0.02,0,0.63
12/31/2014,1.3,0.19,0.2,0,1.54,0.06,0.92,0.39,2.45,2.17,0.01,3.99,0.72,0.66,2.56,2.28,0.01,12.29,0.01,0.26,0.04,0.02,1.76,2.21,1.13,1.65,2.23,14.51,0.18,0.02,0,0.76,0.24,13.12,0.76,0,0.69,2.25,19.08,0.41,0.72,0.64,0.02,11.58,0.92,0.49,0.62,1.13,0.38,20.2,2.07,0,0,2.26,0.3,5.28,3.13,10.25,0.87,2.05,0,0.72,1.94,22.02,0.69,1.44,1.67,0.15,1.29,0,0,0.64,15.06,0.8,3.69,0.33,6.26,0.17,1.54,0.01,3.32
1/31/2015,0.34,0.34,0.03,0,1.15,0,1.68,0,0.7,0.01,0.01,0.29,0.09,0.16,0.43,1.22,0.01,3.43,0.01,0.04,0.02,0.02,0.4,2.58,0.13,0.43,1.82,5.03,0.12,0.01,0,0,0.05,7.24,0,0,0.17,0.3,5.71,0,0,0.21,0,6.99,0.43,0.36,0.73,0.77,0.7,14.22,0.66,0,0,0,0.14,2.51,1.72,1.24,0,0.01,0,0.09,0.71,5.77,0,0.99,0.39,0.05,0.47,0,0,0,8,0,1.99,0.04,0,0,0.19,0.01,1.76
2/28/2015,3.06,0.51,0.04,0,1.75,0,2.51,0.13,6.39,0.72,0.02,6.35,1.23,1.59,6.37,4.99,0.02,28.43,0.02,0.48,0.07,0.04,2.27,8.14,0.17,3.74,1.55,24.59,0.32,0.04,0,0.25,0.23,29.72,0.25,0,1.72,3.62,26.53,0.1,0.24,0.65,0,32.16,2.47,0.55,2.3,2.62,1.05,41.9,2.12,0,0,6.74,1.13,20.02,9.07,17.52,0.29,0.68,0,1.23,4.63,32.54,0.23,3.34,2.59,0.15,3.09,0,0,0.21,36.96,0.22,9.28,0.56,10.92,0.5,2.63,0.01,8.16
3/31/2015,0.63,0.18,0.02,0.02,0.68,0,0.89,0,4.3,0.01,0.01,0.24,0.1,0.4,2.21,2.04,0.01,4.93,0.01,0.02,0.03,0.01,0.22,4.92,0.05,0.57,3.87,9.37,0.13,0.01,0,0,0.11,26.53,0,3.43,0.32,0.2,10.28,0,0,0.27,0,18.49,0.76,0.21,1.39,2.22,0.37,35.38,0,0,0,2.79,0.23,4.13,3.12,1.36,0,0.01,0,0.1,2.94,10.88,0,2.83,0.47,0.06,1.96,0,0,0,20.54,0.01,4.35,0.04,3.81,0.21,0.2,0.01,4.53
4/30/2015,0.56,0.13,0.01,0.01,0.55,0,0.62,0,5.72,0,0.01,0.24,0.08,0.44,2.22,2.49,0,4.14,0,0.01,0.01,0.01,0.04,4.38,0.01,0.23,1.48,12.68,0.07,0.01,0,0,0.08,43.46,0,2.53,0.17,0.06,16.87,0,0,0.24,0,25.65,0.92,0.17,1.24,2.59,0.26,41.15,0,0,0,2.87,0.18,3.19,2.76,1.16,0,0,0,0.08,3.51,12.5,0,3.3,0.48,0.05,2.34,0,0,0,20.84,0,4.43,0.04,6.07,0.21,0.17,0,4.6
5/31/2015,0.37,0.13,0,0,1.45,0,0.63,0,11.72,0,0,0,0.03,0.3,1.49,2.29,0,2.73,0,0,0,0,0.02,9.04,0,0.15,0.56,15.22,0,0,0,0,0,86.42,0,3.16,0.11,0,27.41,0,0,0.33,0,39.49,0.55,0.46,2.55,5.72,0.26,79.73,0,0,0,1.72,0.24,4.25,3.36,0.42,0,0,0,0.03,4.77,15.34,0,7.28,0.56,0.07,3.18,0,0,0,26.19,0,7.28,0.01,0,0.13,0.06,0,5.78
6/30/2015,0.14,0.06,0,0,1.24,0,0.27,0,7.76,0,0.01,0,0.03,0.11,0.55,0.51,0.01,0.98,0.01,0,0.03,0.01,0,4.4,0,0.06,0.18,3.49,0.13,0.01,0,0,0,44.34,0,7.44,0.04,0,8.84,0,0,0.19,0,19.47,0.24,0.39,1.24,4.28,0.11,59.48,0,0,0,0,0.04,0.65,0.69,0.43,0,0,0,0.03,1.14,5.7,0,5.45,0.26,0.04,0.76,0,0,0,7.65,0,2.72,0.01,0,0,0.06,0.01,1.69
7/31/2015,0.05,0.02,0,0,0.66,0,0.12,0,2.74,0,0,0,0.05,0.05,0.2,0.03,0,0.39,0,0,0,0,0,1,0,0.02,0.1,0.24,0,0,0,0,0.01,8.64,0,3.77,0.02,0,0.63,0,0,0.11,0,9.45,0.12,0.21,0.28,1.29,0.05,26.69,0,0,0,0,0,0,0.42,0.65,0,0,0,0.05,0.25,7.07,0,1.64,0.08,0.02,0.17,0,0,0,5.62,0,1.92,0.02,0,0,0.1,0,1.19
8/31/2015,0.04,0.01,0,0,0.46,0,0.06,0,0.75,0,0,0,0.01,0.05,0.17,0,0,0.31,0,0,0,0,0,0.62,0,0.01,0.07,0.04,0,0,0,0,0.01,2.17,0,1.94,0.02,0,0.05,0,0,0.06,0,1.98,0.13,0.14,0.17,0.54,0.02,8.55,0,0,0,0,0,0,0.1,0.15,0,0,0,0.01,0.2,6.7,0,0.69,0.02,0.01,0.13,0,0,0,1.17,0,0.34,0,0,0,0.02,0,0.31
9/30/2015,0.03,0.01,0,0,0.9,0,0.07,0,0,0,0,0,0,0.04,0.19,0,0,0.18,0,0,0,0,0,0.81,0,0.01,0.05,0,0,0,0,0,0,0.41,0,5.8,0.02,0,0,0,0,0.12,0,0.28,0.11,0.29,0.23,0.27,0.03,1.91,0,0,0,0,0,0,0.03,0.04,0,0,0,0,0,4.91,0,0.35,0.01,0.03,0,0,0,0,1.5,0,0.66,0,0,0,0.01,0,0.33
10/31/2015,0.05,0.03,0.01,0,0.87,0,0.15,0,1.46,0,0,0,0.01,0,0.44,0.01,0,0.14,0,0,0,0,0.1,1.01,0,0.07,0.32,1.04,0,0,0,0,0,3.76,0,0.42,0.03,0,2.28,0,0,0.07,0,1.57,0.15,0.28,0.29,0.58,0.06,15.55,0.07,0,0.01,0,0,0,0.21,0.12,0,0,0,0.01,0.19,3.59,0,0.74,0.1,0.02,0.13,0,0,0,1.13,0,1.19,0,0,0,0.02,0,0.27
11/30/2015,0.17,0.08,0.07,0,0.72,0,0.37,0,1.42,0,0,0,0.01,0.04,0.72,1.26,0,1.28,0,0,0.01,0.01,0.35,1.04,0,0.26,2.17,5.03,0.04,0,0,0,0,11.63,0,0,0.11,0,7.75,0,0,0.18,0,12.64,0.31,0.23,0.29,1.02,0.15,19.13,1.99,0,0.01,0.31,0.05,0.91,0.92,0.13,0,0,0,0.01,0.81,13.09,0,1.3,0.33,0.04,0.54,0,0,0,3.45,0,1.31,0,0,0.02,0.02,0,0.77
12/31/2015,1.51,0.28,1.07,3.79,0,1.06,1.39,0,3.58,0,0.18,3.25,1.07,0,5.74,1.67,0.17,12.33,0.17,0.49,0.5,0.27,3.48,7.08,0,3.63,5.98,12.09,2.46,0.27,0,0,1.35,24.7,0,0,0.76,4.9,16.16,0,0,1.04,0.34,36.8,2.29,0,2,0.76,0.58,33.74,5.15,2.04,0.85,2.98,0.33,5.89,1.66,15.23,0,0,0.17,1.07,1.07,47.13,0,0.96,2.92,0.24,0.71,0.07,0.4,0,13.15,0,2.39,0.48,16.39,0.22,2.29,0.11,2.89
1/31/2016,4.31,0.5,6.09,8.15,1.07,6.95,2.45,0.28,4.08,1.55,0.68,8.99,2.55,1.95,0.95,2.18,0.63,47.92,0.65,2.03,1.9,1.01,8.54,9.85,0.59,11.43,6.41,14.36,9.27,1.01,0,0.54,8.32,28.77,0.54,1.06,2.74,14.35,16.31,0.31,0.52,1.79,2.26,65.08,5.72,0.34,2.78,0.97,1.02,63.34,7.82,6.14,3.66,8.31,0.63,11.1,2.99,36.42,0.62,1.46,0.45,2.55,1.72,90.16,0.49,1.23,6.71,0.4,1.15,0.98,0.29,0.45,23.05,0.91,4.23,1.16,33.55,0.62,5.47,0.41,5.1
2/29/2016,3.4,0.86,0.94,1.32,11.51,0.81,4.21,0.02,3.35,0.08,0.31,1.49,0.69,0,14.27,3.21,0.29,25.85,0.3,0.58,0.87,0.47,5.81,8.56,0.14,9.3,9.17,13.49,4.26,0.47,0,0.03,4.6,26.77,0.03,0,2.2,4.04,14.65,0.01,0.03,0.86,0.26,60.1,4.34,3.64,2.41,1.66,1.75,81.94,10.41,2.31,1.03,4.05,1.03,18.25,6.07,9.9,0.03,0.08,0.18,0.69,3.12,89.05,0.03,2.11,5.18,0.19,2.08,0.69,0.44,0.02,31.39,0.05,7.18,0.31,12.61,0.3,1.49,0.19,6.93
3/31/2016,11.77,2.29,5.16,11.25,6.25,7.34,11.2,1.54,12.46,8.53,1.55,8.68,4.04,5.95,4.95,9.32,1.43,128.03,1.48,2.76,4.33,2.3,11.12,37.48,1.68,28.21,12.13,37.7,21.1,2.31,0,2.99,17.92,95.09,2.99,6,7.51,19.12,46.54,0.86,2.84,2.98,2.38,169.56,15.05,1.97,10.57,3.32,4.66,190.67,16.87,12.99,5.03,25.94,2.58,45.77,13.09,57.68,3.4,8.04,1.38,4.04,6.65,161.06,2.7,4.23,17.37,0.67,4.43,2.12,0.09,2.5,60.65,2.9,15.95,1.83,58.76,1.94,8.67,0.93,13.4
4/30/2016,3.23,1.45,0.17,0.65,2.85,0.63,7.1,0.03,19.85,0.17,0.57,0.48,0.48,1.9,4.97,12.78,0.53,32.13,0.55,0.18,1.6,0.85,0.58,42.04,0.75,3.19,2.26,32.87,7.82,0.86,0,0.06,5.22,142.32,0.06,6.42,1.21,1.57,54.64,0.01,0.06,0.72,0.2,173.84,4.96,0.9,11.86,7.18,2.96,236.71,11.29,1.51,0.51,20.47,2.32,41.29,21.28,6.84,0.07,0.16,0.24,0.48,11.75,88.81,0.05,9.14,4.83,0.16,7.84,0.36,0.02,0.05,73.26,0.08,21.57,0.22,16.45,1.53,1.03,0.34,16.11
5/31/2016,1.55,0.62,0.03,0.04,4.56,0.1,3.05,0.01,26.4,0.03,0.14,0.09,0.17,0.92,3.34,12.94,0.13,14.49,0.14,0.01,0.4,0.21,0.09,36.81,0.17,1.13,0.92,31.58,1.94,0.21,0,0.01,0.04,193.99,0.01,8.8,0.5,0,65.07,0,0.01,2.67,0.03,184.85,2.76,1.44,10.38,12.22,1.27,308.42,9.94,0.49,0.13,12.6,1.23,21.93,17.29,2.4,0.01,0.03,0.14,0.17,16.97,71.42,0.01,15.55,2.54,0.61,11.31,0.02,0,0.01,91.57,0.04,22.67,0.08,0,0.94,0.36,0.09,20.28
6/30/2016,0.41,0.17,0,0,9.64,0,0.81,0,21.46,0,0.03,0,0.12,0.25,1.23,4.21,0.03,3.48,0.03,0.01,0.09,0.04,0.01,17.19,0.01,0.29,1.33,19.74,0.42,0.05,0,0,0.26,178.67,0,0,0.12,0,50.84,0,0,1.58,0,117.08,0.66,3.04,4.85,12.28,0.34,301.54,4.19,0,0.09,0,0.16,2.78,4.03,1.67,0,0,0.02,0.12,9.73,45.76,0,15.63,0.95,0.36,6.49,0,0,0,48.91,0,11.51,0.05,0,0,0.25,0.02,10.76
7/31/2016,0.31,0.07,0,0,0.68,0,0.33,0,5.38,0,0.03,0,0.13,0.24,0.45,0.12,0.03,3.06,0.03,0,0.08,0.03,0.01,3.32,0,0.18,0.33,2.46,0.37,0.04,0,0,0.09,25.53,0,0,0.12,0,4.93,0,0,0.29,0,22.65,0.53,0.22,0.94,3.33,0.14,76.71,0,0,0.09,0,0.01,0.13,0.17,1.88,0,0,0,0.13,0.36,10.98,0,4.23,0.49,0.06,0.24,0,0,0,9.38,0,2.03,0.06,2.89,0,0.28,0.02,2.03
8/31/2016,0.14,0.04,0,0,0,0,0.19,0,2.16,0,0.07,0,0.16,0.11,0.37,0.01,0.06,1.13,0.06,0,0.19,0.09,0,1.92,0,0.05,0.23,0.65,0.91,0.1,0,0,0.35,4.37,0,0,0.08,0,0.82,0,0,0.17,0,9.5,0.24,0,0.54,0.79,0.08,20.16,0,0,0.06,0,0,0,0.03,2.28,0,0,0,0.16,0.03,3.8,0,1.01,0.21,0.04,0.02,0,0,0,6.6,0,0.1,0.07,1.61,0,0.34,0.04,1.43
9/30/2016,0.02,0.04,0,0,0,0,0.19,0,1.74,0,0,0,0.08,0,0.42,0,0,0,0,0,0,0,0,1.06,0,0.01,0.17,0.37,0,0,0,0,0.26,2.07,0,1.91,0.02,0,0.45,0,0,0.12,0,6.89,0.16,0,0.3,0.41,0.08,8.7,0,0,0.01,0,0,0,0,1.09,0,0,0,0.08,0,2.14,0,0.52,0.17,0.03,0,0,0,0,3.41,0,0.99,0.03,0,0,0.16,0,0.77
10/31/2016,0.61,0.2,0,0,0.76,0,0.96,0,6.68,0,0,0.4,0.14,0.28,0.98,2.8,0,5.9,0,0.01,0,0,1.35,3.81,0,1.02,0.16,14.04,0.01,0,0,0,0,37.04,0,0,0.42,0,24.28,0,0,0.3,0,35.18,0.57,0.24,1.07,5.35,0.4,71.07,4.11,0,0.15,0,0.29,5.17,3.48,2.02,0,0,0,0.14,4.22,53.77,0,6.81,0.96,0.07,2.81,0,0,0,25.07,0,7.45,0.06,9.44,0,0.3,0,5.55
11/30/2016,1.07,0.14,0.04,0,0.92,0,0.7,0,2.28,0,0.01,0.43,0.19,0.46,1.12,1.23,0.01,11.12,0.01,0.07,0.03,0.02,2.61,4.63,0,2.2,0.2,7.34,0.17,0.02,0,0,0.24,15.95,0,0.33,0.55,0.79,10.74,0,0,0.05,0,27.09,1.05,0.29,1.3,2.04,0.29,42.15,4.21,0,0.12,0.15,0.18,3.27,1.29,2.69,0,0,0.04,0.19,1.51,30.48,0,2.59,1.07,0.01,1.01,0.01,0.01,0,12.8,0,3.2,0.09,1.42,0.01,0.4,0.01,2.81
12/31/2016,5.73,1.07,0.04,3.04,3.03,0.73,5.23,0,7.87,0,0.36,3.14,1.47,2.1,6.02,8.73,0.33,60.07,0.34,0.68,1.01,0.54,14.23,18.25,0,16.12,0.82,20,4.92,0.54,0,0,3.36,42.3,0,1.65,3.13,7.29,27.54,0,0,1.09,0.24,81.35,4.47,0.96,5.15,2.19,2.18,98.71,14.94,1.32,1.43,8.74,1.64,29.19,8.73,21,0,0,0.03,1.47,4.65,108.36,0,2.79,6.5,0.24,3.1,0.2,0.06,0,45.59,0,10.69,0.67,22.04,0.65,3.16,0.22,10.07
1/31/2017,25.99,3.36,18.33,24.01,10.06,17.61,16.41,4.37,16.59,24.17,7,25.69,13.11,7.33,19.34,10.47,6.49,279.47,6.69,10.77,19.55,10.36,52.36,54.43,7.56,78.83,8.57,53.05,95.39,10.44,0,8.46,81.31,109.95,8.48,0,17.07,79.01,62.08,3.18,8.04,13.57,5.72,364.19,30.47,3.18,15.35,4.21,6.83,495.09,40.34,42.36,25.12,64.54,3.99,70.88,14.81,187.31,9.64,22.78,5.63,13.11,9.42,426.36,7.66,5.36,40.82,3.08,6.28,18.79,6.57,7.08,70.59,12.86,22.84,5.96,139.64,4.82,28.15,4.21,15.58
2/28/2017,34.8,3.77,12.72,28.85,8.89,17.58,18.43,6.12,25.42,33.84,9.54,31.76,15.94,10.67,32.91,13.76,8.84,366.38,9.11,13.5,26.65,14.11,39.58,76.73,9.99,98.58,16.39,76.83,130,14.22,0,11.84,94.05,187.59,11.88,80.45,22.83,89.82,95.1,2.47,11.26,22.25,5.71,467.51,56.98,2.81,21.64,3.95,7.67,542.07,40.56,44.41,30.02,142.37,5.97,106.08,15.19,227.66,13.49,31.9,10.55,15.94,10.66,464.18,10.73,5.02,67.26,5.04,7.11,20.7,4.96,9.92,78.76,9.88,22.85,7.24,217.69,10.64,34.22,5.73,17.09
3/31/2017,10.58,0.31,1.57,4.26,13.53,2.2,1.5,0.28,15.48,1.56,2.4,3.76,3.08,4.06,16.63,8.82,2.22,103.96,2.29,1.35,6.69,3.54,6.81,47.53,2.31,23.47,11.16,39.45,32.63,3.57,0,0.55,24.88,119.28,0.55,196.26,6.96,12.11,55.6,0.12,0.52,6.74,0.71,223.31,20.73,4.27,13.41,3.66,0.62,338.58,13.48,8.16,4.88,42.64,2.66,47.22,12.26,44,0.62,1.47,1.68,3.08,7.75,183.94,0.49,4.66,22.28,1.53,5.17,3.74,0.37,0.46,54.56,0.56,16.21,1.4,57.29,3.19,6.61,1.44,12.35
4/30/2017,11.38,2.6,0.5,3.15,17.5,0.86,12.7,0.07,33.64,0.4,1.29,3.34,2.68,5.89,20.27,13.79,1.2,111.16,1.24,0.78,3.62,1.92,1.51,62.03,0.75,10.77,11.02,45.45,17.64,1.93,0,0.14,18.48,223.13,0.14,223.89,4.18,6.27,83.11,0.02,0.13,6.98,0.28,304.79,23.84,5.53,17.5,6.32,5.29,515.56,15.83,4.07,3.75,47.89,3.59,63.8,19.78,38.32,0.16,0.38,0.65,2.68,12.54,173.22,0.13,8.04,24.04,1.58,8.36,0.46,0.05,0.12,80.72,0.25,26.63,1.22,86.98,3.58,5.76,0.78,17.82
5/31/2017,5.1,1.98,0.02,0.69,3.25,0.12,9.65,0.03,52.95,0.19,0.56,0.26,0.79,2.8,9.36,24.42,0.51,49.67,0.53,0.03,1.55,0.82,0.26,116.56,0.45,4.09,1.44,63.89,7.57,0.83,0,0.07,7.26,345.13,0.07,66.72,1.65,0,123.8,0.01,0.06,8.32,0.04,472.38,10.72,1.03,32.88,21.45,4.02,825.8,25.05,2.1,0.79,54.39,3.78,67.11,43.61,11.3,0.08,0.18,0.17,0.79,29.99,235.38,0.06,27.3,9.71,1.89,20,0.04,0,0.06,155.65,0.26,56.51,0.36,25.24,4.06,1.7,0.33,34.35
6/30/2017,1.84,0.71,0,0.29,2.7,0.01,3.49,0,55.59,0,0.21,0,0.4,1.1,3.27,16.29,0.2,17.9,0.2,0.01,0.6,0.31,0.06,81.91,0.14,1.38,0.95,49.56,2.92,0.32,0,0,1.62,433.23,0,108.23,0.64,0,132.35,0,0,7.19,0,374.57,4.21,0.85,23.1,27.07,1.45,878.44,24.47,0.28,0.24,18.88,0.9,16,25.8,5.77,0,0,0.01,0.4,29.47,192.3,0,34.45,3.81,1.63,19.64,0.02,0,0,156.44,0,50.14,0.18,2.56,1.41,0.87,0.13,34.5
7/31/2017,0.51,0.23,0,0.09,6.13,0,1.14,0,26.29,0,0.04,0,0.27,0.38,0.89,1.8,0.03,4.79,0.03,0.01,0.1,0.04,0,20.59,0,0.2,0.39,18.39,0.49,0.05,0,0,0.91,195.57,0,39.68,0.22,0,50.48,0,0,0.36,0,123.3,2.51,1.93,5.81,15.59,0.47,419.74,6.1,0.01,0.07,0,0.2,3.53,3.11,3.79,0,0,0,0.27,8.21,87.92,0,19.84,1.94,0.08,5.47,0,0,0,40.29,0,11.15,0.12,10.83,0,0.57,0.02,8.87
8/31/2017,0.25,0.14,0,0,1.66,0,0.69,0,9.14,0,0.02,0,0.15,0.18,0.57,0.02,0.02,2.16,0.02,0.01,0.06,0.02,0,2.87,0,0.1,0.27,4.22,0.28,0.03,0,0,1.05,45.39,0,5.97,0.16,0,8.11,0,0,0.19,0,35.82,1.38,0.52,0.81,4.92,0.29,131.21,0,0,0.03,0,0.11,1.99,0.45,2.2,0,0,0,0.15,0.62,30.78,0,6.26,1.13,0.04,0.42,0.01,0,0,6.02,0,2.37,0.07,8.56,0,0.33,0.01,1.33
9/30/2017,0.23,0.11,0.01,0,0,0,0.54,0,6.19,0,0,0,0.09,0.16,0.59,0.01,0,1.9,0,0.01,0,0,0,0.9,0,0.1,0.2,2.49,0,0,0,0,0.95,17.07,0,2.7,0.16,0,3.3,0,0,0.28,0,14.97,0.77,0,0.25,2.36,0.22,47.23,0,0,0.02,0,0.1,1.85,0.35,1.29,0,0,0.01,0.09,0.31,19.72,0,3.01,0.83,0.06,0.21,0.02,0,0,3.58,0,1.65,0.04,6.67,0,0.19,0,0.81
10/31/2017,0.23,0.11,0.01,0.13,0.61,0,0.54,0,2.78,0,0.03,0,0.04,0.12,0.41,0.01,0.03,2.17,0.03,0,0.08,0.05,0.47,1,0,0.35,0.94,3.13,0.37,0.04,0,0,0.59,8.94,0,0,0.14,0.05,5.67,0,0,0.15,0,13,0.64,0.19,0.28,1.06,0.22,26.9,0,0,0.02,0,0.06,1,0.03,0.62,0,0,0.04,0.04,0.19,8.81,0,1.35,0.76,0.03,0.13,0.01,0,0,3.54,0,1.03,0.02,8.44,0,0.09,0.02,0.79
11/30/2017,0.93,0.25,0.04,0.1,1.51,0,1.24,0,3.62,0,0.05,0.16,0.76,0.41,1.22,4.21,0.05,9.42,0.05,0.34,0.14,0.08,2.13,7.06,0,2.11,6.74,11.92,0.69,0.08,0,0,1.02,24.44,0,0,0.47,3.43,16.16,0,0,0.51,0,22.56,1.59,0.48,1.99,2.2,0.52,38.12,6.55,0.01,0.51,0.69,0.35,6.14,4.58,10.83,0,0,0.04,0.76,2.78,40.68,0,2.8,1.62,0.12,1.86,0.06,0.01,0,24.39,0,6.3,0.34,7.67,0.05,1.63,0.03,5.38
12/31/2017,0.51,0.16,0.01,0.06,1.99,0,0.76,0,1.5,0,0.05,0,0.13,0.2,0.68,0.75,0.04,5.23,0.04,0.06,0.13,0.08,1.16,3.97,0.01,1.32,7.84,3.57,0.62,0.07,0,0,0.88,7.18,0,0,0.26,0.61,4.45,0,0,0.43,0,12.16,1.13,0.63,1.12,1.14,0.32,29.58,1.75,0.05,0.1,1.67,0.19,3.37,0.89,1.86,0,0,0.02,0.13,0.7,16.86,0,1.46,0.81,0.1,0.46,0.07,0.02,0,6.76,0,2.56,0.06,0,0.12,0.28,0.03,1.52
1/31/2018,1.93,0.4,0.1,0.21,1.9,0,1.94,0,2.22,0,0.12,2.13,0.55,0.65,2.39,3.09,0.11,19.69,0.11,0.41,0.33,0.18,4.22,7.92,0.16,5,10.37,7.6,1.62,0.18,0,0,1.26,15.21,0,0,1.3,2.85,8.63,0,0,0.63,0,28.49,2.28,0.6,2.24,1.33,0.81,45.64,5.87,0.36,0.64,2.79,0.57,10.15,4.18,7.81,0,0,0.02,0.55,2.34,45.98,0,1.69,2.12,0.14,1.56,0.12,0.05,0,20.75,0,5.16,0.25,9.58,0.21,1.17,0.07,4.57
2/28/2018,0.86,0.2,0.01,0.07,1.13,0.04,0.98,0,1.11,0,0.06,0.19,0.17,0.27,1.05,1.17,0.05,8.81,0.05,0.13,0.16,0.09,1.52,5.29,0.05,2.29,4.07,3.3,0.76,0.08,0,0,0.56,6.55,0,0,0.55,0.92,3.68,0,0,0.35,0.01,15.42,1.38,0.36,1.49,0.98,0.41,30.5,2.91,0.22,0.21,0.66,0.2,3.64,1.73,2.38,0,0,0.06,0.17,1.04,20.88,0,1.24,0.83,0.08,0.7,0.09,0.04,0,10.56,0,2.68,0.08,2.97,0.05,0.36,0.03,2.29
3/31/2018,10.98,1.61,0.53,20.34,4.88,11.44,7.84,0.16,8.25,0.91,2.07,10.83,3.74,3.67,10.22,5.87,1.92,115.84,1.98,2.84,5.79,3.07,15.22,25.44,0.16,29.08,4.43,37.26,28.23,3.09,0,0.32,14.74,81.78,0.32,1.39,6.86,19.65,42.42,0.32,0.3,5.18,3.72,179.83,12.52,1.54,7.18,2.12,3.26,211.33,13.4,17.21,4.4,26.6,1.98,35.22,9,53.36,0.36,0.86,4.4,3.74,4.91,194.14,0.29,2.7,14.78,1.17,3.27,0.93,0.36,0.27,46.76,0.23,11.93,1.7,55.57,1.99,8.02,1.24,10.47
4/30/2018,7.38,2.43,0.05,2.01,8.62,1.15,11.89,0.01,27.4,0.04,0.46,4.25,1.31,3.37,14.23,14.45,0.43,70.1,0.44,0.69,1.29,0.68,3.57,59.94,0.1,12.37,2.4,50.56,6.28,0.69,0,0.01,3.28,206.64,0.01,0.14,4.09,5.07,81.11,0.01,0.01,4.77,0.37,251.49,11.74,2.72,16.91,9.44,4.95,390.45,12.7,3.23,1.25,33.85,2.9,51.45,23.47,18.66,0.02,0.04,0.74,1.31,14.12,135.32,0.01,12.01,10.7,1.08,9.41,0.3,0.04,0.01,95.06,0.01,29.48,0.59,26.35,2.53,2.8,0.28,20.89
5/31/2018,1.71,0.55,0.01,1.21,7.27,0.23,2.71,0,24.52,0,0.12,0.12,0.36,1.01,3.88,6.69,0.11,15.78,0.12,0.11,0.34,0.18,0.12,30.62,0.02,1.26,1.37,28.49,1.65,0.18,0,0,0.4,198.49,0,1.54,0.57,0.91,63.69,0,0,3.7,0.07,148.1,4.05,2.3,8.64,11.72,1.13,317.69,5.86,1.22,0.31,6.78,0.63,11.19,8.2,5.16,0,0,0.02,0.36,12.27,57.34,0,14.91,3.15,0.84,8.18,0.02,0,0,69.26,0,18.07,0.16,6.71,0.51,0.78,0.07,15.28
6/30/2018,0.57,0.21,0.17,0.11,3.24,1.54,1.01,0,14.28,0,0.02,0,0.21,0.36,1.32,0.89,0.02,5.22,0.02,0.01,0.06,0.02,0.02,11.78,0,0.4,0.45,10.32,0.28,0.03,0,0,0.77,95.53,0,0,0.17,0,26.54,0,0,0.4,0.5,60.44,1.47,1.02,3.32,7.33,0.42,189.9,2.22,0.08,0.14,0,0.16,2.82,0.91,2.99,0,0,0.02,0.21,3.53,22.41,0,9.33,1.59,0.09,2.36,0,0,0,17.65,0,4.44,0.1,11.71,0,0.45,0.01,3.9
7/31/2018,0.19,0.1,0.17,0,0.86,0,0.5,0,5.1,0,0.05,0,0.14,0.13,0.41,0.03,0.04,1.8,0.04,0,0.13,0.05,0.01,2.17,0,0.13,0.27,2.07,0.62,0.07,0,0,0.23,21.98,0,0,0.08,0,5.44,0,0,0.11,0,24.79,0.71,0.27,0.61,2.26,0.21,79.42,0,0,0.06,0,0.14,2.48,0.13,1.93,0,0,0.01,0.14,0.18,5.32,0,2.87,0.81,0.03,0.12,0,0,0,4.7,0,1.65,0.06,4.9,0,0.29,0.03,1.01
8/31/2018,0.14,0.08,0,0,0.76,0,0.39,0,2.97,0,0.09,0,0.05,0.12,0.32,0,0.08,1.29,0.08,0,0.24,0.12,0,0.54,0,0.05,0.19,1.25,1.19,0.13,0,0,0.46,12.8,0,0,0.06,0,2.16,0,0,0.09,0,10.67,0.45,0.24,0.15,0.69,0.16,31.7,0,0,0.01,0,0.13,2.39,0.02,0.65,0,0,0.01,0.05,0.24,6.07,0,0.88,0.41,0.02,0.16,0,0,0,4.9,0,0.8,0.02,1.49,0,0.1,0.05,1.09
9/30/2018,0.11,0.05,0.01,0,0.4,0,0.26,0,2.13,0,0,0,0.06,0.09,0.35,0,0,0.89,0,0,0,0,0,0.16,0,0.04,0.15,1.21,0,0,0,0,0.4,8.63,0,0,0.08,0,1.54,0,0,0.03,0,7.22,0.3,0.13,0.05,0.44,0.11,9.58,0,0,0.01,0,0.05,0.94,0,0.86,0,0,0.01,0.06,0.01,6.9,0,0.55,0.3,0,0.01,0,0,0,1.41,0,0.22,0.03,0,0,0.13,0,0.3
10/31/2018,0.14,0.08,0.01,0,0.42,0,0.37,0,1.82,0,0,0,0.06,0,0.26,0.01,0,1.36,0,0,0,0,0.3,0.22,0,0.22,0.15,1.26,0,0,0,0,0.11,4.66,0,0,0.1,0,2.84,0,0,0.11,0,5.69,0.81,0.13,0.06,0.47,0.15,15.88,0,0,0.06,0,0.07,1.22,0.05,0.83,0,0,0.02,0.06,0.01,5.36,0,0.6,0.47,0.03,0.01,0.01,0,0,1.44,0,0.91,0.03,0,0,0.12,0,0.32
11/30/2018,0.31,0.13,0.06,0.33,0.79,0.36,0.65,0,2.47,0,0.05,0.27,0.22,0,0.46,0.2,0.04,3.23,0.05,0.08,0.13,0.07,0.68,0.69,0,0.51,0.2,2.62,0.65,0.07,0,0,0.87,7.66,0,0,0.2,0.86,4.88,0,0,0.25,0.12,10.91,0.66,0.25,0.19,0.44,0.27,19.22,0.65,0.2,0.13,0,0.06,1.15,0.41,3.12,0,0,0.09,0.22,0.34,9.51,0,0.55,0.94,0.05,0.22,0.05,0.01,0,2.85,0,1.63,0.1,9.45,0,0.47,0.03,0.59
12/31/2018,0.63,0.19,0.3,1.26,0.73,1.23,0.91,0,1.69,0,0.09,0.5,0.27,0.21,0.71,0.72,0.08,6.62,0.09,0.12,0.25,0.14,1.55,2.8,0,1.32,1.25,5.42,1.22,0.13,0,0,1.21,11.74,0,0,0.33,1.28,8.03,0,0,0.43,0.4,15.4,1.06,0.23,0.79,0.58,0.38,31.41,2.98,1.31,0.16,0.1,0.13,2.32,0.7,3.82,0,0,0.15,0.27,0.56,16.44,0,0.74,1.14,0.1,0.37,0.08,0.02,0,5.39,0,1.17,0.12,4.28,0.01,0.57,0.05,1.18
1/31/2019,4.31,0.72,0.57,4.96,2.51,4.11,3.5,1.14,5.46,6.31,0.77,5.16,2.38,1.42,4.73,1.17,0.72,44.99,0.74,1.28,2.16,1.15,10.47,5.25,0.42,11.94,7.05,13.15,10.52,1.15,0,2.21,6.52,27.6,2.22,0,2.5,12.24,18.16,1.06,2.1,2.06,1.33,56.7,6.63,0.79,1.48,0.76,1.46,81.67,6.47,6.78,2.82,6.21,0.71,12.53,1.83,34.06,2.52,5.95,0.73,2.38,1.38,58.83,2,0.97,7.64,0.47,0.92,1.4,0.31,1.85,14.44,3.69,3.52,1.08,37.09,0.46,5.12,0.46,3.24
2/28/2019,13.37,1.62,10.67,18.42,5.08,11.42,7.9,2.21,8.47,12.21,4.52,15.91,8.73,5.89,10.19,2.42,4.19,141.61,4.32,7.82,12.63,6.69,26.37,16.63,3.12,39.3,10.35,30.72,61.59,6.74,0,4.27,43.75,63.02,4.29,0,8.56,53.96,36.5,0.94,4.06,4.14,3.71,218.42,18.52,1.6,4.69,1.43,3.29,211.45,13.04,32.27,17.2,30.71,1.57,27.83,5.37,124.74,4.87,11.51,5.78,8.73,3.22,211.22,3.87,1.82,25.59,0.94,2.14,9.62,3.5,3.58,31.4,3.76,9.05,3.97,96.68,2.3,18.75,2.72,6.92
3/31/2019,16.39,2.69,2.2,9.13,6.43,5.29,13.12,0.7,10.1,3.87,2.62,12.75,6.02,3.61,14.49,3.59,2.42,175.08,2.5,4.68,7.31,3.88,20.5,26.35,1.48,47.45,4.02,33.35,35.66,3.9,0,1.36,31.75,69.43,1.36,0.87,10.67,30.72,37.5,0.32,1.29,7.47,1.72,186.32,28.75,2.03,7.43,1.09,5.46,259.93,20.57,10.64,9.75,49.13,2.21,39.29,3.75,86,1.54,3.65,2.08,6.02,3.21,222.69,1.23,1.39,33.33,1.69,2.14,6.76,1.45,1.14,29.91,1.26,7.19,2.73,124.96,3.67,12.93,1.57,6.61
4/30/2019,10.09,3.94,0.19,2.28,8.7,0.93,19.26,0.12,19.43,0.68,0.81,1.61,1.64,2.96,15.37,16.07,0.75,100.38,0.78,0.7,2.27,1.19,6.93,75.02,0.48,22.68,2.9,46.39,11.06,1.21,0,0.24,10.71,131.02,0.24,4.85,6.77,6.28,62.13,0.06,0.23,2.37,0.3,254.27,21.56,2.75,21.16,6.47,8.02,388.22,21.42,3.46,2.39,48.16,3.7,65.67,24.59,23.36,0.27,0.64,0.86,1.64,12.46,209.58,0.22,8.23,22.82,0.54,8.31,1.79,0.18,0.2,93.99,0.22,27.32,0.74,49.26,3.6,3.51,0.49,20.81
5/31/2019,7.24,3,0.06,1.69,10.52,0.58,14.63,0.06,35.36,0.31,0.58,0.8,1.24,4.12,13.42,17.3,0.54,69.6,0.56,0.45,1.63,0.86,1.55,74.87,0.37,8.18,1.11,52,7.95,0.87,0,0.11,7,248.85,0.11,38.35,2.89,3.87,92.85,0.02,0.1,4.31,0.19,330.74,14.57,3.32,21.12,11.8,6.09,566.11,16.31,0.74,1.72,32.97,3.6,63.9,31.38,17.72,0.12,0.29,0.34,1.24,16.96,171.49,0.1,15.02,15.38,0.97,11.31,0.23,0.03,0.09,131.48,0.24,36.14,0.56,17.5,2.46,2.66,0.35,29.01
6/30/2019,3.87,1.75,0.01,0.27,3.33,0.04,8.56,0,52.9,0,0.24,0.03,0.6,2.4,7.52,21.09,0.22,36.99,0.23,0.03,0.66,0.34,0.23,79.88,0.04,3.05,0.55,53.41,3.21,0.35,0,0,1.74,385.27,0,82.9,1.27,0,123.83,0,0,2.11,0.01,369.21,7.56,1.05,22.53,20.3,3.56,756.8,20.51,0.04,0.64,48.91,2.38,42.24,29.22,8.63,0,0,0.11,0.6,31.61,167.68,0,25.84,6.94,0.48,21.07,0.02,0,0,150.55,0,41.95,0.27,3.63,3.66,1.3,0.14,33.17
7/31/2019,0.82,0.36,0.03,0.06,2.4,0,1.77,0,20.66,0,0.1,0,0.51,0.55,1.54,2.42,0.1,7.85,0.1,0.01,0.29,0.13,0.03,17.64,0,0.59,0.33,13.89,1.42,0.16,0,0,0.47,140.9,0,5.87,0.29,0,37.25,0,0,0,0,104.01,2.61,0.76,4.98,11.9,0.74,351.91,4.94,0,0.33,0,0.32,5.74,3.52,7.31,0,0,0.02,0.51,8.37,52.6,0,15.15,2.83,0,5.58,0.01,0,0,42.77,0,8.75,0.23,2.88,0,1.1,0.06,9.46
8/31/2019,0.35,0.18,0.03,0.01,0,0,0.88,0,6.55,0,0.05,0,0.2,0.27,0.67,0.05,0.04,3.31,0.04,0.01,0.13,0.06,0,2.98,0,0.15,0.23,2.73,0.64,0.07,0,0,1.26,29.09,0,6.1,0.16,0,5.58,0,0,0.26,0,26.41,1.71,0,0.84,3.01,0.37,85.74,1.92,0,0.04,3.19,0.18,3.15,0.11,2.8,0,0,0.01,0.2,0.59,16.11,0,3.84,1.35,0.06,0.39,0,0,0,3.77,0,1.01,0.09,3.7,0.24,0.42,0.03,0.84
9/30/2019,0.26,0.13,0.12,0.01,0,0,0.64,0,3.74,0,0,0,0.05,0.19,0.68,0.01,0,2.19,0,0,0,0.1,0,0,0,0.11,0.17,1.96,0,0,0,0,0.81,14.37,0,0,0.18,0,2.57,0,0,0.15,0,13.85,1.29,0,0,0.86,0.27,34.36,1.78,0,0.01,1.52,0.16,2.77,0.12,0.76,0,0,0.01,0.05,0,14.01,0,1.09,0.89,0.03,0,0.01,0,0,2.09,0,0.04,0.02,2.33,0.11,0.11,0,0.45
10/31/2019,0.25,0.11,0,0.14,0.15,0,0.55,0,1.79,0,0,0,0.06,0.14,0.09,0.01,0,2.75,0,0.01,0,0.32,0.5,1.95,0,0.38,0.12,3.52,0,0,0,0,0.46,8.67,0,0,0.14,0.14,5.61,0,0,0.24,0,12.66,1.01,0.05,0.55,0.48,0.23,16.29,0.78,0,0.02,0.48,0.13,2.29,0,0.85,0,0,0.02,0.06,0,5.85,0,0.61,0.92,0.06,0,0,0,0,2.27,0,0.48,0.03,0,0.04,0.13,0,0.44
11/30/2019,0.26,0.11,0,0.12,0.1,0,0.52,0,1.1,0,0.03,0,0.12,0.13,0.4,0.01,0.03,2.52,0.03,0.04,0.08,0,0.55,1.96,0,0.5,0.28,2.06,0.37,0.04,0,0,0.96,4.14,0,0,0.13,0.48,2.78,0,0,0.12,0,7.14,1.04,0.03,0.55,0.41,0.22,13.24,1.27,0,0.04,2.46,0.09,1.57,0.2,1.69,0,0,0.02,0.12,0,3.65,0,0.52,1.01,0.03,0,0.03,0.01,0,1.03,0,1.03,0.05,0,0.18,0.25,0.02,0.25
12/31/2019,1.43,0.5,1.18,1.07,1.93,0.57,2.45,0,3.73,0,0.2,2.1,0.91,0.58,2.14,0.56,0.18,14.17,0.19,0.49,0.55,0.02,2.97,3.74,0.03,3.21,0.58,9.31,2.67,0.29,0,0,2.6,18.01,0,0,0.85,4.16,11.15,0,0,1.44,0.19,32.76,4.48,0.61,1.06,0.66,1.02,44.35,2.83,1.26,0.64,5.96,0.37,6.55,0.99,12.94,0,0,0.21,0.91,0.83,32.8,0,0.84,5.03,0.33,0.55,0.38,0.17,0,9.64,0,2.93,0.41,25.74,0.45,1.94,0.12,2.12
1/31/2020,0.9,0.31,0,0.33,1.32,0.18,1.5,0.01,1.3,0.07,0.11,0.65,0.37,0.32,1.21,0.73,0.11,9.15,0.11,0.27,0.32,0.04,1.49,4.73,0.08,2.11,0.26,4.12,1.56,0.17,0,0.03,1.38,7.94,0.03,0,0.56,1.97,4.48,0.13,0.02,0.6,0.06,17.73,2.26,0.42,1.33,0.47,0.62,31.95,1.97,0.88,0.36,5.84,0.31,5.44,1.03,5.31,0.03,0.07,0.06,0.37,0.51,19.29,0.02,0.6,2.38,0.14,0.34,0.16,0.08,0.02,6.26,0,2.29,0.17,5.05,0.44,0.8,0.07,1.36
2/29/2020,0.76,0.36,0,0.32,0.92,0.03,1.78,0,1.35,0,0.08,0.25,0.23,0.28,0.65,1.54,0.07,8.12,0.07,0.17,0.22,0.02,1.24,6.31,0.05,1.78,1.04,3.87,1.06,0.12,0,0,0.99,7.27,0,0,0.43,1.2,4,0,0,0.35,0.01,16.6,1.71,0.29,1.78,0.74,0.74,32.4,2.3,0.23,0.22,2.96,0.29,5.12,2.35,3.23,0,0,0.01,0.23,0.99,20.5,0,0.95,1.51,0.08,0.66,0.18,0.07,0,7.34,0,3.42,0.1,5.31,0.22,0.49,0.05,1.7
3/31/2020,2.88,0.42,0,1.01,1.36,0.18,2.07,0.01,3.08,0.03,0.24,3.09,1.66,0.98,3.2,2.39,0.22,29.71,0.23,1.27,0.66,0.03,4.19,8.72,0.16,6.86,1.59,10.64,3.21,0.35,0,0.01,2.54,20.58,0.01,0,1.92,8.92,11.06,0.03,0.01,1.06,0.06,42.09,4.27,0.43,2.46,0.96,0.86,53.07,4.01,1.3,1.63,6.29,0.5,8.96,4.18,23.77,0.01,0.03,0.04,1.66,1.82,47.76,0.01,1.22,4.89,0.24,1.22,0.33,0.1,0.01,15.24,0,4.77,0.76,24.25,0.47,3.57,0.14,3.38
4/30/2020,5.63,1.48,0.02,3.87,4.12,1.32,7.25,0.02,15.24,0.14,0.34,2.84,1.88,2.41,9.34,8.59,0.32,54.91,0.33,1.1,0.96,0.03,4.35,27.77,0.22,11.34,0.96,33.98,4.69,0.51,0,0.05,3.09,104.02,0.05,0,3.36,7.67,45.3,0.11,0.05,1.53,0.43,135.48,9.08,1.3,7.83,4.82,3.02,203.84,5.35,2.23,1.46,21.43,1.91,33.92,15.83,26.89,0.05,0.13,0.16,1.88,8.99,77.94,0.04,6.13,10.85,0.34,5.99,0.26,0.04,0.04,57.37,0,17.29,0.86,35.47,1.6,4.04,0.21,12.72
5/31/2020,2.12,0.94,0,0.14,3.47,0,4.59,0,26.59,0,0.11,0.06,0.36,1.3,5.55,10.02,0.1,18.75,0.11,0.13,0.31,0.21,0.29,25.81,0.01,1.7,0.14,32.33,1.5,0.16,0,0,0,194.58,0,2.4,0.74,1.12,64.43,0,0,1.11,0,161.59,3.71,1.1,7.28,9.23,1.91,322.62,1.9,0.04,0.26,11.25,1.55,27.46,16.6,5.11,0,0,0.01,0.36,14.17,23.75,0,11.75,4.73,0.25,9.45,0,0,0,94.81,0,20.23,0.16,6.79,0.84,0.77,0.07,20.92
6/30/2020,0.57,0.25,0,0,1.81,0,1.22,0,10.99,0,0.09,0.01,0.17,0.37,1.56,1.24,0.08,5,0.08,0.01,0.24,2.34,0.02,8.1,0,0.36,0.11,6.53,1.16,0.13,0,0,0.43,59.25,0,5.15,0.17,0,16.11,0,0,0.31,0,42.97,1.9,0.57,2.29,4.69,0.51,131,1.38,0,0.09,1.9,0.24,4.18,1.59,2.39,0,0,0,0.17,2.77,3.02,0,5.97,1.48,0.07,1.85,0,0,0,21.66,0,4.14,0.08,2.23,0.14,0.36,0.05,4.76
7/31/2020,0.23,0.11,0,0,0.74,0,0.52,0,2.87,0,0.07,0,0.09,0.17,0.63,0.05,0.07,2.04,0.07,0,0.21,2.48,0.01,2.75,0,0.15,0.02,1.73,1,0.11,0,0,0.06,17.39,0,1.4,0.07,0,3.84,0,0,0.19,0,19.62,1.4,0.23,0.78,1.27,0.22,40,0,0,0.04,0,0.1,1.72,0.15,1.34,0,0,0,0.09,0.24,2.28,0,1.61,0.49,0.04,0.16,0,0,0,5.28,0,1.12,0.04,0,0,0.2,0.04,1.16
8/31/2020,0.13,0.06,0,0,0.47,0,0.3,0,0.89,0,0.06,0,0.1,0.11,0.32,0.01,0.05,1.12,0.05,0,0.16,2.27,0,2.02,0,0.06,0.08,1.01,0.77,0.08,0,0,0.56,7.48,0,2.57,0.05,0,1.25,0,0,0.12,0,8.79,0.4,0.15,0.57,0.58,0.12,19.41,0,0,0.02,0,0.08,1.5,0.11,1.44,0,0,0,0.1,0.1,3.8,0,0.74,0.33,0.03,0.07,0,0,0,2.68,0,1.31,0.05,0,0,0.22,0.03,0.58
9/30/2020,0.08,0.05,0,0,0.45,0,0.25,0,1.9,0,0,0,0.06,0.07,0.29,0,0,0.6,0,0,0.01,0.3,0,0.42,0,0.03,0.07,0,0.06,0.01,0,0,0.29,0,0,0,0.05,0,0,0,0,0.33,0,9.47,0.58,0.14,0.12,0.32,0.1,9.58,0,0,0.01,0,0.03,0.52,0.04,0.84,0,0,0,0.06,0.03,0,0,0.4,0.29,0.08,0.02,0,0,0,1.52,0,0.42,0.03,0,0,0.13,0,0.31
10/31/2020,0.09,0.06,0,0,0.25,0,0.28,0,1.54,0,0,0.01,0.01,0.07,0.27,0,0,0.77,0,0,0,0,0.13,0.44,0,0.08,0.39,0.8,0,0,0,0,0.2,2.64,0,0,0.05,0,1.59,0,0,0.1,0,5.55,0.24,0.08,0.12,0.19,0.12,0,0.1,0,0,0,0.11,1.89,0,0.12,0,0,0,0.01,0,0.62,0,0.24,0.29,0.02,0,0,0,0,1.18,0,0.8,0,0,0,0.02,0,0.21
11/30/2020,0.19,0.08,0,0,0,0,0.41,0,0.73,0,0,0.06,0.03,0.12,0.46,0.02,0,1.75,0,0.01,0,0,0.29,0,0,0.21,0.54,0.19,0,0,0,0,0.33,0.41,0,0,0.08,0.07,0.27,0,0,0.17,0,5.02,0.43,0,0,0.2,0.17,5.11,0.6,0,0,0.36,0.02,0.36,0.17,0.39,0,0,0,0.03,0,0.13,0,0.26,0.6,0.04,0,0,0,0,2.15,0,0.18,0.01,0.78,0.03,0.06,0,0.5
12/31/2020,0.26,0.1,0,0,0.52,0,0.49,0,0.74,0,0.02,0.28,0.11,0.15,0.61,0.13,0.02,2.38,0.02,0.03,0.05,0,0.38,1.8,0,0.31,2.26,2.83,0.24,0.03,0,0,0.68,5.49,0,0,0.13,0.32,3.71,0,0,0.22,0,6.26,0.61,0.16,0.51,0.32,0.2,14.66,0.63,0,0,1.08,0.03,0.5,0.27,1.51,0,0,0,0.11,0.08,1.76,0,0.41,0.83,0.05,0.05,0,0,0,2.4,0,0.24,0.05,0.76,0.08,0.23,0.01,0.54
1/31/2021,0.91,0.11,0.14,2.22,0.58,1.02,0.55,0.15,1.63,0.81,0.21,2.63,0.87,0.46,1.71,0.45,0.19,8.64,0.2,0.4,0.58,0,1.12,1.51,0.35,1.05,1.17,2.9,2.81,0.31,0,0.28,1.99,5.42,0.28,0,0.49,3.13,3.49,0.32,0.27,0.18,0.33,20.31,1.01,0.18,0.42,0.4,0.23,25.12,0.77,1.22,0,2.06,0.08,1.51,0.98,12.44,0.32,0.76,0.14,0.87,0.28,5.18,0.26,0.51,1.73,0.04,0.18,0,0,0.24,2.72,0.19,0.8,0.4,12.43,0.15,1.87,0.12,0.61
2/28/2021,1.15,0.2,0.06,0.36,0.72,0.01,0.97,0,1.49,0.01,0.11,1.35,0.46,0.55,1.92,1.12,0.1,11.21,0.1,0.24,0.3,0,1.19,3.51,0,1.39,1.87,5.83,1.44,0.16,0,0,1.87,10.81,0,0,0.68,1.76,6.41,0,0,0.75,0,21.11,1.72,0.23,0.99,0.48,0.4,40.92,1.64,0.4,0,3.54,0.21,3.65,1.25,6.57,0,0.01,0.02,0.46,0.84,16.12,0,0.61,1.64,0.17,0.56,0,0,0,7.5,0,1.42,0.21,10.06,0.26,0.99,0.06,1.65
3/31/2021,1.54,0.37,0,0.46,1.09,0.04,1.82,0,2.47,0,0.13,1.24,0.54,0.83,2.95,1.78,0.12,14.63,0.12,0.24,0.35,0,1.01,6.81,0,1.77,1.33,9.22,1.71,0.19,0,0,2.54,16.79,0,2.79,0.8,1.67,9.19,0,0,0.73,0.01,30.53,2.58,0.34,1.92,0.77,0.76,61.6,2.12,0.71,0,4.75,0.4,7.07,2.61,7.73,0,0,0.04,0.54,1.42,33.23,0,0.98,2.48,0.17,0.95,0,0,0,11.1,0,3.07,0.25,10.48,0.35,1.16,0.08,2.46
4/30/2021,1.26,0.58,0,0.12,1.82,0,2.83,0,10.41,0,0.05,0.43,0.24,0.82,4.61,7.29,0.05,9.59,0.05,0.08,0.14,0,0.4,15.73,0,1,0.33,28.67,0.68,0.07,0,0,0.33,79.56,0,3.84,0.62,0.63,35.33,0,0,0.35,0,89.1,1.89,0.57,4.44,3.94,1.18,143.95,0,0.1,0,7.52,0.82,14.59,12.52,3.48,0,0,0.01,0.24,6.96,39.36,0,5.02,1.52,0.08,4.64,0,0,0,44.55,0,15.77,0.11,9.35,0.56,0.52,0.03,9.93
5/31/2021,0.6,0.25,0,0.02,1.5,0,1.23,0,15.34,0,0,0.3,0.19,0.49,2.47,4.74,0,4.35,0,0.05,0.01,0,0.03,13.77,0,0.23,0.1,25.92,0.06,0.01,0,0,0,150.76,0,1.61,0.18,0.44,49.57,0,0,0.14,0,88.08,0.63,0.47,3.88,6.91,0.51,184.03,0,0.01,0,6.06,0.35,6.21,6.96,2.66,0,0,0,0.19,7.82,0,0,8.79,0.54,0.03,5.21,0,0,0,50.78,0,11.23,0.08,4.38,0.45,0.4,0,11.14
6/30/2021,0.2,0.07,0,0,0.01,0,0.33,0,5.95,0,0,0.06,0.08,0.17,0.84,0.27,0,1.44,0,0.01,0,0.3,0,4.35,0,0.08,0.02,4.07,0,0,0,0,0.54,36.37,0,4.5,0.05,0.04,9.64,0,0,0.16,0,21.24,1.13,0,1.23,3.06,0.14,57.06,0,0,0,0,0.07,1.3,0.43,1.2,0,0,0,0.08,0.73,0,0,3.9,0.4,0.04,0.48,0,0,0,7.83,0,2,0.04,1.78,0,0.18,0,1.7
7/31/2021,0.07,0.03,0,0,0.34,0,0.15,0,0.67,0,0,0.02,0.05,0.06,0.27,0.02,0,0.47,0,0,0,0.39,0,2.52,0,0.03,0,0.93,0,0,0,0,0.65,9.06,0,4.49,0.02,0,2.22,0,0,0.1,0,11.56,0.95,0.11,0.71,0.79,0.06,25.02,0,0,0,0.16,0.03,0.47,0.15,0.71,0,0,0,0.05,0.13,0,0,1,0.12,0.02,0.09,0,0,0,1.89,0,1.04,0.02,0,0.01,0.11,0,0.46
8/31/2021,0.05,0.02,0,0,0,0,0.1,0,2.5,0,0,0.01,0.04,0.05,0.18,0,0,0.35,0,0,0,0,0,0,0,0.02,0,0.58,0,0,0,0,0.21,5.43,0,0.76,0.02,0,0.78,0,0,0.14,0,5.72,0.18,0,0,0.41,0.04,9.77,0,0,0,0,0,0.04,0.03,0.62,0,0,0,0.04,0.01,0.67,0,0.53,0.06,0.03,0.01,0,0,0,2.29,0,0.13,0.02,5.1,0,0.09,0,0.45
9/30/2021,0.04,0.02,0,0,0,0,0.11,0,3.26,0,0,0,0.03,0.05,0.23,0,0,0.24,0,0,0,0,0,0,0,0.01,0.01,0.55,0,0,0,0,0.05,3.41,0,0,0.02,0,0.63,0,0,0.08,0,3.08,0.11,0,0,0.25,0.05,0,0,0,0,0,0.18,3.27,0,0.46,0,0,0,0.03,0.04,1.1,0,0.31,0.06,0.02,0.02,0,0,0,1.75,0,0.89,0.01,0,0,0.07,0,0.38
