,11317000,11318500,11315000,MKM,EBMUD_11319500,11319500,11313500,11315600,11315400,PGE_OLD_RES,11315900,11314500,11314000,11315030,LB_HIST_EVAP,SS_HIST_EVAP,SS_STORAGE,LB_STORAGE_V1,LB_STORAGE_V2,11316600,11316605,11316610,NHGAN_STORAGE,OHGAN_STORAGE,11308000,11306000,11306500,11309500,USACE_NH_RELEASE,MOK_RIV_DIV,11323500,11335000,CMP001_EXPORT,JNKSN_STORAGE,11332500,11333000,11331500,11326300,11327000,11335700
9/30/1921,,,,,,,0,0,-901,10.84,,,,,,,0,0,0,,,,,-901,,,,,,,,,,-901,,,,,,
10/31/1921,0.201064463,-901,-901,2.3,-901,-901,0,0,-901,5.27,-901,-901,0,-901,0,0,0,0,0,-901,-901,-901,-901,-901,-901,-901,-901,0,-901,0.71,2.334049571,0.443940496,-901,-901,-901,-901,-901,-901,-901,-901
11/30/1921,0.278479339,-901,-901,2.4,-901,-901,0,0,-901,2.53,-901,-901,0,-901,0,0,0,0,0,-901,-901,-901,-901,-901,-901,-901,-901,0.081520661,-901,0.621,2.415214866,1.142479339,-901,-901,-901,-901,-901,-901,-901,-901
12/31/1921,1.586380165,-901,-901,11.5,-901,-901,0,0,-901,2.65,-901,-901,0,-901,0,0,0,0,0,-901,-901,-901,-901,-901,-901,-901,-901,13.68099174,-901,0.495,11.49830576,13.82241322,-901,-901,-901,-901,-901,-901,-901,-901
1/31/1922,2.04753719,-901,-901,21.5,-901,-901,0,0,-901,4.38,-901,-901,0,-901,0,0,0,0,0,-901,-901,-901,-901,-901,-901,-901,-901,14.98452893,-901,0.572,21.48613219,17.62234711,-901,-901,-901,-901,-901,-901,-901,-901
2/28/1922,7.44753719,-901,-901,59.9,-901,-901,0,0,-901,5.01,-901,-901,0,-901,0,0,0,0,0,-901,-901,-901,-901,-901,-901,-901,-901,108.7418182,-901,0.272,59.88249574,104.5209917,-901,-901,-901,-901,-901,-901,-901,-901
3/31/1922,7.685950413,-901,-901,57.4,-901,-901,0,0,-901,5.66,-901,-901,0,-901,0,0,0,0,0,-901,-901,-901,-901,-901,-901,-901,-901,41.88535537,-901,0.371,57.52810731,69.78842975,-901,-901,-901,-901,-901,-901,-901,-901
4/30/1922,12.04363636,-901,-901,108.3,-901,-901,0,0,-901,6.46,-901,-901,0,-901,0,0,0,0,0,-901,-901,-901,-901,-901,-901,-901,-901,28.88330579,-901,0.453,107.8249006,83.90082645,-901,-901,-901,-901,-901,-901,-901,-901
5/31/1922,18.39709091,-901,-901,334.2,-901,-901,0,0,-901,19.99,-901,-901,0,-901,0,0,0,0,0,-901,-901,-901,-901,-901,-901,-901,-901,9.124760331,-901,0.805,332.0414456,97.39636364,-901,-901,-901,-901,-901,-901,-901,-901
6/30/1922,5.563636364,-901,-901,283.8,-901,-901,0,0,-901,24.84,-901,-901,0,-901,0,0,0,0,0,-901,-901,-901,-901,-901,-901,-901,-901,2.380165289,-901,0.788,285.5454374,32.68561983,-901,-901,-901,-901,-901,-901,-901,-901
7/31/1922,0.971504132,-901,-901,39.8,-901,-901,0,0,-901,24.49,-901,-901,0,-901,0,0,0,0,0,-901,-901,-901,-901,-901,-901,-901,-901,0.390446281,-901,0.917,39.79609082,4.224198347,-901,-901,-901,-901,-901,-901,-901,-901
8/31/1922,0.341256198,-901,-901,3.1,-901,-901,0,0,-901,16.63,-901,-901,0,-901,0,0,0,0,0,-901,-901,-901,-901,-901,-901,-901,-901,0.003996694,-901,0.884,3.169454523,0.75014876,-901,-901,-901,-901,-901,-901,-901,-901
9/30/1922,0.176727273,-901,-901,1.1,-901,-901,0,0,-901,9.38,-901,-901,0,-901,0,0,0,0,0,-901,-901,-901,-901,-901,-901,-901,-901,0,-901,0.718,1.084528909,0.237421488,-901,-901,-901,-901,-901,-901,-901,-901
10/31/1922,0.308052893,-901,-901,3.5,-901,-901,0,0,-901,4.2,-901,-901,0,-901,0,0,0,0,0,-901,-901,-901,-901,-901,-901,-901,-901,0.231808264,-901,0.668,3.481388412,1.131371901,-901,-901,-901,-901,-901,-901,-901,-901
11/30/1922,0.874710744,-901,-901,10.6,-901,-901,0,0,-901,3.6,-901,-901,0,-901,0,0,0,0,0,-901,-901,-901,-901,-901,-901,-901,-901,5.545785124,-901,0.543,10.65374378,11.9722314,-901,-901,-901,-901,-901,-901,-901,-901
12/31/1922,6.161057851,-901,-901,60.3,-901,-901,0,0,-901,4.46,-901,-901,0,-901,0,0,0,0,0,-901,-901,-901,-901,-901,-901,-901,-901,64.25454545,-901,0.342,60.04563623,104.16,-901,-901,-901,-901,-901,-901,-901,-901
1/31/1923,4.021289256,-901,-901,46.6,-901,-901,0,0,-901,4.87,-901,-901,0,-901,0,0,0,0,0,-901,-901,-901,-901,-901,-901,-901,-901,33.22790083,-901,0.221,46.86967758,76.2446281,-901,-901,-901,-901,-901,-901,-901,-901
2/28/1923,3.820958678,-901,-901,35,-901,-901,0,0,-901,5.04,-901,-901,0,-901,0,0,0,0,0,-901,-901,-901,-901,-901,-901,-901,-901,26.31907438,-901,0.218,33.71031398,45.14618182,-901,-901,-901,-901,-901,-901,-901,-901
3/31/1923,4.328727273,-901,-901,46.2,-901,-901,0,0,-901,8.71,-901,-901,0,-901,0,0,0,0,0,-901,-901,-901,-901,-901,-901,-901,-901,10.51438017,-901,0.52,47.53876023,39.56112397,-901,-901,-901,-901,-901,-901,-901,-901
4/30/1923,12.14479339,-901,-901,129,-901,-901,0,0,-901,10.3,-901,-901,0,-901,0,0,0,0,0,-901,-901,-901,-901,-901,-901,-901,-901,19.7553719,-901,0.384,129.3128427,98.47933884,-901,-901,-901,-901,-901,-901,-901,-901
5/31/1923,5.515438017,-901,-901,231.2,-901,-901,0,0,-901,15.82,-901,-901,0,-901,0,0,0,0,0,-901,-901,-901,-901,-901,-901,-901,-901,7.519933884,-901,0.647,231.0271648,40.52033058,-901,-901,-901,-901,-901,-901,-901,-901
6/30/1923,1.916033058,-901,-901,111,-901,-901,0,0,-901,22.11,-901,-901,0,-901,0,0,0,0,0,-901,-901,-901,-901,-901,-901,-901,-901,2.576528926,-901,0.746,110.8112064,15.65553719,-901,-901,-901,-901,-901,-901,-901,-901
7/31/1923,0.590280992,-901,-901,30.6,-901,-901,0,0,-901,23.38,-901,-901,0,-901,0,0,0,0,0,-901,-901,-901,-901,-901,-901,-901,-901,0.627173554,-901,0.856,30.65624787,3.947504132,-901,-901,-901,-901,-901,-901,-901,-901
8/31/1923,0.248409917,-901,-901,1.7,-901,-901,0,0,-901,15.04,-901,-901,0,-901,0,0,0,0,0,-901,-901,-901,-901,-901,-901,-901,-901,0.188152066,-901,0.957,1.717165269,0.731702479,-901,-901,-901,-901,-901,-901,-901,-901
9/30/1923,0.236826446,-901,-901,3.7,-901,-901,0,0,-901,8.84,-901,-901,0,-901,0,0,0,0,0,-901,-901,-901,-901,-901,-901,-901,-901,0.35107438,-901,0.894,3.738628079,0.809256198,-901,-901,-901,-901,-901,-901,-901,-901
10/31/1923,0.385527273,-901,-901,8.2,-901,-901,0,0,-901,6.26,-901,-901,0,-901,0,0,0,0,0,-901,-901,-901,-901,-901,-901,-901,-901,1.278942149,-901,1.409,8.236603285,2.207404959,-901,-901,-901,-901,-901,-901,-901,-901
11/30/1923,0.364760331,-901,-901,5.1,-901,-901,0,0,-901,3.25,-901,-901,0,-901,0,0,0,0,0,-901,-901,-901,-901,-901,-901,-901,-901,1.261487603,-901,1.047,5.11799172,2.011239669,-901,-901,-901,-901,-901,-901,-901,-901
12/31/1923,0.545395041,-901,-901,5.5,-901,-901,0,0,-901,0.92,-901,-901,0,-901,0,0,0,0,0,-901,-901,-901,-901,-901,-901,-901,-901,1.86307438,-901,0.843,5.461099158,3.252694215,-901,-901,-901,-901,-901,-901,-901,-901
1/31/1924,0.823933884,-901,-901,8.4,-901,-901,0,0,-901,0,-901,-901,0,-901,0,0,0,0,0,-901,-901,-901,-901,-901,-901,-901,-901,2.582479339,-901,0.644,8.393752047,4.875966942,-901,-901,-901,-901,-901,-901,-901,-901
2/29/1924,1.265454545,-901,-901,16.9,-901,-901,0,0,-901,0.49,-901,-901,0,-901,0,0,0,0,0,-901,-901,-901,-901,-901,-901,-901,-901,3.664066116,-901,0.556,16.97922311,11.15900826,-901,-901,-901,-901,-901,-901,-901,-901
3/31/1924,0.639471074,-901,-901,18.6,-901,-901,0,0,-901,2.95,-901,-901,0,-901,0,0,0,0,0,-901,-901,-901,-901,-901,-901,-901,-901,2.582479339,-901,0.558,14.20874378,5.158809917,-901,-901,-901,-901,-901,-901,-901,-901
4/30/1924,0.999669421,-901,-901,55.7,-901,-901,0,0,-901,9.25,-901,-901,0,-901,0,0,0,0,0,-901,-901,-901,-901,-901,-901,-901,-901,2.820495868,-901,0.644,60.02168583,8.390082645,-901,-901,-901,-901,-901,-901,-901,-901
5/31/1924,0.293910744,-901,-901,69.4,-901,-901,0,0,-901,17.02,-901,-901,0,-901,0,0,0,0,0,-901,-901,-901,-901,-901,-901,-901,-901,2.04753719,-901,0.768,69.41072714,3.031338843,-901,-901,-901,-901,-901,-901,-901,-901
6/30/1924,0.056707438,-901,-901,2.2,-901,-901,0,0,-901,13.17,-901,-901,0,-901,0,0,0,0,0,-901,-901,-901,-901,-901,-901,-901,-901,0.19814876,-901,0.74,1.096942139,0.263008264,-901,-901,-901,-901,-901,-901,-901,-901
7/31/1924,0.013711736,-901,-901,0,-901,-901,0,0,-901,11.01,-901,-901,0,-901,0,0,0,0,0,-901,-901,-901,-901,-901,-901,-901,-901,0,-901,0.675,-0.267545457,0.007562975,-901,-901,-901,-901,-901,-901,-901,-901
8/31/1924,0.012297521,-901,-901,0,-901,-901,0,0,-901,9.02,-901,-901,0,-901,0,0,0,0,0,-901,-901,-901,-901,-901,-901,-901,-901,0,-901,0.646,-1.010737191,0,-901,-901,-901,-901,-901,-901,-901,-901
9/30/1924,0.023385124,-901,-901,0,-901,-901,0,0,-901,4.66,-901,-901,0,-901,0,0,0,0,0,-901,-901,-901,-901,-901,-901,-901,-901,0,-901,0.607,-0.777793395,0,-901,-901,-901,-901,-901,-901,-901,-901
10/31/1924,0.298214876,-901,-901,6,-901,-901,0,0,-901,4.73,-901,-901,0,-901,0,0,0,0,0,-901,-901,-901,-901,-901,-901,-901,-901,0,-901,0.577,5.984123955,0.873123967,-901,-901,-901,-901,-901,-901,-901,-901
11/30/1924,0.731900826,-901,-901,20,-901,-901,0,0,-901,5.91,-901,-901,0,-901,0,0,0,0,0,-901,-901,-901,-901,-901,-901,-901,-901,2.600330579,-901,0.58,19.96826442,5.289917355,-901,-901,-901,-901,-901,-901,-901,-901
12/31/1924,1.444958678,-901,-901,23.9,-901,-901,0,0,-901,4.72,-901,-901,0,-901,0,0,0,0,0,-901,-901,-901,-901,-901,-901,-901,-901,8.528330579,-901,0.511,23.91604127,15.11365289,-901,-901,-901,-901,-901,-901,-901,-901
1/31/1925,1.168264463,-901,-901,23.4,-901,-901,0,0,-901,5.14,-901,-901,0,-901,0,0,0,0,0,-901,-901,-901,-901,-901,-901,-901,-901,6.33322314,-901,0.497,23.42146276,13.86545455,-901,-901,-901,-901,-901,-901,-901,-901
2/28/1925,11.81831405,-901,-901,107.9,-901,-901,0,0,-901,6.21,-901,-901,0,-901,0,0,0,0,0,-901,-901,-901,-901,-901,-901,-901,-901,82.8614876,-901,0.225,108.3151651,135.288595,-901,-901,-901,-901,-901,-901,-901,-901
3/31/1925,5.20185124,-901,-901,83.7,-901,-901,0,0,-901,8.5,-901,-901,0,-901,0,0,0,0,0,-901,-901,-901,-901,-901,-901,-901,-901,12.12535537,-901,0.391,84.33653701,44.48628099,-901,-901,-901,-901,-901,-901,-901,-901
4/30/1925,12.18644628,-901,-901,169.4,-901,-901,0,0,-901,12.38,-901,-901,0,-901,0,0,0,0,0,-901,-901,-901,-901,-901,-901,-901,-901,38.7431405,-901,0.351,167.6293467,99.60991736,-901,-901,-901,-901,-901,-901,-901,-901
5/31/1925,6.339371901,-901,-901,246.5,-901,-901,0,0,-901,21.05,-901,-901,0,-901,0,0,0,0,0,-901,-901,-901,-901,-901,-901,-901,-901,6.296330579,-901,0.753,246.8266358,47.56066116,-901,-901,-901,-901,-901,-901,-901,-901
6/30/1925,1.856528926,-901,-901,129.3,-901,-901,0,0,-901,25.68,-901,-901,0,-901,0,0,0,0,0,-901,-901,-901,-901,-901,-901,-901,-901,1.576859504,-901,0.732,129.7256361,14.88198347,-901,-901,-901,-901,-901,-901,-901,-901
7/31/1925,0.424879339,-901,-901,19.8,-901,-901,0,0,-901,23.72,-901,-901,0,-901,0,0,0,0,0,-901,-901,-901,-901,-901,-901,-901,-901,0.158638017,-901,0.778,19.78527268,2.465652893,-901,-901,-901,-901,-901,-901,-901,-901
8/31/1925,0.126664463,-901,-901,2.1,-901,-901,0,0,-901,14.8,-901,-901,0,-901,0,0,0,0,0,-901,-901,-901,-901,-901,-901,-901,-901,0,-901,0.851,2.137942126,0.598889256,-901,-901,-901,-901,-901,-901,-901,-901
9/30/1925,0.138049587,-901,-901,3.2,-901,-901,0,0,-901,9.46,-901,-901,0,-901,0,0,0,0,0,-901,-901,-901,-901,-901,-901,-901,-901,0,-901,0.637,3.211049569,0.578380165,-901,-901,-901,-901,-901,-901,-901,-901
10/31/1925,0.308667769,-901,-901,4.1,-901,-901,0,0,-901,7.37,-901,-901,0,-901,0,0,0,0,0,-901,-901,-901,-901,-901,-901,-901,-901,0.127894215,-901,0.623,4.097628087,1.383471074,-901,-901,-901,-901,-901,-901,-901,-901
11/30/1925,0.493884298,-901,-901,6.3,-901,-901,0,0,-901,5.47,-901,-901,0,-901,0,0,0,0,0,-901,-901,-901,-901,-901,-901,-901,-901,1.059173554,-901,0.571,6.287528909,2.070743802,-901,-901,-901,-901,-901,-901,-901,-901
12/31/1925,0.582287603,-901,-901,14.9,-901,-901,0,0,-901,2.97,-901,-901,0,-901,0,0,0,0,0,-901,-901,-901,-901,-901,-901,-901,-901,2.05368595,-901,0.494,12.38209914,3.947504132,-901,-901,-901,-901,-901,-901,-901,-901
1/31/1926,0.92846281,-901,-901,14.6,-901,-901,0,0,-901,1.15,-901,-901,0,-901,0,0,0,0,0,-901,-901,-901,-901,-901,-901,-901,-901,2.379570248,-901,0.488,12.50271071,4.156561983,-901,-901,-901,-901,-901,-901,-901,-901
2/28/1926,4.009785124,-901,-901,39.2,-901,-901,0,0,-901,1.08,-901,-901,0,-901,0,0,0,0,0,-901,-901,-901,-901,-901,-901,-901,-901,38.95933884,-901,0.567,38.70658669,51.66624793,-901,-901,-901,-901,-901,-901,-901,-901
3/31/1926,2.305785124,-901,-901,49.2,-901,-901,0,0,-901,8.61,-901,-901,0,-901,0,0,0,0,0,-901,-901,-901,-901,-901,-901,-901,-901,4.64231405,-901,0.564,54.578628,22.54135537,-901,-901,-901,-901,-901,-901,-901,-901
4/30/1926,6.521652893,-901,-901,136.4,-901,-901,0,0,-901,11.96,-901,-901,0,-901,0,0,0,0,0,-901,-901,-901,-901,-901,-901,-901,-901,14.47735537,-901,0.66,136.1686774,48.44231405,-901,-901,-901,-901,-901,-901,-901,-901
5/31/1926,1.260495868,-901,-901,94.5,-901,-901,0,0,-901,21.32,-901,-901,0,-901,0,0,0,0,0,-901,-901,-901,-901,-901,-901,-901,-901,1.414214876,-901,0.753,94.47399155,11.6088595,-901,-901,-901,-901,-901,-901,-901,-901
6/30/1926,0.273719008,-901,-901,15.9,-901,-901,0,0,-901,21.24,-901,-901,0,-901,0,0,0,0,0,-901,-901,-901,-901,-901,-901,-901,-901,0.167206612,-901,0.836,15.92955369,1.731570248,-901,-901,-901,-901,-901,-901,-901,-901
7/31/1926,0.044455537,-901,-901,0.9,-901,-901,0,0,-901,15.56,-901,-901,0,-901,0,0,0,0,0,-901,-901,-901,-901,-901,-901,-901,-901,0,-901,0.884,0.867008252,0.226889256,-901,-901,-901,-901,-901,-901,-901,-901
8/31/1926,0.027177521,-901,-901,0,-901,-901,0,0,-901,8.39,-901,-901,0,-901,0,0,0,0,0,-901,-901,-901,-901,-901,-901,-901,-901,0,-901,0.876,-0.569504145,0.004734545,-901,-901,-901,-901,-901,-901,-901,-901
9/30/1926,0.030168595,-901,-901,0,-901,-901,0,0,-901,2.42,-901,-901,0,-901,0,0,0,0,0,-901,-901,-901,-901,-901,-901,-901,-901,0,-901,0.781,-0.041892573,0.034690909,-901,-901,-901,-901,-901,-901,-901,-901
10/31/1926,0.174624793,-901,-901,2.2,-901,-901,0,0,-901,0.96,-901,0.664066116,0,-901,0,0,0,0,0,-901,-901,-901,-901,-901,-901,-901,-901,0,-901,0.671,2.150107432,0.579213223,-901,-901,-901,-901,-901,-901,-901,-901
11/30/1926,3.391735537,-901,-901,31.3,-901,-901,0,0,-901,6.71,-901,13.17421488,0,-901,0,0,0,0,0,-901,-901,-901,-901,-901,-901,-901,-901,17.67272727,-901,0.572,34.94348754,14.46545455,-901,-901,-901,-901,-901,-901,-901,-901
12/31/1926,1.85077686,-901,-901,37.1,-901,-901,0,0,-901,6.81,-901,15.06446281,0,-901,0,0,0,0,0,-901,-901,-901,-901,-901,-901,-901,-901,4.550082645,-901,0.666,33.41591728,14.1974876,-901,-901,-901,-901,-901,-901,-901,-901
1/31/1927,2.631669421,-901,-901,41.6,-901,-901,0,0,-901,6.93,-901,15.98677686,0,-901,0,0,0,0,0,-901,-901,-901,-901,-901,-901,-901,-901,13.01077686,-901,0.639,41.5252809,34.09487603,-901,-901,-901,-901,-901,-901,-901,-901
2/28/1927,11.6294876,-901,-901,105.4,-901,-901,0,0,-901,7.46,-901,27.76859504,0,-901,0,0,0,0,0,-901,-901,-901,-901,-901,-901,-901,-901,81.30644628,-901,0.532,105.3608427,132.7894215,-901,-901,-901,-901,-901,-901,-901,-901
3/31/1927,8.140958678,-901,-901,82.3,-901,-901,0,0,-901,9.2,-901,25.82479339,0,-901,0,0,0,0,0,-901,-901,-901,-901,-901,-901,-901,-901,16.88449587,-901,0.668,82.21890891,71.57157025,-901,-901,-901,-901,-901,-901,-901,-901
4/30/1927,14.60826446,-901,-901,159.4,-901,-901,0,0,-901,11.47,-901,56.52892562,0,-901,0,0,0,0,0,-901,-901,-901,-901,-901,-901,-901,-901,41.13520661,-901,0.725,159.4313633,122.0429752,-901,-901,-901,-901,-901,-901,-901,-901
5/31/1927,6.554578512,-901,-901,210.8,-901,-901,0,0,-901,19.71,-901,107.5418182,0,-901,0,0,0,0,0,-901,-901,-901,-901,-901,-901,-901,-901,4.83292562,-901,0.727,210.4618756,42.27272727,-901,-901,-901,-901,-901,-901,-901,-901
6/30/1927,2.124297521,-901,-901,189.1,-901,-901,0,0,-901,25.37,-901,125.7322314,0,-901,0,0,0,0,0,-901,-901,-901,-901,-901,-901,-901,-901,1.648264463,-901,0.828,189.4632062,16.57785124,-901,-901,-901,-901,-901,-901,-901,-901
7/31/1927,0.651768595,-901,-901,31.9,-901,-901,0,0,-901,25.14,-901,25.70796694,0,-901,0,0,0,0,0,-901,-901,-901,-901,-901,-901,-901,-901,0.201064463,-901,0.799,31.86619001,2.766942149,-901,-901,-901,-901,-901,-901,-901,-901
8/31/1927,0.236112397,-901,-901,3.1,-901,-901,0,0,-901,17.82,-901,8.55292562,0,-901,0,0,0,0,0,-901,-901,-901,-901,-901,-901,-901,-901,0,-901,0.853,3.125066095,0.639471074,-901,-901,-901,-901,-901,-901,-901,-901
9/30/1927,0.198743802,-901,-901,1.8,-901,-901,0,0,-901,13.17,-901,4.718677686,0,-901,0,0,0,0,0,-901,-901,-901,-901,-901,-901,-901,-901,0,-901,0.671,1.852404946,0.417719008,-901,-901,-901,-901,-901,-901,-901,-901
10/31/1927,0.633322314,-901,0.1488,7.978330579,7.978330579,10.76033058,0,0,-901,9.68,-901,7.052628099,0,-901,0,0,0,0,0,-901,-901,-901,-901,-901,-901,-901,-901,0.265626446,-901,0.708,5.457338825,1.254347107,-901,-901,-901,-901,-901,-901,-901,-901
11/30/1927,1.279338843,-901,1.785123967,30.99639669,30.99639669,29.47239669,0,0,-901,10.58,-901,14.19768595,0,-901,0,0,0,0,0,-901,-901,-901,-901,-901,-901,-901,-901,3.112066116,-901,0.624,29.49094209,8.443636364,-901,-901,-901,-901,-901,-901,-901,-901
12/31/1927,1.180561983,-901,0.860826446,18.01626446,18.01626446,17.53626446,0,0,-901,10.475,-901,6.001190083,0,-901,0,0,0,0,0,-901,-901,-901,-901,-901,-901,-901,-901,7.99953719,-901,0.585,19.29520657,13.29361983,-901,-901,-901,-901,-901,-901,-901,-901
1/31/1928,1.29738843,-901,0.73785124,22.62722314,22.62722314,21.95722314,0,0,-901,10.5,-901,9.143206612,0,-901,0,0,0,0,0,-901,-901,-901,-901,-901,-901,-901,-901,5.078876033,-901,0.645,22.55958673,12.1991405,-901,-901,-901,-901,-901,-901,-901,-901
2/29/1928,2.824264463,-901,0.632727273,31.70723967,31.70723967,28.50723967,0,0,-901,13.155,-901,9.571438017,0,-901,0,0,0,0,0,-901,-901,-901,-901,-901,-901,-901,-901,20.52912397,-901,0.545,34.4912396,25.4126281,-901,-901,-901,-901,-901,-901,-901,-901
3/31/1928,14.2282314,-901,12.78327273,187.5562231,187.5562231,177.4532231,0,0,-901,22.753,-901,59.60608264,0,-901,0,0,0,0,0,-901,-901,-901,-901,-901,-901,-901,-901,67.57487603,-901,0.505,190.8765533,146.0945455,-901,-901,-901,-901,-901,-901,-901,-901
4/30/1928,10.3953719,-901,10.01454545,131.2112562,131.2112562,133.2892562,0,0,-901,20.051,-901,54.73190083,0,-901,0,0,0,0,0,-901,-901,-901,-901,-901,-901,-901,-901,21.38578512,-901,0.624,132.8178675,80.39008264,-901,-901,-901,-901,-901,-901,-901,-901
5/31/1928,3.215801653,-901,13.89004959,172.0244545,172.0244545,166.3854545,0,0,-901,24.961,-901,106.1276033,0,-901,0,0,0,0,0,-901,-901,-901,-901,-901,-901,-901,-901,3.369520661,-901,0.729,172.3318922,22.12323967,-901,-901,-901,-901,-901,-901,-901,-901
6/30/1928,0.880661157,-901,1.118677686,28.91364463,28.91364463,28.00264463,0,0,-901,25.174,-901,18.07140496,0,-901,0,0,0,0,0,-901,-901,-901,-901,-901,-901,-901,-901,0.88661157,-901,0.698,28.99695035,4.498512397,-901,-901,-901,-901,-901,-901,-901,-901
7/31/1928,0.320965289,-901,0.115596694,4.756429752,4.756429752,6.548429752,0,0,-901,22.523,-901,2.656264463,0,-901,0,0,0,0,0,-901,-901,-901,-901,-901,-901,-901,-901,0.122975207,-901,0.859,4.664198333,1.285090909,-901,-901,-901,-901,-901,-901,-901,-901
8/31/1928,0.094690909,-901,0.061487603,0,-0.206561983,7.003438017,0,0,-901,14.431,-901,3.369520661,0,-901,0,0,0,0,0,-901,-901,-901,-901,-901,-901,-901,-901,0,-901,0.882,-0.753801667,0.359702479,-901,-901,-901,-901,-901,-901,-901,-901
9/30/1928,0.080330579,-901,0.044806612,0.219041322,0.219041322,7.075041322,0,0,-901,6.854,-901,7.414214876,0,-901,0,0,0,0,0,-901,-901,-901,-901,-901,-901,-901,-901,0,-901,0.721,-0.310545469,0.271933884,-901,-901,-901,-901,-901,-901,-901,-901
10/31/1928,0.160482645,-901,0.06825124,1.38453719,1.38453719,4.27953719,0,0,-901,3.296,-901,4.242644628,0,-901,0,0,0,0,0,-901,-901,-901,-901,-901,-901,-901,-901,0,-901,0.663,1.56285123,0.558307438,-901,-901,-901,-901,-901,-901,-901,-901
11/30/1928,0.536727273,-901,0.144595041,3.491289256,3.491289256,4.165289256,0,0,-901,2.073,-901,1.654214876,0,-901,0,0,0,0,0,-901,-901,-901,-901,-901,-901,-901,-901,0.952066116,-901,0.549,3.878066106,2.219504132,-901,-901,-901,-901,-901,-901,-901,-901
12/31/1928,0.817785124,-901,0.483292562,5.694454545,5.694454545,6.425454545,0,0,-901,0.756,-901,2.299636364,0,-901,0,0,0,0,0,-901,-901,-901,-901,-901,-901,-901,-901,2.865322314,-901,0.586,5.122619822,4.519338843,-901,-901,-901,-901,-901,-901,-901,-901
1/31/1929,0.811636364,-901,0.303133884,7.222826446,7.222826446,6.068826446,0,0,-901,1.29,-901,1.998347107,0,-901,0,0,0,0,0,-901,-901,-901,-901,-901,-901,-901,-901,5.02968595,-901,0.62,9.331851222,7.175603306,-901,-901,-901,-901,-901,-901,-901,-901
2/28/1929,1.832727273,-901,0.33322314,13.79724793,13.79724793,12.01824793,0,0,-901,2.54,-901,3.30446281,0,-901,0,0,0,0,0,-901,-901,-901,-901,-901,-901,-901,-901,11.50730579,-901,0.529,14.77470245,18.74380165,-901,-901,-901,-901,-901,-901,-901,-901
3/31/1929,2.219702479,-901,2.502545455,32.25816529,32.25816529,27.70016529,0,0,-901,6.43,-901,12.33441322,0,-901,0,0,0,0,0,-901,-901,-901,-901,-901,-901,-901,-901,9.124760331,-901,0.668,18.76163633,20.40773554,-901,-901,-901,-901,-901,-901,-901,-901
4/30/1929,4.355702479,-901,5.355371901,66.44919835,66.44919835,60.45619835,0,0,-901,11.8,-901,25.72958678,0,-901,0,0,0,0,0,-901,-901,-901,-901,-901,-901,-901,-901,8.056859504,-901,0.623,42.17151232,29.54380165,-901,-901,-901,-901,-901,-901,-901,-901
5/31/1929,2.447206612,-901,13.39814876,145.7581818,145.7581818,137.9781818,0,0,-901,18.834,-901,81.7785124,0,-901,0,0,0,0,0,-901,-901,-901,-901,-901,-901,-901,-901,1.66631405,-901,0.746,136.0431402,20.69057851,-901,-901,-901,-901,-901,-901,-901,-901
6/30/1929,1.225785124,-901,4.647272727,62.54233058,62.54233058,59.48033058,0,0,-901,21.208,-901,35.16694215,0,-901,0,0,0,0,0,-901,-901,-901,-901,-901,-901,-901,-901,1.481652893,-901,0.688,53.99753708,9.830082645,-901,-901,-901,-901,-901,-901,-901,-901
7/31/1929,0.195530579,-901,0.198604959,5.613140496,5.613140496,7.735140496,0,0,-901,18.319,-901,4.82677686,0,-901,0,0,0,0,0,-901,-901,-901,-901,-901,-901,-901,-901,0.022012562,-901,0.767,7.347090888,1.457256198,-901,-901,-901,-901,-901,-901,-901,-901
8/31/1929,0.059888926,-901,0.083008264,0.077,0.077,5.208,0,0,-901,12.473,-901,4.64231405,0,-901,0,0,0,0,0,-901,-901,-901,-901,-901,-901,-901,-901,0,-901,0.715,2.186024777,0.119900826,-901,-901,-901,-901,-901,-901,-901,-901
9/30/1929,0.051768595,-901,0.037309091,0,-0.864355372,4.242644628,0,0,-901,6.58,-901,4.587768595,0,-901,0,0,0,0,0,-901,-901,-901,-901,-901,-901,-901,-901,0,-901,0.786,-0.025347119,0.05414876,-901,-901,-901,-901,-901,-901,-901,-901
10/31/1929,0.094690909,-901,0.032526942,1.24677686,1.24677686,3.33877686,0,0,-901,3.352,-901,2.434909091,0,-901,0,0,0,0,0,-901,-901,-901,-901,-901,-901,-901,-901,0,-901,1.136,1.259074373,0.248409917,-901,-901,-901,-901,-901,-901,-901,-901
11/30/1929,0.157090909,-901,0.036476033,1.447454545,1.447454545,1.505454545,0,0,-901,2.363,-901,0.92231405,0,-901,0,0,0,0,0,-901,-901,-901,-901,-901,-901,-901,-901,0,-901,0.931,2.328115697,0.470082645,-901,-901,-901,-901,-901,-901,-901,-901
12/31/1929,0.569990083,-901,1.371173554,20.26920661,20.26920661,14.35120661,0,0,-901,7.431,-901,7.470743802,0,-901,0,0,0,0,0,-901,-901,-901,-901,-901,-901,-901,-901,0.212747107,-901,0.85,20.09373553,5.718347107,-901,-901,-901,-901,-901,-901,-901,-901
1/31/1930,1.537190083,-901,1.229752066,19.28721488,19.28721488,17.78221488,0,0,-901,7.436,-901,5.835173554,0,-901,0,0,0,0,0,-901,-901,-901,-901,-901,-901,-901,-901,12.38975207,-901,1.5,20.73010213,20.16793388,-901,-901,-901,-901,-901,-901,-901,-901
2/28/1930,2.054876033,-901,1.943801653,31.89754545,31.89754545,29.26254545,0,0,-901,8.88,-901,11.90717355,0,-901,0,0,0,0,0,-901,-901,-901,-901,-901,-901,-901,-901,11.55173554,-901,1.191,33.69617958,18.97150413,-901,-901,-901,-901,-901,-901,-901,-901
3/31/1930,5.976595041,-901,3.621619835,66.33866942,66.33866942,63.63966942,0,0,-901,10.225,-901,21.9633719,0,-901,0,0,0,0,0,-901,-901,-901,-901,-901,-901,-901,-901,36.56052893,-901,1.354,68.64113317,57.12198347,-901,-901,-901,-901,-901,-901,-901,-901
4/30/1930,4.748429752,-901,9.056528926,116.0983306,116.0983306,112.7603306,0,0,-901,12.025,-901,56.16595041,0,-901,0,0,0,0,0,-901,-901,-901,-901,-901,-901,-901,-901,2.749090909,-901,1.538,116.391756,35.25619835,-901,-901,-901,-901,-901,-901,-901,-901
5/31/1930,2.631669421,-901,9.29692562,116.2754628,116.2754628,111.7844628,0,0,-901,15.029,-901,69.41950413,0,-901,0,0,0,0,0,-901,-901,-901,-901,-901,-901,-901,-901,2.268892562,-901,1.487,118.5910599,20.1187438,-901,-901,-901,-901,-901,-901,-901,-901
6/30/1930,0.684297521,-901,4.385454545,80.46253719,80.46253719,72.53553719,2.95,0,-901,18.59,-901,53.64892562,0,-901,0,0,2.95,0,0,-901,-901,-901,-901,-901,-901,-901,-901,0.264793388,-901,1.416,79.07694668,5.813553719,-901,-901,-901,-901,-901,-901,-901,-901
7/31/1930,0.087312397,-901,0.098380165,6.599181818,6.599181818,7.034181818,6.85,0,-901,12.762,-901,4.119669421,0,-901,0,0.09,6.85,0,0,-901,-901,-901,-901,-901,-901,-901,-901,0.236112397,-901,1.403,5.395082546,0.860826446,-901,-901,-901,-901,-901,-901,-901,-901
8/31/1930,0.035293884,-901,0.019061157,1.158289256,1.158289256,4.765289256,2.5,0,-901,12.022,-901,4.752991736,0,-901,0,0.13,2.5,0,0,-901,-901,-901,-901,-901,-901,-901,-901,0.07132562,-901,1.353,0.597605747,0.137732231,-901,-901,-901,-901,-901,-901,-901,-901
9/30/1930,0.051352066,-901,0.01785124,1.275429752,1.275429752,4.028429752,0.05,0,-901,10.545,-901,3.373884298,0,-901,0,0.06,0.05,0,0,-901,-901,-901,-901,-901,-901,-901,-901,0.117818182,-901,1.114,-0.010837726,0.204694215,-901,-901,-901,-901,-901,-901,-901,-901
10/31/1930,0.126049587,-901,0.022197025,1.961595041,1.961595041,5.232595041,0,0,-901,6.239,-901,4.261090909,0,-901,0,0,0,0,0,-901,-901,-901,-901,-901,-901,-901,-901,0.25578843,-901,1.085,0.719171237,0.538631405,-901,-901,-901,-901,-901,-901,-901,-901
11/30/1930,0.525421488,-901,0.041057851,5.643338843,5.643338843,7.039338843,0,0,-901,3.74,-901,3.528595041,0,-901,0,0,0,0,0,-901,-901,-901,-901,-901,-901,-901,-901,0.062479339,-901,1.103,5.046382533,2.207603306,-901,-901,-901,-901,-901,-901,-901,-901
12/31/1930,0.325269421,-901,0.135272727,3.595280992,3.595280992,4.310280992,0,0,-901,1.947,-901,1.752396694,0,-901,0,0,0,0,0,-901,-901,-901,-901,-901,-901,-901,-901,0.224429752,-901,1.078,3.172088066,1.555636364,-901,-901,-901,-901,-901,-901,-901,-901
1/31/1931,0.73785124,-901,0.491900826,6.418867769,6.418867769,6.111867769,0,0,-901,0.981,-901,0.983801653,0,-901,0,0,0,0,0,-901,-901,-901,-901,-901,-901,-901,-901,3.929057851,-901,1.273,7.731961372,5.878214876,-901,-901,-901,-901,-901,-901,-901,-901
2/28/1931,1.021884298,-901,0.555371901,14.56828099,14.56828099,13.93428099,0,0,-901,0.31,-901,4.820628099,0,-901,0,0,0,0,0,-901,-901,-901,-901,-901,-901,-901,-901,4.581818182,-901,1.305,15.47709889,11.15742149,-901,-901,-901,-901,-901,-901,-901,-901
3/31/1931,1.131371901,-901,2.42261157,27.6027686,27.6027686,13.2997686,9.725,0,-901,3.565,-901,1.906115702,0,-901,0,0,9.725,0,0,-901,-901,-901,-901,-901,-901,-901,-901,3.062082645,-901,1.323,28.12276206,12.21758678,-901,-901,-901,-901,-901,-901,-901,-901
4/30/1931,0.648595041,-901,7.747438017,70.80638017,70.80638017,23.47438017,50.779,0,-901,8.505,-901,0.133289256,0,-901,0,0.09,50.779,0,0,-901,-901,-901,-901,-901,-901,-901,-901,0.797355372,-901,1.248,70.28210129,7.229752066,-901,-901,-901,-901,-901,-901,-901,-901
5/31/1931,0.256403306,-901,5.269487603,71.61839669,71.61839669,18.12039669,95.512,0,-901,15.786,-901,0.897719008,0,-901,0,0.27,95.512,0,0,-901,-901,-901,-901,-901,-901,-901,-901,0.231193388,-901,1.214,71.44861369,3.72,-901,-901,-901,-901,-901,-901,-901,-901
6/30/1931,0.128528926,-901,0.910413223,12.61601653,12.61601653,16.79801653,90.084,0,-901,15.707,-901,11.44264463,0,-901,0,0.42,90.084,0,0,-901,-901,-901,-901,-901,-901,-901,-901,0.141024793,-901,0.905,11.51262898,1.225785124,-901,-901,-901,-901,-901,-901,-901,-901
7/31/1931,0.022627438,-901,0.028345785,1.380115702,1.380115702,29.4341157,70.628,0,-901,5.698,-901,8.245487603,22.3814876,-901,0,0.49,70.628,0,0,-901,-901,-901,-901,-901,-901,-901,-901,0.156793388,-901,0.921,-0.293116297,0.085467769,-901,-901,-901,-901,-901,-901,-901,-901
8/31/1931,0.00436562,-901,0.000799339,0,-0.445818182,29.35418182,41.732,0,-901,3.47,-901,4.205752066,27.17752066,-901,0,0.42,41.732,0,0,-901,-901,-901,-901,-901,-901,-901,-901,0.00614876,-901,0.904,-1.245595014,0,-901,-901,-901,-901,-901,-901,-901,-901
9/30/1931,0.008747107,-901,0,0,-0.218636364,16.03636364,24.733,0,-901,3.208,-901,0.345123967,16.83966942,-901,0,0.24,24.733,0,0,-901,-901,-901,-901,-901,-901,-901,-901,0,-901,0.766,-0.297342992,0,-901,-901,-901,-901,-901,-901,-901,-901
10/31/1931,0.053186777,-901,0.007317025,0,-0.640454545,10.68654545,12.422,0,-901,3.326,-901,0.292680992,10.26842975,-901,0,0.19,12.422,0,0,-901,-901,-901,-901,-901,-901,-901,-901,0,-901,0.676,-0.849569779,0.132813223,-901,-901,-901,-901,-901,-901,-901,-901
11/30/1931,0.251107438,-901,0.020231405,3.872884298,3.872884298,9.133884298,6.858,0,-901,2.867,-901,0.182082645,7.021487603,-901,0,0.08,6.858,0,0,-901,-901,-901,-901,-901,-901,-901,-901,0.006961983,-901,0.682,4.266952001,1.547107438,-901,-901,-901,-901,-901,-901,-901,-901
12/31/1931,3.062082645,-901,0.061487603,19.33945455,19.33945455,19.07345455,5.628,0,-901,3.807,-901,0.196145455,5.902809917,-901,0,0.04,5.628,0,0,-901,-901,-901,-901,-901,-901,-901,-901,38.12231405,-901,0.516,24.09339769,31.90591736,-901,-901,-901,-901,-901,-901,-901,-901
1/31/1932,2.04138843,-901,0.092231405,23.24983471,23.24983471,26.61183471,0,0,-901,5.638,-901,4.636165289,8.36231405,-901,0,0.03,0,0,0,-901,-901,-901,-901,-901,-901,-901,-901,21.05335537,-901,0.405,25.92398122,28.15517355,-901,-901,-901,-901,-901,-901,-901,-901
2/29/1932,6.568859504,-901,0.345123967,58.06213223,58.06213223,56.04813223,1.525,0,-901,5.8,-901,12.41295868,0,-901,0,0,1.525,0,0,-901,-901,-901,-901,-901,-901,-901,-901,63.21520661,-901,0.327,69.47467645,91.05520661,-901,-901,-901,-901,-901,-901,-901,-901
3/31/1932,5.318677686,-901,3.369520661,68.04844628,68.04844628,48.37844628,20.009,0,-901,6,-901,4.27953719,0.584132231,-901,0,0.02,20.009,0,0,-901,-901,-901,-901,-901,-901,-901,-901,8.325421488,-901,0.966,69.80330622,46.74287603,-901,-901,-901,-901,-901,-901,-901,-901
4/30/1932,6.485950413,-901,8.342479339,109.8043058,109.8043058,62.00330579,65.427,0,-901,6.649,-901,1.672066116,0.050578512,-901,0,0.17,65.427,0,0,-901,-901,-901,-901,-901,-901,-901,-901,3.588099174,-901,1.564,109.4692263,43.17024793,-901,-901,-901,-901,-901,-901,-901,-901
5/31/1932,7.981090909,-901,18.47702479,231.123281,231.123281,167.246281,118.846,0,-901,15.081,-901,63.76264463,3.566280992,-901,0,0.41,118.846,0,0,-901,-901,-901,-901,-901,-901,-901,-901,3.781487603,-901,1.616,227.9295495,51.07160331,-901,-901,-901,-901,-901,-901,-901,-901
6/30/1932,2.433719008,-901,13.97157025,199.0442231,199.0442231,176.0132231,129.542,0,-901,24.498,-901,101.3355372,14.63801653,-901,0,0.65,129.542,0,0,-901,-901,-901,-901,-901,-901,-901,-901,0.809256198,-901,2.268,200.7557502,17.39900826,-901,-901,-901,-901,-901,-901,-901,-901
7/31/1932,0.55646281,-901,0.916165289,31.50978512,31.50978512,41.73778512,117.055,0,-901,24.412,-901,16.87834711,18.6307438,-901,0,0.9,117.055,0,0,-901,-901,-901,-901,-901,-901,-901,-901,0.005964298,-901,1.445,30.89374579,2.527140496,-901,-901,-901,-901,-901,-901,-901,-901
8/31/1932,0.136502479,-901,0.023795702,3.87146281,3.87146281,32.17646281,93.877,0,-901,17.01,-901,12.98618182,16.41719008,-901,0,0.74,93.877,0,0,-901,-901,-901,-901,-901,-901,-901,-901,0,-901,1.535,2.326214096,0.438406612,-901,-901,-901,-901,-901,-901,-901,-901
9/30/1932,0.088661157,-901,0.005950413,1.913471074,1.913471074,31.98347107,63.195,0,-901,16.18,-901,3.754710744,26.59834711,-901,0,0.61,63.195,0,0,-901,-901,-901,-901,-901,-901,-901,-901,0,-901,0.832,0.357631423,0.108892562,-901,-901,-901,-901,-901,-901,-901,-901
10/31/1932,0.137117355,-901,0.00614876,0.475289256,0.475289256,32.29328926,37.452,0,-901,9.074,-901,0.75014876,30.37487603,-901,0,0.31,37.452,0,0,-901,-901,-901,-901,-901,-901,-901,-901,0,-901,0.721,-0.838896506,0.296985124,-901,-901,-901,-901,-901,-901,-901,-901
11/30/1932,0.233256198,-901,0.008747107,1.587743802,1.587743802,17.1907438,21.114,0,-901,8.775,-901,0.410578512,15.53057851,-901,0,0.16,21.114,0,0,-901,-901,-901,-901,-901,-901,-901,-901,0,-901,0.874,1.043512482,0.618842975,-901,-901,-901,-901,-901,-901,-901,-901
12/31/1932,0.372614876,-901,0.012297521,3.61792562,3.61792562,13.01692562,10.818,0,-901,8.505,-901,0.293295868,10.45289256,-901,0,0.03,10.818,0,0,-901,-901,-901,-901,-901,-901,-901,-901,0,-901,1.137,3.448559979,1.875371901,-901,-901,-901,-901,-901,-901,-901,-901
1/31/1933,0.445785124,-901,0.018446281,5.350107438,5.350107438,13.35510744,2.052,0,-901,7.946,-901,0.170320661,9.715041322,-901,0,0.04,2.052,0,0,-901,-901,-901,-901,-901,-901,-901,-901,10.3852562,-901,1.28,6.595555578,5.337123967,-901,-901,-901,-901,-901,-901,-901,-901
2/28/1933,0.921917355,-901,0.016661157,9.165305785,9.165305785,10.16330579,0.264,0,-901,7.531,-901,0.471510744,3.554380165,-901,0,0,0.264,0,0,-901,-901,-901,-901,-901,-901,-901,-901,6.742214876,-901,1.205,9.664902971,6.547834711,-901,-901,-901,-901,-901,-901,-901,-901
3/31/1933,2.637818182,-901,0.114981818,28.31838017,28.31838017,25.39438017,1.25,0,-901,7.984,-901,6.646809917,0.522644628,-901,0,0,1.25,0,0,-901,-901,-901,-901,-901,-901,-901,-901,8.208595041,-901,1.485,29.28002715,18.96892562,-901,-901,-901,-901,-901,-901,-901,-901
4/30/1933,2.927603306,-901,4.730578512,64.01530579,64.01530579,34.64330579,24.238,0,-901,12.797,-901,0.149355372,5.474380165,-901,0,0.03,24.238,0,0,-901,-901,-901,-901,-901,-901,-901,-901,3.016859504,-901,1.541,63.64441794,23.77190083,-901,-901,-901,-901,-901,-901,-901,-901
5/31/1933,4.414809917,-901,9.438347107,122.6067521,122.6067521,59.26175207,79.78,0,-901,18.758,-901,0.312971901,3.812231405,-901,0,0.19,79.78,0,0,-901,-901,-901,-901,-901,-901,-901,-901,3.424859504,-901,1.652,121.4305841,34.05183471,-901,-901,-901,-901,-901,-901,-901,-901
6/30/1933,2.100495868,-901,12.21024793,169.7457355,169.7457355,111.3917355,129.636,0,-901,25.101,-901,42.15272727,10.59173554,-901,0,0.5,129.636,0,0,-901,-901,-901,-901,-901,-901,-901,-901,0.543272727,-901,1.655,164.2115494,19.46975207,-901,-901,-901,-901,-901,-901,-901,-901
7/31/1933,0.30374876,-901,0.311742149,16.84050413,16.84050413,35.93950413,109.21,0,-901,23.863,-901,1.260495868,27.8538843,-901,0,0.95,109.21,0,0,-901,-901,-901,-901,-901,-901,-901,-901,0.021397686,-901,1.615,12.68428573,2.029090909,-901,-901,-901,-901,-901,-901,-901,-901
8/31/1933,0.174009917,-901,0.014449587,4.34731405,4.34731405,33.65831405,86.67,0,-901,15.231,-901,1.069884298,29.57553719,-901,0,0.82,86.67,0,0,-901,-901,-901,-901,-901,-901,-901,-901,0,-901,1.041,0.633232536,0.168476033,-901,-901,-901,-901,-901,-901,-901,-901
9/30/1933,0.064859504,-901,0.006545455,3.928132231,3.928132231,32.14413223,62.712,0,-901,9.672,-901,0.731900826,29.57355372,-901,0,0.51,62.712,0,0,-901,-901,-901,-901,-901,-901,-901,-901,0,-901,0.791,0.561680191,0.023206612,-901,-901,-901,-901,-901,-901,-901,-901
10/31/1933,0.200449587,0.2976,0.047406942,5.608099174,5.608099174,32.98809917,34.493,0,-901,9.303,-901,0.744,29.45256198,-901,0,0.36,34.493,0,0,-901,-901,-901,-901,-901,-901,-901,-901,0,-901,0.848,3.265184434,0.670214876,-901,-901,-901,-901,-901,-901,-901,-901
11/30/1933,0.275504132,0.430214876,0.088661157,5.896719008,5.896719008,18.27371901,20.253,0,-901,9.993,-901,1.23768595,14.75702479,-901,0,0.16,20.253,0,0,-901,-901,-901,-901,-901,-901,-901,-901,0,-901,1.013,5.065985677,1.582809917,-901,-901,-901,-901,-901,-901,-901,-901
12/31/1933,1.408066116,2.109024793,0.47591405,20.02668595,20.02668595,27.34968595,10.417,0,-901,11.296,-901,0.457467769,16.23272727,-901,0,0.06,10.417,0,0,-901,-901,-901,-901,-901,-901,-901,-901,13.02922314,-901,1.15,23.29104561,17.76991736,-901,-901,-901,-901,-901,-901,-901,-901
1/31/1934,1.789289256,2.576330579,1.026842975,25.35216529,25.35216529,32.16416529,5.421,0,-901,8.047,-901,2.404165289,13.95768595,-901,0,0.06,5.421,0,0,-901,-901,-901,-901,-901,-901,-901,-901,13.8101157,-901,1.373,27.52616553,31.30333884,-901,-901,-901,-901,-901,-901,-901,-901
2/28/1934,2.515834711,3.293355372,1.338446281,28.8991157,28.8991157,32.5781157,0.805,0,-901,7.618,-901,0.666446281,14.49520661,-901,0,0.03,0.805,0,0,-901,-901,-901,-901,-901,-901,-901,-901,22.37038017,-901,1.336,33.77999721,30.68985124,-901,-901,-901,-901,-901,-901,-901,-901
3/31/1934,2.059834711,2.834578512,7.778181818,73.34712397,73.34712397,39.56112397,23.017,0,-901,17.503,-901,6.622214876,6.640661157,-901,0,0.02,23.017,0,0,-901,-901,-901,-901,-901,-901,-901,-901,6.179504132,-901,1.669,73.77488022,22.56595041,-901,-901,-901,-901,-901,-901,-901,-901
4/30/1934,0.827107438,1.094876033,7.40231405,79.2492314,79.2492314,24.9322314,70.638,0,-901,22.319,-901,0.323107438,0.027966942,-901,0,0.25,70.638,0,0,-901,-901,-901,-901,-901,-901,-901,-901,1.118677686,-901,1.63,78.58266792,10.34181818,-901,-901,-901,-901,-901,-901,-901,-901
5/31/1934,0.384912397,0.707107438,3.080528926,40.8914876,40.8914876,18.6614876,88.41,0,-901,24.931,-901,0.574909091,8.36231405,-901,0,0.47,88.41,0,0,-901,-901,-901,-901,-901,-901,-901,-901,0.296370248,-901,1.376,40.31365157,4.507041322,-901,-901,-901,-901,-901,-901,-901,-901
6/30/1934,0.215404959,0.395107438,1.416198347,21.19753719,21.19753719,18.53553719,89.285,0,-901,25.161,-901,0.584330579,12.67438017,-901,0,0.5,89.285,0,0,-901,-901,-901,-901,-901,-901,-901,-901,0.785454545,-901,1.057,20.21147538,2.624132231,-901,-901,-901,-901,-901,-901,-901,-901
7/31/1934,0.067021488,0.06130314,0.051342149,0.818768595,0.818768595,22.2277686,77.585,0,-901,13.586,-901,0.539246281,22.93487603,-901,0,0.81,77.585,0,0,-901,-901,-901,-901,-901,-901,-901,-901,0.02102876,-901,1.056,-0.790784386,0.320350413,-901,-901,-901,-901,-901,-901,-901,-901
8/31/1934,0.022996364,0.002398017,0.007562975,0.126710744,0.126710744,17.55471074,64.167,0,-901,7.799,-901,0.439636364,17.76991736,-901,0,0.74,64.167,0,0,-901,-901,-901,-901,-901,-901,-901,-901,0,-901,1.037,-1.497933938,0.002398017,-901,-901,-901,-901,-901,-901,-901,-901
9/30/1934,0.033143802,0.007735537,0.014876033,0.071900826,0.071900826,16.57190083,47.046,0,-901,6.968,-901,0.312991736,17.01818182,-901,0,0.52,47.046,0,0,-901,-901,-901,-901,-901,-901,-901,-901,0,-901,0.932,-1.677556048,0,-901,-901,-901,-901,-901,-901,-901,-901
10/31/1934,0.091616529,0.150029752,0.040889256,0.550140496,0.550140496,16.6631405,32.582,0,-901,4.319,-901,0.285917355,16.10975207,-901,0,0.25,32.582,0,0,-901,-901,-901,-901,-901,-901,-901,-901,0.114981818,-901,0.75,1.787655066,0.268700826,-901,-901,-901,-901,-901,-901,-901,-901
11/30/1934,0.423669421,0.606942149,1.041322314,12.80483471,12.80483471,19.21983471,26.348,0,-901,3.381,-901,0.238016529,13.03140496,-901,0,0.07,26.348,0,0,-901,-901,-901,-901,-901,-901,-901,-901,1.05322314,-901,0.687,12.9100438,4.367603306,-901,-901,-901,-901,-901,-901,-901,-901
12/31/1934,0.504813223,0.787041322,1.014545455,13.09571901,13.09571901,24.70571901,13.91,0,-901,3.356,-901,0.129123967,19.24561983,-901,0,0.11,13.91,0,0,-901,-901,-901,-901,-901,-901,-901,-901,3.584727273,-901,0.743,14.43672512,5.76138843,-901,-901,-901,-901,-901,-901,-901,-901
1/31/1935,1.924561983,3.197355372,1.229752066,23.67106612,23.67106612,31.16806612,5.399,0,-901,3.376,-901,11.2214876,8.485289256,-901,0,0.05,5.399,0,0,-901,-901,-901,-901,-901,-901,-901,-901,33.93500826,-901,0.944,27.08953896,33.1848595,-901,-901,-901,-901,-901,-901,-901,-901
2/28/1935,2.371438017,3.465520661,1.110743802,33.48405785,33.48405785,33.76105785,3.713,0,-901,3.756,-901,9.047008264,8.052892562,-901,0,0.04,3.713,0,0,-901,-901,-901,-901,-901,-901,-901,-901,7.84185124,-901,0.989,33.8175814,24.1031405,-901,-901,-901,-901,-901,-901,-901,-901
3/31/1935,3.35107438,4.912859504,1.930710744,41.73339669,41.73339669,34.48839669,5.791,0,-901,7.515,-901,4.605421488,10.32991736,-901,0,0.04,5.791,0,0,-901,-901,-901,-901,-901,-901,-901,-901,32.02889256,-901,1.368,43.73998162,43.71153719,-901,-901,-901,-901,-901,-901,-901,-901
4/30/1935,18.19041322,24.40264463,12.92429752,179.4257603,179.4257603,133.3487603,47.46,0,-901,10.37,-901,20.04694215,0.107107438,-901,0,0.08,47.46,0,0,-901,-901,-901,-901,-901,-901,-901,-901,57.70115702,-901,1.473,190.8285647,174.2876033,-901,-901,-901,-901,-901,-901,-901,-901
5/31/1935,8.214743802,8.977190083,22.65203306,230.3502397,230.3502397,150.0912397,114.299,0,-901,21.597,-901,53.45732231,0.057798347,-901,0,0.38,114.299,0,0,-901,-901,-901,-901,-901,-901,-901,-901,8.731239669,-901,1.813,235.2862983,61.16786777,-901,-901,-901,-901,-901,-901,-901,-901
6/30/1935,2.255206612,2.36231405,12.42446281,152.9382066,152.9382066,132.5752066,129.636,0,-901,24.601,-901,80.33057851,8.390082645,-901,0,0.7,129.636,0,0,-901,-901,-901,-901,-901,-901,-901,-901,2.368264463,-901,1.322,158.6293235,18.36892562,-901,-901,-901,-901,-901,-901,-901,-901
7/31/1935,0.657917355,0.946909091,0.510347107,16.49627273,16.49627273,32.12727273,112.798,0,-901,23.919,-901,1.506446281,27.42347107,-901,0,0.82,112.798,0,0,-901,-901,-901,-901,-901,-901,-901,-901,1.967603306,-901,1.069,16.25592654,3.320330579,-901,-901,-901,-901,-901,-901,-901,-901
8/31/1935,0.153719008,0.384912397,0.018261818,1.585760331,1.585760331,29.95676033,98.485,0,-901,7.947,-901,1.11292562,29.88297521,-901,0,0.81,98.485,0,0,-901,-901,-901,-901,-901,-901,-901,-901,0.231193388,-901,1.104,1.353960027,0.621024793,-901,-901,-901,-901,-901,-901,-901,-901
9/30/1935,0.057719008,0.222545455,0.011900826,1.443206612,1.443206612,29.61520661,69.338,0,-901,7.349,-901,0.803305785,28.9785124,-901,0,0.64,69.338,0,0,-901,-901,-901,-901,-901,-901,-901,-901,0,-901,0.933,0.113101642,0.135669421,-901,-901,-901,-901,-901,-901,-901,-901
10/31/1935,0.301904132,0.509732231,0.02976,3.695429752,3.695429752,31.10042975,40.788,0,-901,7.27,-901,0.436561983,28.59173554,-901,0,0.3,40.788,0,0,-901,-901,-901,-901,-901,-901,-901,-901,0,-901,0.924,2.461728644,1.155966942,-901,-901,-901,-901,-901,-901,0.122975207,-901
11/30/1935,0.420099174,0.595041322,0.079735537,4.297289256,4.297289256,20.72528926,25.127,0,-901,5.285,-901,0.235041322,16.18512397,-901,0,0.12,25.127,0,0,-901,-901,-901,-901,-901,-901,-901,-901,0.060694215,-901,1.098,3.822245979,1.945785124,-901,-901,-901,-901,-901,-901,0.238016529,-901
12/31/1935,0.522644628,0.719404959,0.099609917,5.532338843,5.532338843,14.93533884,16.192,0,-901,3.057,-901,0.231193388,10.20694215,-901,0,0.08,16.192,0,0,-901,-901,-901,-901,-901,-901,-901,-901,0.587206612,-901,1.68,5.102373941,2.773090909,-901,-901,-901,-901,-901,-901,0.399669421,-901
1/31/1936,3.750743802,4.949752066,4.08892562,40.00659504,40.00659504,42.43259504,11.704,0,-901,3.324,-901,5.533884298,10.57586777,-901,0,0.05,11.704,0,0,-901,-901,-901,-901,-901,-901,-901,-901,30.87292562,-901,1.745,46.94074476,58.37633058,-901,-901,-901,-901,-901,-901,4.156561983,-901
2/29/1936,18.85527273,28.8408595,4.872,138.4269504,138.4269504,120.9659504,27.869,0,-901,3.712,-901,1.754380165,2.47338843,-901,0,0.03,27.869,0,0,-901,-901,-901,-901,-901,-901,-901,-901,197.5259504,-901,0.878,168.7000428,233.7639669,-901,-901,-901,-901,-901,-901,21.2021157,-901
3/31/1936,9.881057851,12.87550413,4.297983471,101.7059587,101.7059587,72.12495868,52.638,0,-901,7.604,-901,4.796033058,0.92231405,-901,0,0.21,52.638,0,0,-901,-901,-901,-901,-901,-901,-901,-901,20.72747107,-901,0.71,104.8966818,73.47768595,-901,-901,-901,-901,-901,-901,3.504793388,-901
4/30/1936,10.59173554,13.41818182,14.41785124,187.2816198,187.2816198,152.9256198,81.462,0,-901,12.129,-901,49.38842975,2.201652893,-901,0,0.28,81.462,0,0,-901,-901,-901,-901,-901,-901,-901,-901,26.20561983,-901,0.727,189.1297999,86.34049587,-901,-901,-901,-901,-901,-901,4.040330579,-901
5/31/1936,5.066578512,5.601520661,21.88343802,245.9497355,245.9497355,192.2717355,122.642,0,-901,23.245,-901,91.24760331,1.783140496,-901,0,0.51,122.642,0,0,-901,-901,-901,-901,-901,-901,-901,-901,4.83292562,-901,0.872,241.9050767,39.19834711,-901,-901,-901,-901,-901,-901,0.780892562,-901
6/30/1936,2.653884298,3.409586777,11.62115702,144.7128595,144.7128595,134.7768595,129.729,0,-901,24.726,-901,61.52727273,16.36363636,-901,0,0.52,129.729,0,0,-901,-901,-901,-901,-901,-901,-901,-901,3.754710744,-901,0.848,144.8737444,20.76099174,-901,-901,-901,-901,-901,-901,0.868760331,-901
7/31/1936,0.848528926,1.346578512,0.639471074,22.3941405,22.3941405,33.7751405,119.565,0,-901,21,-901,3.16661157,22.93487603,-901,0,0.78,119.565,0,0,-901,-901,-901,-901,-901,-901,-901,-901,0.823933884,-901,1.729,21.62542622,3.560132231,-901,-901,-901,-901,-901,-901,0.10391405,-901
8/31/1936,0.282228099,0.725553719,0.025578843,5.031826446,5.031826446,30.62082645,103.957,0,-901,8.187,-901,1.026842975,28.34578512,-901,0,0.85,103.957,0,0,-901,-901,-901,-901,-901,-901,-901,-901,0.096535537,-901,1.982,3.985332997,0.780892562,-901,-901,-901,-901,-901,-901,0.012113058,-901
9/30/1936,0.231471074,0.618842975,0.01267438,2.548421488,2.548421488,30.54942149,78.415,0,-901,3.241,-901,0.821157025,27.43140496,-901,0,0.66,78.415,0,0,-901,-901,-901,-901,-901,-901,-901,-901,0,-901,1.827,1.92815376,0.426644628,-901,-901,-901,-901,-901,-901,0.025586777,-901
10/31/1936,0.304363636,0.664066116,0.013465785,3.25231405,3.25231405,30.68231405,52.576,0,-901,0,-901,0.552158678,25.9477686,-901,0,0.4,52.576,0,0,-901,-901,-901,-901,-901,-901,-901,-901,0,-901,1.25,2.654159058,0.591510744,-901,-901,-901,-901,-901,-901,0.059704463,-901
11/30/1936,0.326677686,0.600991736,0.012317355,3.371727273,3.371727273,24.15272727,30.188,0,-901,0,-901,0.34214876,22.13553719,-901,0,0.24,30.188,0,0,-901,-901,-901,-901,-901,-901,-901,-901,0,-901,1.367,2.802160461,1.047272727,-901,-901,-901,-901,-901,-901,0.13507438,-901
12/31/1936,0.657917355,0.953057851,0.043840661,7.666818182,7.666818182,16.77381818,20.05,0,-901,0,-901,0.207213223,11.2522314,-901,0,0.06,20.05,0,0,-901,-901,-901,-901,-901,-901,-901,-901,2.533289256,-901,0.971,8.622056908,3.191206612,-901,-901,-901,-901,-901,-901,0.349249587,-901
1/31/1937,0.707107438,0.830082645,0.030743802,6.571644628,6.571644628,14.65864463,11.131,0,-901,0,-901,4.568528926,5.841322314,-901,0,0,11.131,0,0,-901,-901,-901,-901,-901,-901,-901,-901,13.40429752,-901,0.832,10.08148879,9.585917355,-901,-901,-901,-901,-901,-901,0.676363636,-901
2/28/1937,8.769322314,14.00092562,0.27768595,61.41549587,61.41549587,58.98049587,12.159,0,-901,0.1,-901,7.05322314,4.387438017,-901,0,0.03,12.159,0,0,-901,-901,-901,-901,-901,-901,-901,-901,98.68958678,-901,1.277,76.13605088,92.30280992,-901,-901,-901,-901,-901,-901,9.363570248,-901
3/31/1937,9.235438017,13.4534876,1.395768595,74.00233058,74.00233058,62.84033058,20.09,0,-901,1.74,-901,1.082181818,8.915702479,-901,0,0.06,20.09,0,0,-901,-901,-901,-901,-901,-901,-901,-901,82.02446281,-901,1.531,91.9590327,114.3054545,-901,-901,-901,-901,-901,-901,9.555173554,-901
4/30/1937,12.08528926,15.57818182,7.152396694,127.4106694,127.4106694,81.63966942,58.374,0,-901,7.458,-901,0.660495868,3.21322314,-901,0,0.17,58.374,0,0,-901,-901,-901,-901,-901,-901,-901,-901,24.26578512,-901,1.599,129.0437975,90.98181818,-901,-901,-901,-901,-901,-901,5.141157025,-901
5/31/1937,10.45289256,11.4551405,24.23226446,279.6100826,279.6100826,197.9900826,125.659,0,-901,19.48,-901,71.26413223,4.242644628,-901,0,0.45,125.659,0,0,-901,-901,-901,-901,-901,-901,-901,-901,7.636760331,-901,1.863,281.1672146,67.20595041,-901,-901,-901,-901,-901,-901,1.561785124,-901
6/30/1937,2.737190083,3.338181818,8.110413223,117.8644793,117.8644793,107.7024793,129.449,0,-901,23.485,-901,56.90380165,10.41322314,-901,0,0.57,129.449,0,0,-901,-901,-901,-901,-901,-901,-901,-901,2.612231405,-901,1.797,120.4252772,16.0185124,-901,-901,-901,-901,-901,-901,0.630743802,-901
7/31/1937,0.93461157,1.555636364,0.298214876,16.08509091,16.08509091,33.27709091,113.238,0,-901,19.517,-901,0.959206612,27.17752066,-901,0,0.84,113.238,0,0,-901,-901,-901,-901,-901,-901,-901,-901,0.959206612,-901,2.147,14.90598758,3.258842975,-901,-901,-901,-901,-901,-901,0.18446281,-901
8/31/1937,0.316661157,0.903867769,0.017646942,3.51953719,3.51953719,29.57553719,95.759,0,-901,8.12,-901,0.805487603,26.25520661,-901,0,0.79,95.759,0,0,-901,-901,-901,-901,-901,-901,-901,-901,0.06517686,-901,2.03,2.287882042,0.670214876,-901,-901,-901,-901,-901,-901,0.015863802,-901
9/30/1937,0.268363636,0.551603306,0.006723967,2.223231405,2.223231405,28.5322314,71.001,0,-901,4.256,-901,0.586115702,22.79008264,-901,0,0.58,71.001,0,0,-901,-901,-901,-901,-901,-901,-901,-901,0,-901,1.733,1.724638831,0.257057851,-901,-901,-901,-901,-901,-901,0.011127273,-901
10/31/1937,0.386142149,0.713256198,0.016048264,3.506528926,3.506528926,29.86452893,44.028,0,-901,3.002,-901,0.355398347,27.23900826,-901,0,0.34,44.028,0,0,-901,-901,-901,-901,-901,-901,-901,-901,0,-901,1.529,2.710964621,1.082181818,-901,-901,-901,-901,-901,-901,0.130353719,-901
11/30/1937,0.70214876,0.868760331,0.230280992,6.58546281,6.58546281,22.50446281,26.667,0,-901,3.03,-901,0.191008264,19.33884298,-901,0,0.09,26.667,0,0,-901,-901,-901,-901,-901,-901,-901,-901,0.618842975,-901,1.324,6.558496193,3.147768595,-901,-901,-901,-901,-901,-901,0.287404959,-901
12/31/1937,4.150413223,4.900561983,9.868760331,125.4109008,125.4109008,67.45190083,75.266,0,-901,10.93,-901,12.68489256,10.08396694,-901,0,0.1,75.266,0,0,-901,-901,-901,-901,-901,-901,-901,-901,18.59385124,-901,1.36,129.1709174,30.27649587,-901,-901,-901,-901,-901,-901,1.770842975,-901
1/31/1938,2.311933884,3.197355372,1.149818182,27.51254545,27.51254545,37.47054545,63.889,0,-901,10.961,-901,3.959801653,17.76991736,-901,0,0.12,63.889,0,0,-901,-901,-901,-901,-901,-901,-901,-901,13.12760331,-901,1.268,29.98365766,19.03656198,-901,-901,-901,-901,-901,-901,1.543338843,-901
2/28/1938,11.84052893,20.65983471,0.666446281,78.2478595,78.2478595,90.1368595,50.595,0,-901,11.433,-901,16.17242975,10.60760331,-901,0,0.06,50.595,0,0,-901,-901,-901,-901,-901,-901,-901,-901,161.4466116,-901,0.873,102.0132326,148.9507438,-901,-901,-901,-901,-901,-901,15.10056198,-901
3/31/1938,24.6134876,35.48449587,2.152066116,158.3528926,158.3528926,166.6928926,41.503,0,-901,11.595,-901,25.60958678,7.99338843,-901,0,0.05,41.503,0,0,-901,-901,-901,-901,-901,-901,-901,-901,125.8036364,-901,0.54,175.5022142,200.6955372,-901,-901,-901,-901,-901,-901,16.10975207,-901
4/30/1938,19.30909091,24.30743802,9.348099174,180.9501322,180.9501322,210.7041322,8.856,0,-901,13.191,-901,89.37520661,1.60661157,-901,0,0.2,8.856,0,0,-901,-901,-901,-901,-901,-901,-901,-901,30.45421488,-901,1.097,186.6406192,124.6016529,-901,-901,-901,-901,-901,-901,5.248264463,-901
5/31/1938,19.79900826,21.9633719,25.54809917,335.0542314,335.0542314,256.7722314,76.011,0,-901,22.713,-901,91.24760331,0,-901,0,0.14,76.011,0,0,-901,-901,-901,-901,-901,-901,-901,-901,15.10135537,-901,1.465,342.2043892,105.4512397,-901,-901,-901,-901,-901,-901,2.084429752,-901
6/30/1938,7.58677686,7.18214876,19.83867769,265.418876,265.418876,207.014876,130.662,0,-901,24.237,-901,108.0595041,2.439669421,-901,0,0.49,130.662,0,0,-901,-901,-901,-901,-901,-901,-901,-901,4.587768595,-901,1.739,268.3468943,38.92165289,-901,-901,-901,-901,-901,-901,0.815206612,-901
7/31/1938,2.41646281,2.945256198,1.936859504,51.07914876,51.07914876,52.83014876,126.671,0,-901,24.543,-901,18.17573554,18.13884298,-901,0,0.76,126.671,0,0,-901,-901,-901,-901,-901,-901,-901,-901,1.764694215,-901,1.174,53.07445755,7.728991736,-901,-901,-901,-901,-901,-901,0.33326281,-901
8/31/1938,1.137520661,1.49414876,0.094076033,8.568950413,8.568950413,32.98195041,112.358,0,-901,11.595,-901,3.15431405,25.9477686,-901,0,0.77,112.358,0,0,-901,-901,-901,-901,-901,-901,-901,-901,0.44947438,-901,2.078,7.326093776,2.232,-901,-901,-901,-901,-901,-901,0.143880992,-901
9/30/1938,0.654545455,1.118677686,0.029752066,4.644016529,4.644016529,29.75801653,89.684,0,-901,6.807,-901,2.34446281,25.52727273,-901,0,0.57,89.684,0,0,-901,-901,-901,-901,-901,-901,-901,-901,0.086876033,-901,1.778,4.312672744,1.047272727,-901,-901,-901,-901,-901,-901,0.118413223,-901
10/31/1938,0.92231405,1.543338843,0.316046281,7.957900826,7.957900826,33.22790083,65.778,0,-901,3.717,-901,4.556231405,23.98016529,-901,0,0.25,65.778,0,0,-901,-901,-901,-901,-901,-901,-901,-901,1.155966942,-901,1.476,8.465592804,2.803834711,-901,-901,-901,-901,-901,-901,0.330803306,-901
11/30/1938,1.100826446,1.60661157,0.928264463,13.37652066,13.37652066,34.13752066,42.057,0,-901,4.802,-901,8.47338843,19.81487603,-901,0,0.17,42.057,0,0,-901,-901,-901,-901,-901,-901,-901,-901,2.052892562,-901,1.705,13.32746364,4.165289256,-901,-901,-901,-901,-901,-901,0.561123967,-901
12/31/1938,1.094479339,1.623272727,0.93461157,13.45087603,13.45087603,34.83887603,18.036,0,-901,5.537,-901,1.285090909,27.36198347,-901,0,0.13,18.036,0,0,-901,-901,-901,-901,-901,-901,-901,-901,2.459504132,-901,1.768,13.34677664,4.83907438,-901,-901,-901,-901,-901,-901,0.435332231,-901
1/31/1939,1.211305785,1.820033058,0.51465124,13.13503306,13.13503306,25.62803306,4.95,0,-901,5.368,-901,0.061118678,17.09355372,-901,0,0.07,4.95,0,0,-901,-901,-901,-901,-901,-901,-901,-901,3.381818182,-901,0.692,13.73492388,6.462347107,-901,-901,-901,-901,-901,-901,0.707107438,-901
2/28/1939,1.727206612,2.032661157,0.499834711,15.62484298,15.62484298,14.92284298,9.285,0,-901,0.731,-901,0.066644628,0.999669421,-901,0,0.03,9.285,0,0,-901,-901,-901,-901,-901,-901,-901,-901,10.2854876,-901,0.974,16.76369063,11.47398347,-901,-901,-901,-901,-901,-901,1.577256198,-901
3/31/1939,3.504793388,4.138115702,3.670809917,55.67395868,55.67395868,29.71695868,29.804,0,-901,4.273,-901,0.138347107,2.520991736,-901,0,0.07,29.804,0,0,-901,-901,-901,-901,-901,-901,-901,-901,8.030280992,-901,1.826,57.20767027,27.16522314,-901,-901,-901,-901,-901,-901,1.740099174,-901
4/30/1939,3.713057851,4.105785124,10.12165289,126.2129669,126.2129669,48.48396694,94.693,0,-901,14.918,-901,0.420694215,0.214214876,-901,0,0.29,94.693,0,0,-901,-901,-901,-901,-901,-901,-901,-901,3.552396694,-901,1.905,126.8082039,23.99801653,-901,-901,-901,-901,-901,-901,0.660495868,-901
5/31/1939,1.524892562,1.789289256,5.429355372,76.46293388,76.46293388,35.04793388,129.171,0,-901,19.995,-901,0.971504132,11.1292562,-901,0,0.49,129.171,0,0,-901,-901,-901,-901,-901,-901,-901,-901,1.67861157,-901,1.37,75.93572195,8.620561983,-901,-901,-901,-901,-901,-901,0.341256198,-901
6/30/1939,0.678347107,0.874710744,0.797355372,17.10020661,17.10020661,20.25520661,125.383,0,-901,18.583,-901,0.844958678,14.4,-901,0,0.72,125.383,0,0,-901,-901,-901,-901,-901,-901,-901,-901,0.279669421,-901,1.325,16.78420068,2.320661157,-901,-901,-901,-901,-901,-901,0.069024793,-901
7/31/1939,0.23242314,0.45562314,0.083008264,2.318760331,2.318760331,17.30876033,120.467,0,-901,6.167,-901,0.780892562,16.7861157,-901,0,0.9,120.467,0,0,-901,-901,-901,-901,-901,-901,-901,-901,0.398439669,-901,1.442,2.451492709,0.313586777,-901,-901,-901,-901,-901,-901,0.01051438,-901
8/31/1939,0.091001653,0.348019835,0.00873124,0.915933884,0.915933884,17.19193388,102.937,0,-901,5.147,-901,0.731702479,17.89289256,-901,0,0.88,102.937,0,0,-901,-901,-901,-901,-901,-901,-901,-901,0.004181157,-901,1.394,0.216822892,0.011313719,-901,-901,-901,-901,-901,-901,0.016478678,-901
9/30/1939,0.105322314,0.322512397,0.012495868,2.131041322,2.131041322,17.15504132,86.356,0,-901,5.003,-901,0.508760331,17.79173554,-901,0,0.5,86.356,0,0,-901,-901,-901,-901,-901,-901,-901,-901,0,-901,1.201,2.11829824,0.047603306,-901,-901,-901,-901,-901,-901,0.013864463,-901
10/31/1939,0.347404959,0.719404959,0.374459504,8.599330579,8.599330579,19.68833058,73.489,0,-901,5.191,-901,0.405818182,17.09355372,-901,0,0.37,73.489,0,0,-901,-901,-901,-901,-901,-901,-901,-901,0,-901,1.22,8.321556611,1.506446281,-901,-901,-901,-901,-901,-901,0.112522314,-901
11/30/1939,0.264198347,0.690247934,0.080330579,4.239446281,4.239446281,20.10644628,56.335,0,-901,5.044,-901,0.260033058,18.2677686,-901,0,0.22,56.335,0,0,-901,-901,-901,-901,-901,-901,-901,-901,0,-901,1.214,4.583840845,1.380495868,-901,-901,-901,-901,-901,-901,0.116033058,-901
12/31/1939,0.383682645,0.774743802,0.450089256,9.387669421,9.387669421,30.15966942,32.582,0,-901,6.586,-901,0.100224793,26.25520661,-901,0,0.12,32.582,0,0,-901,-901,-901,-901,-901,-901,-901,-901,0.848528926,-901,1.319,9.962652419,2.281190083,-901,-901,-901,-901,-901,-901,0.274849587,-901
1/31/1940,6.13031405,10.62505785,4.998942149,81.37220661,81.37220661,60.47920661,52.826,0,-901,6.005,-901,0.28837686,6.88661157,-901,0,0.08,52.826,0,0,-901,-901,-901,-901,-901,-901,-901,-901,46.39239669,-901,1.15,87.69601216,76.67504132,-901,-901,-901,-901,-901,-901,4.297983471,-901
2/29/1940,12.25765289,16.91107438,2.657454545,95.34933058,95.34933058,84.44033058,64.586,0,-901,3.987,-901,5.521983471,5.234380165,-901,0,0.07,64.586,0,0,-901,-901,-901,-901,-901,-901,-901,-901,54.50657851,-901,1.097,105.6910873,129.5940496,-901,-901,-901,-901,-901,-901,6.942743802,-901
3/31/1940,17.16119008,20.96112397,8.798876033,157.9491322,157.9491322,130.7841322,86.041,0,-901,8.398,-901,20.57375207,0.36277686,-901,0,0.23,86.041,0,0,-901,-901,-901,-901,-901,-901,-901,-901,58.60998347,-901,1.069,166.8525798,159.4373554,-901,-901,-901,-901,-901,-901,8.208595041,-901
4/30/1940,13.1385124,13.7692562,11.34743802,168.1927934,168.1927934,148.2247934,99.152,0,-901,13.759,-901,41.6231405,9.461157025,-901,0,0.34,99.152,0,0,-901,-901,-901,-901,-901,-901,-901,-901,39.89157025,-901,1.156,176.0666108,93.7785124,-901,-901,-901,-901,-901,-901,4.444958678,-901
5/31/1940,2.976,3.855272727,20.13104132,240.1308843,240.1308843,198.9738843,130.475,0,-901,21.491,-901,90.44826446,24.84099174,-901,0,0.56,130.475,0,0,-901,-901,-901,-901,-901,-901,-901,-901,5.072727273,-901,1.542,238.2035041,28.38267769,-901,-901,-901,-901,-901,-901,0.823933884,-901
6/30/1940,1.213884298,1.95768595,5.676694215,90.08214876,90.08214876,88.54214876,127.04,0,-901,24.14,-901,37.8922314,27.31239669,-901,0,0.72,127.04,0,0,-901,-901,-901,-901,-901,-901,-901,-901,1.564958678,-901,1.606,92.75725046,6.896528926,-901,-901,-901,-901,-901,-901,0.23861157,-901
7/31/1940,0.73785124,1.11292562,0.154333884,8.810859504,8.810859504,34.6728595,112.622,0,-901,10.151,-901,0.573064463,31.78909091,-901,0,0.84,112.622,0,0,-901,-901,-901,-901,-901,-901,-901,-901,0.700958678,-901,1.705,8.769395279,1.654016529,-901,-901,-901,-901,-901,-901,0.032342479,-901
8/31/1940,0.349864463,0.713256198,0.021828099,3.177214876,3.177214876,30.43021488,84.478,0,-901,8.652,-901,0.403973554,29.20661157,-901,0,0.8,84.478,0,0,-901,-901,-901,-901,-901,-901,-901,-901,0.078089256,-901,1.59,2.246221157,0.111292562,-901,-901,-901,-901,-901,-901,0.007931901,-901
9/30/1940,0.30585124,0.678347107,0.011900826,2.351008264,2.351008264,29.63900826,55.816,0,-901,8.256,-901,0.18446281,29.45454545,-901,0,0.39,55.816,0,0,-901,-901,-901,-901,-901,-901,-901,-901,0.002558678,-901,1.38,1.979676997,0.09461157,-901,-901,-901,-901,-901,-901,0.030347107,-901
10/31/1940,1.020694215,0.762446281,0.012481983,3.389123967,3.389123967,26.16912397,35.933,0,-901,3.766,-901,0.081778512,19.98347107,-901,0,0.23,35.933,0,0,-901,-901,-901,-901,-901,-901,-901,-901,0.170320661,-901,1.363,3.330723754,0.688661157,-901,-901,-901,-901,-901,-901,0.092846281,-901
11/30/1940,0.934214876,0.844958678,0.120198347,6.251115702,6.251115702,14.6261157,26.943,0,-901,3.03,-901,0.066049587,9.996694215,-901,0,0.1,26.943,0,0,-901,-901,-901,-901,-901,-901,-901,-901,1.42214876,-901,1.251,5.782975325,2.16,-901,-901,-901,-901,-901,-901,0.223735537,-901
12/31/1940,3.105123967,4.193454545,1.647867769,31.54566116,31.54566116,31.19266116,24.636,0,-901,4.506,-901,0.136502479,12.42049587,-901,0,0.08,24.636,0,0,-901,-901,-901,-901,-901,-901,-901,-901,18.33560331,-901,1.104,34.76655854,27.70016529,-901,-901,-901,-901,-901,-901,2.207404959,-901
1/31/1941,4.84522314,5.601520661,0.983801653,38.43439669,38.43439669,50.11239669,12.72,0,-901,3.621,-901,0.179543802,22.75041322,-901,0,0.06,12.72,0,0,-901,-901,-901,-901,-901,-901,-901,-901,24.18922314,-901,1.063,41.81759916,49.73732231,-901,-901,-901,-901,-901,-901,2.920661157,-901
2/28/1941,8.141752066,13.75100826,2.749090909,69.40571074,69.40571074,76.47471074,0.449,0,-901,7.904,-901,14.18975207,13.32892562,-901,0,0.04,0.449,0,0,-901,-901,-901,-901,-901,-901,-901,-901,47.23993388,-901,0.879,75.34974622,79.91801653,-901,-901,-901,-901,-901,-901,5.720330579,-901
3/31/1941,11.87940496,16.23272727,4.254942149,96.8083719,96.8083719,94.8753719,1.111,0,-901,7.943,-901,21.9941157,1.352727273,-901,0,0,1.111,0,0,-901,-901,-901,-901,-901,-901,-901,-901,50.25996694,-901,1.232,102.6086799,83.6231405,-901,-901,-901,-901,-901,-901,5.251041322,-901
4/30/1941,10.3477686,14.12628099,6.402644628,107.2563471,107.2563471,69.79834711,35.159,0,-901,10.04,-901,0.18446281,1.547107438,-901,0,0.01,35.159,0,0,-901,-901,-901,-901,-901,-901,-901,-901,48.41256198,-901,1.303,111.4738003,80.80661157,-901,-901,-901,-901,-901,-901,4.718677686,-901
5/31/1941,8.55907438,8.688198347,25.33904132,285.832314,285.832314,201.802314,106.442,0,-901,21.06,-901,86.57454545,1.10677686,-901,0,0.26,106.442,0,0,-901,-901,-901,-901,-901,-901,-901,-901,8.122512397,-901,1.467,285.5828926,55.64013223,-901,-901,-901,-901,-901,-901,1.315834711,-901
6/30/1941,2.653884298,3.21322314,12.84694215,166.8915289,166.8915289,137.2165289,129.822,0,-901,25.367,-901,77.83140496,13.56694215,-901,0,0.47,129.822,0,0,-901,-901,-901,-901,-901,-901,-901,-901,2.820495868,-901,1.518,168.8583381,16.56595041,-901,-901,-901,-901,-901,-901,0.473057851,-901
7/31/1941,1.697057851,1.617123967,1.352727273,34.76130579,34.76130579,42.13130579,122.731,0,-901,22.648,-901,4.943603306,27.42347107,-901,0,0.77,122.731,0,0,-901,-901,-901,-901,-901,-901,-901,-901,0.848528926,-901,1.67,34.30395045,3.412561983,-901,-901,-901,-901,-901,-901,0.134657851,-901
8/31/1941,0.372614876,0.940760331,0.055707769,4.637727273,4.637727273,32.60072727,106.7,0,-901,8.446,-901,0.836231405,28.65322314,-901,0,0.61,106.7,0,0,-901,-901,-901,-901,-901,-901,-901,-901,0.236727273,-901,1.66,4.369269631,0.854677686,-901,-901,-901,-901,-901,-901,0.056753058,-901
9/30/1941,0.455206612,0.815206612,0.013864463,3.492173554,3.492173554,29.85917355,82.616,0,-901,4.178,-901,0.642644628,24.39669421,-901,0,0.52,82.616,0,0,-901,-901,-901,-901,-901,-901,-901,-901,0.068429752,-901,1.465,3.12572424,0.513520661,-901,-901,-901,-901,-901,-901,0.058492562,-901
10/31/1941,0.425494215,0.842380165,0.016847603,4.19131405,4.19131405,32.17031405,52.888,0,-901,4.178,-901,0.301904132,30.55933884,-901,0,0.28,52.888,0,0,-901,-901,-901,-901,-901,-901,-901,-901,0.239186777,-901,1.469,2.538284898,1.12522314,-901,-901,-901,-901,-901,-901,-901,-901
11/30/1941,0.755702479,0.934214876,0.666446281,11.72580992,11.72580992,31.10280992,31.988,0,-901,4.178,-901,0.146975207,26.30082645,-901,0,0.12,31.988,0,0,-901,-901,-901,-901,-901,-901,-901,-901,1.184132231,-901,1.403,10.78705586,3.207272727,-901,-901,-901,-901,-901,-901,-901,-901
12/31/1941,3.209652893,3.621619835,4.328727273,66.45545455,66.45545455,42.88145455,51.828,0,-901,6.635,-901,0.598889256,14.20363636,-901,0,0.03,51.828,0,0,-901,-901,-901,-901,-901,-901,-901,-901,14.99067769,-901,1.247,68.30838556,23.64198347,-901,-901,-901,-901,-901,-901,-901,-901
1/31/1942,10.11471074,14.63404959,3.16661157,97.06213223,97.06213223,86.14413223,59.041,0,-901,9.197,-901,5.804429752,15.43338843,-901,0,0.09,59.041,0,0,-901,-901,-901,-901,-901,-901,-901,-901,68.49719008,-901,1.053,107.2636291,109.8168595,-901,-901,-901,-901,-901,-901,-901,-901
2/28/1942,11.85719008,14.03424793,1.777190083,76.10601653,76.10601653,106.7980165,30.525,0,-901,5.996,-901,39.4425124,6.55338843,-901,0,0.1,30.525,0,0,-901,-901,-901,-901,-901,-901,-901,-901,39.93679339,-901,0.925,82.05588519,106.353719,-901,-901,-901,-901,-901,-901,-901,-901
3/31/1942,6.148760331,8.104066116,2.299636364,60.90219835,60.90219835,65.97619835,24.326,0,-901,5.801,-901,10.13930579,16.35570248,-901,0,0.15,24.326,0,0,-901,-901,-901,-901,-901,-901,-901,-901,19.55920661,-901,1.17,63.99574453,46.79821488,-901,-901,-901,-901,-901,-901,-901,-901
4/30/1942,12.81123967,16.92892562,9.00892562,153.3242149,153.3242149,111.0942149,57.579,0,-901,13.387,-901,17.48826446,8.925619835,-901,0,0.14,57.579,0,0,-901,-901,-901,-901,-901,-901,-901,-901,27.88958678,-901,1.251,152.9269303,85.32892562,-901,-901,-901,-901,-901,-901,-901,-901
5/31/1942,12.88780165,15.16284298,16.06056198,221.3897107,221.3897107,192.3947107,78.415,0,-901,20.071,-901,83.06975207,0.983801653,-901,0,0.29,78.415,0,0,-901,-901,-901,-901,-901,-901,-901,-901,19.7621157,-901,1.185,218.1282399,85.5292562,-901,-901,-901,-901,-901,-901,-901,-901
6/30/1942,6.003966942,6.075371901,20.23735537,241.0781818,241.0781818,182.6181818,130.009,0,-901,25.089,-901,100.8595041,0.178512397,-901,0,0.53,130.009,0,0,-901,-901,-901,-901,-901,-901,-901,-901,6.12892562,-901,1.318,241.4137586,36.56528926,-901,-901,-901,-901,-901,-901,-901,-901
7/31/1942,1.961454545,2.582479339,2.268892562,51.96090083,51.96090083,60.75590083,120.738,0,-901,23.166,-901,14.31431405,30.43636364,-901,0,0.77,120.738,0,0,-901,-901,-901,-901,-901,-901,-901,-901,1.801586777,-901,1.629,52.11436476,8.276231405,-901,-901,-901,-901,-901,-901,-901,-901
8/31/1942,1.039140496,1.401917355,0.02976,8.196603306,8.196603306,34.70360331,104.469,0,-901,10.605,-901,0.719404959,29.51404959,-901,0,0.73,104.469,0,0,-901,-901,-901,-901,-901,-901,-901,-901,0.345560331,-901,1.593,8.033250567,2.361123967,-901,-901,-901,-901,-901,-901,-901,-901
9/30/1942,0.672396694,1.041322314,0.009699174,4.170752066,4.170752066,30.98975207,78.112,0,-901,8.129,-901,0.449256198,26.53884298,-901,0,0.53,78.112,0,0,-901,-901,-901,-901,-901,-901,-901,-901,0.141619835,-901,1.484,4.341167305,1.225785124,-901,-901,-901,-901,-901,-901,-901,-901
10/31/1942,0.645619835,0.916165289,-901,3.573520661,3.573520661,31.64152066,50.841,0,-901,5.595,-901,0.255173554,28.34578512,-901,0,0.32,50.841,0,0,-901,-901,-901,-901,-901,-901,-901,-901,0.070710744,-901,1.417,2.945897345,1.647867769,-901,-901,-901,-901,-901,-901,-901,-901
11/30/1942,3.96892562,3.129917355,-901,35.214,35.214,42.48,42.113,0,-901,5.728,-901,0.153520661,19.9338843,-901,0,0.15,42.113,0,0,-901,-901,-901,-901,-901,-901,-901,-901,10.44892562,-901,1.179,36.6379196,20.55867769,-901,-901,-901,-901,-901,-901,-901,-901
12/31/1942,3.553983471,4.181157025,-901,52.82552893,52.82552893,46.97652893,43.857,0,-901,8.512,-901,0.156178512,15.37190083,-901,0,0.09,43.857,0,0,-901,-901,-901,-901,-901,-901,-901,-901,18.79061157,-901,1.231,55.7500058,38.03008264,-901,-901,-901,-901,-901,-901,-901,-901
1/31/1943,12.02082645,16.82300826,-901,107.0813802,107.0813802,92.35438017,57.25,0,-901,8.727,-901,0.425494215,11.49818182,-901,0,0.08,57.25,0,0,-901,-901,-901,-901,-901,-901,-901,-901,62.40991736,-901,1.039,116.7884905,137.8552066,-901,-901,-901,-901,-901,-901,-901,-901
2/28/1943,9.891173554,11.55173554,-901,76.40336364,76.40336364,64.75636364,69.194,0,-901,7.378,-901,0.303233058,6.275702479,-901,0,0.08,69.194,0,0,-901,-901,-901,-901,-901,-901,-901,-901,42.85249587,-901,0.972,82.14463118,81.7507438,-901,-901,-901,-901,-901,-901,-901,-901
3/31/1943,24.09084298,30.0858843,-901,192.3934793,192.3934793,166.2624793,92.984,0,-901,8.531,-901,15.10135537,2.951404959,-901,0,0.21,92.984,0,0,-901,-901,-901,-901,-901,-901,-901,-901,109.8783471,-901,0.978,210.3282009,248.8403306,-901,-901,-901,-901,-901,-901,-901,-901
4/30/1943,10.37752066,11.37719008,-901,184.4291736,184.4291736,168.0991736,101.668,0,-901,14.708,-901,65.63305785,11.18677686,-901,0,0.35,101.668,0,0,-901,-901,-901,-901,-901,-901,-901,-901,19.09487603,-901,1.119,187.7667995,73.96363636,-901,-901,-901,-901,-901,-901,-901,-901
5/31/1943,5.447801653,5.706049587,-901,208.4400579,208.4400579,168.3530579,131.036,0,-901,23.575,-901,96.28958678,0.252099174,-901,0,0.5,131.036,0,0,-901,-901,-901,-901,-901,-901,-901,-901,7.501487603,-901,1.352,209.0421213,34.19940496,-901,-901,-901,-901,-901,-901,-901,-901
6/30/1943,2.850247934,3.177520661,-901,113.8097686,113.8097686,111.8677686,129.636,0,-901,24.971,-901,68.25123967,3.451239669,-901,0,0.63,129.636,0,0,-901,-901,-901,-901,-901,-901,-901,-901,3.492892562,-901,1.316,118.2580707,15.42347107,-901,-901,-901,-901,-901,-901,-901,-901
7/31/1943,1.420363636,1.697057851,-901,25.94900826,25.94900826,34.67900826,122.46,0,-901,21.172,-901,0.509732231,24.65652893,-901,0,0.84,122.46,0,0,-901,-901,-901,-901,-901,-901,-901,-901,1.383471074,-901,1.405,25.49444851,5.01738843,-901,-901,-901,-901,-901,-901,-901,-901
8/31/1943,0.971504132,0.965355372,-901,7.027140496,7.027140496,32.2871405,106.959,0,-901,9.194,-901,0.441480992,25.33289256,-901,0,0.82,106.959,0,0,-901,-901,-901,-901,-901,-901,-901,-901,0.120515702,-901,1.399,6.248158584,1.820033058,-901,-901,-901,-901,-901,-901,-901,-901
9/30/1943,0.672396694,0.684297521,-901,3.378438017,3.378438017,30.78743802,81.616,0,-901,5.204,-901,0.266578512,25.1107438,-901,0,0.65,81.616,0,0,-901,-901,-901,-901,-901,-901,-901,-901,0,-901,1.274,2.525995468,0.963966942,-901,-901,-901,-901,-901,-901,-901,-901
10/31/1943,2.084429752,0.836231405,0.00614876,5.682099174,5.682099174,32.98809917,53.202,0,-901,4.86,-901,0.150644628,28.77619835,-901,0,0.25,53.202,0,0,-901,-901,-901,-901,-901,-901,-901,-901,0.471609917,-901,1.202,5.531882322,2.022942149,-901,-901,-901,-901,-901,-901,-901,-901
11/30/1943,0.797355372,1.047272727,0.011900826,4.558297521,4.558297521,30.92429752,25.848,0,-901,4.643,-901,0.091041322,28.02644628,-901,0,0.11,25.848,0,0,-901,-901,-901,-901,-901,-901,-901,-901,1.380495868,-901,1.095,4.948345808,3.052561983,-901,-901,-901,-901,-901,-901,-901,-901
12/31/1943,1.076033058,1.285090909,0.122975207,8.556297521,8.556297521,17.86829752,15.034,0,-901,5.138,-901,0.04464,12.23603306,-901,0,0.03,15.034,0,0,-901,-901,-901,-901,-901,-901,-901,-901,2.256595041,-901,0.977,9.729045076,4.617719008,-901,-901,-901,-901,-901,-901,-901,-901
1/31/1944,1.844628099,2.121322314,0.307438017,13.03395041,13.03395041,22.56595041,5.513,0,-901,4.178,-901,0.057490909,12.85090909,-901,0,0.04,5.513,0,0,-901,-901,-901,-901,-901,-901,-901,-901,5.39861157,-901,0.909,14.45118618,10.64965289,-901,-901,-901,-901,-901,-901,-901,-901
2/29/1944,2.743735537,3.589289256,0.460165289,23.08067769,23.08067769,22.07067769,5.172,0,-901,4.668,-901,0.052343802,6.097190083,-901,0,0.03,5.172,0,0,-901,-901,-901,-901,-901,-901,-901,-901,20.69018182,-901,0.831,27.24667177,34.0694876,-901,-901,-901,-901,-901,-901,-901,-901
3/31/1944,4.568528926,6.265586777,2.152066116,46.74559504,46.74559504,40.20059504,9.228,0,-901,6.161,-901,0.114981818,10.57586777,-901,0,0.065,9.228,0,0,-901,-901,-901,-901,-901,-901,-901,-901,36.02558678,-901,0.931,48.91387385,47.46842975,-901,-901,-901,-901,-901,-901,-901,-901
4/30/1944,4.165289256,5.135206612,4.617520661,66.8367438,66.8367438,50.3107438,17.614,0,-901,13.128,-901,0.092231405,18.38677686,-901,0,0.15,17.614,0,0,-901,-901,-901,-901,-901,-901,-901,-901,6.27768595,-901,1.023,66.9176069,32.79867769,-901,-901,-901,-901,-901,-901,-901,-901
5/31/1944,4.734545455,5.712198347,17.25957025,189.0843554,189.0843554,85.03735537,112.006,0,-901,21.333,-901,7.310876033,2.643966942,-901,0,0.31,112.006,0,0,-901,-901,-901,-901,-901,-901,-901,-901,3.54168595,-901,1.14,188.2626119,38.58961983,-901,-901,-901,-901,-901,-901,-901,-901
6/30/1944,1.951735537,1.939834711,5.765950413,79.81389256,79.81389256,58.21289256,128.799,0,-901,24.242,-901,10.84760331,21.36198347,-901,0,0.74,128.799,0,0,-901,-901,-901,-901,-901,-901,-901,-901,1.297190083,-901,1.159,79.02622817,12.03768595,-901,-901,-901,-901,-901,-901,-901,-901
7/31/1944,0.470380165,0.836231405,0.317890909,12.11282645,12.11282645,30.62082645,122.46,0,-901,9.985,-901,1.813884298,24.1031405,-901,0,0.76,122.46,0,0,-901,-901,-901,-901,-901,-901,-901,-901,0.05773686,-901,1.328,11.91422434,2.152066116,-901,-901,-901,-901,-901,-901,-901,-901
8/31/1944,0.257018182,0.538631405,0.021643636,2.974677686,2.974677686,30.61467769,95.348,0,-901,7.48,-901,1.11292562,28.28429752,-901,0,0.7,95.348,0,0,-901,-901,-901,-901,-901,-901,-901,-901,0,-901,1.277,2.476757081,0.325884298,-901,-901,-901,-901,-901,-901,-901,-901
9/30/1944,0.243371901,0.437355372,0.010710744,0.691231405,0.691231405,29.2522314,65.919,0,-901,6.656,-901,0.73785124,29.87107438,-901,0,0.47,65.919,0,0,-901,-901,-901,-901,-901,-901,-901,-901,0,-901,1.222,1.103755204,0.098181818,-901,-901,-901,-901,-901,-901,-901,-901
10/31/1944,0.518955372,0.676363636,0.195530579,2.313801653,2.313801653,30.74380165,36.454,0,-901,6.277,-901,0.289606612,30.06743802,-901,0,0.26,36.454,0,0,-901,-901,-901,-901,-901,-901,-901,-901,0,-901,1.154,3.101240856,0.386142149,-901,-901,-901,-901,-901,-901,-901,-901
11/30/1944,2.338512397,3.201322314,2.165950413,33.7852314,33.7852314,41.4922314,26.074,0,-901,7.88,-901,3.314380165,20.94545455,-901,0,0.08,26.074,0,0,-901,-901,-901,-901,-901,-901,-901,-901,11.21057851,-901,0.99,35.83870414,22.9031405,-901,-901,-901,-901,-901,-901,-901,-901
12/31/1944,2.133619835,2.853024793,2.176661157,34.94507438,34.94507438,46.50307438,10.818,0,-901,10.555,-901,6.234842975,21.70512397,-901,0,0.07,10.818,0,0,-901,-901,-901,-901,-901,-901,-901,-901,8.620561983,-901,0.953,36.30828979,18.48932231,-901,-901,-901,-901,-901,-901,-901,-901
1/31/1945,1.943008264,2.514842975,1.537190083,27.57281818,27.57281818,37.60581818,0,0,-901,10.465,-901,1.838479339,19.24561983,-901,0,0.03,0,0,0,-901,-901,-901,-901,-901,-901,-901,-901,4.691504132,-901,0.845,27.91181508,15.15669421,-901,-901,-901,-901,-901,-901,-901,-901
2/28/1945,11.91828099,18.48833058,4.909487603,112.6609256,112.6609256,93.96892562,19.13,0,-901,9.154,-901,11.30181818,0.777520661,-901,0,0.05,19.13,0,0,-901,-901,-901,-901,-901,-901,-901,-901,66.97785124,-901,0.823,122.0705126,120.2380165,-901,-901,-901,-901,-901,-901,-901,-901
3/31/1945,6.573024793,8.768132231,2.072132231,56.2918595,56.2918595,48.0648595,23.93,0,-901,11.514,-901,0.194300826,10.32991736,-901,0,0.08,23.93,0,0,-901,-901,-901,-901,-901,-901,-901,-901,40.91385124,-901,0.987,60.45130486,56.02750413,-901,-901,-901,-901,-901,-901,-901,-901
4/30/1945,7.598677686,9.52661157,9.699173554,123.004281,123.004281,83.24628099,59.712,0,-901,14.211,-901,7.313057851,10.23471074,-901,0,0.29,59.712,0,0,-901,-901,-901,-901,-901,-901,-901,-901,14.45355372,-901,0.989,126.2353639,59.21256198,-901,-901,-901,-901,-901,-901,-901,-901
5/31/1945,5.220297521,5.374016529,17.63464463,208.7516281,208.7516281,143.2046281,114.112,0,-901,23.896,-901,64.25454545,0,-901,0,0.3,114.112,0,0,-901,-901,-901,-901,-901,-901,-901,-901,5.048132231,-901,1.162,210.1008121,40.03457851,-901,-901,-901,-901,-901,-901,-901,-901
6/30/1945,2.380165289,2.534876033,10.44892562,148.9165207,148.9165207,129.8975207,129.822,0,-901,25.281,-901,74.32066116,12.7338843,-901,0,0.63,129.822,0,0,-901,-901,-901,-901,-901,-901,-901,-901,2.368264463,-901,1.294,148.0344295,20.38016529,-901,-901,-901,-901,-901,-901,-901,-901
7/31/1945,0.953057851,1.211305785,0.502968595,23.56029752,23.56029752,39.44429752,120.648,0,-901,16.305,-901,1.703206612,31.6661157,-901,0,0.88,120.648,0,0,-901,-901,-901,-901,-901,-901,-901,-901,0.15187438,-901,1.386,22.38856651,3.086677686,-901,-901,-901,-901,-901,-901,-901,-901
8/31/1945,0.36277686,0.762446281,0.013896198,5.567710744,5.567710744,33.92271074,96.911,0,-901,9.458,-901,0.744,31.6046281,-901,0,0.75,96.911,0,0,-901,-901,-901,-901,-901,-901,-901,-901,0,-901,1.479,4.665569941,0.570604959,-901,-901,-901,-901,-901,-901,-901,-901
9/30/1945,0.246942149,0.660495868,0.007140496,2.457958678,2.457958678,30.36495868,67.691,0,-901,8.838,-901,0.371305785,29.87107438,-901,0,0.59,67.691,0,0,-901,-901,-901,-901,-901,-901,-901,-901,0,-901,1.343,1.692249371,0.15768595,-901,-901,-901,-901,-901,-901,-901,-901
10/31/1945,0.549084298,1.137520661,0.725553719,9.130289256,9.130289256,33.03728926,42.32,0,-901,8.78,-901,0.180773554,30.06743802,-901,0,0.25,42.32,0,0,-901,-901,-901,-901,-901,-901,-901,-901,0,-901,1.272,10.1449071,2.527140496,-901,-901,-901,-901,-901,-901,-901,-901
11/30/1945,1.588760331,2.380165289,1.713719008,35.62282645,35.62282645,35.66082645,39.535,0,-901,10.5,-901,0.179702479,21.48099174,-901,0,0.08,39.535,0,0,-901,-901,-901,-901,-901,-901,-901,-901,4.248595041,-901,0.947,37.04638244,14.50115702,-901,-901,-901,-901,-901,-901,-901,-901
12/31/1945,10.18849587,13.04766942,3.504793388,84.3416281,84.3416281,106.0046281,16.635,0,-901,10.772,-901,34.23629752,16.23272727,-901,0,0.04,16.635,0,0,-901,-901,-901,-901,-901,-901,-901,-901,45.15034711,-901,0.925,87.05690106,108.2796694,-901,-901,-901,-901,-901,-901,-901,-901
1/31/1946,6.966545455,7.895008264,1.721652893,60.55969421,60.55969421,78.39669421,0.355,0,-901,8.349,-901,31.92436364,0.614876033,-901,0,0.03,0.355,0,0,-901,-901,-901,-901,-901,-901,-901,-901,17.96667769,-901,0.836,62.21560369,56.03980165,-901,-901,-901,-901,-901,-901,-901,-901
2/28/1946,3.537719008,4.448528926,1.371768595,32.96409917,32.96409917,34.64409917,0.936,0,-901,5.348,-901,4.559603306,4.942809917,-901,0,0.003,0.936,0,0,-901,-901,-901,-901,-901,-901,-901,-901,8.713785124,-901,0.737,33.70219626,28.14069421,-901,-901,-901,-901,-901,-901,-901,-901
3/31/1946,7.052628099,8.288528926,3.959801653,75.28455372,75.28455372,55.03755372,14.014,0,-901,11.585,-901,0.805487603,10.63735537,-901,0,0.05,14.014,0,0,-901,-901,-901,-901,-901,-901,-901,-901,18.82750413,-901,0.882,77.53532961,64.99239669,-901,-901,-901,-901,-901,-901,-901,-901
4/30/1946,8.324628099,9.443305785,12.66247934,153.4666446,153.4666446,81.28264463,78.415,0,-901,18.108,-901,0.880661157,3.21322314,-901,0,0.28,78.415,0,0,-901,-901,-901,-901,-901,-901,-901,-901,16.1077686,-901,0.98,151.7391047,64.91900826,-901,-901,-901,-901,-901,-901,-901,-901
5/31/1946,4.882115702,4.875966942,19.23947107,207.4871736,207.4871736,147.9391736,130.102,0,-901,24.157,-901,72.00198347,0,-901,0,0.52,130.102,0,0,-901,-901,-901,-901,-901,-901,-901,-901,3.892165289,-901,1.292,206.0609494,36.94175207,-901,-901,-901,-901,-901,-901,-901,-901
6/30/1946,1.749421488,2.189752066,5.063801653,80.4214876,80.4214876,79.0214876,128.242,0,-901,25.351,-901,56.58842975,0.654545455,-901,0,0.7,128.242,0,0,-901,-901,-901,-901,-901,-901,-901,-901,1.672066116,-901,1.366,79.95157005,10.66909091,-901,-901,-901,-901,-901,-901,-901,-901
7/31/1946,0.842380165,1.266644628,0.196145455,10.40684298,10.40684298,33.01884298,115.452,0,-901,13.313,-901,2.754644628,26.50115702,-901,0,0.79,115.452,0,0,-901,-901,-901,-901,-901,-901,-901,-901,0.451319008,-901,1.426,10.50905622,2.508694215,-901,-901,-901,-901,-901,-901,-901,-901
8/31/1946,0.409507438,0.744,0.021828099,2.345603306,2.345603306,29.49560331,89.844,0,-901,9.564,-901,0.55646281,29.32958678,-901,0,0.81,89.844,0,0,-901,-901,-901,-901,-901,-901,-901,-901,0.103299174,-901,1.397,2.884803792,0.507887603,-901,-901,-901,-901,-901,-901,-901,-901
9/30/1946,0.32846281,0.618842975,0.00892562,1.695421488,1.695421488,29.10942149,61.339,0,-901,8.948,-901,0.294545455,28.9785124,-901,0,0.53,61.339,0,0,-901,-901,-901,-901,-901,-901,-901,-901,0,-901,1.177,1.867290221,0.243966942,-901,-901,-901,-901,-901,-901,-901,-901
10/31/1946,1.684760331,0.92231405,0.02361124,5.117347107,5.117347107,31.75834711,37.374,0,-901,5.078,-901,0.194915702,25.45586777,-901,0,0.21,37.374,0,0,-901,-901,-901,-901,-901,-901,-901,-901,0.244720661,-901,0.984,5.718290809,1.641719008,-901,-901,0.073785124,-901,-901,-901,-901,-901
11/30/1946,2.154049587,2.766942149,0.525421488,18.75134711,18.75134711,27.31834711,28.76,0,-901,4.302,-901,0.170181818,15.29256198,-901,0,0,28.76,0,0,-901,-901,-901,-901,-901,-901,-901,-901,5.837355372,-901,0.823,19.28711983,10.3061157,-901,-901,0.341553719,-901,-901,-901,-901,-901
12/31/1946,1.838479339,2.60707438,1.192859504,19.70328926,19.70328926,32.29328926,15.284,0,-901,4.333,-901,0.328958678,20.22942149,-901,0,0,15.284,0,0,-901,-901,-901,-901,-901,-901,-901,-901,5.94585124,-901,0.855,19.40999458,12.08846281,-901,-901,0.58905124,-901,-901,-901,-901,-901
1/31/1947,1.180561983,1.893818182,0.897719008,12.7498595,12.7498595,22.0248595,5.083,0,-901,4.426,-901,0.170935537,15.24892562,-901,0,0,5.083,0,0,-901,-901,-901,-901,-901,-901,-901,-901,3.443305785,-901,0.833,12.47359088,8.085619835,-901,-901,0.33941157,-901,-901,-901,-901,-901
2/28/1947,2.621355372,3.643239669,1.643900826,31.18719008,31.18719008,27.31319008,4.537,0,-901,7.995,-901,0.191603306,11.10743802,-901,0,0.03,4.537,0,0,-901,-901,-901,-901,-901,-901,-901,-901,9.980033058,-901,0.821,33.38046984,22.78690909,-901,-901,1.105190083,-901,-901,-901,-901,-901
3/31/1947,3.455603306,6.51768595,3.615471074,57.6592314,57.6592314,38.7802314,19.05,0,-901,11.329,-901,0.214591736,6.70214876,-901,0,0.09,19.05,0,0,-901,-901,-901,-901,-901,-901,-901,-901,16.0421157,-901,0.942,59.71715959,43.20119008,-901,-901,1.992198347,-901,-901,-901,-901,-901
4/30/1947,2.969256198,4.403305785,8.140165289,91.26838843,91.26838843,41.59338843,61.339,0,-901,17.346,-901,0.214809917,1.963636364,-901,0,0.27,61.339,0,0,-901,-901,-901,-901,-901,-901,-901,-901,5.646942149,-901,1.099,91.3037083,32.16793388,-901,-901,1.398347107,-901,-901,-901,-901,-901
5/31/1947,1.155966942,1.67246281,10.96938843,130.7329256,130.7329256,45.75292562,137.95,0,-901,23.808,-901,2.908363636,7.132561983,-901,0,0.61,137.95,0,0,-901,-901,-901,-901,-901,-901,-901,-901,1.30968595,-901,1.297,131.5748986,10.76033058,-901,-901,0.200449587,-901,-901,-901,-901,-901
6/30/1947,0.564694215,1.166280992,1.481652893,29.22755372,29.22755372,30.29355372,134.991,0,-901,23.809,-901,4.081983471,19.87438017,-901,0,0.59,134.991,0,0,-901,-901,-901,-901,-901,-901,-901,-901,0.612892562,-901,1.302,29.90763922,3.326280992,-901,-901,0.119008264,-901,-901,-901,-901,-901
7/31/1947,0.290221488,0.58597686,0.048206281,2.58153719,2.58153719,30.31953719,118.666,0,-901,10.216,-901,1.100628099,29.02214876,-901,0,0.83,118.666,0,0,-901,-901,-901,-901,-901,-901,-901,-901,0,-901,1.35,2.423804238,0.386142149,-901,-901,0.00614876,-901,-901,-901,-901,-901
8/31/1947,0.164786777,0.450704132,0.007317025,1.442090909,1.442090909,29.55709091,89.285,0,-901,9.436,-901,0.965355372,29.63702479,-901,0,0.76,89.285,0,0,-901,-901,-901,-901,-901,-901,-901,-901,0,-901,1.286,1.571184618,0.069480992,-901,-901,0.00614876,-901,-901,-901,-901,-901
9/30/1947,0.183272727,0.307636364,0.008509091,0,-0.145909091,28.66909091,63.472,0,-901,4.798,-901,0.552198347,26.53884298,-901,0,0.48,63.472,0,0,-901,-901,-901,-901,-901,-901,-901,-901,0,-901,1.156,-0.878286397,0.011484298,-901,-901,0.005950413,-901,-901,-901,-901,-901
10/31/1947,1.371173554,1.032991736,1.242049587,15.05076033,15.05076033,32.18876033,45.292,0,-901,4.524,-901,0.55031405,23.05785124,-901,0,0.28,45.292,0,0,-901,-901,-901,-901,-901,-901,-901,-901,0,-901,1.036,15.47652863,2.564033058,-901,-901,0.167861157,-901,-901,-901,-901,-901
11/30/1947,0.559933884,1.112727273,1.07107438,12.75389256,12.75389256,29.41289256,25.127,0,-901,6.959,-901,0.185652893,24.81322314,-901,0,0.12,25.127,0,0,-901,-901,-901,-901,-901,-901,-901,-901,1.148429752,-901,0.951,13.15853436,3.594049587,-901,-901,0.212429752,-901,-901,-901,-901,-901
12/31/1947,0.463001653,0.971504132,0.509117355,8.849842975,8.849842975,21.85884298,9.695,0,-901,8.395,-901,0.169090909,18.99966942,-901,0,0.06,9.695,0,0,-901,-901,-901,-901,-901,-901,-901,-901,1.371173554,-901,0.927,8.790889459,3.006743802,-901,-901,0.140806612,-901,-901,-901,-901,-901
1/31/1948,1.032991736,1.506446281,3.277289256,28.7444876,28.7444876,31.3094876,7.92,0,-901,6.638,-901,0.262552066,13.28132231,-901,0,0.08,7.92,0,0,-901,-901,-901,-901,-901,-901,-901,-901,2.182809917,-901,0.887,29.57370832,8.854214876,-901,-901,0.645619835,-901,-901,-901,-901,-901
2/29/1948,1.156165289,1.501289256,1.156165289,15.15884298,15.15884298,20.44284298,7.162,0,-901,1.211,-901,0.296231405,9.663471074,-901,0,0.04,7.162,0,0,-901,-901,-901,-901,-901,-901,-901,-901,3.899900826,-901,0.861,15.94750817,9.370115702,-901,-901,0.79953719,-901,-901,-901,-901,-901
3/31/1948,2.477950413,4.261090909,1.49414876,29.81931405,29.81931405,22.49831405,12.921,0,-901,1.732,-901,0.29452562,3.689256198,-901,0,0.06,12.921,0,0,-901,-901,-901,-901,-901,-901,-901,-901,23.61123967,-901,0.981,32.42203898,33.19100826,-901,-901,1.758545455,-901,-901,-901,-901,-901
4/30/1948,9.074380165,12.28165289,4.849586777,106.9659174,106.9659174,63.60991736,51.704,0,-901,5.257,-901,0.375471074,1.368595041,-901,0,0.12,51.704,0,0,-901,-901,-901,-901,-901,-901,-901,-901,37.20198347,-901,0.928,108.8191486,96.03966942,-901,-901,6.075371901,-901,-901,-901,-901,-901
5/31/1948,9.186247934,10.62505785,15.83305785,206.3808099,206.3808099,117.5028099,127.507,0,-901,17,-901,21.34849587,0.860826446,-901,0,0.34,127.507,0,0,-901,-901,-901,-901,-901,-901,-901,-901,9.339966942,-901,0.992,205.5819743,75.75272727,-901,-901,2.730049587,-901,-901,-901,-901,-901
6/30/1948,4.278347107,4.444958678,16.51834711,185.0243967,185.0243967,164.1123967,139.764,0,-901,24.01,-901,85.15041322,14.2214876,-901,0,0.53,139.764,0,0,-901,-901,-901,-901,-901,-901,-901,-901,2.874049587,-901,1.115,186.5060115,30.29950413,-901,-901,0.537322314,-901,-901,-901,-901,-901
7/31/1948,0.891570248,1.586380165,0.842380165,25.1276281,25.1276281,29.3726281,134.329,0,-901,23.106,-901,3.492495868,17.46247934,-901,0,0.85,134.329,0,0,-901,-901,-901,-901,-901,-901,-901,-901,0.341256198,-901,1.244,24.99750437,5.060429752,-901,-901,0.134657851,-901,-901,-901,-901,-901
8/31/1948,0.445170248,0.897719008,0.025578843,4.750347107,4.750347107,31.75834711,119.746,0,-901,8.703,-901,1.199008264,26.1322314,-901,0,0.76,119.746,0,0,-901,-901,-901,-901,-901,-901,-901,-901,0,-901,1.218,4.144835326,0.92231405,-901,-901,0.059335537,-901,-901,-901,-901,-901
9/30/1948,0.217190083,0.540297521,0.006366942,2.772297521,2.772297521,30.20429752,92.174,0,-901,7.065,-901,0.874710744,28.6214876,-901,0,0.6,92.174,0,0,-901,-901,-901,-901,-901,-901,-901,-901,0,-901,1.178,2.137010181,0.311801653,-901,-901,0.01886281,-901,-901,-901,-901,-901
10/31/1948,0.288991736,0.676363636,0.004734545,2.320115702,2.320115702,32.4101157,61.135,0,-901,6.678,-901,0.633322314,31.85057851,-901,0,0.3,61.135,0,0,-901,-901,-901,-901,0,-901,-901,-901,0,-901,1.036,1.748961964,0.713256198,-901,-901,0.062102479,-901,0.159867769,-901,-901,-901
11/30/1948,0.392727273,0.809256198,0.146380165,4.896082645,4.896082645,29.99008264,34.902,0,-901,6.833,-901,0.257652893,27.43140496,-901,0,0.13,34.902,0,0,-901,-901,-901,-901,0,-901,-901,-901,0.320727273,-901,0.854,4.814437309,2.475371901,-901,-901,0.111867769,-901,0.325487603,-901,-901,-901
12/31/1948,0.774743802,1.49414876,0.132813223,7.915975207,7.915975207,27.65097521,15.862,0,-901,5.334,-901,0.298214876,20.35239669,-901,0,0.08,15.862,0,0,-901,-901,-901,-901,0,-901,-901,-901,2.662413223,-901,0.724,8.302387933,6.13031405,-901,-901,0.2976,-901,0.498664463,-901,-901,-901
1/31/1949,0.73785124,1.235900826,0.21397686,6.859652893,6.859652893,15.85765289,7.29,0,-901,4.134,-901,0.240416529,9.592066116,-901,0,0.05,7.29,0,0,-901,-901,-901,-901,0,-901,-901,-901,3.972099174,-901,0.724,7.604306756,8.165553719,-901,-901,0.327728926,-901,0.482677686,-901,-901,-901
2/28/1949,1.338446281,2.249256198,0.298234711,8.712826446,8.712826446,11.61282645,3.733,0,-901,4.134,-901,0.235477686,3.943140496,-901,0,0.04,3.733,0,0,-901,-901,-901,-901,2.3,-901,-901,-901,8.363900826,-901,0.617,10.06856703,16.78889256,-901,-901,0.83861157,-901,0.644231405,-901,-901,-901
3/31/1949,6.031933884,8.497586777,0.539861157,45.88609917,45.88609917,44.89209917,3.975,0,-901,4.134,-901,0.333877686,13.58876033,-901,0,0.04,3.975,0,0,-901,-901,-901,-901,10,-901,-901,-901,42.17434711,-901,0.712,52.09196516,84.29950413,-901,-901,3.52938843,-901,2.109024793,-901,-901,-901
4/30/1949,7.116694215,9.663471074,10.00264463,151.0308595,151.0308595,105.9768595,37.083,0,-901,14.949,-901,28.09190083,7.73553719,-901,0,0.2,37.083,0,0,-901,-901,-901,-901,11.3,-901,-901,-901,7.283305785,-901,0.931,151.4119476,63.07438017,-901,-901,3.730909091,-901,9.919338843,-901,-901,-901
5/31/1949,5.816727273,6.788231405,17.46247934,204.5777438,204.5777438,93.0307438,138.612,0,-901,23.49,-901,6.917355372,0.614876033,-901,0,0.34,138.612,0,0,-901,-901,-901,-901,8.7,-901,-901,-901,4.980495868,-901,1.137,202.170377,42.4387438,-901,-901,0.817785124,-901,8.36231405,-901,-901,-901
6/30/1949,1.802975207,2.225454545,5.20661157,78.36756198,78.36756198,72.89256198,139.764,0,-901,25.751,-901,29.46049587,18.86280992,-901,0,0.79,139.764,0,0,-901,-901,-901,-901,0.2,-901,-901,-901,9.52661157,-901,1.272,78.86507869,10.95471074,-901,-901,0.186247934,-901,1.95768595,-901,-901,-901
7/31/1949,0.464846281,0.971504132,0.121745455,5.081619835,5.081619835,29.66161983,128.15,0,-901,10.625,-901,0.780892562,26.31669421,-901,0,0.89,128.15,0,0,-901,-901,-901,-901,0,-901,-901,-901,0.346790083,-901,1.27,6.476802362,1.690909091,-901,-901,0.054355041,-901,0.361547107,-901,-901,-901
8/31/1949,0.281613223,0.590280992,0.009530579,3.506727273,3.506727273,30.36872727,102.09,0,-901,7.909,-901,0.657917355,29.57553719,-901,0,0.67,102.09,0,0,-901,-901,-901,-901,0,-901,-901,-901,0,-901,1.244,3.594356346,0.379993388,-901,-901,0.024226116,-901,0.164171901,-901,-901,-901
9/30/1949,0.293355372,0.500429752,0.004165289,1.837355372,1.837355372,28.87735537,74.006,0,-901,7.307,-901,0.511140496,28.56198347,-901,0,0.57,74.006,0,0,-901,-901,-901,-901,0,-901,-901,-901,0,-901,1.076,2.041193658,0.268363636,-901,-901,0.015292562,-901,0.12138843,-901,-901,-901
10/31/1949,0.263166942,0.621024793,0.00614876,1.835363636,1.835363636,30.43636364,44.542,0,-901,6.87,-901,0.48513719,30.19041322,-901,0,0.3,44.542,0,0,-901,-901,-901,-901,0,-901,-901,-901,0.003566281,-901,1,1.863000132,0.621024793,-901,-901,0.038060826,-901,0.157408264,-901,-901,-901
11/30/1949,0.509950413,1.005619835,0.109487603,4.535743802,4.535743802,23.6707438,24.948,0,-901,6.3,-901,0.303471074,20.70743802,-901,0,0.18,24.948,0,0,-901,-901,-901,-901,0.3,-901,-901,-901,0.551603306,-901,0.849,5.153320859,2.885950413,-901,-901,0.133289256,-901,0.362380165,-901,-901,-901
12/31/1949,0.522644628,0.92231405,0.07747438,5.232165289,5.232165289,13.56416529,16.897,0,-901,5.072,-901,0.338181818,8.731239669,-901,0,0.07,16.897,0,0,-901,-901,-901,-901,0.2,-901,-901,-901,1.408066116,-901,0.877,5.588125908,2.889917355,-901,-901,0.10698843,-901,0.253943802,-901,-901,-901
1/31/1950,3.314181818,4.820628099,1.654016529,36.57569421,36.57569421,36.73269421,14.432,0,-901,6.6,-901,0.427338843,12.78942149,-901,0,0.05,14.432,0,0,-901,-901,-901,-901,0.7,-901,-901,-901,32.72985124,-901,0.73,41.32594209,40.44654545,-901,-901,2.441057851,-901,2.730049587,-901,-901,-901
2/28/1950,7.008793388,9.163636364,2.249256198,60.29665289,60.29665289,54.13765289,19.169,0,-901,7,-901,6.925487603,4.998347107,-901,0,0.06,19.169,0,0,-901,-901,-901,-901,0.4,-901,-901,-901,41.5473719,-901,0.962,66.06030037,69.19933884,-901,-901,3.52661157,-901,6.009123967,-901,-901,-901
3/31/1950,6.898909091,8.184,3.055933884,70.19279339,70.19279339,63.02479339,24.548,0,-901,7.778,-901,0.379993388,15.49487603,-901,0,0.11,24.548,0,0,-901,-901,-901,-901,16.8,-901,-901,-901,1.598677686,-901,0.901,71.15957974,56.85143802,-901,-901,3.326479339,-901,7.575272727,-901,-901,-901
4/30/1950,12.50181818,14.99504132,10.96066116,173.8539917,173.8539917,100.6809917,88.728,0,-901,15.225,-901,0.593256198,1.249586777,-901,0,0.4,88.728,0,0,-901,-901,-901,-901,25.2,4.308099174,9.330247934,3.707107438,13.1385124,-901,1.146,173.3846124,91.99338843,-901,-901,4.813884298,-901,14.11438017,-901,-901,-901
5/31/1950,6.542280992,6.794380165,21.42842975,228.3647851,228.3647851,169.7057851,136.51,0,-901,24.342,-901,67.88231405,7.317024793,-901,0,0.61,136.51,0,0,-901,-901,-901,-901,22.4,1.020694215,2.902214876,0.805487603,8.319272727,-901,1.15,223.3717768,47.43153719,-901,-901,1.211305785,-901,8.848066116,-901,-901,-901
6/30/1950,2.731239669,2.469421488,12.62082645,150.1104545,150.1104545,143.3454545,139.956,0,-901,25.751,-901,73.42809917,26.12231405,-901,0,0.62,139.956,0,0,-901,-901,-901,-901,16.8,0.355834711,0.898512397,0.196958678,6.979834711,-901,1.29,150.7689336,15.01884298,-901,-901,0.293355372,-901,2.999008264,-901,-901,-901
7/31/1950,0.989950413,1.469553719,0.731702479,21.37461157,21.37461157,32.18261157,132.443,0,-901,20.089,-901,2.687008264,21.95107438,-901,0,0.94,132.443,0,0,-901,-901,-901,-901,9.5,0.020844298,0.220740496,0.017646942,6.923504132,-901,1.427,21.23842857,2.809983471,-901,-901,0.100224793,-901,0.627173554,-901,-901,-901
8/31/1950,0.275464463,0.682512397,0.018815207,3.347760331,3.347760331,30.70076033,116.43,0,-901,6.552,-901,1.014545455,28.53024793,-901,0,0.87,116.43,0,0,-901,-901,-901,-901,2.7,0,0.03590876,0,6.775933884,-901,1.327,3.369080598,0.651768595,-901,-901,0.047775868,-901,0.237957025,-901,-901,-901
9/30/1950,0.417719008,0.522446281,0.008152066,3.776677686,3.776677686,29.91867769,93.39,0,-901,1.919,-901,0.660495868,26.71735537,-901,0,0.48,93.39,0,0,-901,-901,-901,-901,2.3,0,0.000416529,0,0.514115702,-901,1.051,3.1535793,0.553983471,-901,-901,0.030942149,-901,0.176727273,-901,-901,-901
10/31/1950,0.959206612,1.260495868,0.273004959,9.616595041,9.616595041,33.50459504,68.979,0,-901,1.206,-901,0.651768595,28.83768595,-901,0,0.29,68.979,0,0,-901,-901,-901,-901,2.6,0.314816529,0.473454545,0.357857851,0.444555372,-901,0.946,9.336124325,3.553983471,-901,-901,0.201064463,-901,0.546624793,-901,-901,-901
11/30/1950,13.24561983,16.06016529,21.87966942,270.4780331,270.4780331,194.8760331,129.542,0,-901,15.122,-901,47.7461157,17.13719008,-901,0,0.23,129.542,0,0,-901,-901,-901,-901,2.6,11.57950413,17.9107438,10.09190083,63.84793388,-901,0.893,291.584957,148.3438017,-901,-901,5.831404959,-901,14.34049587,-901,-901,-901
12/31/1950,22.62743802,25.88013223,16.77381818,264.5022645,264.5022645,269.0082645,123.006,0,-901,16.122,-901,85.4677686,19.18413223,-901,0,0.14,123.006,0,0,-901,-901,-901,-901,2.6,15.55021488,23.67887603,10.69269421,84.11504132,-901,0.89,283.4310992,181.1424793,-901,-901,10.14545455,-901,19.22717355,-901,-901,-901
1/31/1951,11.52277686,13.43504132,3.080528926,93.37222314,93.37222314,110.4932231,104.879,0,-901,16.122,-901,17.8867438,22.93487603,-901,0,0.14,104.879,0,0,-901,-901,-901,-901,2.8,9.930247934,18.07735537,6.763636364,60.30704132,-901,0.866,105.8710823,134.4119008,-901,-901,6.33322314,-901,8.270082645,-901,-901,-901
2/28/1951,9.535735537,10.48542149,2.810181818,83.66436364,83.66436364,91.63636364,95.021,0,-901,17.122,-901,12.58472727,18.82710744,-901,0,0.13,95.021,0,0,-901,-901,-901,-901,2.6,5.303801653,9.707900826,3.382214876,31.65619835,-901,0.756,92.08772888,86.41586777,-901,-901,4.470743802,-901,8.963702479,-901,-901,-901
3/31/1951,9.967140496,12.37130579,3.566280992,88.80400826,88.80400826,101.6390083,81.078,0,-901,17.122,-901,14.0745124,22.13553719,-901,0,0.34,81.078,0,0,-901,-901,-901,-901,5.6,8.147107438,14.53566942,6.038082645,43.74842975,-901,0.768,94.26090205,95.24429752,-901,-901,4.802181818,-901,7.286280992,-901,-901,-901
4/30/1951,6.355041322,7.188099174,9.621818182,121.937843,121.937843,91.33884298,109.891,0,-901,17.654,-901,18.07140496,8.628099174,-901,0,0.34,109.891,0,0,-901,-901,-901,-901,11.9,2.457520661,3.522644628,1.451900826,2.868099174,-901,0.914,122.1090068,47.10942149,-901,-901,1.666115702,-901,6.86677686,-901,-901,-901
5/31/1951,6.394710744,7.409256198,11.44284298,156.7494876,156.7494876,119.1014876,138.996,0,-901,24.647,-901,38.76178512,15.18743802,-901,0,0.52,138.996,0,0,-901,-901,-901,-901,16.8,2.637818182,3.836826446,1.383471074,4.365619835,-901,1.03,157.0692275,47.19173554,-901,-901,1.887669421,-901,6.806677686,-901,-901,-901
6/30/1951,2.356363636,3.016859504,2.517024793,59.0431405,59.0431405,55.3031405,139.764,0,-901,25.676,-901,14.78677686,23.14710744,-901,0,0.77,139.764,0,0,-901,-901,-901,-901,10.4,0.850909091,0.785454545,0.360595041,8.592396694,-901,1.173,60.61672311,11.71636364,-901,-901,0.441520661,-901,1.445950413,-901,-901,-901
7/31/1951,1.389619835,1.961454545,0.109447934,11.12905785,11.12905785,32.20105785,129.915,0,-901,12.276,-901,0.744,25.70181818,-901,0,0.89,129.915,0,0,-901,-901,-901,-901,5,0.395980165,0.253328926,0.117441322,6.007338843,-901,1.287,10.85206914,4.297983471,-901,-901,0.198604959,-901,0.682512397,-901,-901,-901
8/31/1951,0.977652893,1.186710744,0.010329917,3.849355372,3.849355372,29.98135537,104.554,0,-901,9.427,-901,0.817785124,26.62413223,-901,0,0.79,104.554,0,0,-901,-901,-901,-901,3.9,0.108833058,0.019061157,0.019061157,0.542320661,-901,1.288,3.566133794,1.764694215,-901,-901,0.099609917,-901,0.426109091,-901,-901,-901
9/30/1951,0.519471074,0.73785124,0.005950413,3.234024793,3.234024793,29.15702479,77.584,0,-901,8.647,-901,0.696198347,26.9553719,-901,0,0.61,77.584,0,0,-901,-901,-901,-901,3.9,0.075570248,0,0.015649587,0,-901,1.217,2.793595399,1.207933884,-901,-901,0.061884298,-901,0.337983471,-901,-901,-901
10/31/1951,0.92846281,1.242049587,0.014265124,3.402471074,3.402471074,29.65547107,50.534,0,-901,8.084,-901,0.581057851,27.48495868,-901,0,0.3,50.534,0,0,-901,-901,-901,-901,3.7,0.392290909,0.244720661,0.132198347,0.356628099,-901,1.06,8.457234041,4.138115702,-901,-901,0.208442975,-901,0.587206612,-901,-901,-901
11/30/1951,1.576859504,2.17785124,0.568264463,12.93882645,12.93882645,36.38082645,27.127,0,-901,7.086,-901,0.325487603,27.37190083,-901,0,0.11,27.127,0,0,-901,-901,-901,-901,4.2,1.356694215,1.481652893,0.70214876,2.88,-901,0.853,18.02899231,9.758677686,-901,-901,0.594446281,-901,0.916363636,-901,-901,-901
12/31/1951,6.941950413,8.712793388,0.860826446,53.27561983,53.27561983,63.88561983,20.171,0,-901,2.465,-901,0.350479339,19.43008264,-901,0,0.07,20.171,0,0,-901,-901,-901,-901,6.5,8.632859504,16.40489256,7.931900826,37.04013223,-901,0.897,53.47097679,58.95431405,-901,-901,3.080528926,-901,3.33877686,-901,-901,-901
1/31/1952,10.48978512,15.9498843,0.885421488,80.44164463,80.44164463,86.08264463,13.979,0,-901,2.17,-901,2.022942149,16.60165289,-901,0,0.07,13.979,0,0,-901,-901,-901,-901,4.6,21.00416529,32.31173554,14.86155372,111.7229752,-901,0.776,89.78194474,140.9295868,-901,-901,4.507041322,-901,3.72,-901,-901,-901
2/29/1952,13.5288595,15.3637686,1.392,91.08355372,91.08355372,79.49355372,26.897,0,-901,0,-901,2.910545455,0,-901,0,0.07,26.897,0,0,-901,-901,-901,-901,12.5,9.22631405,15.84694215,6.833454545,36.56013223,-901,0.772,91.47720829,117.2271074,-901,-901,9.12277686,-901,8.674115702,-901,-901,-901
3/31/1952,12.75252893,17.32720661,1.721652893,96.38594215,96.38594215,92.04694215,30.332,0,-901,0.023,-901,14.8492562,0,-901,0,0.11,30.332,0,0,-901,-901,-901,-901,21.8,18.12039669,29.70466116,14.17904132,87.18942149,-901,0.771,104.2935294,131.1530579,-901,-901,5.995041322,-901,6.456198347,-901,-901,-901
4/30/1952,23.05190083,26.36033058,11.23438017,230.3339174,230.3339174,193.2099174,54.339,0,-901,12.106,-901,51.04859504,0,-901,0,0.25,54.339,0,0,-901,-901,-901,-901,37.2,5.40892562,14.32264463,3.754710744,10.59768595,-901,0.784,230.8711421,140.7272727,-901,-901,9.276694215,-901,19.92793388,-901,-901,-901
5/31/1952,21.6067438,22.62128926,30.4425124,367.935876,367.935876,313.094876,99.82,0,-901,19.985,-901,146.0330579,0,-901,0,0.48,99.82,0,0,-901,-901,-901,-901,39.5,2.570181818,6.529983471,1.401917355,10.10856198,-901,1.001,365.2501445,116.5190083,-901,-901,2.533289256,-901,18.82135537,-901,-901,-901
6/30/1952,8.955371901,7.723636364,23.39702479,268.5556777,268.5556777,225.7586777,135.465,0,-901,25.506,-901,124.4231405,6.009917355,-901,0,0.5,135.465,0,0,-901,-901,-901,-901,33.4,1.350743802,2.076694215,0.636694215,9.907438017,-901,1.131,267.508145,43.4677686,-901,-901,0.606942149,-901,7.455867769,-901,-901,-901
7/31/1952,3.590876033,3.793785124,5.134214876,93.53952066,93.53952066,86.69752066,139.956,0,-901,25.676,-901,29.7292562,30.49785124,-901,0,0.77,139.956,0,0,-901,-901,-901,-901,25.6,0.75014876,0.854677686,0.29145124,10.24383471,-901,1.411,96.28894648,12.6172562,-901,-901,0.315431405,-901,1.623272727,-901,-901,-901
8/31/1952,1.567933884,2.219702479,0.199834711,16.24227273,16.24227273,41.05527273,130.382,0,-901,8.244,-901,0.713256198,28.59173554,-901,0,0.88,130.382,0,0,-901,-901,-901,-901,15.1,0.36585124,0.271160331,0.114366942,10.59431405,-901,1.313,10.73819146,3.886016529,-901,-901,0.153719008,-901,0.536171901,-901,-901,-901
9/30/1952,1.148429752,1.511404959,0.040879339,9.540272727,9.540272727,34.88727273,104.043,0,-901,7.512,-901,0.540297521,28.20495868,-901,0,0.57,104.043,0,0,-901,-901,-901,-901,9.6,0.355834711,0.232661157,0.107107438,6.307438017,-901,1.154,7.044550214,2.54677686,-901,-901,0.120198347,-901,0.408793388,-901,-901,-901
10/31/1952,0.725553719,1.451107438,0.010329917,6.319694215,6.319694215,35.98869421,73.71,0,-901,6.723,-901,0.603808264,30.12892562,-901,0,0.35,73.71,0,0,-901,-901,-901,-901,10.4,0.380608264,0.229963636,0.11928595,0.02976,-901,1.103,2.744079859,2.367272727,-901,-901,0.100224793,-901,0.37507438,-901,-901,-901
11/30/1952,1.386446281,1.785123967,0.022790083,8.693768595,8.693768595,37.7077686,43.744,0,-901,6.51,-901,0.394512397,30.40661157,-901,0,0.18,43.744,0,0,-901,-901,-901,-901,6.4,0.749752066,0.496264463,0.296330579,5.605289256,-901,0.985,5.6723421,4.242644628,-901,-901,0.161256198,-901,0.457586777,-901,-901,-901
12/31/1952,3.209652893,3.295735537,0.088542149,18.94838843,18.94838843,44.44938843,20.09,0,-901,3.66,-901,0.457467769,29.39107438,-901,0,0.09,20.09,0,0,-901,-901,-901,-901,7.3,3.861421488,3.91061157,2.072132231,11.61500826,-901,0.913,18.88305022,14.68938843,-901,-901,0.830082645,-901,0.842380165,-901,-901,-901
1/31/1953,7.532231405,7.858115702,2.674710744,65.15326446,65.15326446,59.94426446,19.969,4.257,-901,3.66,-901,0.555847934,21.82809917,-901,0.014,0.07,19.969,4.257,4.257,-901,-901,-901,-901,6.5,7.323173554,10.07781818,4.414809917,34.96185124,-901,0.989,68.56976415,58.4193719,-901,-901,3.658512397,-901,5.02353719,-901,-901,-901
2/28/1953,3.398876033,3.621024793,1.588363636,31.97197521,31.97197521,40.05897521,10.756,4.405,-901,3.66,-901,0.378208264,23.71438017,-901,0.029,0.06,10.756,4.405,4.405,-901,-901,-901,-901,8.1,1.344,2.204826446,0.755305785,3.726545455,-901,0.889,31.900256,19.46578512,-901,-901,0.805289256,-901,2.526942149,-901,-901,-901
3/31/1953,5.134214876,6.191801653,2.920661157,51.5272314,51.5272314,43.9882314,10.632,7.509,-901,7.03,-901,0.485752066,19.43008264,-901,0.06,0.08,10.632,7.509,7.509,-901,-901,-901,-901,20.9,3.517090909,5.300231405,1.820033058,0.483292562,-901,1.049,51.51186793,32.3793719,-901,-901,1.733950413,-901,4.113520661,-901,-901,-901
4/30/1953,6.593057851,9.145785124,10.96066116,131.2277521,131.2277521,61.22975207,51.828,28.089,-901,13.813,-901,3.350082645,19.39834711,-901,0.198,0.22,51.828,28.089,28.089,-901,-901,-901,-901,28.2,2.154049587,4.308099174,1.10677686,2.148099174,-901,1.021,131.1377674,49.42413223,-901,-901,1.99338843,-901,7.878347107,-901,-901,-901
5/31/1953,7.335471074,7.403107438,11.5166281,140.597876,140.597876,75.01487603,89.764,49.079,-901,18.551,-901,15.15669421,21.39768595,-901,0.421,0.47,89.764,49.079,49.079,-901,-901,-901,-901,28.3,1.574082645,3.098975207,0.860826446,5.982743802,-901,1.028,140.1960413,44.03127273,-901,-901,1.887669421,-901,7.427702479,-901,-901,-901
6/30/1953,4.807933884,4.587768595,15.70909091,182.8715702,182.8715702,123.4115702,139.956,49.079,-901,25.676,-901,60.87272727,14.45950413,-901,0.47,0.57,139.956,49.079,49.079,-901,-901,-901,-901,22.4,1.166280992,1.60661157,0.467107438,9.056528926,-901,1.103,184.5214833,30.34115702,-901,-901,1.243636364,-901,5.700495868,-901,-901,-901
7/31/1953,1.555636364,2.268892562,1.967603306,43.87266942,43.87266942,53.96766942,131.88,46.779,-901,23.131,-901,12.72178512,31.5431405,-901,0.645,0.85,131.88,46.779,46.779,-901,-901,-901,-901,11.8,0.161712397,0.398439669,0.097150413,10.62505785,-901,1.331,39.76420586,6.554578512,-901,-901,0.233652893,-901,1.002247934,-901,-901,-901
8/31/1953,1.008396694,1.174413223,0.060503802,8.07068595,8.07068595,36.27768595,126.118,41.261,-901,3.536,-901,0.860826446,30.31338843,-901,0.621,0.83,126.118,41.261,41.261,-901,-901,-901,-901,7.6,0.036093223,0.083008264,0.025209917,4.875966942,-901,1.217,4.012581643,1.684760331,-901,-901,0.071940496,-901,0.395980165,-901,-901,-901
9/30/1953,0.636694215,0.880661157,0.007735537,5.162264463,5.162264463,36.92826446,106.012,31.04,-901,0.043,-901,4.665123967,29.39504132,-901,0.41,0.58,106.012,31.04,31.04,-901,-901,-901,-901,7.5,0.122578512,0.029335537,0.024396694,0.026955372,-901,1.064,2.233278487,0.827107438,-901,-901,0.057897521,-901,0.254677686,-901,-901,-901
10/31/1953,1.764694215,1.032991736,0.011498182,5.212396694,5.212396694,41.18439669,81.692,17.912,-901,0,-901,6.087272727,31.56773554,-901,0.23,0.35,81.692,17.912,17.912,-901,-901,-901,-901,7.6,0.237342149,0.15187438,0.081778512,0.379378512,-901,0.939,5.655496291,1.727801653,-901,-901,0.099609917,-901,0.308052893,-901,-901,-901
11/30/1953,1.939834711,1.368595041,0.158280992,9.483917355,9.483917355,38.40991736,54.531,14.918,-901,0,-901,2.999008264,29.24628099,-901,0.12,0.2,54.531,14.918,14.918,-901,-901,-901,-901,7.6,0.648595041,0.452231405,0.236231405,1.636363636,-901,0.909,11.34637575,4.421157025,-901,-901,0.206479339,-901,0.527206612,-901,-901,-901
12/31/1953,1.211305785,1.660165289,0.700958678,10.72266116,10.72266116,37.14466116,32.78,9.225,-901,0,-901,0.49128595,30.71920661,-901,0.06,0.1,32.78,9.225,9.225,-901,-901,-901,-901,7.6,1.076033058,0.879272727,0.463001653,2.896066116,-901,0.862,14.70084599,6.050380165,-901,-901,0.435947107,-901,0.549699174,-901,-901,-901
1/31/1954,1.752396694,2.889917355,0.866975207,18.75416529,18.75416529,37.37216529,9.514,10.304,-901,2.564,-901,1.063735537,25.98466116,-901,0.052,0.07,9.514,10.304,10.304,-901,-901,-901,-901,7.7,2.883768595,2.551735537,1.371173554,8.300826446,-901,0.883,26.03329967,15.5625124,-901,-901,1.100628099,-901,1.11292562,-901,-901,-901
2/28/1954,3.271140496,5.226049587,2.476958678,33.22130579,33.22130579,37.04330579,1.54,13.605,-901,2.454,-901,0.513719008,19.82677686,-901,0.06,0.04,1.54,13.605,13.605,-901,-901,-901,-901,17,4.020892562,5.459305785,2.515834711,7.480859504,-901,0.861,37.28173006,34.83292562,-901,-901,2.049322314,-901,2.554710744,-901,-901,-901
3/31/1954,8.331570248,9.868760331,5.540033058,84.0212562,84.0212562,55.7692562,29.614,15.136,-901,0,-901,0.568760331,17.59775207,-901,0.11,0.1,29.614,15.136,15.136,-901,-901,-901,-901,43.7,6.480793388,11.33216529,4.556231405,2.127471074,-901,0.891,88.5814793,65.79173554,-901,-901,2.04138843,-901,5.644561983,-901,-901,-901
4/30/1954,9.788429752,11.07371901,11.88297521,158.4925289,158.4925289,72.41652893,82.616,34.932,-901,11.728,-901,7.509421488,19.14247934,-901,0.235,0.28,82.616,34.932,34.932,-901,-901,-901,-901,46.3,2.71338843,5.789752066,1.99338843,9.437355372,-901,1.035,158.20861,65.09752066,-901,-901,2.058842975,-901,8.330578512,-901,-901,-901
5/31/1954,4.187305785,4.420958678,13.68099174,166.7828347,166.7828347,87.61983471,136.701,48.934,-901,20.798,-901,34.32238017,21.83424793,-901,0.44,0.56,136.701,48.934,48.934,-901,-901,-901,-901,40.8,0.953057851,1.641719008,0.59827438,8.829619835,-901,1.006,163.890686,25.48661157,-901,-901,0.510961983,-901,4.027438017,-901,-901,-901
6/30/1954,1.921983471,2.308760331,2.035041322,42.43142975,42.43142975,41.46842975,137.654,45.86,-901,21.776,-901,2.909752066,30.89454545,-901,0.466,0.62,137.654,45.86,45.86,-901,-901,-901,-901,31.6,0.440330579,0.642644628,0.274909091,11.05586777,-901,1.02,42.59242186,7.140495868,-901,-901,0.257652893,-901,0.910413223,-901,-901,-901
7/31/1954,0.940760331,1.235900826,0.089771901,12.86404132,12.86404132,31.29104132,126.579,42.474,-901,15.124,-901,1.026842975,27.70016529,-901,0.62,0.84,126.579,42.474,42.474,-901,-901,-901,-901,18.7,0.039843967,0.144495868,0.042057521,12.1991405,-901,1.226,13.4733309,1.887669421,-901,-901,0.091001653,-901,0.309282645,-901,-901,-901
8/31/1954,0.48206281,0.805487603,0.006517686,0,-1.935793388,33.69520661,111.919,30.981,-901,3.084,-901,2.920661157,30.02439669,-901,0.58,0.81,111.919,30.981,30.981,-901,-901,-901,-901,9.3,0,0.00178314,0.000799339,9.942545455,-901,1.172,-0.905111381,0.593355372,-901,-901,0.049374545,-901,0.161712397,-901,-901,-901
9/30/1954,0.345123967,0.660495868,0.001963636,0.487528926,0.487528926,35.69652893,91.046,17.583,-901,0.19,-901,4.605619835,29.18677686,-901,0.34,0.54,91.046,17.583,17.583,-901,-901,-901,-901,9.3,0,0,0,0.003986777,-901,1.076,2.338804346,0.456991736,-901,-901,0.03945124,-901,0.127338843,-901,-901,-901
10/31/1954,0.613031405,0.799338843,0.008116364,1.314173554,1.314173554,37.08317355,68.119,3.411,-901,0,-901,3.799933884,32.21950413,-901,0.14,0.33,68.119,3.411,3.411,-901,-901,-901,-901,9.3,0,0.010698843,0.020413884,0,-901,1.05,4.079578947,0.725553719,0,-901,0.132198347,0.095305785,0.175854545,-901,-901,-901
11/30/1954,0.493289256,1.285289256,0.023980165,5.252380165,5.252380165,40.03438017,35.21,0.354,-901,0,-901,8.360330579,26.97917355,-901,0.02,0.17,35.21,0.354,0.354,-901,-901,-901,-901,9.4,0.402247934,0.30585124,0.166016529,0.690247934,-901,0.994,7.902625043,2.731239669,0,-901,0.015292562,0.196958678,0.289785124,-901,-901,-901
12/31/1954,2.582479339,3.240396694,0.694809917,19.32990909,19.32990909,33.68290909,17.084,3.07,-901,0,-901,2.816132231,20.34009917,-901,0.01,0.08,17.084,3.07,3.07,-901,-901,-901,-901,10.3,2.988297521,3.449454545,2.004495868,14.72628099,-901,0.967,28.58467498,19.62684298,0,-901,0.07747438,0.581672727,0.226889256,-901,-901,-901
1/31/1955,3.025190083,3.560132231,0.676363636,20.87091736,20.87091736,28.92991736,6.708,4.331,-901,0,-901,0.621024793,16.52171901,-901,0.03,0.05,6.708,4.331,4.331,-901,-901,-901,-901,9.6,4.580826446,9.419900826,3.443305785,37.6488595,-901,0.976,32.03362565,39.08766942,0,-901,0.035293884,0.854677686,0.244720661,-901,-901,-901
2/28/1955,3.310016529,3.665454545,0.833057851,24.35612397,24.35612397,26.16912397,4.325,4.056,-901,0,-901,0.413196694,11.94604959,-901,0.03,0.04,4.325,4.056,4.056,-901,-901,-901,-901,18.4,2.949024793,4.709553719,1.949355372,5.231603306,-901,0.775,27.63897344,20.93196694,0,-901,0.053926612,0.699768595,0.207709091,-901,-901,-901
3/31/1955,4.08277686,4.84522314,1.875371901,37.50200826,37.50200826,36.16700826,2.084,6.552,-901,0,-901,0.468535537,18.05276033,-901,0.05,0.05,2.084,6.552,6.552,-901,-901,-901,-901,28.3,2.41646281,3.590876033,1.709355372,0.400284298,-901,0.98,39.53539698,23.08859504,0,-901,0.08054876,0.579828099,0.173395041,-901,-901,-901
4/30/1955,4.552066116,5.986115702,5.05785124,65.91035537,65.91035537,28.87735537,19.248,15.888,-901,9.228,-901,2.112396694,5.783801653,-901,0.15,0.13,19.248,15.888,15.888,-901,-901,-901,-901,35.3,2.564628099,3.183471074,1.832727273,2.195702479,-901,1.025,67.97425695,28.66909091,0,-901,0.082115702,0.642644628,0.233256198,-901,-901,-901
5/31/1955,5.269487603,6.529983471,15.24277686,167.0038926,167.0038926,47.65289256,97.242,48.645,-901,15.967,-901,2.42261157,18.38479339,-901,0.39,0.43,97.242,48.645,48.645,-901,-901,-901,-901,34.3,1.561785124,2.865322314,1.143669421,6.720595041,-901,1.041,172.0372453,32.15186777,0,-901,0.078089256,0.525719008,0.364006612,-901,-901,-901
6/30/1955,1.910082645,1.916033058,6.069421488,92.03377686,92.03377686,52.22677686,133.856,44.463,-901,21.166,-901,9.139834711,27.52661157,-901,0.46,0.57,133.856,44.463,44.463,-901,-901,-901,-901,25.3,0.271338843,0.476628099,0.218975207,10.06809917,-901,1.146,97.5795201,8.97322314,0.2,-901,0.077355372,0.413553719,0.533752066,-901,-901,-901
7/31/1955,0.744,1.266644628,0.240416529,9.346008264,9.346008264,32.44700826,124.284,40.661,-901,8.673,-901,0.996099174,30.46710744,-901,0.61,0.83,124.284,40.661,40.661,-901,-901,-901,-901,13.8,0.035293884,0.107603306,0.067021488,10.89560331,-901,1.326,11.20991114,1.875371901,0.8,-901,0.075014876,0.188766942,0.358472727,-901,-901,-901
8/31/1955,0.419960331,0.713256198,0.009530579,2.703859504,2.703859504,33.1848595,107.649,30.981,-901,1.894,-901,0.836231405,32.13957025,-901,0.57,0.8,107.649,30.981,30.981,-901,-901,-901,-901,10.7,0,0,0.001598678,3.203504132,-901,1.243,2.743258304,0.366466116,0.6,-901,0.172780165,0.169090909,0.124204959,-901,-901,-901
9/30/1955,0.158280992,0.515305785,0.005950413,1.088289256,1.088289256,31.52528926,86.986,21.139,-901,0,-901,0.642644628,30.20429752,-901,0.35,0.53,86.986,21.139,21.139,-901,-901,-901,-901,10.7,0,0,0,0,-901,1.082,0.816177059,0.323702479,0.6,20.56,0.251702479,0.248132231,0.082710744,-901,-901,-901
10/31/1955,0.277923967,0.73785124,0.00436562,1.906214876,1.906214876,32.66221488,63.889,11.942,-901,0,-901,0.482677686,31.53084298,-901,0.19,0.32,63.889,11.942,11.942,-901,-901,-901,-901,10.7,0,0,0,0,-901,1.028,2.365974194,0.570604959,0,20.56,-901,0.312971901,0.100839669,-901,-901,-901
11/30/1955,0.534347107,1.041322314,0.120198347,4.879933884,4.879933884,32.88793388,43.687,2.994,-901,0,-901,0.427834711,30.56132231,-901,0.07,0.17,43.687,2.994,2.994,-901,-901,-901,-901,10.8,0.239801653,0.12614876,0.11246281,0.03945124,-901,0.902,5.818232175,2.237355372,0.1,20.8,-901,0.337983471,0.136859504,-901,-901,-901
12/31/1955,23.89408264,28.5671405,15.99907438,238.7332231,238.7332231,162.5732231,101.078,20.887,-901,0,-901,14.66479339,20.14333884,-901,0.06,0.12,101.078,20.887,20.887,-901,-901,-901,-901,11.8,26.20601653,46.4538843,21.29930579,131.7679339,-901,0.696,259.7808717,196.0839669,0,35.2,-901,21.2501157,6.751338843,-901,-901,-901
1/31/1956,25.70181818,30.86677686,6.972694215,186.6705124,186.6705124,178.4985124,104.897,24.516,-901,0,-901,33.0311405,20.03266116,-901,0.09,0.14,104.897,24.516,24.516,-901,-901,-901,-901,11.4,22.44297521,34.6113719,18.67378512,113.8750413,-901,0.494,207.3492121,195.5305785,0,41.29,-901,17.83755372,6.640661157,-901,-901,-901
2/29/1956,10.39398347,11.56165289,2.720727273,77.1547686,77.1547686,98.1877686,85.102,22.416,-901,0,-901,18.29732231,29.9797686,-901,0.09,0.14,85.102,22.416,22.416,-901,-901,-901,-901,21.2,5.838347107,10.4917686,4.055206612,18.14201653,-901,0.632,77.62699398,66.72396694,0,41.21,-901,8.018380165,2.755239669,-901,-901,-901
3/31/1956,8.184,9.130909091,5.509289256,85.33939669,85.33939669,94.75239669,75.266,21.647,-901,0,-901,18.99966942,30.65157025,-901,0.14,0.21,75.266,21.647,21.647,-901,-901,-901,-901,28.5,3.72614876,6.32092562,2.188958678,8.251636364,-901,0.842,78.38479633,53.15603306,0,41.36,-901,8.626710744,0.414426446,-901,-901,-901
4/30/1956,7.687933884,8.907768595,10.24661157,124.7202149,124.7202149,96.69421488,94.53,28.942,-901,0,-901,23.79570248,24.87272727,-901,0.24,0.34,94.53,28.942,28.942,-901,-901,-901,-901,37.7,2.701487603,4.236694215,1.469752066,0.308826446,-901,0.887,117.9905764,48.13289256,0,41.32,-901,8.282975207,0.285024793,-901,-901,-901
5/31/1956,11.65190083,12.50657851,22.19087603,275.7309339,275.7309339,191.2879339,135.94,49.955,-901,20.076,-901,104.774876,7.384661157,-901,0.43,0.57,135.94,49.955,49.955,-901,-901,-901,-901,47,4.605421488,5.478545455,2.680859504,4.814479339,-901,0.944,275.9410973,75.99867769,0,41.16,-901,14.99682645,7.458446281,-901,-901,-901
6/30/1956,3.843966942,3.605950413,16.00066116,207.0716033,207.0716033,195.8876033,139.764,49.516,-901,25.671,-901,119.0677686,28.28826446,-901,0.48,0.62,139.764,49.516,49.516,-901,-901,-901,-901,40.8,0.969917355,1.612561983,0.538512397,9.282644628,-901,1.104,205.3520976,20.32661157,0.6,41.08,-901,2.927603306,1.933884298,-901,-901,-901
7/31/1956,1.272793388,3.025190083,1.408066116,43.09745455,43.09745455,50.32145455,136.701,43.291,-901,24.982,-901,12.5557686,29.27424793,-901,0.64,0.86,136.701,43.291,43.291,-901,-901,-901,-901,30.3,0.311742149,0.431642975,0.231193388,11.71338843,-901,1.253,42.27458039,4.992793388,2.1,38.93,-901,0.52387438,0.388601653,-901,-901,-901
8/31/1956,1.094479339,1.586380165,0.04464,7.055380165,7.055380165,35.81038017,123.827,38.235,-901,11.514,-901,0.664066116,31.46935537,-901,0.6,0.84,123.827,38.235,38.235,-901,-901,-901,-901,18.5,0.123590083,0.148185124,0.102684298,10.58816529,-901,1.203,6.566452384,2.115173554,2.7,35.82,-901,0.30067438,0.312971901,-901,-901,-901
9/30/1956,1.225785124,1.166280992,0.012079339,4.919115702,4.919115702,33.3461157,109.471,30.992,-901,2.696,-901,0.595041322,29.99008264,-901,0.4,0.57,109.471,30.992,30.992,-901,-901,-901,-901,13,0.110082645,0.123173554,0.079140496,4.861487603,-901,1.02,4.4081726,1.475702479,1.5,33.95,-901,0.271933884,0.221355372,-901,-901,-901
10/31/1956,1.149818182,1.592528926,0.105143802,8.04722314,8.04722314,39.06922314,86.513,23.562,-901,0.45,-901,4.304132231,30.28879339,-901,0.24,0.36,86.513,23.562,23.562,-901,-901,-901,-901,13.1,0.368310744,0.300059504,0.146955372,0.475299174,-901,1.012,9.120284549,2.853024793,0,33.88,-901,0.493130579,-901,-901,-901,-901
11/30/1956,1.505454545,1.594710744,0.636694215,9.690785124,9.690785124,42.26578512,61.613,15.223,-901,0,-901,7.943801653,30.59107438,-901,0.13,0.2,61.613,15.223,15.223,-901,-901,-901,-901,13.1,0.476628099,0.49031405,0.251702479,1.410247934,-901,0.784,10.71067457,3.6,0,33.927,-901,0.222545455,-901,-901,-901,-901
12/31/1956,1.432661157,1.703206612,0.707107438,12.04004959,12.04004959,44.39404959,40.078,3.411,-901,0,-901,6.831272727,32.47775207,-901,0.05,0.1,40.078,3.411,3.411,-901,-901,-901,-901,13.1,0.774743802,0.651768595,0.322809917,2.164363636,-901,0.843,13.19050372,4.156561983,0,34.426,-901,0.243490909,-901,-901,-901,-901
1/31/1957,1.567933884,2.336528926,0.462386777,13.29791736,13.29791736,35.62591736,17.69,2.545,-901,0,-901,0.244105785,28.13672727,-901,0.02,0.08,17.69,2.545,2.545,-901,-901,-901,-901,13.1,1.531041322,1.155966942,0.657917355,4.033586777,-901,0.826,15.05273036,7.052628099,0,35.38,-901,0.405203306,-901,-901,-901,-901
2/28/1957,5.403768595,6.936595041,4.659570248,54.44010744,54.44010744,40.33110744,23.93,9.845,-901,0,-901,0.213818182,16.4501157,-901,0.035,0.07,23.93,9.845,9.845,-901,-901,-901,-901,22.2,4.170842975,3.798743802,1.743867769,2.543603306,-901,0.464,56.76352928,34.57190083,0,39.056,-901,3.13785124,-901,-901,-901,-901
3/31/1957,10.12700826,11.91014876,3.584727273,86.11873554,86.11873554,47.93573554,47.105,22.779,-901,0.741,-901,0.426109091,1.561785124,-901,0.12,0.14,47.105,22.779,22.779,-901,-901,-901,-901,31.5,7.187900826,9.592066116,3.90446281,24.56429752,-901,1.073,91.16898214,84.29950413,0,41.28,-901,10.88945455,-901,-901,-901,-901
4/30/1957,4.65322314,5.159008264,7.693884298,91.34600826,91.34600826,41.15900826,72.314,36.758,-901,10.144,-901,0.479603306,17.39900826,-901,0.25,0.3,72.314,36.758,36.758,-901,-901,-901,-901,35.8,1.523305785,1.999338843,0.797355372,0.850909091,-901,1.046,91.70977811,32.95338843,0,41.08,-901,5.813553719,-901,-901,-901,-901
5/31/1957,7.120264463,7.981090909,15.42109091,181.016843,181.016843,92.53884298,139.092,49.88,-901,16.707,-901,19.35014876,20.73361983,-901,0.44,0.55,139.092,49.88,49.88,-901,-901,-901,-901,45.2,3.252694215,4.949752066,1.85077686,1.30353719,-901,1.025,180.3692783,49.53441322,0,41.1,-901,8.983338843,-901,-901,-901,-901
6/30/1957,3.04661157,3.421487603,9.651570248,135.8944132,135.8944132,128.3504132,139.86,48.64,-901,22.495,-901,67.12066116,30.40661157,-901,0.47,0.62,139.86,48.64,48.64,-901,-901,-901,-901,35.7,0.49031405,0.934214876,0.332033058,11.40694215,-901,1.138,133.7409019,14.3107438,1.5,40.34,-901,1.547107438,-901,-901,-901,-901
7/31/1957,0.725553719,1.795438017,0.243490909,14.56872727,14.56872727,32.60072727,129.636,40.73,-901,19.771,-901,1.155966942,27.21441322,-901,0.63,0.85,129.636,40.73,40.73,-901,-901,-901,-901,24.2,0.070095868,0.169090909,0.093461157,11.59041322,-901,1.346,14.70365693,2.96985124,2.8,37.01,-901,0.430413223,-901,-901,-901,-901
8/31/1957,0.491900826,1.217454545,0.029329587,2.771644628,2.771644628,30.28264463,122.733,35.31,-901,1.947,-901,0.996099174,27.86618182,-901,0.58,0.82,122.733,35.31,35.31,-901,-901,-901,-901,14.4,0.000368926,0.015248926,0.009100165,9.333818182,-901,1.236,2.399846129,1.088330579,3.3,33.32,-901,0.262552066,-901,-901,-901,-901
9/30/1957,0.552793388,0.88661157,0.014876033,2.853867769,2.853867769,31.21586777,100.49,28.66,-901,0.362,-901,0.833057851,28.13950413,-901,0.39,0.56,100.49,28.66,28.66,-901,-901,-901,-901,14.3,0,0,0.003391736,0.002975207,-901,1.166,2.370286971,0.773553719,1.5,31.41,-901,0.294545455,-901,-901,-901,-901
10/31/1957,0.93461157,1.278942149,0.015064463,5.359702479,5.359702479,38.67570248,75.192,19.302,-901,0,-901,4.28568595,30.60852893,-901,0.23,0.34,75.192,19.302,19.302,-901,-901,-901,-901,14.4,0.212132231,0.1488,0.113752066,0.101454545,-901,1.132,4.032353898,1.936859504,0,31.29,-901,0.479603306,-901,-901,-901,-901
11/30/1957,0.969917355,1.332892562,0.561123967,9.291752066,9.291752066,42.50975207,48.955,10.957,-901,0,-901,7.313057851,29.78181818,-901,0.11,0.19,48.955,10.957,10.957,-901,-901,-901,-901,14.4,0.372495868,0.267768595,0.183867769,0.803305785,-901,1.064,7.21370602,3.314380165,0.1,31.23,-901,0.545652893,-901,-901,-901,-901
12/31/1957,1.875371901,2.244297521,1.254347107,17.68578512,17.68578512,42.48178512,28.712,5.193,-901,0,-901,2.945256198,30.7991405,-901,0.05,0.09,28.712,5.193,5.193,-901,-901,-901,-901,14.4,1.401917355,1.291239669,0.651768595,3.91061157,-901,1.071,16.100699,7.206347107,0,32.04,-901,0.848528926,-901,-901,-901,-901
1/31/1958,2.957553719,4.015140496,1.340429752,25.72190909,25.72190909,47.07490909,7.839,3.632,-901,0,-901,0.309897521,30.52859504,-901,0.03,0.06,7.839,3.632,3.632,-901,-901,-901,-901,15.2,4.808330579,7.028033058,3.055933884,20.82585124,-901,0.991,25.96645899,23.7772562,0,34.57,-901,0.946909091,-901,-901,-901,-901
2/28/1958,11.18519008,15.27828099,2.782413223,84.38257025,84.38257025,79.25157025,4.623,11.062,-901,0,-901,0.397646281,21.87054545,-901,0.05,0.04,4.623,11.062,11.062,-901,-901,-901,-901,20.7,13.48998347,25.01395041,9.946710744,69.4214876,-901,0.827,87.12494088,104.9652893,0,41.43,-901,6.908826446,-901,-901,-901,-901
3/31/1958,15.48257851,20.35239669,1.641719008,97.2482314,97.2482314,93.0922314,10.881,7.737,-901,0,-901,0.481447934,18.67993388,-901,0.09,0.07,10.881,7.737,7.737,-901,-901,-901,-901,58.5,17.51781818,29.4033719,11.82406612,50.93633058,-901,1.063,103.8447205,151.751405,0,41.68,-901,16.03596694,-901,-901,-901,-901
4/30/1958,23.2661157,32.1738843,7.03338843,179.2188512,179.2188512,141.8578512,42.225,9.401,-901,3.15,-901,9.276694215,15.45917355,-901,0.13,0.21,42.225,9.401,9.401,-901,-901,-901,-901,51.5,26.43173554,43.33090909,18.76165289,152.6876033,-901,0.863,197.4823917,225.1636364,0,41.43,-901,26.08661157,-901,-901,-901,-901
5/31/1958,16.43563636,18.66763636,27.04224793,353.5126364,353.5126364,200.2036364,135.944,49.881,-901,20.252,-901,68.37421488,25.87398347,-901,0.38,0.51,135.944,49.881,49.881,-901,-901,-901,-901,51.5,2.508694215,5.072727273,1.358876033,11.56581818,-901,1.118,353.5491983,91.00165289,0.9,41.325,-901,18.14499174,-901,-901,-901,-901
6/30/1958,6.271735537,6.09322314,19.48165289,223.4413719,223.4413719,214.1553719,138.442,49.434,-901,25.205,-901,121.2694215,23.46247934,-901,0.47,0.62,138.442,49.434,49.434,-901,-901,-901,-901,44.9,1.678016529,2.124297521,0.785454545,11.24628099,-901,1.192,222.6730122,33.76264463,2.1,41.02,-901,5.486280992,-901,-901,-901,-901
7/31/1958,2.650115702,2.902214876,2.404165289,57.51941322,57.51941322,60.69441322,137.289,45.508,-901,24.316,-901,14.76317355,29.47715702,-901,0.64,0.86,137.289,45.508,45.508,-901,-901,-901,-901,33.8,0.633322314,0.633322314,0.322809917,12.38975207,-901,1.293,52.3381041,7.778181818,3,37.7,-901,1.137520661,-901,-901,-901,-901
8/31/1958,0.977652893,1.912264463,0.098995041,13.56666942,13.56666942,43.55166942,123.462,40.658,-901,10.18,-901,1.11292562,33.73824793,-901,0.62,0.84,123.462,40.658,40.658,-901,-901,-901,-901,22.2,0.256403306,0.207828099,0.133428099,12.05157025,-901,1.368,8.30457456,2.779239669,2.7,34.615,-901,0.313586777,-901,-901,-901,-901
9/30/1958,0.827107438,1.320991736,0.015054545,5.24161157,5.24161157,34.72661157,109.125,31.051,-901,2.515,-901,0.898512397,29.85322314,-901,0.41,0.57,109.125,31.051,31.051,-901,-901,-901,-901,15.5,0.197553719,0.111272727,0.087471074,6.218181818,-901,1.144,3.480892748,1.648264463,1.6,32.62,-901,0.307636364,-901,-901,-901,-901
10/31/1958,1.057586777,1.199008264,0.006333223,6.221677686,6.221677686,38.79867769,86.83,21.189,-901,0.277,-901,0.799338843,33.50459504,-901,0.24,0.36,86.83,21.189,21.189,-901,-901,-901,-901,15.4,0.273004959,0.123590083,0.100839669,0.384297521,-901,1.218,3.918697001,1.899966942,0,32.29,-901,0.261322314,-901,-901,-901,-901
11/30/1958,1.005619835,1.434049587,0.021242975,7.244041322,7.244041322,37.31504132,63.958,12.916,-901,0,-901,0.590280992,32.35239669,-901,0.12,0.2,63.958,12.916,12.916,-901,-901,-901,-901,15.3,0.492099174,0.285024793,0.181487603,1.059173554,-901,1.031,5.522386912,2.636033058,0,32.26,-901,0.279669421,-901,-901,-901,-901
12/31/1958,0.879272727,1.328132231,0.015248926,6.21561157,6.21561157,32.92661157,44.946,4.142,-901,0,-901,0.378763636,27.38042975,-901,0.05,0.11,44.946,4.142,4.142,-901,-901,-901,-901,15.5,0.621024793,0.468535537,0.253943802,1.383471074,-901,0.915,4.924661334,3.092826446,0,32.31,-901,0.26808595,-901,-901,-901,-901
1/31/1959,2.79768595,3.295735537,2.232,30.8817686,30.8817686,38.5957686,37.61,2.819,-901,0,-901,0.346790083,24.5827438,-901,0.02,0.09,37.61,2.819,2.819,-901,-901,-901,-901,15.6,2.434909091,2.822280992,1.026842975,7.280132231,-901,0.835,31.62545401,14.63404959,0,33.92,-901,0.651768595,-901,-901,-901,-901
2/28/1959,4.848396694,6.936595041,7.664132231,39.51261157,39.51261157,43.84661157,29.662,5.371,-901,0,-901,0.323781818,20.05447934,-901,0.03,0.09,29.662,5.371,5.371,-901,-901,-901,-901,24.9,8.158413223,10.62426446,4.92614876,29.35695868,-901,0.942,42.54347716,37.40985124,0,37.36,-901,1.255140496,-901,-901,-901,-901
3/31/1959,4.328727273,5.091173554,4.377917355,55.57086777,55.57086777,39.59186777,38.622,7.996,-901,3.075,-901,0.279768595,17.80680992,-901,0.07,0.14,38.622,7.996,7.996,-901,-901,-901,-901,25,1.248198347,2.484099174,0.793190083,5.699900826,-901,1.109,54.48602069,22.16628099,0.1,41.23,-901,0.566300826,-901,-901,-901,-901
4/30/1959,2.683636364,3.391735537,9.288595041,99.84254545,99.84254545,22.97454545,83.547,30.571,-901,10.86,-901,5.194710744,2.195702479,-901,0.2,0.3,83.547,30.571,30.571,-901,-901,-901,-901,27.4,0.749752066,1.023471074,0.424264463,0.252892562,-901,1.083,99.19309254,19.85652893,0.4,41.2,-901,3.237024793,-901,-901,-901,-901
5/31/1959,1.48185124,1.832330579,7.501487603,93.65738017,93.65738017,25.39438017,127.705,45.676,-901,17.463,-901,0.688661157,15.49487603,-901,0.42,0.55,127.705,45.676,45.676,-901,-901,-901,-901,27.4,0.432872727,0.467920661,0.219510744,0.805487603,-901,1.427,91.26085227,8.798876033,0.5,41.05,-901,1.162115702,-901,-901,-901,-901
6/30/1959,0.779504132,1.118677686,1.743471074,36.67827273,36.67827273,29.12727273,131.627,44.323,-901,19.531,-901,0.880661157,25.33090909,-901,0.46,0.6,131.627,44.323,44.323,-901,-901,-901,-901,16.3,0.083305785,0.053375207,0.08092562,11.51404959,-901,1.854,35.19236783,2.279008264,1.7,39,-901,0.327272727,-901,-901,-901,-901
7/31/1959,0.633322314,0.707107438,0.026993058,6.216545455,6.216545455,30.77454545,117.412,43.289,-901,6.66,-901,0.780892562,28.40112397,-901,0.62,0.82,117.412,43.289,43.289,-901,-901,-901,-901,16.3,0.000184463,0,0.004734545,0.002152066,-901,2.122,3.01410673,1.690909091,4.5,34.05,-901,0.263166942,-901,-901,-901,-901
8/31/1959,0.47898843,0.579213223,0.00614876,3.326991736,3.326991736,30.79299174,97.572,38.102,-901,0.916,-901,0.577983471,29.19431405,-901,0.6,0.77,97.572,38.102,38.102,-901,-901,-901,-901,16.3,0,0,0,0,-901,1.935,0.12222929,1.371173554,3.9,29.66,-901,0.235497521,-901,-901,-901,-901
9/30/1959,0.527801653,0.916363636,0.085090909,5.242206612,5.242206612,29.61520661,77.588,32.416,-901,0,-901,0.600991736,27.43140496,-901,0.41,0.51,77.588,32.416,32.416,-901,-901,-901,-901,16.3,0.015292562,0.03945124,0.043021488,0,-901,1.293,4.641192252,0.910413223,0.8,28.45,-901,0.324892562,-901,-901,-901,-901
10/31/1959,0.439021488,0.762446281,0.00614876,3.591099174,3.591099174,31.50009917,57.124,23.299,-901,0,-901,0.670214876,28.96680992,-901,0.25,0.31,57.124,23.299,23.299,-901,-901,-901,-901,16.3,0.08362314,0.030743802,0.058720661,0,-901,1.112,2.202460439,0.676363636,0.3,27.78,-901,0.316661157,-901,-901,-901,-901
11/30/1959,0.479603306,0.72,0.005950413,2.454495868,2.454495868,29.46049587,37.294,14.703,-901,0,-901,0.276099174,28.07404959,-901,0.13,0.16,37.294,14.703,14.703,-901,-901,-901,-901,16.5,0.16661157,0.057897521,0.079735537,0.080330579,-901,1.13,1.907378737,0.809256198,0.2,27.25,-901,0.340363636,-901,-901,-901,-901
12/31/1959,0.397209917,0.977652893,0.008546777,3.350595041,3.350595041,31.27259504,13.944,9.05,-901,0,-901,0.259477686,29.02214876,-901,0.06,0.08,13.944,9.05,9.05,-901,-901,-901,-901,16.5,0.304978512,0.159867769,0.106373554,0.713256198,-901,0.941,3.256034042,1.567933884,0.1,27.04,-901,0.337566942,-901,-901,-901,-901
1/31/1960,0.854677686,1.881520661,0.026009256,7.639768595,7.639768595,19.9957686,7.213,2.798,-901,0,-901,0.286532231,14.76932231,-901,0.04,0.05,7.213,2.798,2.798,-901,-901,-901,-901,16.5,0.965355372,0.946909091,0.40151405,2.760793388,-901,0.537,8.388046355,6.536132231,0.1,27.69,-901,0.53002314,-901,-901,-901,-901
2/29/1960,6.281256198,7.75953719,1.236694215,47.10573554,47.10573554,33.36773554,13.841,8.986,-901,0,-901,0.333044628,6.051173554,-901,0.04,0.05,13.841,8.986,8.986,-901,-901,-901,-901,19.4,6.994512397,9.088264463,4.158743802,21.5414876,-901,0.832,49.94189692,41.88654545,0.1,32.12,-901,1.892429752,-901,-901,-901,-901
3/31/1960,4.949752066,7.323173554,5.257190083,74.7526281,74.7526281,30.1166281,40.296,20.137,-901,5.8,-901,0.343100826,3.215801653,-901,0.11,0.13,40.296,20.137,20.137,-901,-901,-901,-901,25.4,1.955305785,2.434909091,0.762446281,0.694809917,-901,0.99,76.37220116,42.48178512,0,41.29,-901,2.029090909,-901,-901,-901,-901
4/30/1960,4.355702479,5.004297521,10.00264463,106.7861983,106.7861983,30.21619835,93.959,40.526,-901,6.756,-901,1.487603306,7.967603306,-901,0.26,0.31,93.959,40.526,40.526,-901,-901,-901,-901,30,1.523305785,1.802975207,0.90446281,0.113057851,-901,0.992,106.6588504,30.47801653,0.1,41.06,-901,6.271735537,-901,-901,-901,-901
5/31/1960,3.055933884,3.916760331,10.88330579,124.5051405,124.5051405,56.8391405,139.287,49.588,-901,17.926,-901,26.0092562,9.924099174,-901,0.45,0.57,139.287,49.588,49.588,-901,-901,-901,-901,32.3,0.627173554,1.340429752,0.567530579,0.308667769,-901,1.086,122.9772174,18.23722314,0.3,41.04,-901,3.178909091,-901,-901,-901,-901
6/30/1960,0.642644628,1.45785124,2.34446281,43.74891736,43.74891736,52.80991736,130.287,45.017,-901,20.08,-901,12.98975207,32.70942149,-901,0.47,0.61,130.287,45.017,45.017,-901,-901,-901,-901,18,0.047008264,0.220165289,0.079140496,13.64429752,-901,1.276,42.18922724,3.475041322,3.4,37.5,-901,0.405818182,-901,-901,-901,-901
7/31/1960,0.319735537,0.817785124,0.075629752,4.989834711,4.989834711,29.58783471,119.03,40.791,-901,7.64,-901,1.020694215,27.77395041,-901,0.62,0.82,119.03,40.791,40.791,-901,-901,-901,-901,17.3,0,0.012912397,0.000614876,0.627173554,-901,1.885,3.7889205,2.262743802,5.6,31.36,-901,0.273619835,-901,-901,-901,-901
8/31/1960,0.298829752,0.566300826,0.005349421,1.071595041,1.071595041,30.52859504,100.574,34.277,-901,0.51,-901,0.92231405,29.09593388,-901,0.58,0.78,100.574,34.277,34.277,-901,-901,-901,-901,17.3,0,0,0,0,-901,1.283,-1.624751471,1.389619835,6.1,24.82,-901,0.230578512,-901,-901,-901,-901
9/30/1960,0.289785124,0.493884298,0.004165289,2.569743802,2.569743802,29.4307438,80.088,26.192,-901,0,-901,0.660495868,27.72297521,-901,0.38,0.51,80.088,26.192,26.192,-901,-901,-901,-901,17.4,0,0,0,0,-901,1.33,0.984165113,0.412363636,2.8,21.73,-901,0.195173554,-901,-901,-901,-901
10/31/1960,0.298829752,0.627173554,0.007747438,0.195264463,0.195264463,30.18426446,58.441,16.385,-901,0,-901,0.633322314,30.01824793,-901,0.22,0.31,58.441,16.385,16.385,-901,-901,-901,-901,17.4,0,0,0,0,-901,0.935,0.479137403,0.657917355,0.5,20.54,-901,0.502968595,-901,0,0,0
11/30/1960,0.910413223,1.297190083,0.137454545,4.486280992,4.486280992,29.24628099,39.806,9.107,-901,0,-901,0.352859504,28.00859504,-901,0.105,0.165,39.806,9.107,9.107,-901,-901,-901,-901,17.4,0.329652893,0.292760331,0.122578512,0.178512397,-901,0.883,6.644448692,2.517024793,0.2,21.03,-901,0.477818182,-901,0,0.240396694,0.025408264
12/31/1960,1.531041322,1.438809917,1.063735537,8.713495868,8.713495868,31.02049587,23.147,2.471,-901,0,-901,0.377533884,27.73090909,-901,0.034,0.082,23.147,2.471,2.471,-901,-901,-901,-901,17.5,0.621024793,0.633322314,0.353553719,1.524892562,-901,0.872,10.76917803,3.929057851,0.2,21.24,-901,0.377533884,-901,0.114981818,0.377533884,0.44332562
1/31/1961,0.92846281,0.965355372,0.621024793,7.521330579,7.521330579,22.66433058,6.561,3.191,-901,0,-901,0.394135537,19.22102479,-901,0.01,0.05,6.561,3.191,3.191,-901,-901,-901,-901,17.5,0.356013223,0.408892562,0.146340496,0.996099174,-901,0.663,7.728658356,2.643966942,0.1,21.18,-901,0.276694215,-901,0.11006281,0.221970248,0.393520661
2/28/1961,1.01077686,1.555041322,2.021553719,19.11095868,19.11095868,14.57295868,5.42,8.155,-901,0,-901,0.358770248,9.324694215,-901,0.032,0.04,5.42,8.155,8.155,-901,-901,-901,-901,18.3,0.833057851,0.810842975,0.314895868,1.28846281,-901,0.643,19.66617192,6.114644628,0,22.03,-901,0.459292562,-901,0.372099174,0.477064463,1.182942149
3/31/1961,1.352727273,2.582479339,2.373421488,28.90577686,28.90577686,16.73077686,8.716,12.637,-901,3.348,-901,0.373844628,8.854214876,-901,0.09,0.07,8.716,12.637,12.637,-901,-901,-901,-901,23.1,1.647867769,1.703206612,0.830082645,0.174009917,-901,0.889,29.39215388,11.4551405,0,23.91,-901,0.700958678,-901,0.879272727,0.989950413,1.11292562
4/30/1961,1.927933884,2.606280992,7.866446281,72.79287603,72.79287603,17.65487603,42.559,27.637,-901,8.386,-901,4.85553719,3.141818182,-901,0.208,0.2,42.559,27.637,27.637,-901,-901,-901,-901,25.3,0.624793388,0.910413223,0.313586777,0.062479339,-901,0.849,73.07711843,10.73454545,0,25.73,-901,0.446876033,-901,0.33738843,0.491504132,0.211834711
5/31/1961,1.623272727,1.936859504,8.823471074,104.8862479,104.8862479,21.09024793,96.667,46.778,-901,17.018,-901,0.423649587,12.38360331,-901,0.415,0.46,96.667,46.778,46.778,-901,-901,-901,-901,26.5,0.345560331,0.419960331,0.257018182,0.163557025,-901,1.04,105.3964863,10.52667769,0.2,27.53,-901,0.397824793,-901,0.124204959,0.251484298,0.054539504
6/30/1961,0.624793388,0.88661157,2.16,34.64101653,34.64101653,29.03801653,98.236,45.887,-901,19.67,-901,0.696198347,26.87206612,-901,0.45,0.53,98.236,45.887,45.887,-901,-901,-901,-901,19.7,0.04938843,0.101752066,0.075570248,6.652561983,-901,1.293,33.90034852,3.135867769,3.9,23.94,-901,0.252297521,-901,0.004581818,0.041057851,0
7/31/1961,0.168476033,0.429183471,0.054539504,3.385595041,3.385595041,29.78459504,83.857,43.971,-901,6.757,-901,0.639471074,28.9545124,-901,0.63,0.72,83.857,43.971,43.971,-901,-901,-901,-901,19.6,0,0,0.001598678,0,-901,1.459,1.416030818,1.943008264,6.6,17.33,-901,0.156793388,-901,0,0,0
8/31/1961,0.153719008,0.30067438,0.009346116,0.158380165,0.158380165,29.11438017,67.334,35.492,-901,0.534,-901,0.392905785,29.71080992,-901,0.595,0.67,67.334,35.492,35.492,-901,-901,-901,-901,19.6,0,0,0,0,-901,1.004,-0.912096774,0.842380165,5.2,11.92,-901,0.082393388,-901,0,0,0
9/30/1961,0.191603306,0.370115702,0.010532231,2.088735537,2.088735537,29.31173554,46.576,27.919,-901,0,-901,0.280859504,28.51438017,-901,0.38,0.425,46.576,27.919,27.919,-901,-901,-901,-901,18.3,0,0,0,1.27338843,-901,0.837,0.256921921,0.414743802,2.9,8.71,-901,0.133289256,-901,0,0,0
10/31/1961,0.212132231,0.432872727,0.013465785,1.85522314,1.85522314,30.14122314,25.847,19.054,-901,0,-901,0.30682314,29.55094215,-901,0.23,0.235,25.847,19.054,19.054,-901,-901,-901,-901,18.2,0,0,0,0.102684298,-901,0.843,0.898025653,0.305593388,1,7.73,-901,0.129738843,-901,0,0,0
11/30/1961,0.340363636,0.696198347,0.048198347,3.231214876,3.231214876,18.21421488,12.622,16.112,-901,0,-901,0.321917355,17.5953719,-901,0.125,0.11,12.622,16.112,16.112,-901,-901,-901,-901,18.2,0,0.064859504,0.010532231,0,-901,0.949,3.883253822,0.850909091,0.4,7.42,-901,0.218975207,-901,0,0,0
12/31/1961,0.700958678,1.248198347,0.897719008,10.33358678,10.33358678,18.16958678,3.635,16.544,-901,0,-901,0.354168595,14.67094215,-901,0.07,0.045,3.635,16.544,16.544,-901,-901,-901,-901,18.8,0.396595041,0.569990083,0.218280992,0.854677686,-901,0.604,10.37257588,2.545586777,0,7.67,-901,0.341871074,-901,0,0.219510744,0
1/31/1962,0.549084298,1.026842975,0.75014876,8.644322314,8.644322314,19.97732231,0,7.999,-901,0,-901,3.080528926,14.79391736,-901,0.06,0.022,0,7.999,7.999,-901,-901,-901,-901,19.2,0.59827438,0.466076033,0.176469421,1.574082645,-901,0.765,9.036732242,2.557884298,0,7.9,-901,0.368310744,-901,0.114366942,0.364621488,0.134042975
2/28/1962,9.402446281,12.76244628,1.610578512,65.23818182,65.23818182,53.88218182,11.45,6.974,-901,0,-901,2.515834711,11.0741157,-901,0.045,0.04,11.45,6.974,6.974,-901,-901,-901,-901,20.4,12.00158678,25.70816529,8.497190083,74.80859504,-901,0.846,73.82092379,71.97619835,0,14.78,-901,1.532826446,-901,8.897057851,5.437090909,10.7242314
3/31/1962,6.536132231,8.712793388,2.065983471,49.25195868,49.25195868,49.80495868,11.129,5.598,-901,0,-901,0.36585124,20.49996694,-901,0.06,0.082,11.129,5.598,5.598,-901,-901,-901,-901,26.5,7.341619835,11.82406612,4.82677686,27.22056198,-901,1.002,50.89371559,44.14195041,0,19.55,-901,1.66631405,-901,4.728396694,3.916760331,2.748495868
4/30/1962,10.58578512,12.75173554,13.88231405,178.541,178.541,86.4,67.978,30.215,-901,9.288,-901,18.36892562,16.56,-901,0.19,0.245,67.978,30.215,30.215,-901,-901,-901,-901,32.5,1.077024793,3.778512397,0.660495868,0.182082645,-901,0.952,176.5135115,52.25652893,0.2,30.32,-901,0.648595041,-901,0.606942149,0.761652893,0.264198347
5/31/1962,5.251041322,5.048132231,13.96998347,166.2527273,166.2527273,68.31272727,135.271,49.076,-901,19.105,-901,21.94492562,12.6787438,-901,0.427,0.541,135.271,49.076,49.076,-901,-901,-901,-901,34.5,0.426109091,1.051438017,0.244720661,0.284072727,-901,1.001,162.2484285,23.60509091,0.5,34.86,-901,0.477758678,-901,0.193071074,0.406433058,0.058720661
6/30/1962,2.189752066,1.933884298,9.865785124,140.3365537,140.3365537,130.3735537,139.956,48.029,-901,23.155,-901,72.71404959,31.25752066,-901,0.47,0.618,139.956,48.029,48.029,-901,-901,-901,-901,20.8,0.074975207,0.364760331,0.088661157,12.75173554,-901,1.187,143.2308506,9.229090909,1.7,34.75,-901,0.226115702,-901,0.015292562,0.118413223,0
7/31/1962,0.731702479,0.92231405,0.518340496,18.68231405,18.68231405,38.12231405,126.579,42.37,-901,19.974,-901,1.567933884,33.43080992,-901,0.63,0.845,126.579,42.37,42.37,-901,-901,-901,-901,20,0,0.070095868,0.012113058,0.688661157,-901,1.302,18.41405984,2.133619835,2.8,31.64,-901,0.317276033,-901,0,0,0
8/31/1962,0.664066116,0.633322314,0.014449587,4.199950413,4.199950413,35.95795041,111.569,37.845,-901,5.046,-901,0.93461157,33.84277686,-901,0.595,0.8,111.569,37.845,37.845,-901,-901,-901,-901,19.9,0,0,0,0,-901,1.31,3.213735748,0.762446281,2.6,28.73,-901,0.145110744,-901,0,0,0
9/30/1962,0.191008264,0.427834711,0.005950413,1.629008264,1.629008264,33.23900826,90.326,30.098,-901,0.464,-901,0.696198347,31.79900826,-901,0.4,0.54,90.326,30.098,30.098,-901,-901,-901,-901,19.7,0,0,0,0,-901,1.022,-0.717167479,0.485553719,1.6,26.66,-901,0.081520661,-901,0,0,0
10/31/1962,1.617123967,1.67861157,0.823933884,19.82657851,19.82657851,39.29057851,74.888,24.926,-901,0,-901,0.664066116,33.25864463,-901,0.245,0.33,74.888,24.926,24.926,-901,-901,-901,-901,-901,0.457467769,0.346175207,0.249024793,1.414214876,-901,1.035,19.14422129,20.58604959,0.4,27.09,-901,1.199008264,-901,1.451107438,0.953057851,5.01738843
11/30/1962,0.749752066,0.88661157,0.109487603,8.297760331,8.297760331,36.86876033,53.149,16.838,-901,0,-901,0.371900826,32.75107438,-901,0.135,0.19,53.149,16.838,16.838,-901,-901,-901,-901,-901,0.285024793,0.224330579,0.135669421,0.456396694,-901,0.931,6.326069465,2.915702479,0.2,26.9,-901,0.342743802,-901,0.179702479,0.227900826,0.129719008
12/31/1962,1.377322314,1.365024793,1.721652893,18.6838595,18.6838595,36.9048595,35.524,15.088,-901,0,-901,0.388601653,31.88132231,-901,0.07,0.095,35.524,15.088,15.088,-901,-901,-901,-901,-901,0.93461157,0.903867769,0.351709091,2.877619835,-901,0.989,18.46457662,10.82796694,0.2,27.95,-901,0.58597686,-901,1.414214876,0.700958678,0.885421488
1/31/1963,3.080528926,5.38631405,4.218049587,43.91839669,43.91839669,45.64839669,27.037,14.107,-901,6.756,-901,0.453778512,28.65322314,-901,0.06,0.082,27.037,14.107,14.107,-901,-901,-901,-901,-901,3.873719008,7.218644628,1.684760331,3.824528926,-901,0.84,49.58604078,17.27186777,0.2,28.637,-901,2.619371901,-901,2.035239669,2.564033058,2.79768595
2/28/1963,10.84641322,12.40700826,10.08555372,169.6311157,169.6311157,82.3061157,96.087,31.863,-901,6.756,-901,1.39953719,13.31781818,-901,0.082,0.114,96.087,31.863,31.863,-901,-901,-901,-901,-901,8.891504132,13.49553719,5.453752066,44.68522314,-901,0.323,167.3529951,116.7391736,0.1,38.89,-901,8.069553719,-901,8.491636364,7.553057851,4.404099174
3/31/1963,5.158809917,6.419305785,2.244297521,47.06017355,47.06017355,45.26717355,95.348,33.013,-901,6.756,-901,0.467920661,23.0947438,-901,0.166,0.222,95.348,33.013,33.013,-901,-901,-901,-901,-901,5.496991736,8.356165289,3.793785124,1.524892562,-901,0.994,50.56878863,40.74783471,0.2,40.773,-901,2.22585124,-901,5.58307438,3.111272727,4.08277686
4/30/1963,16.90512397,20.11834711,4.849586777,125.4047107,125.4047107,103.8347107,110.617,36.245,-901,8.138,-901,7.842644628,22.11768595,-901,0.27,0.368,110.617,36.245,36.245,-901,-901,-901,-901,-901,14.15008264,22.25454545,9.217190083,52.23867769,-901,1.049,133.9022423,132.8132231,0.3,41.246,-901,19.02942149,-901,9.461157025,7.985454545,8.312727273
5/31/1963,14.5848595,14.82466116,21.6374876,268.3778347,268.3778347,214.0998347,138.132,49.658,-901,19.56,-901,109.3249587,7.267834711,-901,0.44,0.59,138.132,49.658,49.658,-901,-901,-901,-901,-901,2.926809917,5.21414876,2.102876033,6.068826446,-901,0.898,273.1226406,83.25421488,0.5,41.18,-901,14.17289256,-901,2.207404959,2.61322314,0.682512397
6/30/1963,4.224793388,4.325950413,9.687272727,146.0796364,146.0796364,138.7636364,139.957,48.356,-901,24.131,-901,69.85785124,30.67438017,-901,0.472,0.62,139.957,48.356,48.356,-901,-901,-901,-901,-901,0.90446281,1.678016529,0.49507438,12.31140496,-901,1.13,140.0034289,20.23735537,1.6,40.29,-901,2.522975207,-901,0.468892562,0.910413223,0.073785124
7/31/1963,2.04753719,2.201256198,0.568760331,27.8907686,27.8907686,40.8277686,130.473,42.412,-901,23.8,-901,0.756297521,33.08033058,-901,0.635,0.85,130.473,42.412,42.412,-901,-901,-901,-901,-901,0.282842975,0.45562314,0.162942149,13.0661157,-901,1.337,28.99386045,5.367867769,2.6,37.126,-901,0.787041322,-901,0.078089256,0.338796694,0
8/31/1963,1.211305785,1.401917355,0.031912066,3.752115702,3.752115702,37.6181157,115.263,38.232,-901,6.651,-901,0.645619835,33.86122314,-901,0.6,0.815,115.263,38.232,38.232,-901,-901,-901,-901,-901,0.062102479,0.103299174,0.048390744,12.56191736,-901,1.258,4.184902678,1.85692562,2.9,34.55,-901,0.315431405,-901,0.001967603,0.11006281,0
9/30/1963,0.827107438,1.100826446,0.016839669,4.586809917,4.586809917,35.42280992,95.348,30.57,-901,1.295,-901,0.618842975,32.72727273,-901,0.4,0.55,95.348,30.57,30.57,-901,-901,-901,-901,-901,0.028145455,0.071404959,0.019457851,8.324628099,-901,1.147,4.883860486,1.25553719,1.3,32.975,-901,0.182677686,-901,0,0.070809917,0
10/31/1963,1.149818182,1.235900826,0.270545455,6.470661157,6.470661157,37.14466116,72.824,21.747,-901,0.365,-901,0.651768595,33.65831405,-901,0.24,0.337,72.824,21.747,21.747,-901,-901,-901,0.688,-901,0.302519008,0.26501157,0.114366942,0.548469421,0.536132211,1.026,7.431931085,2.318082645,0.5,32.461,-901,0.405203306,-901,0.030743802,0.204753719,0
11/30/1963,2.570578512,3.165619835,3.379834711,40.78263636,40.78263636,40.84363636,72.677,21.036,-901,0,-901,0.370710744,31.66809917,-901,0.135,0.2,72.677,21.036,21.036,-901,-901,-901,1.498,-901,2.832396694,3.78446281,1.434049587,9.627768595,9.371107087,0.827,45.06208919,14.14413223,0.1,34.55,-901,0.492694215,-901,1.136528926,0.910413223,2.374214876
12/31/1963,1.992198347,2.016793388,1.469553719,19.62115702,19.62115702,42.86915702,55.309,14.148,-901,0,-901,6.812826446,33.5414876,-901,0.078,0.114,55.309,14.148,14.148,-901,-901,-901,1.236,-901,1.100628099,1.488,0.469765289,3.062082645,2.826446175,0.816,11.12290284,7.692099174,0.2,35.256,-901,0.295140496,-901,0.581672727,0.481447934,0.349249587
1/31/1964,2.760793388,3.172760331,1.069884298,17.70493388,17.70493388,46.20793388,36.978,2.961,-901,0,-901,6.210247934,32.95735537,-901,0.049,0.1,36.978,2.961,2.961,-901,-901,-901,18.621,-901,4.722247934,7.728991736,2.490247934,3.043636364,1.384462758,0.866,39.2066052,26.37203306,0.2,36.502,-901,0.725553719,-901,4.402512397,1.967603306,4.728396694
2/29/1964,2.542413223,2.916297521,1.340231405,18.76605785,18.76605785,36.35305785,18.116,3.342,-901,0,-901,0.329593388,29.41606612,-901,0.021,0.079,18.116,3.342,3.342,-901,-901,-901,22.18,-901,1.593322314,2.024727273,0.931834711,1.840661157,1.955702406,0.794,21.21886367,11.8492562,0.1,38.49,-901,0.41414876,-901,1.035371901,1.035371901,0.383087603
3/31/1964,2.711603306,3.54168595,2.465652893,27.62603306,27.62603306,33.06803306,6.488,8.439,-901,0,-901,0.365236364,23.88178512,-901,0.06,0.09,6.488,8.439,8.439,-901,-901,-901,26.732,-901,2.133619835,3.246545455,1.051438017,2.779239669,2.43966933,0.939,31.44789388,13.79166942,0.1,41.1,-901,0.477758678,-901,0.989950413,1.10677686,0.350479339
4/30/1964,4.718677686,5.938512397,7.075041322,82.24344628,82.24344628,30.90644628,41.231,16.93,-901,6.756,-901,0.462942149,11.49024793,-901,0.16,0.192,41.231,16.93,16.93,-901,-901,-901,29.503,-901,1.517355372,3.260826446,0.90446281,3.540495868,3.118016412,0.995,84.98524286,26.35438017,0.4,41.13,-901,4.367603306,-901,0.833057851,0.969917355,0.224330579
5/31/1964,4.464,4.943603306,10.31761983,142.9210909,142.9210909,31.78909091,115.883,41.265,-901,17.2,-901,3.264991736,8.854214876,-901,0.368,0.494,115.883,41.265,41.265,-901,-901,-901,29.305,-901,0.959206612,1.881520661,0.544780165,3.492495868,3.512727141,0.839,145.6681326,28.19821488,0.9,41.03,-901,4.992793388,-901,0.439021488,0.614876033,0.097765289
6/30/1964,2.213553719,2.469421488,4.427107438,66.99818182,66.99818182,32.85818182,138.707,47.139,-901,20.58,-901,1.814876033,24.67636364,-901,0.45,0.595,138.707,47.139,47.139,-901,-901,-901,28.811,-901,0.300495868,0.684297521,0.180297521,1.576859504,1.434049533,1.017,71.39977193,7.693884298,2.2,40.1,-901,0.568264463,-901,0.146380165,0.259438017,0.003570248
7/31/1964,0.866975207,1.143669421,0.231193388,7.285198347,7.285198347,35.47219835,119.928,41.803,-901,13.906,-901,1.094479339,33.12952066,-901,0.625,0.835,119.928,41.803,41.803,-901,-901,-901,16.1,-901,0.012666446,0.143266116,0.045008926,12.37745455,11.60132188,1.142,9.181083391,2.496396694,4.1,36.06,-901,0.694809917,-901,0.003381818,0.021828099,0
8/31/1964,0.534942149,0.664066116,0.016847603,1.90968595,1.90968595,34.04568595,102.854,35.615,-901,2.418,-901,0.940760331,33.04958678,-901,0.59,0.78,102.854,35.615,35.615,-901,-901,-901,9.798,-901,0,0.000184463,0.001414215,6.204099174,5.843305566,1.244,2.286445427,1.629421488,4.7,31.11,-901,0.285917355,-901,0,0,0
9/30/1964,0.492099174,0.583140496,0.008330579,2.111628099,2.111628099,33.5246281,74.296,33.019,-901,0.123,-901,0.666446281,33.02479339,-901,0.4,0.51,74.296,33.019,33.019,-901,-901,-901,9.563,-901,0,0,0,0,0,1.126,2.515311187,0.660495868,2.6,28.26,-901,0.168991736,-901,0,0,0
10/31/1964,0.51465124,0.762446281,0.009530579,4.261768595,4.261768595,35.6197686,43.902,30.523,-901,0,-901,0.682512397,33.94730579,-901,0.26,0.293,43.902,30.523,30.523,-901,-901,-901,9.442,-901,0,0.01924562,0.023980165,0,0,1.102,4.556691745,0.725553719,1.6,26.7,-901,0.204138843,-901,0,0,0
11/30/1964,2.469421488,2.647933884,1.320991736,15.2108595,15.2108595,41.8968595,17.007,29.474,-901,0,-901,4.980495868,28.8,-901,0.155,0.14,17.007,29.474,29.474,-901,-901,-901,14.738,-901,1.82677686,1.767272727,0.785454545,0.227900826,0.007933884,0.963,15.69823771,5.986115702,0.4,27.32,-901,0.553983471,-901,0.310016529,0.618842975,0.779504132
12/31/1964,20.04495868,26.95616529,22.20932231,293.7688017,293.7688017,201.8638017,81.452,49.077,-901,6.756,-901,26.19986777,28.41957025,-901,0.11,0.1,81.452,49.077,49.077,-901,-901,-901,111.59,-901,22.14783471,35.712,15.45183471,8.202446281,1.432066062,0.891,308.4653759,207.8280992,0.2,41.26,-901,23.11319008,-901,20.24171901,13.04152066,15.27352066
1/31/1965,21.30545455,27.18366942,3.603173554,150.9039835,150.9039835,161.2819835,76.201,43.23,-901,6.756,-901,22.41838017,28.13057851,-901,0.119,0.126,76.201,43.23,43.23,-901,-901,-901,159.048,-901,17.86214876,31.83213223,11.91629752,34.1625124,32.63603183,0.475,148.5808176,175.4856198,0.3,41.28,-901,24.46591736,-901,18.63689256,11.94089256,10.69269421
2/28/1965,9.524628099,10.45765289,2.937917355,68.47949587,68.47949587,85.86049587,63.577,37.682,-901,6.756,-901,14.2008595,30.57322314,-901,0.111,0.119,63.577,37.682,37.682,-901,-901,-901,162.242,-901,2.526942149,6.858842975,1.816066116,10.02446281,9.83801616,0.561,73.41844561,53.59894215,0.3,41.23,-901,9.196958678,-901,2.093752066,2.660231405,1.166280992
3/31/1965,7.366214876,7.851966942,4.187305785,57.29176033,57.29176033,73.10876033,51.277,33.617,-901,6.258,-901,13.23213223,33.04958678,-901,0.174,0.179,51.277,33.617,33.617,-901,-901,-901,169.92,-901,2.908363636,5.410909091,1.801586777,4.550082645,4.567933713,0.693,64.45465035,39.05692562,0.3,41.23,-901,6.056528926,-901,1.543338843,2.072132231,1.346578512
4/30/1965,13.35272727,17.52396694,10.91900826,158.8266116,158.8266116,109.6066116,77.91,50.06,-901,10.975,-901,13.11471074,31.35867769,-901,0.298,0.302,77.91,50.06,50.06,-901,-901,-901,214.076,-901,11.81752066,19.54710744,7.378512397,4.331900826,3.667437879,0.827,161.9658305,99.43140496,0.3,41.4,-901,14.95338843,-901,6.81322314,6.450247934,4.801983471
5/31/1965,8.270082645,8.024132231,17.33950413,205.8743388,205.8743388,134.7193388,139.746,50.038,-901,18.37,-901,41.74393388,16.41719008,-901,0.473,0.558,139.746,50.038,50.038,-901,-901,-901,211.604,-901,2.096727273,3.972099174,1.334280992,8.786578512,8.941487268,0.915,204.2432717,46.95808264,1,41.136,-901,7.710545455,-901,1.235900826,2.078280992,0.356628099
6/30/1965,3.93322314,3.742809917,13.11471074,169.0111653,169.0111653,160.7801653,141.857,49.208,-901,23.122,-901,85.56694215,33.32231405,-901,0.473,0.626,141.857,49.208,49.208,-901,-901,-901,201.516,-901,1.035371901,1.559008264,0.540297521,11.46644628,11.79371857,1.099,166.3485528,17.84528926,3,40.62,-901,1.42214876,-901,0.355834711,0.862809917,0.070809917
7/31/1965,1.875371901,2.188958678,2.471801653,47.90577686,47.90577686,56.16277686,131.629,47.282,-901,24.299,-901,13.32436364,32.68066116,-901,0.647,0.852,131.629,47.282,47.282,-901,-901,-901,188.333,-901,0.274234711,0.521414876,0.201679339,12.10690909,12.81520613,1.221,47.57456919,4.84522314,3.3,37.44,-901,0.73785124,-901,0.031358678,0.38122314,0
8/31/1965,1.918413223,1.647867769,1.186710744,22.43409917,22.43409917,44.14809917,122.274,44.055,-901,12.479,-901,5.287933884,33.50459504,-901,0.635,0.825,122.274,44.055,44.055,-901,-901,-901,176.32,-901,0.224429752,0.335107438,0.102684298,11.08006612,11.29586735,1.228,22.30769934,2.619371901,2.6,34.62,-901,0.621024793,-901,0,0.227504132,0
9/30/1965,1.124628099,1.213884298,0.084495868,9.969867769,9.969867769,54.97586777,94.802,33.875,-901,2.906,-901,19.63041322,31.10876033,-901,0.578,0.519,94.802,33.875,33.875,-901,-901,-901,167.836,-901,0.144,0.193983471,0.061289256,7.21785124,7.303140222,1.122,10.11500048,1.511404959,1.8,32.48,-901,0.398082645,-901,0,0.114247934,0
10/31/1965,1.697057851,1.131371901,0.019061157,8.536446281,8.536446281,55.07444628,62.761,20.236,-901,0.44,-901,17.4378843,31.55543802,-901,0.245,0.328,62.761,20.236,20.236,-901,-901,-901,164.554,-901,0.235497521,0.21397686,0.090386777,2.742347107,3.028760217,1.035,13.18686213,1.795438017,0.9,31.38,-901,0.403358678,-901,0,0.134042975,0
11/30/1965,3.06446281,3.61785124,1.297190083,28.87609917,28.87609917,56.14809917,45.473,9.409,-901,0.151,-901,10.47272727,31.0968595,-901,0.113,0.175,45.473,9.409,9.409,-901,-901,-901,170.1,-901,2.064793388,3.308429752,1.124628099,2.290909091,2.254214792,0.844,34.09768081,9.330247934,0.4,31.82,-901,0.528991736,-901,0.54446281,0.910413223,0.302876033
12/31/1965,3.246545455,3.148165289,1.12522314,21.72605785,21.72605785,45.59305785,26.445,3.717,-901,0,-901,3.326479339,30.12277686,-901,0.039,0.088,26.445,3.717,3.717,-901,-901,-901,182.744,-901,3.289586777,6.542280992,1.617123967,2.711603306,2.193718926,0.877,25.08626061,19.35629752,0.4,-901,-901,0.597044628,-901,2.766942149,1.48185124,3.572429752
1/31/1966,2.957553719,3.375669421,0.768595041,22.84959504,22.84959504,40.20059504,8.762,3.058,-901,0,-901,0.390446281,27.17752066,-901,0.022,0.065,8.762,3.058,3.058,-901,-901,-901,186.233,-901,3.234247934,4.531636364,1.807735537,12.40819835,11.03801612,0.904,27.02967018,22.79345455,0.2,34.15,-901,0.848528926,-901,3.111272727,2.05368595,3.203504132
2/28/1966,2.949024793,3.387768595,0.660892562,21.48485124,21.48485124,22.62585124,5.758,4.059,-901,0,-901,0.339332231,9.402446281,-901,0.025,0.045,5.758,4.059,4.059,-901,-901,-901,200.277,-901,3.765421488,6.297917355,2.18261157,2.982347107,1.660165227,0.792,26.91811576,24.44191736,0.1,35.92,-901,0.933024793,-901,3.937586777,1.932694215,2.432528926
3/31/1966,4.543933884,5.269487603,4.131966942,71.07160331,71.07160331,41.39960331,17.765,13.12,-901,7.562,-901,0.389831405,17.13044628,-901,0.079,0.085,17.765,13.12,13.12,-901,-901,-901,203.813,-901,1.395768595,3.111272727,0.830082645,2.926809917,2.505123873,0.878,72.21461598,30.07973554,0.1,41.32,-901,1.623272727,-901,1.229752066,1.069884298,0.621024793
4/30/1966,5.617190083,4.992396694,11.96628099,139.4711157,139.4711157,50.6261157,78.809,34.43,-901,12.457,-901,0.437950413,21.70115702,-901,0.228,0.269,78.809,34.43,34.43,-901,-901,-901,199.497,-901,0.767603306,1.636363636,0.506975207,6.878677686,6.56528901,1.099,139.0121059,38.6538843,0.7,41.18,-901,7.211900826,-901,0.612892562,0.624793388,0.252892562
5/31/1966,2.065983471,2.158214876,9.653553719,128.3687273,128.3687273,45.24872727,138.887,47.603,-901,20.079,-901,20.93652893,11.60271074,-901,0.434,0.558,138.887,47.603,47.603,-901,-901,-901,189.882,-901,0.274234711,0.682512397,0.235497521,9.223140496,9.320330229,1.255,129.9590709,11.33831405,2.6,40.04,-901,0.873123967,-901,0.206598347,0.325884298,0.022197025
6/30/1966,0.88661157,1.267438017,0.684297521,15.73721488,15.73721488,26.13421488,126.183,47.282,-901,20.429,-901,0.862809917,26.05090909,-901,0.466,0.606,126.183,47.282,47.282,-901,-901,-901,177.266,-901,0.05313719,0.174347107,0.069024793,10.76429752,11.02611529,1.206,21.75004893,3.106115702,3.4,36.84,-901,0.335008264,-901,0.015471074,0.096396694,0
7/31/1966,0.441480992,0.719404959,0.032158017,3.73185124,3.73185124,31.98585124,107.995,44.083,-901,10.736,-901,0.719404959,31.2787438,-901,0.632,0.792,107.995,44.083,44.083,-901,-901,-901,163.177,-901,0,0.02361124,0.006948099,11.65804959,12.32925574,1.402,4.9961408,3.228099174,5.2,31.46,-901,0.309897521,-901,0,0,0
8/31/1966,0.330803306,0.483292562,0.004734545,1.523140496,1.523140496,32.2871405,88.807,36.03,-901,4.568,-901,0.627173554,31.12502479,-901,0.595,0.747,88.807,36.03,36.03,-901,-901,-901,149.272,-901,0,0,0,11.51047934,12.57917308,1.303,1.483056064,2.803834711,5.1,26.23,-901,0.177084298,-901,0,0,0
9/30/1966,0.708099174,0.446280992,0.001190083,3.135834711,3.135834711,35.05983471,64.4,27.245,-901,3.786,-901,0.561123967,32.63801653,-901,0.385,0.482,64.4,27.245,27.245,-901,-901,-901,142.244,-901,0,0,0.00101157,5.42677686,6.174545223,1.183,1.9575361,1.011570248,2.1,23.83,-901,0.141024793,-901,0,0,0
10/31/1966,0.830082645,0.496204959,0.002766942,2.445801653,2.445801653,32.23180165,41.815,18.721,-901,3.453,-901,0.59212562,29.35418182,-901,0.225,0.28,41.815,18.721,18.721,-901,-901,-901,137.953,-901,0.277923967,0,-901,-901,3.076363521,1.151,1.628093423,0.51157686,1.7,21.87,-901,0.167246281,-901,0,0,-901
11/30/1966,1.100826446,1.707768595,1.231735537,17.92808264,17.92808264,39.35008264,25.175,13.121,-901,3.109,-901,0.344528926,32.0846281,-901,0.118,0.14,25.175,13.121,13.121,-901,-901,-901,139.026,-901,0.88661157,0.755702479,-901,-901,1.463801598,0.904,18.68602949,4.105785124,0.6,22.16,-901,0.340958678,-901,0.100561983,0.20707438,-901
12/31/1966,6.161057851,8.534479339,3.35107438,72.45269421,72.45269421,70.95669421,17.405,14.915,-901,9.62,-901,5.232595041,32.24409917,-901,0.068,0.07,17.405,14.915,14.915,-901,-901,-901,165.44,-901,6.622214876,11.20919008,-901,-901,1.346776809,0.823,74.0849856,36.11781818,0.1,27.06,-901,1.11907438,-901,3.117421488,2.164363636,-901
1/31/1967,5.58922314,8.571371901,1.617123967,50.89046281,50.89046281,67.14446281,6.549,8.774,-901,9.372,-901,6.745190083,31.89361983,-901,0.058,0.054,6.549,8.774,8.774,-901,-901,-901,175.384,-901,10.39140496,19.98347107,-901,-901,48.19437836,0.879,66.10740246,77.59735537,0.2,34.02,-901,1.740099174,-901,13.98842975,6.204099174,-901
2/28/1967,6.264595041,7.66968595,2.338115702,56.09916529,56.09916529,53.93216529,16.331,7.004,-901,2.609,-901,5.903603306,16.43345455,-901,0.04,0.052,16.331,7.004,7.004,-901,-901,-901,181.235,-901,3.770975207,7.242049587,-901,-901,10.86545414,0.826,56.79356968,46.41798347,0.2,40.84,-901,0.799735537,-901,3.943140496,2.526942149,-901
3/31/1967,13.49038017,15.85765289,6.960396694,120.3282727,120.3282727,95.36727273,39.351,8.193,-901,2.203,-901,1.248198347,29.25580165,-901,0.072,0.128,39.351,8.193,8.193,-901,-901,-901,184.117,-901,9.247735537,17.4071405,-901,-901,44.22208099,0.958,124.0563186,102.9917355,0.2,41.22,-901,15.53791736,-901,8.393057851,6.622214876,-901
4/30/1967,14.75702479,16.67305785,2.475371901,102.7100413,102.7100413,108.5950413,33.693,5.677,-901,3.32,-901,12.50181818,26.49123967,-901,0.109,0.235,33.693,5.677,5.677,-901,-901,-901,219.029,-901,24.44429752,32.72727273,-901,-901,71.62769979,0.828,120.5893132,128.0528926,0.2,41.1,-901,13.5907438,-901,21.11206612,11.96033058,-901
5/31/1967,22.27695868,25.51120661,19.17798347,294.8743967,294.8743967,161.7123967,127.374,31.339,-901,15.387,-901,18.2741157,27.50340496,-901,0.297,0.492,127.374,31.339,31.339,-901,-901,-901,237.367,-901,4.420958678,12.12535537,-901,-901,5.240330382,0.963,305.6417162,130.8456198,0.6,41.39,-901,27.79854545,-901,3.068231405,4.205752066,-901
6/30/1967,8.878016529,9.002975207,23.95041322,292.4638182,292.4638182,249.3818182,140.416,50.17,-901,24.474,-901,148.2247934,30.28760331,-901,0.432,0.61,140.416,50.17,50.17,-901,-901,-901,234.028,-901,1.654214876,3.564297521,-901,-901,8.584462488,1.08,305.9199561,54.99966942,1.7,41.17,-901,9.252892562,-901,0.880661157,1.499504132,-901
7/31/1967,3.480198347,3.049785124,7.710545455,124.6782893,124.6782893,127.5252893,138.029,45.306,-901,26.01,-901,68.18975207,32.07808264,-901,0.642,0.861,138.029,45.306,45.306,-901,-901,-901,221.493,-901,0.528793388,1.020694215,-901,-901,11.32958635,1.365,127.146573,13.92079339,3.3,38.04,-901,2.133619835,-901,0.104528926,0.428568595,-901
8/31/1967,1.709355372,1.703206612,0.11313719,11.72500826,11.72500826,39.14300826,122.726,40.066,-901,16.304,-901,4.45785124,31.95510744,-901,0.613,0.838,122.726,40.066,40.066,-901,-901,-901,206.967,-901,0.125434711,0.303133884,-901,-901,12.98578464,1.38,19.63036023,3.498644628,3.4,34.14,-901,0.621024793,-901,0.000983802,0.129738843,-901
9/30/1967,1.166280992,1.332892562,0.025170248,2.647041322,2.647041322,37.31504132,106.455,32.354,-901,3.429,-901,6.676363636,30.68628099,-901,0.41,0.57,106.455,32.354,32.354,-901,-901,-901,197.108,-901,0.243371901,0.236231405,-901,-901,8.004892262,1.21,10.69199243,2.14214876,2.9,31.62,-901,0.357024793,-901,0,0.095206612,-901
10/31/1967,1.235900826,1.635570248,0.062717355,4.605239669,4.605239669,38.49123967,86.768,19.156,-901,0.684,-901,6.585322314,30.57163636,-901,0.239,0.357,86.768,19.156,19.156,-901,-901,-901,196.238,-901,0.451933884,0.33633719,-901,-901,0.750743774,1.148,12.92392098,2.908363636,1.3,30.23,-901,0.483907438,-901,0,0.207213223,0
11/30/1967,0.892561983,1.463801653,0.053613223,4.630603306,4.630603306,38.92760331,60.412,10.073,-901,0.515,-901,5.795702479,31.82280992,-901,0.112,0.2,60.412,10.073,10.073,-901,-901,-901,195.466,-901,0.684297521,0.380826446,-901,-901,2.088594963,0.999,8.763308304,3.498842975,0.9,29.68,-901,0.26122314,-901,0.395107438,0.428429752,0
12/31/1967,1.340429752,2.084429752,0.468535537,9.555157025,9.555157025,39.14915702,35.582,3.756,-901,0.85,-901,3.031338843,32.2871405,-901,0.042,0.1,35.582,3.756,3.756,-901,-901,-901,197.108,-901,1.426512397,1.229752066,-901,-901,1.60661151,1.076,11.70331453,7.796628099,1,29.66,-901,0.375689256,-901,1.094479339,0.971504132,0.326499174
1/31/1968,1.801586777,2.459504132,0.885421488,15.40743802,15.40743802,38.25143802,10.62,5.053,-901,0.59,-901,0.343100826,31.67226446,-901,0.028,0.072,10.62,5.053,5.053,-901,-901,-901,203.594,-901,1.733950413,2.619371901,-901,-901,1.66611564,0.981,22.52370329,17.24727273,0.5,30.7,-901,0.488826446,-901,3.142016529,1.352727273,1.899966942
2/29/1968,4.739702479,6.137454545,5.349421488,68.54719008,68.54719008,45.07319008,20.441,11.489,-901,6.756,-901,0.400343802,20.66142149,-901,0.046,0.061,20.441,11.489,11.489,-901,-901,-901,202.772,-901,4.728198347,8.208198347,-901,-901,1.529256141,0.944,74.59449723,48.26558678,0.3,37.3,-901,1.627834711,-901,5.383933884,3.456991736,3.393719008
3/31/1968,5.361719008,5.613818182,3.886016529,59.35514876,59.35514876,44.64614876,31.277,14.023,-901,6.756,-901,0.399054545,22.12323967,-901,0.1,0.122,31.277,14.023,14.023,-901,-901,-901,200.809,-901,3.148165289,5.226446281,-901,-901,17.06181754,1.117,65.33157223,40.70479339,0.3,41.22,-901,2.871471074,-901,4.175008264,2.514842975,1.949157025
4/30/1968,3.897520661,4.296198347,7.789090909,87.37954545,87.37954545,36.65454545,64.057,29.869,-901,7.226,-901,0.341553719,19.01157025,-901,0.215,0.267,64.057,29.869,29.869,-901,-901,-901,199.246,-901,1.065123967,1.630413223,-901,-901,4.85950395,1.147,89.0675654,27.38380165,0.6,41.08,-901,4.468760331,-901,1.035371901,1.059173554,0.360595041
5/31/1968,1.875371901,2.232,7.99338843,114.7492397,114.7492397,28.81923967,125.361,42.957,-901,16.557,-901,6.597619835,14.2282314,-901,0.408,0.526,125.361,42.957,42.957,-901,-901,-901,190.046,-901,0.581672727,0.657917355,-901,-901,9.633718647,1.273,117.2399289,11.87940496,2.8,40.76,-901,0.384912397,-901,0.40458843,0.569990083,0.115596694
6/30/1968,0.767603306,1.124628099,1.100826446,35.61854545,35.61854545,36.65454545,124.905,44.61,-901,11.963,-901,0.963966942,32.41785124,-901,0.449,0.592,124.905,44.61,44.61,-901,-901,-901,178.252,-901,0.167206612,0.204694215,-901,-901,10.50247895,1.32,37.8742228,3.915371901,3.3,37.45,-901,0.233256198,-901,0.060099174,0.177322314,0
7/31/1968,0.506657851,0.589666116,0.035539835,4.261768595,4.261768595,29.6677686,109.459,41.4,-901,2.35,-901,0.897719008,28.6901157,-901,0.615,0.792,109.459,41.4,41.4,-901,-901,-901,164.321,-901,0,0.017155041,-901,-901,11.86909046,1.456,5.880252236,3.221950413,5.9,31.46,-901,0.903867769,-901,0,0.008116364,0
8/31/1968,0.341256198,0.536786777,0.021459174,3.572280992,3.572280992,30.35028099,90.469,33.081,-901,0.262,-901,0.731702479,28.58558678,-901,0.578,0.75,90.469,33.081,33.081,-901,-901,-901,151.177,-901,0,0,-901,-901,11.40892519,1.291,3.710626415,2.318082645,3.9,26.89,-901,0.566915702,-901,0,0,0
9/30/1968,0.312396694,0.446280992,0.013031405,2.284066116,2.284066116,31.19206612,68.81,24.036,-901,0,-901,0.595041322,29.15702479,-901,0.37,0.49,68.81,24.036,24.036,-901,-901,-901,142.816,-901,0,0,-901,-901,6.680330328,1.198,2.815123004,0.573024793,2.3,24.77,-901,0.157090909,-901,0,0,0
10/31/1968,0.467920661,0.676363636,0.033572231,5.488289256,5.488289256,31.54928926,52.987,11.943,-901,0.144,-901,0.592740496,29.24965289,-901,0.202,0.299,52.987,11.943,11.943,-901,-901,-901,139.834,-901,0.029329587,0.127279339,-901,-901,2.158016448,1.21,5.489482187,0.897719008,1.4,23.26,-901,0.260707438,-901,0,0.048206281,0
11/30/1968,1.416198347,1.660165289,2.981157025,35.0155124,35.0155124,39.0585124,49.777,4.392,-901,5.594,-901,0.332033058,30.30545455,-901,0.08,0.17,49.777,4.392,4.392,-901,-901,-901,141.456,-901,0.958016529,0.630743802,-901,-901,1.108760289,1.018,36.18141629,5.474380165,0.6,23.74,-901,0.383801653,-901,0.292165289,0.452826446,0.237421488
12/31/1968,2.102876033,3.068231405,1.229752066,22.53556198,22.53556198,43.58856198,33.939,3.68,-901,0,-901,0.313586777,33.08033058,-901,0.025,0.092,33.939,3.68,3.68,-901,-901,-901,155.628,-901,4.254942149,5.939702479,-901,-901,1.20991731,0.974,25.47107326,14.88,0.3,25.44,-901,0.670214876,-901,2.213553719,1.684760331,2.133619835
1/31/1969,27.48495868,40.66790083,4.894413223,191.9919587,191.9919587,161.4049587,44.571,15.883,-901,6.756,-901,2.361123967,28.5671405,-901,0.054,0.091,44.571,15.883,15.883,-901,-901,-901,161.862,-901,27.60178512,60.09798347,-901,-901,147.1794986,0.851,204.149301,217.6046281,0.3,41.27,-901,17.41943802,-901,26.53190083,13.98842975,21.10254545
2/28/1969,13.42333884,18.91596694,1.593917355,88.32533884,88.32533884,102.7993388,34.185,10.862,-901,6.756,-901,10.99080992,27.3187438,-901,0.066,0.092,34.185,10.862,10.862,-901,-901,-901,184.428,-901,20.67094215,34.54968595,-901,-901,84.29156709,0.775,110.1585978,125.9583471,0.2,41.18,-901,14.53408264,-901,21.92052893,11.94604959,11.6572562
3/31/1969,11.54122314,15.13209917,2.939107438,87.16504959,87.16504959,96.47404959,30.473,7.872,-901,2.979,-901,7.931900826,31.72145455,-901,0.086,0.138,30.473,7.872,7.872,-901,-901,-901,168.226,-901,10.79107438,18.45857851,-901,-901,66.57123717,0.946,98.53801281,85.03735537,0.2,41.48,-901,12.91239669,-901,8.639008264,6.978842975,4.802181818
4/30/1969,22.16528926,25.31305785,10.89520661,205.1192727,205.1192727,147.9272727,68.81,21.492,-901,6.756,-901,17.48826446,29.32958678,-901,0.177,0.271,68.81,21.492,21.492,-901,-901,-901,198.921,-901,5.640991736,14.99504132,-901,-901,1.943008192,1.01,218.0991199,116.985124,0.3,41.12,-901,24.27173554,-901,5.533884298,4.343801653,2.582479339
5/31/1969,14.29586777,15.43953719,31.28489256,385.1572231,385.1572231,281.6132231,131.444,49.878,-901,17.122,-901,138.101157,18.6922314,-901,0.404,0.538,131.444,49.878,49.878,-901,-901,-901,198.661,-901,2.078280992,5.134214876,-901,-901,7.925950116,1.216,390.7427332,79.9953719,1.9,41.28,-901,15.41494215,-901,1.180561983,1.592528926,0.466690909
6/30/1969,4.962644628,4.540165289,16.94677686,239.3052231,239.3052231,219.2132231,141.665,49.659,-901,24.741,-901,117.7586777,32.72727273,-901,0.474,0.615,141.665,49.659,49.659,-901,-901,-901,190.901,-901,1.231735537,1.707768595,-901,-901,9.887602935,1.382,237.2589689,23.42082645,3.4,40.65,-901,1.939834711,-901,0.396892562,0.815206612,0.074380165
7/31/1969,3.055933884,2.318082645,2.447206612,64.22933058,64.22933058,70.28033058,136.607,44.263,-901,26.01,-901,23.75266116,33.7751405,-901,0.64,0.861,136.607,44.263,44.263,-901,-901,-901,179.172,-901,0.435332231,0.676363636,-901,-901,10.86347067,1.633,66.16658951,5.921256198,4.1,36.71,-901,0.989950413,-901,0.067636364,0.29452562,0
8/31/1969,2.508694215,1.260495868,0.040212893,9.914487603,9.914487603,48.4214876,115.577,37.78,-901,11.988,-901,9.223140496,33.72595041,-901,0.603,0.826,115.577,37.78,37.78,-901,-901,-901,166.534,-901,0.126664463,0.21705124,-901,-901,10.81190042,1.599,14.9698782,2.133619835,4,32.72,-901,0.470380165,-901,0,0.06825124,0
9/30/1969,1.850578512,1.041322314,0.014876033,4.766595041,4.766595041,45.28859504,95.208,24.195,-901,3.031,-901,11.06181818,32.38214876,-901,0.383,0.55,95.208,24.195,24.195,-901,-901,-901,158.932,-901,0.132694215,0.243966942,-901,-901,6.721983219,1.456,10.4122881,1.600661157,2.6,29.86,-901,0.34631405,-901,0.002558678,0.058730579,0
10/31/1969,1.875371901,1.49414876,0.657917355,12.19222314,12.19222314,47.25322314,72.902,12.135,-901,0.568,-901,7.698247934,33.38161983,-901,0.2,0.337,72.902,12.135,12.135,-901,-901,-901,156.515,-901,0.566915702,0.560766942,-901,-901,2.890710635,1.231,17.08588779,3.283438017,1.4,28.4,-901,0.547239669,-901,0.104528926,0.218280992,0
11/30/1969,1.701818182,1.648264463,0.696198347,12.17738017,12.17738017,38.59438017,52.373,5.425,-901,0,-901,0.355834711,32.67966942,-901,0.081,0.188,52.373,5.425,5.425,-901,-901,-901,159.192,-901,1.005619835,1.166280992,-901,-901,0.397884283,1.121,15.0103657,4.468760331,0.5,28.92,-901,0.283239669,-901,0.332628099,0.473057851,0.06307438
12/31/1969,2.957553719,4.027438017,4.919008264,64.12005785,64.12005785,53.77705785,47.367,12.801,-901,6.756,-901,0.423034711,31.37097521,-901,0.05,0.101,47.367,12.801,12.801,-901,-901,-901,171.756,-901,4.187305785,5.257190083,-901,-901,1.192859459,1.066,69.06468308,27.03609917,0.2,32.42,-901,0.854677686,-901,2.41031405,2.42261157,3.055933884
1/31/1970,24.02320661,28.40727273,13.46578512,238.0939587,238.0939587,161.4049587,99.06,36.754,-901,6.756,-901,2.305785124,26.7532562,-901,0.09,0.122,99.06,36.754,36.754,-901,-901,-901,159.336,-901,18.05890909,34.74049587,-901,-901,106.3795001,0.831,253.3289596,202.9705785,0.4,41.34,-901,28.01990083,-901,15.00297521,12.25447934,15.25507438
2/28/1970,8.985917355,10.09110744,3.093421488,81.18500826,81.18500826,83.63900826,94.317,37.844,-901,6.756,-901,10.66869421,27.82413223,-901,0.109,0.138,94.317,37.844,37.844,-901,-901,-901,172.328,-901,6.114644628,9.607933884,-901,-901,10.93090868,0.952,88.48293203,65.31173554,0.3,41.16,-901,10.32991736,-901,4.615140496,4.015338843,2.52138843
3/31/1970,9.204694215,11.52892562,4.476297521,82.41809091,82.41809091,98.74909091,82.825,35.302,-901,2.8,-901,19.07345455,32.29328926,-901,0.176,0.216,82.825,35.302,35.302,-901,-901,-901,172.057,-901,7.292429752,14.89229752,-901,-901,42.34908932,1.267,90.01811135,77.35140496,0.5,41.13,-901,10.1208595,-901,8.411504132,6.111867769,2.853024793
4/30/1970,5.301818182,5.367272727,5.468429752,78.73512397,78.73512397,66.58512397,89.123,35.427,-901,6.756,-901,6.950082645,32.23933884,-901,0.275,0.34,89.123,35.427,35.427,-901,-901,-901,173.837,-901,2.463471074,3.445289256,-901,-901,6.065454318,1.156,78.33486001,26.97917355,0.8,41.15,-901,3.796363636,-901,1.374545455,1.761322314,0.417123967
5/31/1970,4.353322314,3.824528926,15.99907438,193.2944298,193.2944298,114.4284298,140.321,49.078,-901,18.429,-901,49.98942149,22.54135537,-901,0.442,0.57,140.321,49.078,49.078,-901,-901,-901,169.179,-901,1.321983471,1.647867769,-901,-901,7.749421197,1.332,192.1149857,23.18082645,2.7,41.03,-901,2.145917355,-901,0.538016529,0.989950413,0.098995041
6/30/1970,2.249256198,2.290909091,8.033057851,125.4827603,125.4827603,118.9487603,141.281,47.425,-901,23.209,-901,56.78479339,32.67966942,-901,0.47,0.622,141.281,47.425,47.425,-901,-901,-901,160.147,-901,0.803305785,0.952066116,-901,-901,10.0680988,1.355,116.788269,8.604297521,2.9,39.5,-901,0.362975207,-901,0.151140496,0.547438017,0
7/31/1970,2.102876033,1.272793388,0.396595041,20.73380165,20.73380165,44.13580165,124.814,41.534,-901,19.107,-901,3.787636364,33.11107438,-901,0.625,0.844,124.814,41.534,41.534,-901,-901,-901,147.658,-901,0.200449587,0.256403306,-901,-901,11.72429708,1.589,21.19542568,3.879867769,4.2,34.62,-901,0.574909091,-901,0.003566281,0.200449587,0
8/31/1970,0.965355372,0.805487603,0.025640331,3.79522314,3.79522314,33.86122314,105.519,36.373,-901,10.462,-901,0.611801653,32.42856198,-901,0.589,0.795,105.519,36.373,36.373,-901,-901,-901,134.149,-901,0.035847273,0.066406612,-901,-901,12.1130574,1.651,5.870529549,3.197355372,4,29,-901,0.576138843,-901,0,0.035109421,0
9/30/1970,0.595041322,0.630743802,0.007616529,0.985165289,0.985165289,32.62016529,89.993,27.413,-901,0.804,-901,0.594446281,31.1861157,-901,0.388,0.532,89.993,27.413,27.413,-901,-901,-901,125.368,-901,0.058076033,0.047424793,-901,-901,7.870412928,1.589,2.258525454,2.338512397,3.3,24.42,-901,0.696198347,-901,0,0.030347107,0
10/31/1970,0.612416529,0.768595041,0.012850909,3.931504132,3.931504132,35.19550413,65.993,18.625,-901,0.346,-901,0.608727273,33.16026446,-901,0.226,0.326,65.993,18.625,18.625,-901,-901,-901,122.703,-901,0.221970248,0.142036364,-901,-901,2.326016442,1.43,4.554819606,1.592528926,2,22.21,-901,0.33018843,-901,-901,0.094076033,0
11/30/1970,1.505454545,2.606280992,2.671735537,31.02571074,31.02571074,51.27471074,49.836,12.564,-901,0.813,-901,7.806942149,32.72132231,-901,0.116,0.18,49.836,12.564,12.564,-901,-901,-901,134.334,-901,2.49322314,4.308099174,-901,-901,0.133289251,1.206,36.25264512,17.07173554,0.6,23.28,-901,0.496264463,-901,-901,0.969917355,3.498842975
12/31/1970,4.771438017,7.267834711,2.022942149,51.69473554,51.69473554,73.23173554,29.491,10.609,-901,0.17,-901,9.592066116,33.46770248,-901,0.059,0.091,29.491,10.609,10.609,-901,-901,-901,158.528,-901,9.549024793,17.57315702,-901,-901,25.67523871,1.256,61.76569204,66.83702479,0.5,27.56,-901,1.629421488,-901,-901,5.361719008,10.20079339
1/31/1971,5.02353719,6.493090909,4.814479339,60.63861983,60.63861983,63.88561983,23.097,7.636,-901,4.846,-901,3.879867769,30.63312397,-901,0.05,0.077,23.097,7.636,7.636,-901,-901,-901,160.96,-901,4.666909091,8.74968595,-901,-901,20.52495791,1.317,60.60082342,40.73553719,0.5,31.76,-901,1.444958678,-901,-901,3.461752066,3.510942149
2/28/1971,4.765090909,5.176066116,2.704661157,52.55238843,52.55238843,60.31338843,15.122,9.439,-901,1.968,-901,6.44231405,28.01295868,-901,0.05,0.068,15.122,9.439,9.439,-901,-901,-901,166.474,-901,1.488396694,3.632132231,-901,-901,1.640330517,1.171,53.06895769,26.75781818,0.5,36.84,-901,0.555371901,-901,-901,1.194049587,0.683107438
3/31/1971,9.173950413,9.838016529,3.400264463,71.7916281,71.7916281,76.2446281,14.288,6.079,-901,0.28,-901,4.45785124,30.87292562,-901,0.075,0.095,14.288,6.079,6.079,-901,-901,-901,182.813,-901,4.402512397,6.363966942,-901,-901,2.10247926,1.259,80.13471346,57.77375207,0.6,41.26,-901,7.519933884,-901,-901,2.674710744,2.428760331
4/30/1971,8.336528926,8.747107438,7.116694215,110.091,110.091,72,35.886,14.487,-901,6.756,-901,3.070413223,28.90115702,-901,0.138,0.198,35.886,14.487,14.487,-901,-901,-901,186.207,-901,1.79107438,3.427438017,-901,-901,4.091900673,1.273,112.4048787,54.22016529,0.6,41.24,-901,10.12760331,-901,-901,1.553057851,0.654545455
5/31/1971,5.853619835,5.607669421,14.4926281,172.0328099,172.0328099,65.42280992,108.425,41.925,-901,11.296,-901,14.67094215,18.34175207,-901,0.364,0.47,108.425,41.925,41.925,-901,-901,-901,181.451,-901,1.149818182,1.690909091,-901,-901,7.868429457,1.259,175.5863381,42.24198347,1.2,41.24,-901,7.05877686,-901,-901,0.92846281,0.236112397
6/30/1971,2.67768595,2.49322314,13.52528926,184.5203636,184.5203636,127.6363636,141.858,49.768,-901,24.386,-901,63.19338843,32.69157025,-901,0.458,0.591,141.858,49.768,49.768,-901,-901,-901,171.936,-901,0.642644628,0.731900826,-901,-901,10.44694176,1.469,187.1479447,17.35735537,2.9,40.54,-901,1.326942149,-901,-901,0.451041322,0.019219835
7/31/1971,1.334280992,1.321983471,1.321983471,32.36101653,32.36101653,58.19801653,125.361,41.804,-901,19.823,-901,20.51226446,32.81593388,-901,0.63,0.845,125.361,41.804,41.804,-901,-901,-901,158.787,-901,0.161097521,0.209057851,-901,-901,12.70214828,1.712,38.08417177,4.998942149,3.9,36.61,-901,0.92231405,-901,-901,0.168476033,0
8/31/1971,0.651768595,0.823933884,0.043717686,6.123512397,6.123512397,52.7625124,94.802,30.659,-901,11.775,-901,17.99127273,32.23795041,-901,0.57,0.78,94.802,30.659,30.659,-901,-901,-901,145.556,-901,0.001168264,0.073170248,-901,-901,11.84132187,1.763,6.485549899,1.500297521,4.3,32.08,-901,0.363391736,-901,-901,0.002766942,0
9/30/1971,0.773553719,0.648595041,0.012079339,3.32407438,3.32407438,39.95107438,74.581,22.029,-901,1.612,-901,9.36,28.38347107,-901,0.355,0.502,74.581,22.029,22.029,-901,-901,-901,135.951,-901,0,0.007854545,-901,-901,8.681652567,1.53,3.924604725,0.981818182,3.5,28.43,-901,0.25646281,-901,-901,0,0
10/31/1971,0.664066116,0.873123967,0.019737521,6.187942149,6.187942149,42.94294215,44.012,14.317,-901,1.233,-901,6.038082645,32.7052562,-901,0.2,0.293,44.012,14.317,14.317,-901,-901,-901,134.784,-901,0.081163636,0.150029752,-901,-901,0.390347093,1.412,8.074381638,1.789289256,1.6,26.73,-901,0.348634711,-901,-901,0.08362314,0
11/30/1971,0.743801653,1.332892562,0.648595041,12.40502479,12.40502479,32.03702479,25.785,9.469,-901,3.22,-901,1.005619835,26.80066116,-901,0.1,0.142,25.785,9.469,9.469,-901,-901,-901,135.553,-901,0.56707438,0.568264463,-901,-901,0.962776823,1.214,13.88913214,3.665454545,0.8,26.8,-901,0.334413223,-901,-901,0.499239669,0
12/31/1971,2.920661157,4.623867769,1.629421488,27.82590909,27.82590909,40.37890909,17.949,4.141,-901,2.63,-901,0.418730579,23.82644628,-901,0.04,0.07,17.949,4.141,4.141,-901,-901,-901,159.886,-901,5.564628099,8.436099174,-901,-901,0.225719,1.091,33.75503282,22.83649587,0.5,28.75,-901,1.032991736,-901,-901,2.816132231,2.939107438
1/31/1972,2.373421488,2.354975207,0.854677686,22.05313223,22.05313223,35.55213223,3.61,4.669,-901,1.69,-901,0.386142149,23.99861157,-901,0.029,0.052,3.61,4.669,4.669,-901,-901,-901,163.206,-901,1.266644628,2.705454545,-901,-901,3.627768459,1.171,22.09937876,13.392,0.5,30.46,-901,0.639471074,-901,-901,0.977652893,0.621024793
2/29/1972,4.170247934,4.38307438,0.995107438,31.78030579,31.78030579,28.69130579,7.098,4.481,-901,0.29,-901,0.394016529,9.485157025,-901,0.03,0.039,7.098,4.481,4.481,-901,-901,-901,180.063,-901,4.170247934,6.994512397,-901,-901,1.231735491,1.12,34.7456266,28.31742149,0.5,34.43,-901,1.012363636,-901,-901,2.318082645,1.978710744
3/31/1972,5.816727273,5.552330579,8.380760331,104.1291818,104.1291818,56.13818182,35.452,15.798,-901,7.046,-901,0.388601653,24.9393719,-901,0.095,0.116,35.452,15.798,15.798,-901,-901,-901,177.425,-901,1.057586777,1.930710744,-901,-901,6.949288996,1.353,103.1679091,41.96528926,0.7,41.22,-901,2.932958678,-901,-901,0.910016529,0.382452893
4/30/1972,4.456859504,4.165289256,6.771570248,81.18657851,81.18657851,47.93057851,55.671,27.19,-901,7.046,-901,0.430214876,25.22380165,-901,0.218,0.262,55.671,27.19,27.19,-901,-901,-901,172.539,-901,1.077024793,1.701818182,-901,-901,8.874049254,1.165,84.10772544,36.5831405,0.7,40.79,-901,7.634380165,-901,-901,1.136528926,0.427239669
5/31/1972,2.576330579,2.170512397,14.14829752,159.3645207,159.3645207,38.33752066,140.608,49.443,-901,18.552,-901,12.66644628,12.46353719,-901,0.42,0.533,140.608,49.443,49.443,-901,-901,-901,164.527,-901,0.461771901,0.774743802,-901,-901,9.173553375,1.378,163.6420372,20.88119008,2.2,41.03,-901,2.736198347,-901,-901,0.44025124,0.058536198
6/30/1972,0.743801653,1.047272727,3.891570248,69.70336364,69.70336364,70.03636364,137.365,45.93,-901,22.385,-901,27.66347107,32.20958678,-901,0.466,0.62,137.365,45.93,45.93,-901,-901,-901,151.656,-901,0.10353719,0.164826446,-901,-901,12.14082599,1.504,71.21450873,5.474380165,3.8,38.15,-901,0.27431405,-901,-901,0.114842975,0
7/31/1972,0.499894215,0.450089256,0.147570248,9.736950413,9.736950413,36.70195041,117.526,43.841,-901,14.236,-901,0.903867769,32.59457851,-901,0.629,0.83,117.526,43.841,43.841,-901,-901,-901,137.124,-901,0,0.008608264,-901,-901,12.41256152,1.653,11.49236124,3.54168595,6.1,31.65,-901,0.780892562,-901,-901,0.000368926,0
8/31/1972,0.237957025,0.317276033,0.017155041,2.212768595,2.212768595,32.6437686,97.905,35.62,-901,8.763,-901,0.725553719,31.42631405,-901,0.594,0.774,97.905,35.62,35.62,-901,-901,-901,123.436,-901,0,0,-901,-901,11.92661112,1.516,4.153664815,3.191206612,5.3,25.04,-901,1.457256198,-901,-901,0,0
9/30/1972,0.287404959,0.379041322,0.01338843,2.941256198,2.941256198,32.4892562,81.148,26.305,-901,3.032,-901,0.595041322,30.43636364,-901,0.382,0.513,81.148,26.305,26.305,-901,-901,-901,115.091,-901,0,0,-901,-901,7.588760046,1.36,2.681546545,0.934214876,2.7,22.2,-901,0.272528926,-901,-901,0,0
10/31/1972,0.462386777,0.611801653,0.087312397,6.914049587,6.914049587,36.21004959,62.021,15.223,-901,2.144,-901,0.694809917,32.11497521,-901,0.213,0.315,62.021,15.223,15.223,-901,-901,-901,112.044,-901,0.022012562,0.009407603,-901,-901,2.330578425,1.273,5.19361186,1.85692562,1.1,21.02,-901,0.392905785,-901,-901,0.023980165,0
11/30/1972,0.946115702,1.374545455,0.785454545,13.48547107,13.48547107,38.46347107,43.292,9.107,-901,0.5,-901,0.343338843,31.69190083,-901,0.1,0.172,43.292,9.107,9.107,-901,-901,-901,113.78,-901,0.595041322,0.49031405,-901,-901,1.099239628,1.239,14.19987262,6.563305785,0.8,21.27,-901,0.324892562,-901,-901,0.509950413,1.023471074
12/31/1972,1.979900826,2.508694215,4.420958678,41.55980165,41.55980165,44.87980165,36.292,8.564,-901,3.4,-901,0.324654545,31.09428099,-901,0.05,0.092,36.292,8.564,8.564,-901,-901,-901,119.895,-901,1.826181818,2.723900826,-901,-901,0.646611546,1.181,40.49848691,15.83305785,1.3,22.15,-901,0.700958678,-901,-901,1.340429752,1.358876033
1/31/1973,6.831272727,10.69269421,2.490247934,73.19728926,73.19728926,75.44528926,31.466,11.755,-901,1.23,-901,3.000595041,28.03834711,-901,0.053,0.086,31.466,11.755,11.755,-901,-901,-901,174.14,-901,13.02922314,28.24740496,-901,-901,16.65381756,1.418,86.1089102,115.166281,1.4,34.23,-901,3.33877686,-901,-901,7.839669421,17.18578512
2/28/1973,9.363570248,12.4458843,1.377322314,63.98721488,63.98721488,77.97421488,22.275,3.959,-901,2.8,-901,4.476297521,27.20766942,-901,0.048,0.078,22.275,3.959,3.959,-901,-901,-901,164.409,-901,15.25606612,30.87312397,-901,-901,95.9519964,1.304,79.11641239,98.13421488,1.8,37.73,-901,3.048991736,-901,-901,9.780099174,10.31880992
3/31/1973,9.592066116,12.18684298,1.733950413,64.5047686,64.5047686,78.0277686,10.068,3.606,-901,0.253,-901,3.855272727,29.52634711,-901,0.041,0.099,10.068,3.606,3.606,-901,-901,-901,184.709,-901,10.7726281,19.23332231,-901,-901,32.70287481,1.444,76.84056287,85.28330579,1.8,41.1,-901,6.277884298,-901,-901,5.902809917,5.755239669
4/30/1973,10.03239669,12.22809917,9.336198347,128.2547851,128.2547851,76.10578512,40.79,16.658,-901,6.756,-901,1.392396694,26.15206612,-901,0.149,0.2,40.79,16.658,16.658,-901,-901,-901,196.206,-901,3.195371901,7.039338843,-901,-901,3.161652774,1.523,129.4436912,57.26677686,1.3,41.27,-901,9.354049587,-901,-901,2.243305785,1.047272727
5/31/1973,8.774280992,8.042578512,24.41057851,283.7099669,283.7099669,136.5639669,137.46,49.589,-901,21.951,-901,59.83358678,15.03986777,-901,0.393,0.511,137.46,49.589,49.589,-901,-901,-901,189.603,-901,1.180561983,2.090578512,-901,-901,10.06016491,1.446,281.8746835,43.82836364,3.1,41.09,-901,5.970446281,-901,-901,0.93461157,0.228733884
6/30/1973,2.522975207,2.368264463,6.914380165,104.9810083,104.9810083,100.9190083,139.46,47.349,-901,23.544,-901,50.06082645,31.7692562,-901,0.471,0.618,139.46,47.349,47.349,-901,-901,-901,178.711,-901,0.504595041,0.725950413,-901,-901,11.67272684,1.62,110.8272358,9.663471074,4.1,38.69,-901,0.396297521,-901,-901,0.385586777,0.01267438
7/31/1973,0.959206612,0.92846281,0.473454545,11.12906612,11.12906612,45.30406612,116.461,42.95,-901,13.705,-901,9.708892562,33.04958678,-901,0.631,0.83,116.461,42.95,42.95,-901,-901,-901,165.499,-901,0.124819835,0.215821488,-901,-901,14.07471022,1.601,15.91588792,3.443305785,5.1,33.14,-901,0.613646281,-901,-901,0.087312397,0
8/31/1973,0.460542149,0.47591405,0.021889587,2.822884298,2.822884298,33.0618843,98.812,34.065,-901,7.048,-901,0.676363636,31.72145455,-901,0.588,0.773,98.812,34.065,34.065,-901,-901,-901,151.627,-901,0.002275041,0.026747107,-901,-901,13.66809866,1.591,4.934018518,3.080528926,5.6,26.2,-901,1.30353719,-901,-901,0,0
9/30/1973,1.130578512,0.461157025,0.011960331,1.041661157,1.041661157,33.28066116,77.24,26.968,-901,1.118,-901,0.654545455,32.06082645,-901,0.38,0.51,77.24,26.968,26.968,-901,-901,-901,143.772,-901,0.026895868,0.244561983,-901,-901,7.00165263,1.47,0.271553395,1.77322314,3.6,22.4,-901,0.321917355,-901,-901,0,0
10/31/1973,1.328132231,1.039140496,0.160482645,7.06531405,7.06531405,37.37831405,54.164,18.245,-901,0.704,-901,0.657917355,33.06803306,-901,0.223,0.305,54.164,18.245,18.245,-901,-901,-901,143.116,-901,0.363391736,0.272390083,-901,-901,1.438016475,1.372,7.946232058,3.043636364,1.2,21.18,-901,0.51157686,-901,-901,0.155563636,0
11/30/1973,2.564628099,3.861818182,6.087272727,85.20682645,85.20682645,53.66082645,75.684,22.747,-901,4.666,-901,6.789421488,30.34710744,-901,0.133,0.19,75.684,22.747,22.747,-901,-901,-901,150.279,-901,2.243305785,2.683636364,-901,-901,0.776727244,1.239,91.98165319,25.56892562,0.8,25.13,-901,0.684297521,-901,-901,1.636363636,5.861157025
12/31/1973,6.972694215,7.735140496,4.242644628,68.023,68.023,74.4,70.592,21.038,-901,3.316,-901,9.868760331,32.12727273,-901,0.088,0.121,70.592,21.038,21.038,-901,-901,-901,173.384,-901,6.818975207,12.74638017,-901,-901,11.66439626,1.565,77.78879947,66.03768595,0.6,33.06,-901,2.213553719,-901,-901,3.824528926,8.528330579
1/31/1974,10.43444628,12.06386777,5.792132231,105.4274132,105.4274132,89.71041322,77.463,24.677,-901,6.756,-901,6.726743802,31.97970248,-901,0.088,0.122,77.463,24.677,24.677,-901,-901,-901,184.678,-901,6.775933884,15.00912397,-901,-901,26.31669323,1.557,116.8575415,106.9269421,0.5,40.99,-901,10.74803306,-901,-901,5.20185124,8.651305785
2/28/1974,4.609586777,4.626247934,2.177057851,39.75326446,39.75326446,62.36826446,59.682,18.387,-901,6.756,-901,14.05090909,28.64608264,-901,0.087,0.118,59.682,18.387,18.387,-901,-901,-901,192.554,-901,2.210380165,3.521057851,-901,-901,1.122644586,1.251,40.41137198,34.29421488,0.6,41.16,-901,4.915041322,-901,-901,1.90492562,1.56614876
3/31/1974,15.40264463,19.69447934,4.937454545,117.7384711,117.7384711,116.7034711,56.882,20.637,-901,6.756,-901,17.67153719,29.58783471,-901,0.131,0.181,56.882,20.637,20.637,-901,-901,-901,234.969,-901,12.45738843,31.45705785,-901,-901,26.44561884,1.273,126.9873777,130.1692562,0.6,41.3,-901,19.30710744,-901,-901,8.079471074,7.685950413
4/30/1974,14.25123967,16.51834711,7.71768595,136.435876,136.435876,113.414876,68.596,30.216,-901,6.756,-901,16.72066116,29.39504132,-901,0.238,0.3,68.596,30.216,30.216,-901,-901,-901,272.456,-901,7.860495868,16.44099174,-901,-901,2.554710648,1.19,146.060857,103.5966942,0.7,41.05,-901,17.81553719,-901,-901,6.509752066,3.707107438
5/31/1974,6.308628099,5.552330579,21.26856198,246.3539339,246.3539339,139.2079339,137.84,49.735,-901,22.991,-901,63.3322314,18.65533884,-901,0.43,0.545,137.84,49.735,49.735,-901,-901,-901,267.963,-901,1.586380165,2.625520661,-901,-901,9.290578164,1.173,253.3172708,48.71047934,2,41.12,-901,7.470743802,-901,-901,1.690909091,0.311127273
6/30/1974,2.350413223,2.219504132,10.79404959,146.0071983,146.0071983,139.6561983,141.184,48.067,-901,25.447,-901,78.48595041,31.96561983,-901,0.472,0.62,141.184,48.067,48.067,-901,-901,-901,255.798,-901,0.660495868,0.868760331,-901,-901,12.84694167,1.127,152.52187,13.51933884,3.8,39.47,-901,0.755702479,-901,-901,0.642644628,0.04837686
7/31/1974,2.084429752,1.647867769,2.04753719,37.92212397,37.92212397,61.13712397,127.558,41.597,-901,19.766,-901,19.74366942,32.99424793,-901,0.628,0.848,127.558,41.597,41.597,-901,-901,-901,244.015,-901,0.502353719,0.621024793,-901,-901,12.63669374,1.086,40.04509779,8.294677686,3.8,35.86,-901,1.586380165,-901,-901,0.555233058,0.117441322
8/31/1974,1.512595041,0.780892562,0.182618182,4.175231405,4.175231405,55.1482314,94.474,30.333,-901,10.485,-901,17.22882645,33.22790083,-901,0.569,0.791,94.474,30.333,30.333,-901,-901,-901,228.823,-901,0.089771901,0.121745455,-901,-901,13.43206561,1.296,3.168504319,3.16046281,4,31.26,-901,1.242049587,-901,-901,0.11928595,0
9/30/1974,0.642644628,0.304066116,0.010829752,8.154123967,8.154123967,43.54512397,77.165,16.566,-901,4.249,-901,9.389752066,32.0846281,-901,0.335,0.51,77.165,16.566,16.566,-901,-901,-901,218.615,-901,0.032310744,0.053196694,-901,-901,8.921652558,1.076,7.101397121,1.600661157,3.4,27.48,-901,0.492099174,-901,-901,0.045996694,0
10/31/1974,0.664066116,0.75014876,0.012789421,3.952619835,3.952619835,34.86961983,56.753,7.46,-901,1.433,-901,0.75014876,31.37097521,-901,0.157,0.307,56.753,7.46,7.46,-901,-901,-901,215.011,-901,0.194915702,0.240416529,-901,-901,3.040661043,0.953,4.858345821,2.293487603,2,25.38,-901,0.55953719,-901,-901,0.180158678,0
11/30/1974,0.502214876,1.124628099,0.088661157,5.646876033,5.646876033,29.89487603,34.333,4.799,-901,1.258,-901,0.348694215,26.54479339,-901,0.062,0.16,34.333,4.799,4.799,-901,-901,-901,194.76,-901,0.499239669,0.487933884,-901,-901,21.41355292,0.786,6.96078286,3.671404959,0.9,25.06,-901,0.37368595,-901,-901,0.443900826,0.185652893
12/31/1974,1.229752066,1.414214876,0.386757025,10.22233884,10.22233884,32.04733884,12.227,4.272,-901,1.06,-901,0.489441322,26.3966281,-901,0.03,0.072,12.227,4.272,4.272,-901,-901,-901,172.268,-901,1.076033058,2.065983471,-901,-901,25.69388333,0.904,12.68572636,5.76753719,0.7,25.39,-901,0.376919008,-901,-901,0.731702479,0.341256198
1/31/1975,2.188958678,2.324231405,1.045289256,20.20544628,20.20544628,27.54644628,3.941,4.669,-901,0.737,-901,0.387371901,17.90519008,-901,0.04,0.047,3.941,4.669,4.669,-901,-901,-901,176.876,-901,1.998347107,2.779239669,-901,-901,1.814875965,0.784,18.82366744,11.28912397,0.8,26.5,-901,0.596429752,-901,-901,1.278942149,1.076033058
2/28/1975,5.442644628,6.55338843,1.388429752,38.64102479,38.64102479,36.54902479,4.892,4.637,-901,1.221,-901,0.437077686,10.97970248,-901,0.03,0.035,4.892,4.637,4.637,-901,-901,-901,205.078,-901,6.958809917,13.83431405,-901,-901,5.412892359,0.624,46.56077226,53.46009917,0.5,31.48,-901,1.954909091,-901,-901,4.892826446,7.130975207
3/31/1975,10.90175207,14.5848595,2.453355372,79.86202479,79.86202479,74.27702479,6.657,6.581,-901,2.198,-901,0.405203306,21.49606612,-901,0.058,0.062,6.657,6.581,6.581,-901,-901,-901,177.273,-901,11.75642975,25.39438017,-901,-901,99.76660783,0.779,90.35174629,94.56793388,0.2,41.18,-901,6.081123967,-901,-901,9.49368595,5.226446281
4/30/1975,9.949090909,11.18082645,2.314710744,72.05354545,72.05354545,72.65454545,6.399,4.59,-901,2.983,-901,0.371900826,26.74115702,-901,0.09,0.107,6.399,4.59,4.59,-901,-901,-901,196.592,-901,5.301818182,10.65123967,-901,-901,3.641652756,0.666,76.53753158,71.22644628,0.3,41.15,-901,12.76363636,-901,-901,4.266446281,1.683966942
5/31/1975,13.63180165,15.2058843,25.89242975,257.3222314,257.3222314,107.9722314,102.559,45.719,-901,13.51,-901,21.9018843,16.0421157,-901,0.347,0.415,102.559,45.719,45.719,-901,-901,-901,193.415,-901,1.789289256,5.097322314,-901,-901,10.17322276,0.772,261.9280079,83.13123967,1.4,41.15,-901,16.57090909,-901,-901,1.67246281,0.320965289
6/30/1975,4.587768595,3.80231405,22.39735537,234.5868099,234.5868099,177.2628099,141.857,51.653,-901,23.66,-901,88.18512397,31.94181818,-901,0.471,0.586,141.857,51.653,51.653,-901,-901,-901,181.42,-901,0.518876033,1.201983471,-901,-901,11.25619793,0.885,237.3829333,27.25289256,4.4,40.25,-901,2.52892562,-901,-901,0.630743802,0.004165289
7/31/1975,1.758545455,1.561785124,2.102876033,44.09907438,44.09907438,66.59107438,127.466,41.261,-901,23.398,-901,24.552,33.02499174,-901,0.638,0.848,127.466,41.261,41.261,-901,-901,-901,167.482,-901,0.199834711,0.439636364,-901,-901,12.62875986,1.067,44.53435716,6.757487603,4.9,35.32,-901,1.30353719,-901,-901,0.221970248,0
8/31/1975,1.186710744,1.002247934,0.138347107,8.223735537,8.223735537,54.63173554,97.248,27.526,-901,18.479,-901,17.19193388,33.00039669,-901,0.558,0.788,97.248,27.526,27.526,-901,-901,-901,154.146,-901,0.062102479,0.204138843,-901,-901,11.89884253,1.118,11.06431615,3.295735537,4.5,30.69,-901,0.916165289,-901,-901,0.086082645,0
9/30/1975,0.630743802,0.624793388,0.033381818,4.199454545,4.199454545,51.90545455,70.664,14.021,-901,9.039,-901,17.01818182,31.5014876,-901,0.316,0.498,70.664,14.021,14.021,-901,-901,-901,144.979,-901,0.02433719,0.315371901,-901,-901,7.949751768,1.009,4.639225208,1.77322314,3.8,26.67,-901,0.44985124,-901,-901,0.037487603,0
10/31/1975,1.076033058,1.328132231,2.213553719,22.88728926,22.88728926,44.94128926,58.369,5.264,-901,6.756,-901,5.330975207,32.56998347,-901,0.135,0.302,58.369,5.264,5.264,-901,-901,-901,143.11,-901,0.30682314,0.543550413,-901,-901,2.066776782,0.844,23.32939819,4.980495868,1.9,24.94,-901,1.002247934,-901,-901,0.269930579,0.237342149
11/30/1975,1.059173554,1.261487603,2.439669421,24.3581405,24.3581405,40.9031405,44.347,4.949,-901,3.619,-901,0.349289256,29.03206612,-901,0.054,0.17,44.347,4.949,4.949,-901,-901,-901,142.593,-901,0.492694215,0.577190083,-901,-901,1.876363566,0.705,23.95372411,5.736198347,0.8,24.54,-901,0.311206612,-901,-901,0.385586777,0.243371901
12/31/1975,1.051438017,1.11292562,1.143669421,13.59758678,13.59758678,38.25758678,22.808,4.39,-901,0.19,-901,0.356013223,33.22790083,-901,0.03,0.085,22.808,4.39,4.39,-901,-901,-901,141.29,-901,0.481447934,0.539246281,-901,-901,2.475371808,0.752,13.32430967,5.478545455,0.8,25.1,-901,0.348634711,-901,-901,0.411352066,0.205983471
1/31/1976,0.946909091,1.002247934,0.73785124,10.50619008,10.50619008,27.57719008,4.873,3.838,-901,0.88,-901,0.373229752,23.44522314,-901,0.028,0.059,4.873,3.838,3.838,-901,-901,-901,140.479,-901,0.433487603,0.494360331,-901,-901,2.06280984,0.639,11.26660899,4.476297521,0.8,24.49,-901,0.267471074,-901,-901,0.368310744,0.183847934
2/29/1976,1.087140496,1.386247934,1.041123967,13.73261983,13.73261983,12.86161983,3.626,4.59,-901,1.54,-901,0.365831405,7.644495868,-901,0.028,0.032,3.626,4.59,4.59,-901,-901,-901,136.754,-901,0.701752066,0.684495868,-901,-901,6.083305557,0.646,15.1122814,6.016661157,0.7,25.37,-901,0.352601653,-901,-901,0.615471074,0.329018182
3/31/1976,1.752396694,1.832330579,2.766942149,28.22280992,28.22280992,15.57480992,11.865,8.817,-901,0.81,-901,0.424264463,6.929652893,-901,0.068,0.069,11.865,8.817,8.817,-901,-901,-901,137.874,-901,1.063735537,1.217454545,-901,-901,1.814875965,0.775,30.11076828,9.567471074,0.9,26.55,-901,0.367695868,-901,-901,0.731702479,0.456238017
4/30/1976,1.463801653,1.541157025,4.367603306,44.27812397,44.27812397,16.18512397,24.616,15.179,-901,8.771,-901,0.430809917,7.985454545,-901,0.158,0.172,24.616,15.179,15.179,-901,-901,-901,129.104,-901,0.514115702,0.73785124,-901,-901,10.28231366,0.689,46.23498043,9.104132231,1.3,27.18,-901,0.31477686,-901,-901,0.395702479,0.245157025
5/31/1976,0.823933884,0.713256198,5.626115702,71.71604959,71.71604959,17.61004959,56.306,30.685,-901,14.039,-901,0.364621488,13.85315702,-901,0.333,0.362,56.306,30.685,30.685,-901,-901,-901,116.381,-901,0.172780165,0.219510744,-901,-901,12.36297474,0.947,73.21167105,6.019636364,3.8,24.7,-901,0.45254876,-901,-901,0.148185124,0.006333223
6/30/1976,0.386181818,0.338578512,0.327272727,7.880057851,7.880057851,15.95305785,47.308,34.497,-901,9.332,-901,0.286809917,15.14380165,-901,0.39,0.407,47.308,34.497,34.497,-901,-901,-901,103.4,-901,0.010770248,0.036297521,-901,-901,11.7163632,1.023,9.834246284,1.475702479,4,20.93,-901,0.421289256,-901,-901,0.023801653,0
7/31/1976,0.179543802,0.180158678,0.023180826,1.67238843,1.67238843,16.17738843,36.853,32.176,-901,5.57,-901,0.344330579,15.82076033,-901,0.549,0.515,36.853,32.176,32.176,-901,-901,-901,88.678,-901,0,0,-901,-901,13.3785119,0.969,2.272829879,0.30067438,4.4,16.32,-901,0.203523967,-901,-901,0,0
8/31/1976,0.303133884,0.316661157,0.202909091,4.546983471,4.546983471,16.94598347,33.839,24.731,-901,1.791,-901,0.348019835,16.8168595,-901,0.512,0.477,33.839,24.731,24.731,-901,-901,-901,77.183,-901,0,0,-901,-901,11.04595,0.85,5.324373845,0.996099174,2.8,13.4,-901,0.326499174,-901,-901,0,0
9/30/1976,0.225520661,0.231471074,0.116628099,2.490487603,2.490487603,16.3814876,27.473,16.521,-901,1.027,-901,0.33738843,15.94710744,-901,0.314,0.318,27.473,16.521,16.521,-901,-901,-901,70.9,-901,0,0,-901,-901,5.360528725,0.817,3.044529235,0.72,2.3,10.63,-901,0.257652893,-901,-901,0,0
10/31/1976,0.688661157,0.262552066,0.015002975,2.512330579,2.512330579,11.50433058,19.139,15.179,-901,0.498,-901,0.331418182,10.79722314,-901,0.186,0.192,19.139,15.179,15.179,-901,-901,-901,68.964,-901,0,0,-901,-901,1.175603262,0.835,3.122037698,0.854677686,1.7,9.23,-901,0.261322314,-901,-901,0,0
11/30/1976,0.225520661,0.408198347,0.066049587,2.336702479,2.336702479,11.55570248,17.802,6.47,-901,0.453,-901,0.362975207,10.82975207,-901,0.095,0.105,17.802,6.47,6.47,-901,-901,-901,68.18,-901,0.002796694,0.086280992,-901,-901,0.612099151,0.672,3.245971342,1.190082645,1,8.26,-901,0.138049587,-901,-901,0.034095868,0
12/31/1976,0.204753719,0.375689256,0.016601653,2.157991736,2.157991736,8.472991736,12.076,5.104,-901,0.522,-901,0.378763636,7.612165289,-901,0.034,0.06,12.076,5.104,5.104,-901,-901,-901,67.672,-901,0.134042975,0.089157025,-901,-901,0.455999983,0.614,2.242258644,1.12522314,0.6,7.69,-901,0.123590083,-901,-901,0.111292562,0
1/31/1977,0.292066116,0.558922314,0.215821488,4.048826446,4.048826446,10.53282645,4.892,5.122,-901,0.57,-901,0.351094215,8.276231405,-901,0.032,0.048,4.892,5.122,5.122,-901,-901,-901,68.107,-901,0.290221488,0.215206612,-901,-901,0.314776848,0.554,4.490012925,2.022942149,0.4,7.7,-901,0.173395041,-901,-901,0.215821488,0.086697521
2/28/1977,0.344330579,0.577586777,0.435966942,6.439933884,6.439933884,5.575933884,3.564,5.816,-901,1.542,-901,0.318783471,3.160066116,-901,0.032,0.035,3.564,5.816,5.816,-901,-901,-901,65.006,-901,0.277130579,0.246585124,-901,-901,3.958413075,0.459,7.177462893,2.188165289,0.2,8.01,-901,0.134955372,-901,-901,0.204932231,0.119960331
3/31/1977,0.557077686,0.694809917,0.799338843,8.837479339,8.837479339,7.046479339,4.256,5.857,-901,2.026,-901,0.186922314,4.734545455,-901,0.061,0.054,4.256,5.857,5.857,-901,-901,-901,56.93,-901,0.319735537,0.314816529,-901,-901,8.830412892,0.459,10.68050603,2.674710744,0.1,8.48,-901,0.174624793,-901,-901,0.237957025,0.098995041
4/30/1977,0.384991736,0.445090909,3.855867769,34.3125124,34.3125124,13.1385124,11.776,11.133,-901,9.643,-901,0.214809917,10.81785124,-901,0.122,0.118,11.776,11.133,11.133,-901,-901,-901,47.769,-901,0.147570248,0.124363636,-901,-901,9.387768243,0.521,37.05319022,2.005289256,0.3,8.73,-901,0.09461157,-901,-901,0.120793388,0.014102479
5/31/1977,0.591510744,0.670214876,4.796033058,42.19195868,42.19195868,17.81295868,20.093,23.773,-901,12.035,-901,0.191226446,15.51332231,-901,0.29,0.235,20.093,23.773,23.773,-901,-901,-901,41.61,-901,0.189996694,0.483292562,-901,-901,6.589090662,0.505,44.27786203,2.98214876,0.1,9.44,-901,0.1488,-901,-901,0.159867769,0.003750744
6/30/1977,0.153520661,0.285024793,1.737520661,24.5912314,24.5912314,15.5722314,25.219,27.135,-901,11.304,-901,0.224330579,15.5722314,-901,0.348,0.277,25.219,27.135,27.135,-901,-901,-901,28.806,-901,0.004343802,0.079140496,-901,-901,12.16462764,0.637,26.5146927,0.72,0.8,8.69,-901,0.034214876,-901,-901,0.013864463,0
7/31/1977,0.130968595,0.092846281,0.047345455,0.486917355,0.486917355,16.28191736,15.81,29,-901,1.544,-901,0.185692562,16.90294215,-901,0.509,0.37,15.81,29,29,-901,-901,-901,16.128,-901,0,0,-901,-901,12.84099125,0.63,2.049221456,0.00590281,1.1,7.28,-901,0.031420165,-901,-901,0,0
8/31/1977,0.118671074,0.031666116,0.005103471,0.710760331,0.710760331,15.82076033,10.536,17.818,-901,1.495,-901,0.177699174,16.89679339,-901,0.468,0.302,10.536,17.818,17.818,-901,-901,-901,11.578,-901,0,0,-901,-901,4.676032883,0.625,1.376620282,0,1.2,5.81,-901,0.007624463,-901,-901,0,0
9/30/1977,0.111867769,0.037904132,0.011305785,0.572429752,0.572429752,16.98842975,4.222,7.262,-901,0.991,-901,0.16661157,17.34545455,-901,0.245,0.165,4.222,7.262,7.262,-901,-901,-901,11.178,-901,0,0,-901,-901,0.123966938,0.548,1.717884381,0,0.7,4.6,-901,0.042664463,-901,-901,0,0
10/31/1977,0.098380165,0.137732231,0.008300826,1.018543802,1.018543802,0.551543802,4.2,7.021,-901,0.967,-901,0.191226446,0.263781818,-901,0.109,0.09,4.2,7.021,7.021,-901,-901,-901,10.844,-901,0,0,-901,-901,0.092033054,0.555,1.444456588,0,0.7,4.37,-901,0.043902149,-901,-901,0,-901
11/30/1977,0.246942149,0.31953719,0.047484298,3.467206612,3.467206612,2.255206612,5.096,6.672,-901,0.843,-901,0.186842975,0.725950413,-901,0.068,0.058,5.096,6.672,6.672,-901,-901,-901,10.735,-901,0,0,-901,-901,0.096595038,0.663,4.020555924,0.868760331,0.2,4.5,-901,0.096396694,-901,-901,0,-901
12/31/1977,1.278942149,2.477950413,1.893818182,28.33359504,28.33359504,23.08859504,9.573,5.21,-901,2.4,-901,0.239801653,12.37745455,-901,0.038,0.045,9.573,5.21,5.21,-901,-901,-901,14.624,-901,2.05368595,0.713256198,-901,-901,0.11761983,0.59,30.88989775,12.83861157,0.1,7.69,-901,0.490056198,-901,-901,0.940760331,-901
1/31/1978,10.14545455,13.42889256,1.199008264,76.52403306,76.52403306,71.75603306,5.941,8.981,-901,6.45,-901,1.85077686,23.64813223,-901,0.042,0.045,5.941,8.981,8.981,-901,-901,-901,73.416,-901,11.85480992,22.65818182,-901,-901,0.623999977,0.492,89.76245583,95.42876033,0.1,20.94,-901,2.004495868,-901,-901,5.57077686,-901
2/28/1978,7.858512397,10.57428099,1.171834711,57.27519835,57.27519835,65.25619835,5.172,6.02,-901,1.753,-901,2.804628099,24.70849587,-901,0.043,0.04,5.172,6.02,6.02,-901,-901,-901,118.834,-901,7.986247934,19.6046281,-901,-901,1.013553681,0.363,64.69905248,55.64826446,0.1,28.28,-901,1.17738843,-901,-901,3.987570248,-901
3/31/1978,15.01527273,19.61454545,5.712198347,124.1955372,124.1955372,96.53553719,26.313,8.647,-901,5,-901,1.697057851,24.44132231,-901,0.07,0.097,26.313,8.647,8.647,-901,-901,-901,171.608,-901,9.739636364,20.72132231,-901,-901,0.737652865,0.478,132.505545,93.70710744,0.2,41.47,-901,4.027438017,-901,-901,6.431603306,-901
4/30/1978,16.71471074,19.83867769,7.223801653,147.1893719,147.1893719,113.3553719,46.845,19.012,-901,6.963,-901,10.42512397,27.15173554,-901,0.172,0.236,46.845,19.012,19.012,-901,-901,-901,220.112,-901,10.3953719,19.25553719,-901,-901,1.298380117,0.566,157.3977185,110.0231405,0.3,41.55,-901,18.01190083,-901,-901,5.94446281,-901
5/31/1978,8.602115702,9.395305785,23.30995041,236.7367769,236.7367769,112.7067769,130.699,50.322,-901,14.192,-901,30.8913719,21.07795041,-901,0.4,0.511,130.699,50.322,50.322,-901,-901,-901,222.165,-901,2.102876033,5.005090909,-901,-901,8.701487277,0.726,245.2836828,56.05824793,0.6,41.3,-901,10.0593719,-901,-901,1.66631405,-901
6/30/1978,3.24892562,2.743140496,19.83867769,213.4322066,213.4322066,190.1752066,141.665,51.727,-901,22.943,-901,107.7024793,32.82842975,-901,0.478,0.614,141.665,51.727,51.727,-901,-901,-901,206.89,-901,0.56231405,1.267438017,-901,-901,16.06214816,1.043,218.0884936,19.68991736,2.6,40.6,-901,1.25553719,-901,-901,0.401652893,-901
7/31/1978,1.094479339,1.254347107,3.049785124,51.70009917,51.70009917,66.46809917,130.513,45.159,-901,23.207,-901,26.70406612,33.83047934,-901,0.65,0.852,130.513,45.159,45.159,-901,-901,-901,189.497,-901,0.161097521,0.450089256,-901,-901,15.56033,1.186,53.03181598,5.189553719,3.1,36.78,-901,0.805487603,-901,-901,0.122360331,-901
8/31/1978,0.762446281,0.682512397,0.091001653,5.704892562,5.704892562,52.11689256,100.553,36.061,-901,13.566,-901,16.85375207,33.60297521,-901,0.6,0.796,100.553,36.061,36.061,-901,-901,-901,171.187,-901,6.15E-05,0.130353719,-901,-901,16.22479278,0.891,9.363926676,1.137520661,3.6,33,-901,0.292066116,-901,-901,0,-901
9/30/1978,0.856859504,0.803305785,0.827107438,13.51747107,13.51747107,39.90347107,89.676,24.999,-901,7.406,-901,3.832066116,32.6677686,-901,0.38,0.528,89.676,24.999,24.999,-901,-901,-901,161.805,-901,0.114247934,0.282049587,-901,-901,9.28264428,0.805,17.96788599,2.439669421,1.2,31.47,-901,0.606942149,-901,-901,0.054565289,-901
10/31/1978,0.58597686,0.5952,0.023734215,3.340413223,3.340413223,36.14241322,69.663,16.75,-901,1.614,-901,0.688661157,33.60912397,-901,0.215,0.33,69.663,16.75,16.75,-901,-901,-901,152.98,-901,0.056876033,0.094076033,-901,-901,4.381487439,0.707,5.353854554,1.328132231,1.7,29.06,-901,0.277923967,-901,-901,0.049804959,-901
11/30/1978,0.833057851,0.755702479,0.104727273,5.766181818,5.766181818,33.57818182,41.058,16.841,-901,1.277,-901,0.40522314,31.00165289,-901,0.076,0.178,41.058,16.841,16.841,-901,-901,-901,151.149,-901,0.248727273,0.392727273,-901,-901,2.330578425,0.785,7.482044706,2.606280992,0.8,28.26,-901,0.299900826,-901,-901,0.18922314,-901
12/31/1978,0.842380165,1.162115702,0.477143802,9.508305785,9.508305785,30.97130579,17.949,16.566,-901,2.39,-901,0.36585124,27.38042975,-901,0.075,0.08,17.949,16.566,16.566,-901,-901,-901,151.908,-901,0.713256198,1.032991736,-901,-901,1.612561923,0.653,9.863114416,3.929057851,0.5,28.06,-901,0.36892562,-901,-901,0.355398347,-901
1/31/1979,3.769190083,4.777586777,3.486347107,44.84084298,44.84084298,48.64284298,11.835,16.658,-901,4.004,-901,0.405203306,28.23510744,-901,0.073,0.06,11.835,16.658,16.658,-901,-901,-901,162.608,-901,5.453950413,11.9347438,-901,-901,17.85718941,0.473,51.97363378,28.74545455,0.3,30.25,-901,1.082181818,-901,-901,2.354975207,-901
2/28/1979,4.687338843,6.864396694,1.016330579,39.39420661,39.39420661,48.76720661,8.612,12.716,-901,1.267,-901,0.352661157,24.60297521,-901,0.07,0.05,8.612,12.716,12.716,-901,-901,-901,192.046,-901,10.8408595,23.11457851,-901,-901,31.47411452,0.409,53.1412722,53.74889256,0.3,33.55,-901,1.338446281,-901,-901,4.953917355,-901
3/31/1979,11.25838017,14.68938843,3.590876033,90.86817355,90.86817355,80.97917355,21.149,3.747,-901,6.744,-901,1.457256198,25.17302479,-901,0.078,0.095,21.149,3.747,3.747,-901,-901,-901,235.847,-901,12.39590083,23.808,-901,-901,17.37520596,0.671,98.96887386,80.30280992,0.2,41.27,-901,4.630016529,-901,-901,6.087272727,-901
4/30/1979,10.47867769,12.34710744,7.723636364,122.1234545,122.1234545,85.74545455,40.201,16.339,-901,10.386,-901,13.71570248,22.46280992,-901,0.143,0.22,40.201,16.339,16.339,-901,-901,-901,246.709,-901,3.207272727,8.312727273,-901,-901,5.331570048,0.729,125.5807428,61.1107438,0.5,41.26,-901,10.40132231,-901,-901,2.017190083,-901
5/31/1979,10.47133884,10.52052893,20.16793388,259.7417355,259.7417355,117.8717355,137.65,50.615,-901,18.961,-901,34.39616529,21.40383471,-901,0.397,0.512,137.65,50.615,50.615,-901,-901,-901,238.652,-901,1.334280992,3.633917355,-901,-901,13.576859,0.661,264.2510556,60.41157025,1.3,41.27,-901,10.72343802,-901,-901,0.977652893,-901
6/30/1979,2.51107438,2.588429752,5.581487603,95.55182645,95.55182645,91.10082645,138.982,46.283,-901,24.219,-901,41.90280992,32.79867769,-901,0.47,0.618,138.982,46.283,46.283,-901,-901,-901,224.287,-901,0.34631405,0.999669421,-901,-901,13.95570196,1.105,99.96832546,11.24628099,3.9,38.91,-901,0.495669421,-901,-901,0.266578512,-901
7/31/1979,1.192859504,1.254347107,0.273004959,13.4248595,13.4248595,38.3928595,123.996,43.223,-901,14.742,-901,1.032991736,33.7751405,-901,0.628,0.84,123.996,43.223,43.223,-901,-901,-901,208.507,-901,0.115596694,0.304363636,-901,-901,14.42181764,1.087,14.88815871,3.781487603,3.9,34.53,-901,0.946909091,-901,-901,0.087927273,-901
8/31/1979,0.774743802,0.570604959,0.016355702,4.20885124,4.20885124,34.96185124,106.455,34.126,-901,8.107,-901,0.836231405,32.59457851,-901,0.587,0.795,106.455,34.126,34.126,-901,-901,-901,190.864,-901,0.003627769,0.132813223,-901,-901,14.96925564,1.138,5.745605638,1.30353719,3.7,30.72,-901,0.311742149,-901,-901,0,-901
9/30/1979,0.444495868,0.390347107,0.004879339,1.347561983,1.347561983,31.13256198,87.785,25.703,-901,3.61,-901,0.636694215,30.09719008,-901,0.378,0.53,87.785,25.703,25.703,-901,-901,-901,177.147,-901,0,0.107702479,-901,-901,11.77983427,0.897,2.679621136,1.118677686,3.3,27.01,-901,0.591471074,-901,-901,0,-901
10/31/1979,0.621024793,0.657917355,0.971504132,10.0871157,10.0871157,33.8981157,66.346,21.749,-901,3.692,-901,0.597044628,31.05123967,-901,0.228,0.323,66.346,21.749,21.749,-901,-901,-901,171.984,-901,-901,-901,-901,-901,4.478677518,0.949,12.4170251,2.643966942,2.2,25.06,-901,0.536171901,-901,-901,0.059335537,-901
11/30/1979,0.993719008,1.249586777,1.737520661,17.14280165,17.14280165,38.18380165,46.156,20.637,-901,2.915,-901,1.08892562,32.20363636,-901,0.137,0.178,46.156,20.637,20.637,-901,-901,-901,171.833,-901,-901,-901,-901,-901,2.211570165,0.723,20.26417652,5.099504132,1,24.88,-901,0.411768595,-901,-901,0.411173554,-901
12/31/1979,1.979900826,2.059834711,1.617123967,18.81263636,18.81263636,47.68363636,26.801,10.37,-901,2.755,-901,5.650710744,33.28938843,-901,0.071,0.088,26.801,10.37,10.37,-901,-901,-901,176.535,-901,-901,-901,-901,-901,2.549355276,0.752,22.00885169,10.48363636,0.6,25.48,-901,0.627173554,-901,-901,0.971504132,-901
1/31/1980,22.2277686,28.63477686,14.68938843,243.3783306,243.3783306,167.0003306,72.901,29.867,-901,12.905,-901,15.63014876,20.69672727,-901,0.082,0.102,72.901,29.867,29.867,-901,-901,-901,166.519,-901,-901,-901,-901,-901,96.76799637,0.447,253.5034338,179.174876,0.2,41.38,-901,15.84535537,-901,-901,11.58426446,-901
2/29/1980,23.04852893,30.37090909,4.014942149,156.6866033,156.6866033,153.4076033,73.921,32.538,-901,11.869,-901,16.79603306,28.80059504,-901,0.1,0.122,73.921,32.538,32.538,-901,-901,-901,198.991,-901,-901,-901,-901,-901,43.70578349,0.402,169.9636982,170.0310744,0.1,41.53,-901,23.35338843,-901,-901,11.02671074,-901
3/31/1980,13.62565289,16.95213223,2.643966942,96.34260331,96.34260331,113.5676033,60.411,27.638,-901,12.076,-901,15.63014876,33.5722314,-901,0.16,0.192,60.411,27.638,27.638,-901,-901,-901,209.746,-901,-901,-901,-901,-901,22.17917272,0.626,102.7138227,91.24760331,0.3,41.28,-901,12.22373554,-901,-901,5.699900826,-901
4/30/1980,8.532892562,9.365950413,10.16330579,134.0280083,134.0280083,86.51900826,85.523,42.338,-901,18.451,-901,17.20859504,29.37123967,-901,0.274,0.318,85.523,42.338,42.338,-901,-901,-901,215.633,-901,-901,-901,-901,-901,5.055867579,0.73,136.2044991,45.4492562,0.4,41.38,-901,7.235702479,-901,-901,2.046942149,-901
5/31/1980,6.941950413,5.607669421,15.39649587,201.7058099,201.7058099,132.3828099,141.184,50.322,-901,22.141,-901,56.07054545,20.20482645,-901,0.46,0.568,141.184,50.322,50.322,-901,-901,-901,207.27,-901,-901,-901,-901,-901,11.55768552,0.96,206.64801,35.12171901,1.2,41.2,-901,5.76753719,-901,-901,1.11292562,-901
6/30/1980,3.207272727,2.67768595,12.68033058,177.1623058,177.1623058,170.0033058,141.28,52.025,-901,25.5,-901,99.96694215,33.19735537,-901,0.48,0.624,141.28,52.025,52.025,-901,-901,-901,193.905,-901,-901,-901,-901,-901,14.50909037,0.897,180.6530287,15.44727273,3.4,40.12,-901,0.898512397,-901,-901,0.587305785,-901
7/31/1980,1.438809917,1.543338843,3.332628099,70.26833058,70.26833058,77.72033058,137.175,45.79,-901,25.763,-901,32.06578512,34.35312397,-901,0.653,0.86,137.175,45.79,45.79,-901,-901,-901,178.957,-901,-901,-901,-901,-901,15.44727215,1.112,72.03014049,6.794380165,3.8,36.52,-901,1.155966942,-901,-901,0.406433058,-901
8/31/1980,0.590280992,0.768595041,0.072555372,7.414214876,7.414214876,35.63821488,124.814,37.783,-901,15.284,-901,0.670214876,33.70135537,-901,0.609,0.839,124.814,37.783,37.783,-901,-901,-901,161.441,-901,-901,-901,-901,-901,16.69289194,1.175,8.67095446,2.324231405,4.2,32.22,-901,0.445785124,-901,-901,0.156178512,-901
9/30/1980,0.412363636,0.585520661,0.018208264,2.650727273,2.650727273,33.51272727,112.589,24.037,-901,8.337,-901,0.568859504,32.23338843,-901,0.38,0.58,112.589,24.037,24.037,-901,-901,-901,148.801,-901,-901,-901,-901,-901,12.51173507,1.096,4.417903287,1.570909091,3.1,29.16,-901,0.314181818,-901,-901,0.114247934,-901
10/31/1980,0.557077686,0.700958678,0.014695537,1.84577686,1.84577686,34.58677686,95.452,13.729,-901,1.742,-901,0.676363636,33.04343802,-901,0.203,0.369,95.452,13.729,13.729,-901,-901,33.59067769,142.039,-901,-901,-901,-901,-901,5.714379951,0.727,3.497170067,1.838479339,2.4,26.85,-901,0.343100826,-901,-901,-901,-901
11/30/1980,0.58968595,0.70214876,0.017077686,3.629619835,3.629619835,32.68561983,69.378,10.105,-901,1.488,-901,0.372495868,30.92429752,-901,0.1,0.21,69.378,10.105,10.105,-901,-901,31.45983471,138.776,-901,-901,-901,-901,-901,3.356032932,0.586,4.285753264,2.439669421,1.4,25.73,-901,0.380826446,-901,-901,-901,-901
12/31/1980,0.891570248,1.11292562,0.217666116,6.417016529,6.417016529,37.36601653,41.652,6.514,-901,1.146,-901,0.345560331,33.87352066,-901,0.048,0.108,41.652,6.514,6.514,-901,-901,34.54373554,137.627,-901,-901,-901,-901,-901,2.883966834,0.554,9.539637832,4.205752066,1,25.4,-901,0.387986777,-901,-901,-901,-901
1/31/1981,2.022942149,2.570181818,0.412581818,15.19492562,15.19492562,41.28892562,13.287,7.092,-901,2.031,-901,0.375689256,32.2871405,-901,0.04,0.078,13.287,7.092,7.092,-901,-901,33.44310744,153.375,-901,-901,-901,-901,-901,2.582479242,0.69,22.62195233,14.86155372,0.6,26.24,-901,0.719404959,-901,-901,-901,-901
2/28/1981,2.077090909,2.371438017,1.727206612,26.4912314,26.4912314,34.2442314,3.37,6.604,-901,4.089,-901,0.319338843,24.29196694,-901,0.041,0.049,3.37,6.604,6.604,-901,-901,26.04694215,157.394,-901,-901,-901,-901,-901,1.989421413,0.504,28.52063906,10.93527273,0.1,28,-901,0.554261157,-901,-901,-901,-901
3/31/1981,4.513190083,6.118016529,1.86307438,43.91428099,43.91428099,34.07028099,13.128,7.189,-901,2.774,-901,0.36892562,12.71563636,-901,0.068,0.072,13.128,7.189,7.189,-901,-901,16.41104132,179.081,-901,-901,-901,-901,-901,2.100495789,0.676,52.81724833,45.00892562,0.3,33.5,-901,1.340429752,-901,-901,-901,-901
4/30/1981,3.885619835,4.456859504,9.56231405,110.6746777,110.6746777,40.71867769,54.789,24.623,-901,12.335,-901,2.130247934,18.78545455,-901,0.188,0.228,54.789,24.623,24.623,-901,-901,21.68330579,179.944,-901,-901,-901,-901,-901,4.877355189,0.884,115.4639132,22.4568595,0.3,38.35,-901,0.612892562,-901,-901,-901,-901
5/31/1981,2.232,1.838479339,9.014082645,125.7834298,125.7834298,31.10042975,117.081,48.572,-901,18.915,-901,4.857520661,13.76707438,-901,0.411,0.505,117.081,48.572,48.572,-901,-901,14.8492562,167.141,-901,-901,-901,-901,-901,12.67239622,0.946,127.4778031,11.92859504,1.4,39.85,-901,0.445170248,-901,-901,-901,-901
6/30/1981,0.797355372,0.642644628,1.445950413,34.0241157,34.0241157,31.1861157,123.451,46.142,-901,15.627,-901,0.714049587,27.93123967,-901,0.465,0.581,123.451,46.142,46.142,-901,-901,29.44264463,150.224,-901,-901,-901,-901,-901,16.15140435,1.14,35.71073153,2.808595041,3.5,36.61,-901,0.307636364,-901,-901,-901,-901
7/31/1981,0.472839669,0.177084298,0.033572231,0.96438843,0.96438843,33.28938843,105.177,34.497,-901,10.64,-901,0.670214876,32.44700826,-901,0.598,0.792,105.177,34.497,34.497,-901,-901,33.43080992,131.83,-901,-901,-901,-901,-901,16.86148697,1.191,3.61447625,0.756297521,4.4,32,-901,0.457467769,-901,-901,-901,-901
8/31/1981,0.309897521,0.144495868,0.00461157,0.383826446,0.383826446,27.64482645,88.492,25.54,-901,6.774,-901,0.682512397,27.93996694,-901,0.524,0.739,88.492,25.54,25.54,-901,-901,28.16747107,114.926,-901,-901,-901,-901,-901,15.867768,0.984,1.542696754,0.621024793,4.4,28.1,-901,0.639471074,-901,-901,-901,-901
9/30/1981,0.215404959,0.129719008,0.002915702,0.343884298,0.343884298,29.2938843,69.591,16.979,-901,3.682,-901,0.654545455,29.42479339,-901,0.319,0.489,69.591,16.979,16.979,-901,-901,29.90082645,102.563,-901,-901,-901,-901,-901,11.18677644,0.796,0.827932141,0.059504132,3.2,24.78,-901,0.104727273,-901,-901,-901,-901
10/31/1981,0.418115702,0.41073719,0.41073719,6.018528926,6.018528926,34.32852893,45.871,11.867,-901,3.025,-901,0.670214876,32.84667769,-901,0.176,0.29,45.871,11.867,11.867,-901,-901,33.71980165,96.996,-901,-901,-901,-901,-901,4.964627913,0.713,7.360480375,1.740099174,0.8,24.1,-901,0.331418182,-901,-901,-901,-901
11/30/1981,2.737190083,2.915702479,7.806942149,76.7962314,76.7962314,44.3722314,64.201,21.19,-901,6.87,-901,0.441520661,27.8538843,-901,0.12,0.176,64.201,21.19,21.19,-901,-901,30.97190083,105.711,-901,-901,-901,-901,-901,2.154049506,0.63,81.599708,34.31008264,0.4,28.55,-901,1.124628099,-901,-901,-901,-901
12/31/1981,7.396958678,8.755834711,11.40595041,128.0942893,128.0942893,82.88528926,93.187,35.557,-901,7.953,-901,10.62505785,31.10657851,-901,0.096,0.126,93.187,35.557,35.557,-901,-901,34.86961983,130.583,-901,-901,-901,-901,-901,2.237355288,0.551,137.5001666,78.33520661,0.2,40.27,-901,3.941355372,-901,-901,-901,-901
1/31/1982,11.01857851,15.32271074,2.428760331,89.30549587,89.30549587,109.1404959,79.41,29.867,-901,6.963,-901,19.28866116,31.71530579,-901,0.101,0.131,79.41,29.867,29.867,-901,-901,36.26538843,170.421,-901,-901,-901,-901,-901,51.45123774,0.39,111.1499235,144.0039669,0.3,41.32,-901,14.8492562,-901,-901,-901,-901
2/28/1982,20.20998347,24.73626446,12.67358678,202.529124,202.529124,165.945124,101.554,43.703,-901,6.963,-901,17.8218843,28.62942149,-901,0.108,0.134,101.554,43.703,43.703,-901,-901,33.30009917,184.89,-901,-901,-901,-901,-901,63.25685713,0.362,215.0867896,171.6654545,0.3,41.31,-901,31.76727273,-901,-901,-901,-901
3/31/1982,18.79676033,23.35299174,3.830677686,149.0575372,149.0575372,156.0555372,94.802,42.542,-901,6.963,-901,23.29765289,30.65771901,-901,0.19,0.225,94.802,42.542,42.542,-901,-901,37.99319008,252.639,-901,-901,-901,-901,-901,28.40727166,0.5,172.3867911,173.9484298,0.4,41.4,-901,20.85044628,-901,-901,-901,-901
4/30/1982,33.39966942,41.90876033,13.47173554,292.511,292.511,244.8,136.606,47.349,-901,6.963,-901,36.52363636,20.78479339,-901,0.308,0.388,136.606,47.349,47.349,-901,-901,16.95272727,276.189,-901,-901,-901,-901,-901,83.08363325,0.404,308.58416,237.5404959,0.4,41.51,-901,36.97586777,-901,-901,-901,-901
5/31/1982,13.18909091,14.83695868,24.06624793,306.3222066,306.3222066,286.6552066,138.696,50.322,-901,19.832,-901,152.058843,20.00191736,-901,0.472,0.618,138.696,50.322,50.322,-901,-901,2.23814876,275.913,-901,-901,-901,-901,-901,11.02611529,0.645,313.1512031,77.90479339,1.7,41.21,-901,13.0046281,-901,-901,-901,-901
6/30/1982,4.183140496,3.974876033,12.26975207,191.9030744,191.9030744,181.0710744,139.364,51.802,-901,26.526,-901,124.8396694,16.0185124,-901,0.482,0.62,139.364,51.802,51.802,-901,-901,3.284628099,264.291,-901,-901,-901,-901,-901,14.17428046,0.888,199.1048618,19.74347107,3.1,40.28,-901,1.463801653,-901,-901,-901,-901
7/31/1982,2.287338843,2.342677686,2.182809917,66.49730579,66.49730579,77.84330579,130.606,47.707,-901,25.462,-901,22.66433058,33.0618843,-901,0.659,0.85,130.606,47.707,47.707,-901,-901,34.38386777,249.44,-901,-901,-901,-901,-901,14.84112341,1.062,65.65115658,7.919603306,3.8,36.29,-901,1.506446281,-901,-901,-901,-901
8/31/1982,1.186710744,1.10677686,0.114981818,18.14504959,18.14504959,54.06604959,112.065,40.329,-901,12.683,-901,9.561322314,32.95120661,-901,0.622,0.812,112.065,40.329,40.329,-901,-901,33.93500826,232.632,-901,-901,-901,-901,-901,15.33064405,1.343,14.62809508,3.406413223,4,32.1,-901,0.848528926,-901,-901,-901,-901
9/30/1982,1.118677686,1.142479339,0.73785124,20.26317355,20.26317355,42.09917355,102.224,33.267,-901,5.831,-901,0.70214876,32.03702479,-901,0.412,0.553,102.224,33.267,33.267,-901,-901,32.74512397,221.992,-901,-901,-901,-901,-901,10.70558638,0.954,17.23552485,4.67107438,2.2,29.8,-901,1.023471074,-901,-901,-901,-901
10/31/1982,2.305785124,2.557884298,5.429355372,66.08521488,66.08521488,46.79821488,116.541,33.818,-901,8.936,-901,4.254942149,28.61633058,-901,0.269,0.378,116.541,33.818,33.818,-901,-901,30.17196694,220.678,-901,-901,-901,-901,-901,5.617586566,0.667,75.56875174,12.44509091,0.8,28.96,-901,2.022942149,-901,-901,-901,-901
11/30/1982,5.57553719,6.68231405,2.082644628,62.5532562,62.5532562,82.8892562,102.643,28.372,-901,6.98,-901,18.55338843,32.12033058,-901,0.163,0.235,102.643,28.372,28.372,-901,-901,34.22677686,208.373,-901,-901,-901,-901,-901,47.28793211,0.566,72.75997241,46.37157025,0.4,32.88,-901,1.576859504,-901,-901,-901,-901
12/31/1982,12.38975207,16.55246281,2.04753719,103.1905041,103.1905041,121.4995041,89.202,22.779,-901,6.963,-901,18.68608264,32.71755372,-901,0.092,0.138,89.202,22.779,22.779,-901,-901,37.2614876,158.804,-901,-901,-901,-901,-901,108.3947067,0.512,120.6395214,139.3923967,0.5,41.29,-901,10.18234711,-901,-901,-901,-901
1/31/1983,13.75477686,18.02816529,1.795438017,92.26507438,92.26507438,118.6710744,67.889,16.841,-901,6.963,-901,15.19358678,31.6046281,-901,0.081,0.126,67.889,16.841,16.841,-901,-901,35.62591736,174.433,-901,-901,-901,-901,-901,75.1596666,0.638,113.9754256,148.5540496,0.5,41.22,-901,15.96833058,-901,-901,-901,-901
2/28/1983,21.83166942,28.85712397,1.743867769,135.0277851,135.0277851,150.5057851,57.525,11.133,-901,6.963,-901,14.06201653,28.14624793,-901,0.068,0.112,57.525,11.133,11.133,-901,-901,34.66076033,193.424,-901,-901,-901,-901,-901,80.68958375,0.414,153.7296165,188.4932231,0.4,41.46,-901,27.46869421,-901,-901,-901,-901
3/31/1983,40.18214876,50.73342149,3.375669421,247.5330331,247.5330331,242.8760331,58.695,13.937,-901,6.963,-901,15.93758678,30.82373554,-901,0.102,0.18,58.695,13.937,13.937,-901,-901,39.19219835,192.782,-901,-901,-901,-901,-901,175.3467703,0.401,282.0759702,323.1173554,0.5,41.62,-901,45.78981818,-901,-901,-901,-901
4/30/1983,19.55305785,24.18842975,3.498842975,137.0922066,137.0922066,139.7752066,55.797,13.156,-901,6.963,-901,15.76859504,27.90743802,-901,0.169,0.29,55.797,13.156,13.156,-901,-901,34.84561983,236.815,-901,-901,-901,-901,-901,3.304462686,0.537,150.4604218,129.8380165,0.6,41.7,-901,19.7077686,-901,-901,-901,-901
5/31/1983,22.89798347,26.05844628,22.89798347,315.4256777,315.4256777,209.9186777,121.914,46.85,-901,10.956,-901,64.80793388,20.42618182,-901,0.377,0.512,121.914,46.85,46.85,-901,-901,24.04780165,261.653,-901,-901,-901,-901,-901,6.170379934,0.814,329.1177168,136.3795041,1.3,41.51,-901,22.36919008,-901,-901,-901,-901
6/30/1983,10.76429752,9.699173554,33.57818182,400.9292975,400.9292975,371.4842975,138.792,50.69,-901,17.665,-901,194.4,32.63801653,-901,0.471,0.602,138.792,50.69,50.69,-901,-901,35.38115702,255.334,-901,-901,-901,-901,-901,12.75054498,0.945,397.797489,63.49090909,3.7,41.29,-901,8.84231405,-901,-901,-901,-901
7/31/1983,4.187305785,3.867570248,16.15894215,223.0300496,223.0300496,208.0740496,141.376,51.727,-901,26.318,-901,112.522314,33.19100826,-901,0.665,0.865,141.376,51.727,51.727,-901,-901,35.3861157,242.861,-901,-901,-901,-901,-901,14.53447879,1.152,223.6961985,21.26241322,4.9,39.06,-901,1.069884298,-901,-901,-901,-901
8/31/1983,2.354975207,2.035239669,1.549487603,41.40565289,41.40565289,68.68165289,123.633,44.116,-901,21.555,-901,24.96396694,30.62697521,-901,0.65,0.84,123.633,44.116,44.116,-901,-901,31.56158678,227.47,-901,-901,-901,-901,-901,15.06228043,1.351,45.77551816,7.009586777,5.2,34.6,-901,0.497434711,-901,-901,-901,-901
9/30/1983,1.77322314,1.880330579,0.928264463,23.8623719,23.8623719,56.4753719,104.33,36.886,-901,13.299,-901,14.97719008,31.62644628,-901,0.432,0.569,104.33,36.886,36.886,-901,-901,32.69157025,217.685,-901,-901,-901,-901,-901,10.02823103,1.175,28.36343146,4.879338843,3.9,31.18,-901,0.427834711,-901,-901,-901,-901
10/31/1983,1.67246281,1.635570248,0.860826446,16.67431405,16.67431405,55.23431405,83.669,24.303,-901,6.482,-901,15.52561983,31.08813223,-901,0.258,0.353,83.669,24.303,24.303,-901,-901,32.20105785,211.598,-901,-901,-901,-901,-901,7.531239387,0.89,22.30540125,4.894413223,2.4,29.39,-901,0.500509091,-901,-901,-901,-901
11/30/1983,11.56165289,11.74016529,10.65719008,161.6340248,161.6340248,115.5570248,113.026,36.822,-901,9.619,-901,15.59008264,31.72760331,-901,0.161,0.225,113.026,36.822,36.822,-901,-901,34.38743802,170.571,-901,-901,-901,-901,-901,92.72925272,0.678,173.7121884,93.4214876,1,40.13,-901,4.242644628,-901,-901,-901,-901
12/31/1983,22.86109091,26.0092562,8.091768595,194.1799256,194.1799256,178.9289256,118.416,45.79,-901,9.619,-901,20.74591736,33.06803306,-901,0.112,0.15,118.416,45.79,45.79,-901,-901,37.50128926,157.423,-901,-901,-901,-901,-901,96.03173194,0.631,208.1353102,202.7246281,0.7,41.46,-901,28.83768595,-901,-901,-901,-901
1/31/1984,10.46519008,10.21309091,3.947504132,90.96201653,90.96201653,113.9980165,100.969,39.538,-901,9.619,-901,19.33785124,33.5107438,-901,0.104,0.147,100.969,39.538,39.538,-901,-901,37.2,158.084,-901,-901,-901,-901,-901,19.10677614,0.412,96.04935982,71.44859504,0.8,41.56,-901,10.12700826,-901,-901,-901,-901
2/29/1984,7.379900826,7.535206612,2.277818182,63.11300826,63.11300826,87.71900826,81.072,34.003,-901,9.619,-901,15.96198347,31.31424793,-901,0.108,0.134,81.072,34.003,34.003,-901,-901,34.31107438,180.438,-901,-901,-901,-901,-901,2.231404875,0.584,67.15603738,60.74181818,0.9,41.3,-901,7.822809917,-901,-901,-901,-901
3/31/1984,8.952595041,9.512132231,4.83907438,90.20317355,90.20317355,95.85917355,72.539,35.62,-901,9.619,-901,15.18128926,33.33242975,-901,0.171,0.202,72.539,35.62,35.62,-901,-901,36.80033058,199.905,-901,-901,-901,-901,-901,2.937520551,0.887,95.13464695,71.44859504,1,41.41,-901,10.21923967,-901,-901,-901,-901
4/30/1984,5.932561983,5.896859504,6.533553719,94.69052066,94.69052066,79.49752066,80.239,41.798,-901,9.699,-901,16.39933884,30.4661157,-901,0.287,0.323,80.239,41.798,41.798,-901,-901,33.47702479,200.494,-901,-901,-901,-901,-901,8.603305463,0.625,97.31957086,43.99735537,1.2,41.31,-901,5.974214876,-901,-901,-901,-901
5/31/1984,3.855272727,3.879867769,17.58545455,228.5818678,228.5818678,144.4958678,139.842,51.504,-901,22.559,-901,79.81090909,18.00971901,-901,0.462,0.56,139.842,51.504,51.504,-901,-901,19.74366942,190.991,-901,-901,-901,-901,-901,13.28390033,0.895,231.9165648,30.03054545,2.4,40.94,-901,3.283438017,-901,-901,-901,-901
6/30/1984,2.207603306,2.273057851,7.491570248,109.7010331,109.7010331,108.4760331,141.088,49.735,-901,21.872,-901,54.55338843,32.5368595,-901,0.48,0.622,141.088,49.735,49.735,-901,-901,35.21454545,177.239,-901,-901,-901,-901,-901,14.55054491,1.333,110.3712389,10.47867769,3.5,38.8,-901,0.934214876,-901,-901,-901,-901
7/31/1984,1.205157025,1.186710744,0.36277686,22.7847438,22.7847438,57.3187438,115.753,40.994,-901,18.4,-901,17.69613223,33.81203306,-901,0.631,0.832,115.753,40.994,40.994,-901,-901,35.39841322,159.266,-901,-901,-901,-901,-901,16.73414813,1.551,25.81054869,4.28568595,4.8,33.78,-901,1.063735537,-901,-901,-901,-901
8/31/1984,0.854677686,0.621024793,0.02514843,4.925123967,4.925123967,48.48912397,86.846,28.032,-901,13.73,-901,12.648,33.89196694,-901,0.558,0.753,86.846,28.032,28.032,-901,-901,34.21785124,141.307,-901,-901,-901,-901,-901,16.33150352,1.664,9.812856509,2.447206612,4.4,29.09,-901,0.787041322,-901,-901,-901,-901
9/30/1984,0.839008264,0.360595041,0.012198347,2.735619835,2.735619835,34.12561983,72.104,15.267,-901,7.782,-901,1.017520661,32.51900826,-901,0.32,0.49,72.104,15.267,15.267,-901,-901,32.35834711,127.828,-901,-901,-901,-901,-901,11.78142105,1.255,7.605783317,1.82677686,3.5,25.27,-901,0.654545455,-901,-901,-901,-901
10/31/1984,1.008396694,1.149818182,0.444555372,8.902438017,8.902438017,38.25143802,53.234,7.814,-901,3.525,-901,1.063735537,33.84277686,-901,0.153,0.3,53.234,7.814,7.814,-901,-901,34.61752066,124.448,-901,-901,-901,-901,-901,4.050247782,0.778,11.03699258,4.224198347,1.7,23.6,-901,0.965355372,-901,-901,-901,-901
11/30/1984,4.081983471,2.850247934,2.564628099,34.78127273,34.78127273,45.68727273,41.22,10.337,-901,1.275,-901,0.474842975,32.04297521,-901,0.086,0.163,41.22,10.337,10.337,-901,-901,33.91735537,130.143,-901,-901,-901,-901,-901,2.445223049,0.586,40.53104998,17.4585124,0.9,25.29,-901,1.112727273,-901,-901,-901,-901
12/31/1984,2.207404959,2.213553719,1.168264463,20.93127273,20.93127273,42.54327273,22.112,7.189,-901,1.165,-901,0.391676033,32.77289256,-901,0.05,0.083,22.112,7.189,7.189,-901,-901,34.82657851,135.186,-901,-901,-901,-901,-901,2.054875956,0.621,24.533527,13.96383471,1,25.85,-901,0.940760331,-901,-901,-901,-901
1/31/1985,2.133619835,1.813884298,1.235900826,19.41208264,19.41208264,23.89408264,16.439,7.335,-901,1.357,-901,0.397209917,15.33500826,-901,0.038,0.067,16.439,7.335,7.335,-901,-901,17.0505124,138.429,-901,-901,-901,-901,-901,2.039008188,0.748,20.9178108,8.755834711,0.8,25.99,-901,0.891570248,-901,-901,-901,-901
2/28/1985,2.599140496,3.19338843,1.67722314,27.98226446,27.98226446,34.81626446,10.704,5.542,-901,1.412,-901,0.398201653,20.2488595,-901,0.036,0.058,10.704,5.542,5.542,-901,-901,22.2926281,153.659,-901,-901,-901,-901,-901,1.788297454,0.545,29.85395827,25.34717355,0.8,27.58,-901,1.166280992,-901,-901,-901,-901
3/31/1985,4.666909091,5.238743802,2.170512397,46.47867769,46.47867769,50.70267769,5.819,5.264,-901,1.737,-901,0.43717686,27.34353719,-901,0.058,0.072,5.819,5.264,5.264,-901,-901,30.77454545,173.887,-901,-901,-901,-901,-901,3.006942036,0.484,50.5343909,33.8058843,0.9,30.56,-901,1.254347107,-901,-901,-901,-901
4/30/1985,6.331239669,6.747768595,11.0677686,138.4077603,138.4077603,61.34876033,58.369,22.779,-901,7.5,-901,4.070082645,24.18247934,-901,0.177,0.222,58.369,22.779,22.779,-901,-901,30.53157025,172.738,-901,-901,-901,-901,-901,7.594710459,0.832,138.7178648,36.52958678,1.2,36.6,-901,0.934214876,-901,-901,-901,-901
5/31/1985,2.545586777,2.477950413,9.874909091,141.6599669,141.6599669,31.65996694,130.142,46.496,-901,19.872,-901,1.020694215,16.73692562,-901,0.4,0.524,130.142,46.496,46.496,-901,-901,18.48317355,159.989,-901,-901,-901,-901,-901,13.46816478,1.214,143.9871309,15.48257851,3.3,35.69,-901,0.639471074,-901,-901,-901,-901
6/30/1985,1.172231405,0.910413223,1.60661157,34.32223967,34.32223967,29.37123967,131.35,47.421,-901,20.365,-901,1.23768595,24.48,-901,0.46,0.602,131.35,47.421,47.421,-901,-901,25.42016529,145.123,-901,-901,-901,-901,-901,14.39702425,1.263,35.93112193,4.058181818,3.9,32.52,-901,0.291570248,-901,-901,-901,-901
7/31/1985,0.435947107,0.277923967,0.059827438,4.12292562,4.12292562,30.12892562,114.606,44.047,-901,11.876,-901,1.131371901,28.49335537,-901,0.632,0.818,114.606,44.047,44.047,-901,-901,29.19431405,127.828,-901,-901,-901,-901,-901,16.31761922,1.151,5.244817151,1.242049587,4.7,27.71,-901,0.352938843,-901,-901,-901,-901
8/31/1985,0.373229752,0.310512397,0.016109752,2.171876033,2.171876033,33.35087603,93.187,35.307,-901,8.31,-901,2.201256198,31.00819835,-901,0.594,0.76,93.187,35.307,35.307,-901,-901,30.0858843,111.008,-901,-901,-901,-901,-901,16.28965228,1.192,2.639242532,0.682512397,4.2,22.6,-901,0.247180165,-901,-901,-901,-901
9/30/1985,0.51768595,0.411173554,0.133884298,4.870099174,4.870099174,33.10809917,76.053,26.305,-901,4.383,-901,2.183801653,29.28198347,-901,0.38,0.501,76.053,26.305,26.305,-901,-901,28.35371901,100.807,-901,-901,-901,-901,-901,10.07583433,0.944,4.68553062,1.44,2.6,20.76,-901,0.379041322,-901,-901,-901,-901
10/31/1985,1.340429752,0.621024793,0.295140496,6.000429752,6.000429752,36.30842975,60.212,13.278,-901,1.606,-901,2.207404959,32.92661157,-901,0.21,0.31,60.212,13.278,13.278,3.836826446,-901,32.21950413,95.426,-901,-901,-901,-901,-901,5.555702271,0.817,6.26469584,1.740099174,1.9,18.81,-901,0.40458843,-901,-901,-901,-901
11/30/1985,1.166280992,1.62446281,0.540892562,14.13675207,14.13675207,38.90975207,37.11,10.538,-901,1.714,-901,1.362644628,31.56099174,-901,0.09,0.17,37.11,10.538,10.538,4.421157025,-901,31.22181818,96.384,-901,-901,-901,-901,-901,2.559074284,0.701,16.02159137,7.134545455,1.4,18.63,-901,0.55814876,-901,-901,-901,-901
12/31/1985,2.145917355,2.853024793,2.059834711,29.27658678,29.27658678,39.00158678,28.017,9.316,-901,1.414,-901,1.438809917,26.29824793,-901,0.054,0.085,28.017,9.316,9.316,5.964297521,-901,27.02995041,99.179,-901,-901,-901,-901,-901,2.45950404,0.751,30.30051878,18.31100826,1.3,20.35,-901,0.664066116,-901,-901,-901,-901
1/31/1986,4.697652893,6.51768595,4.888264463,70.82695041,70.82695041,52.32595041,35.835,15.355,-901,5.379,-901,2.98214876,24.53970248,-901,0.059,0.081,35.835,15.355,15.355,11.55966942,-901,26.86393388,108.938,-901,-901,-901,-901,-901,2.473388337,0.539,75.47964226,41.87920661,1.2,26.58,-901,1.143669421,-901,-901,-901,-901
2/28/1986,42.66366942,53.28238017,10.52985124,340.2170661,340.2170661,265.9120661,84.98,37.461,-901,7.777,-901,10.12998347,20.67649587,-901,0.091,0.11,84.98,37.461,37.461,94.52429752,-901,19.70459504,186.901,-901,-901,-901,-901,-901,107.2918968,0.455,366.3561296,367.1008264,0.9,41.54,-901,45.56826446,-901,-901,-901,-901
3/31/1986,24.35523967,26.83933884,13.01077686,237.5432975,237.5432975,191.9642975,120.205,46.921,-901,7.777,-901,41.19669421,13.37355372,-901,0.185,0.23,120.205,46.921,46.921,114.0595041,-901,0,195.808,-901,-901,-901,-901,-901,72.85288983,0.479,277.2997911,177.637686,1,41.45,-901,24.47206612,-901,-901,-901,-901
4/30/1986,8.479338843,8.759008264,10.6214876,142.9141488,142.9141488,124.5421488,137.08,47.135,-901,7.777,-901,64.08595041,3.308429752,-901,0.31,0.41,137.08,47.135,47.135,95.32561983,-901,0.192198347,202.234,-901,-901,-901,-901,-901,4.849189901,0.563,149.5889071,48.98975207,1.2,41.32,-901,6.378842975,-901,-901,-901,-901
5/31/1986,4.734545455,4.396363636,17.68383471,207.4385124,207.4385124,193.3785124,137.08,49.371,-901,17.794,-901,110.985124,33.43080992,-901,0.47,0.62,137.08,49.371,49.371,140.3761983,-901,34.16866116,194.582,-901,-901,-901,-901,-901,11.9724293,0.717,217.4211706,26.1014876,2.5,40.81,-901,2.539438017,-901,-901,-901,-901
6/30/1986,2.641983471,1.969586777,10.3477686,147.8856777,147.8856777,132.1586777,141.088,50.028,-901,26.629,-901,76.64132231,33.41157025,-901,0.48,0.62,141.088,50.028,50.028,93.4214876,-901,32.84033058,179.574,-901,-901,-901,-901,-901,15.00733828,1.127,146.4315453,8.711404959,4,37.77,-901,0.452231405,-901,-901,-901,-901
7/31/1986,1.260495868,0.940760331,0.493130579,24.11587603,24.11587603,44.51087603,127.926,43.018,-901,23.577,-901,5.988892562,31.85672727,-901,0.64,0.85,127.926,43.018,43.018,8.903404959,-901,30.98360331,162.461,-901,-901,-901,-901,-901,15.43933826,1.339,24.87003628,3.264991736,4.5,33.36,-901,0.657917355,-901,-901,-901,-901
8/31/1986,1.026842975,0.372,0.02410314,6.386487603,6.386487603,37.2614876,109.202,37.333,-901,14.317,-901,2.059834711,32.96965289,-901,0.6,0.8,109.202,37.333,37.333,3.670809917,-901,31.48165289,145.123,-901,-901,-901,-901,-901,15.50122256,1.394,6.106571918,1.561785124,4.4,28.82,-901,0.410122314,-901,-901,-901,-901
9/30/1986,1.23768595,0.678347107,0.045044628,5.72161157,5.72161157,36.16661157,95.777,24.356,-901,8.295,-901,1.981487603,31.31107438,-901,0.38,0.55,95.777,24.356,24.356,3.873719008,-901,29.8353719,135.503,-901,-901,-901,-901,-901,8.889520328,1.049,5.396473824,2.16,3.1,25.9,-901,0.522446281,-901,-901,-901,-901
10/31/1986,1.48185124,0.707107438,0.191226446,7.982429752,7.982429752,37.05242975,81.072,12.442,-901,4.399,-901,2.084429752,31.31563636,-901,0.205,0.345,81.072,12.442,12.442,3.91061157,-901,30.25804959,130.998,-901,-901,-901,-901,-901,4.235305626,0.895,6.298738665,2.502545455,2.1,23.86,-901,0.498049587,-901,-901,-901,-901
11/30/1986,0.874710744,0.571239669,0.024575207,4.005809917,4.005809917,36.86280992,55.103,7.068,-901,1.672,-901,1.267438017,31.78115702,-901,0.09,0.19,55.103,7.068,7.068,3.118016529,-901,32.42380165,127.393,-901,-901,-901,-901,-901,3.851305641,0.933,2.680241177,2.302809917,1.6,22.43,-901,0.354644628,-901,-901,-901,-901
12/31/1986,0.707107438,0.700958678,0.035478347,4.792900826,4.792900826,32.48390083,26.801,7.045,-901,1.386,-901,1.389619835,27.04224793,-901,0.04,0.09,26.801,7.045,7.045,3.35107438,-901,27.46036364,125.384,-901,-901,-901,-901,-901,3.235041201,0.79,4.107904043,3.142016529,1.3,21.52,-901,0.403358678,-901,-901,-901,-901
1/31/1987,0.92231405,1.002247934,0.182003306,7.864966942,7.864966942,24.96396694,12.227,3.708,-901,1.386,-901,1.285090909,18.05890909,-901,0.035,0.07,12.227,3.708,3.708,4.211900826,-901,18.28641322,123.869,-901,-901,-901,-901,-901,3.883636218,0.707,9.514596677,4.771438017,1.3,21.06,-901,0.523259504,-901,-901,-901,-901
2/28/1987,1.916033058,1.660561983,1.060760331,18.55961983,18.55961983,17.27761983,9.852,6.36,-901,1.646,-901,1.082975207,6.281256198,-901,0.03,0.05,9.852,6.36,6.36,4.465190083,-901,7.691900826,128.957,-901,-901,-901,-901,-901,2.509090815,0.665,23.55395356,13.07345455,0.8,22.46,-901,0.61646281,-901,-901,-901,-901
3/31/1987,3.701553719,3.756892562,2.096727273,37.92101653,37.92101653,24.71801653,13.735,13.646,-901,2.927,-901,1.229752066,6.493090909,-901,0.09,0.08,13.735,13.646,13.646,5.58307438,-901,9.161652893,144.109,-901,-901,-901,-901,-901,2.263140411,0.583,44.73579121,28.92991736,0.8,25.98,-901,0.959206612,-901,-901,-901,-901
4/30/1987,1.802975207,1.779173554,8.937520661,84.99714876,84.99714876,21.58214876,54.977,29.808,-901,7.637,-901,1.392396694,10.77619835,-901,0.22,0.23,54.977,29.808,29.808,5.313719008,-901,12.02578512,135.953,-901,-901,-901,-901,-901,9.725553354,0.851,85.53271756,10.68099174,1.4,26.68,-901,0.366545455,-901,-901,-901,-901
5/31/1987,0.983801653,0.965355372,5.718347107,79.67026446,79.67026446,16.79226446,90.151,46.212,-901,16.99,-901,1.684760331,9.967140496,-901,0.42,0.47,90.151,46.212,46.212,4.83907438,-901,10.23768595,120.524,-901,-901,-901,-901,-901,14.40178458,1.057,80.76926213,5.361719008,2.7,25.19,-901,0.289606612,-901,-901,-901,-901
6/30/1987,0.600991736,0.481983471,0.482578512,11.13696694,11.13696694,21.12396694,81.604,43.223,-901,16.559,-901,1.416198347,18.57719008,-901,0.45,0.51,81.604,43.223,43.223,2.963305785,-901,18.41057851,104.267,-901,-901,-901,-901,-901,14.18439616,1.02,12.21642035,1.463801653,3.3,22.45,-901,0.248132231,-901,-901,-901,-901
7/31/1987,0.670214876,0.241646281,0.032096529,3.450016529,3.450016529,32.15801653,61.684,35.244,-901,13.5,-901,1.414214876,29.62472727,-901,0.59,0.65,61.684,35.244,35.244,2.275041322,-901,29.13897521,87.049,-901,-901,-901,-901,-901,14.988892,1.01,2.39104312,0.435947107,3.6,19.4,-901,0.160482645,-901,-901,-901,-901
8/31/1987,0.249024793,0.126664463,0.005349421,1.456661157,1.456661157,31.19266116,42.359,29.23,-901,6.879,-901,1.426512397,29.73540496,-901,0.54,0.57,42.359,29.23,29.23,2.22585124,-901,28.75160331,70.078,-901,-901,-901,-901,-901,15.83047875,1.114,0.695207584,0.112522314,3.3,16.75,-901,0.109447934,-901,-901,-901,-901
9/30/1987,0.20231405,0.128528926,0.005295868,1.438066116,1.438066116,27.59206612,28.154,16.887,-901,5.574,-901,1.398347107,26.04495868,-901,0.33,0.34,28.154,16.887,16.887,2.34446281,-901,25.2,59.23,-901,-901,-901,-901,-901,10.18710706,1.029,1.005775539,0.09877686,2.5,14.49,-901,0.084495868,-901,-901,-901,-901
10/31/1987,0.26193719,0.215821488,0.011129256,1.915041322,1.915041322,14.17904132,23.935,10.337,-901,2.778,-901,1.432661157,12.31596694,-901,0.17,0.2,23.935,10.337,10.337,2.754644628,-901,11.76257851,56.202,-901,-901,-901,-901,-901,2.489256105,0.931,2.18863599,0.597659504,2,12.53,-901,0.157408264,-901,-901,-901,-901
11/30/1987,0.452826446,0.29692562,0.156495868,5.551396694,5.551396694,12.91239669,19.862,7.045,-901,1.691,-901,1.487603306,9.818181818,-901,0.09,0.11,19.862,7.045,7.045,3.21322314,-901,9.830082645,54.121,-901,-901,-901,-901,-901,2.013223065,0.891,6.010883694,1.767272727,0.9,11.86,-901,0.254677686,-901,-901,-901,-901
12/31/1987,0.774743802,0.506657851,0.823933884,10.31241322,10.31241322,17.54241322,14.29,4.621,-901,1.683,-901,1.635570248,12.6172562,-901,0.04,0.06,14.29,4.621,4.621,3.978247934,-901,12.88780165,52.652,-901,-901,-901,-901,-901,2.052892485,0.674,11.04182173,4.015140496,0.8,11.94,-901,0.366466116,-901,-901,-901,-901
1/31/1988,1.426512397,1.383471074,1.10677686,17.57390083,17.57390083,21.32390083,9.534,4.199,-901,2.208,0.201064463,1.746247934,13.0046281,0.221970248,0.03,0.05,9.534,4.199,4.199,4.968198347,-901,13.98842975,55.187,-901,-901,-901,-901,-901,2.054875956,0.823,21.18705425,13.23213223,0.8,13.54,-901,0.633322314,-901,-901,-901,-901
2/29/1988,0.960595041,0.632727273,1.972958678,19.18800826,19.18800826,13.94300826,11.48,6.403,-901,2.283,0.180614876,1.524297521,8.760396694,-901,0.03,0.05,11.48,6.403,6.403,3.86538843,-901,10.05461157,55.25,-901,-901,-901,-901,-901,1.20991731,0.94,20.86534779,6.281256198,0.7,14.43,-901,0.284152066,-901,-901,-901,-901
3/31/1988,1.721652893,1.223603306,3.959801653,41.05066116,41.05066116,16.31266116,21.789,15.179,-901,6.507,0.221970248,1.580231405,7.931900826,0.221970248,0.09,0.1,21.789,15.179,15.179,4.722247934,-901,9.272330579,54.512,-901,-901,-901,-901,-901,3.118016412,1.239,41.84233259,9.161652893,0.6,16.156,-901,0.385527273,-901,-901,-901,-901
4/30/1988,1.166280992,1.190082645,5.635041322,65.97842149,65.97842149,18.30942149,46.271,31.337,-901,12.062,0.194578512,1.499504132,10.81785124,0.208859504,0.23,0.23,46.271,31.337,31.337,5.194710744,-901,11.43669421,51.995,-901,-901,-901,-901,-901,4.744462632,1.014,68.49499042,8.729256198,0.6,17.83,-901,0.34214876,-901,-901,-901,-901
5/31/1988,1.051438017,1.008396694,4.525487603,67.39280165,67.39280165,22.55980165,72.974,43.492,-901,16.242,0.155563636,1.561785124,15.86995041,0.22627438,0.42,0.43,72.974,43.492,43.492,4.728396694,-901,15.78386777,48.302,-901,-901,-901,-901,-901,3.760661016,0.945,67.84195366,6.450049587,0.6,18.62,-901,0.271160331,-901,-901,-901,-901
6/30/1988,0.46353719,0.504,1.142479339,21.98749587,21.98749587,26.58049587,71.743,38.041,-901,16.471,0.174942149,1.463801653,24.2538843,0.214214876,0.43,0.47,71.743,38.041,38.041,3.08231405,-901,23.98016529,39.003,-901,-901,-901,-901,-901,8.663801328,0.96,22.3289929,2.070743802,1.3,18.53,-901,0.253487603,-901,-901,-901,-901
7/31/1988,0.400899174,0.14265124,0.054170579,1.952694215,1.952694215,27.80469421,56.689,30.099,-901,11.321,0.166016529,1.488,27.44806612,0.067636364,0.55,0.62,56.689,30.099,30.099,2.428760331,-901,26.55649587,28.478,-901,-901,-901,-901,-901,10.41718969,1.124,3.583305878,0.304363636,2.1,16.8,-901,0.124819835,-901,-901,-901,-901
8/31/1988,0.37507438,0.055646281,0.008915702,0,-1.700066116,23.14393388,45.416,18.791,-901,6.914,0.164171901,1.500297521,23.88793388,0.010760331,0.48,0.56,45.416,18.791,18.791,2.348826446,-901,22.74426446,19.448,-901,-901,-901,-901,-901,9.419503779,1.104,-0.38454106,0.000122975,2.2,14.97,-901,0.05515438,-901,-901,-901,-901
9/30/1988,0.250512397,0.032608264,0.004046281,0,-0.506206612,20.06479339,33.104,10.538,-901,5.243,0.167801653,1.463801653,20.21355372,0.005890909,0.27,0.36,33.104,10.538,10.538,2.219504132,-901,20.13619835,15.431,-901,-901,-901,-901,-901,3.901487457,1.035,-0.055141807,0,1.8,13.53,-901,0.039927273,-901,-901,-901,-901
10/31/1988,0.249024793,0.101454545,0.003320331,0.125107438,0.125107438,13.35510744,26.979,3.865,-901,3.557,0.160482645,1.580231405,12.2606281,0.006763636,0.12,0.22,26.979,3.865,3.865,2.42261157,-901,12.6172562,14.975,-901,-901,-901,-901,-901,0.237024785,0.914,0.658708171,0.022873388,0.7,12.12,-901,0.07132562,-901,-901,-901,-901
11/30/1988,0.530181818,0.500429752,0.395107438,8.377867769,8.377867769,12.49586777,20.912,4.545,-901,3.866,0.180297521,1.547107438,6.003966942,-901,0.04,0.12,20.912,4.545,4.545,3.302479339,-901,9.699173554,14.933,-901,-901,-901,-901,-901,0.122181814,0.8,9.264345079,2.49322314,0.3,12.36,-901,0.315966942,-901,-901,-901,-901
12/31/1988,0.494975207,0.524489256,0.670214876,9.169247934,9.169247934,12.90624793,15.446,6.903,-901,2.367,0.170320661,1.574082645,9.358413223,-901,0.04,0.06,15.446,6.903,6.903,3.363371901,-901,9.739636364,16.006,-901,-901,-901,-901,-901,0.121388425,0.77,9.606542651,3.098975207,0.3,12.87,-901,0.285917355,-901,-901,-901,-901
1/31/1989,0.657917355,0.419960331,0.946909091,10.16931405,10.16931405,12.82631405,10.959,7.712,-901,2.162,0.204753719,1.592528926,8.350016529,-901,0.05,0.06,10.959,7.712,7.712,3.590876033,-901,9.100165289,18.065,-901,-901,-901,-901,-901,0.481785106,1.116,11.03810361,4.685355372,0.3,14.79,-901,0.338181818,-901,-901,-901,-901
2/28/1989,0.855272727,1.155173554,1.593917355,24.07098347,24.07098347,14.16198347,14.422,8.076,-901,7.233,0.221038017,1.410644628,7.242049587,-901,0.05,0.05,14.422,8.076,8.076,4.048661157,-901,8.497190083,19.8,-901,-901,-901,-901,-901,1.133156982,0.911,24.81761416,8.169520661,0.3,18.17,-901,0.373209917,-901,-901,-901,-901
3/31/1989,8.688198347,10.0286281,10.55742149,141.9701653,141.9701653,60.43616529,67.186,34.932,-901,8.346,0.332033058,1.592528926,10.29917355,-901,0.14,0.15,67.186,34.932,34.932,16.53401653,-901,20.1494876,38.518,-901,-901,-901,-901,-901,0.163636358,0.511,147.3786858,88.11173554,0.3,36.728,-901,1.992198347,-901,-901,-901,-901
4/30/1989,4.33785124,3.760661157,13.38247934,157.3820826,157.3820826,80.39008264,124.45,50.838,-901,10.37,0.339173554,15.61983471,27.8122314,-901,0.3,0.36,124.45,50.838,50.838,36.13090909,-901,32.61421488,41.401,-901,-901,-901,-901,-901,0.145190077,1.138,156.5764206,36.59504132,0.3,40.8,-901,3.909421488,-901,-901,-901,-901
5/31/1989,1.66631405,1.155966942,10.17619835,131.5817025,131.5817025,105.6357025,139.46,51.572,-901,18.419,0.344330579,51.01626446,32.42856198,-901,0.48,0.61,139.46,51.572,51.572,64.43900826,-901,32.63147107,37.473,-901,-901,-901,-901,-901,4.119074226,1.063,132.0167426,14.04991736,0.7,40.61,-901,1.752396694,-901,-901,-901,-901
6/30/1989,0.636694215,0.503404959,3.534545455,67.65233884,67.65233884,69.67933884,136.891,46.071,-901,22.343,0.33322314,34.22082645,27.68727273,-901,0.47,0.62,136.891,46.071,46.071,36.93421488,-901,27.48495868,32.643,-901,-901,-901,-901,-901,3.959008116,1.029,64.82255643,4.040330579,1.4,38.34,-901,0.412363636,-901,-901,-901,-901
7/31/1989,0.493745455,0.182003306,0.096535537,5.80685124,5.80685124,34.21785124,121.914,35.746,-901,16.586,0.307438017,2.428760331,31.61077686,0.094690909,0.6,0.83,121.914,35.746,35.746,3.879867769,-901,31.35867769,27.756,-901,-901,-901,-901,-901,4.292627938,1.218,7.110983613,1.057586777,1.7,34.6,-901,0.340026446,-901,-901,-901,-901
8/31/1989,0.349249587,0.056814545,0.015248926,1.664818182,1.664818182,30.90981818,105.347,25.812,-901,11.199,0.288991736,2.533289256,29.24965289,0.018938182,0.53,0.79,105.347,25.812,25.812,3.523239669,-901,29.31728926,22.191,-901,-901,-901,-901,-901,4.753586599,1.323,2.615581336,0.32711405,1.5,31.35,-901,0.19368595,-901,-901,-901,-901
9/30/1989,0.462347107,0.279669421,0.090446281,5.486471074,5.486471074,32.70347107,89.834,16.067,-901,7.348,0.279669421,2.439669421,28.42512397,-901,0.32,0.53,89.834,16.067,16.067,3.564297521,-901,28.38942149,21.706,-901,-901,-901,-901,-901,0.263603296,1.042,5.366567979,0.981818182,1.1,29.22,-901,0.309421488,-901,-901,-901,-901
10/31/1989,0.768595041,0.92231405,0.873123967,12.03363636,12.03363636,23.13163636,82.979,13.481,-901,4.166,0.338181818,2.625520661,17.11814876,-901,0.18,0.34,82.979,13.481,13.481,4.722247934,-901,17.22882645,21.662,-901,-901,-901,-901,-901,0.197950406,1.005,12.18408249,3.461752066,0.9,28.4,-901,0.707107438,-901,-901,-901,-901
11/30/1989,0.821157025,0.72,0.791404959,15.94559504,15.94559504,35.92859504,67.116,9.91,-901,2.347,0.174347107,1.64231405,30.0614876,-901,0.1,0.2,67.116,9.91,9.91,3.78446281,-901,31.09090909,19.673,-901,-901,-901,-901,-901,2.962115591,0.97,15.33948403,3.998677686,0.5,28.55,-901,0.384991736,-901,-901,-901,-901
12/31/1989,0.56568595,0.386142149,0.910016529,11.97692562,11.97692562,34.59292562,44.627,7.213,-901,3.768,0.188152066,1.604826446,31.17421488,0.220740496,0.05,0.11,44.627,7.213,7.213,3.54168595,-901,32.0227438,17.397,-901,-901,-901,-901,-901,2.993057739,0.989,10.50591864,3.33877686,0.4,28.47,-901,0.250254545,-901,-901,-901,-901
1/31/1990,1.039140496,1.346578512,1.371173554,17.31972727,17.31972727,32.60072727,28.888,8.023,-901,2.57,0.206598347,1.48185124,25.90472727,0.225044628,0.05,0.09,28.888,8.023,8.023,4.027438017,-901,26.99920661,21.255,-901,-901,-901,-901,-901,0.140429747,0.706,19.25163786,8.208595041,0.5,29.41,-901,0.502968595,-901,-901,-901,-901
2/28/1990,1.294016529,2.016,1.216264463,15.8927686,15.8927686,22.2037686,21.789,8.102,-901,2.577,0.193824793,1.332892562,14.86175207,-901,0.05,0.07,21.789,8.102,8.102,3.854280992,-901,15.53930579,31.507,-901,-901,-901,-901,-901,0.151933879,0.582,20.99249239,11.82942149,0.6,30.23,-901,0.56092562,-901,-901,-901,-901
3/31/1990,4.175008264,4.630016529,3.886016529,57.46253719,57.46253719,32.55153719,31.657,16.658,-901,8.104,0.241646281,1.475702479,12.83861157,-901,0.1,0.12,31.657,16.658,16.658,6.732892562,-901,17.12429752,42.39,-901,-901,-901,-901,-901,0.18466115,0.74,63.43687519,26.8762314,0.4,35.27,-901,0.762446281,-901,-901,-901,-901
4/30/1990,2.909752066,2.195702479,8.062809917,96.52122314,96.52122314,23.37322314,77.687,42.203,-901,8.093,0.255272727,1.499504132,10.03239669,-901,0.26,0.28,77.687,42.203,42.203,7.128595041,-901,12.0138843,44.369,-901,-901,-901,-901,-901,0.209454538,1.044,99.53591726,16.26842975,0.7,38.04,-901,0.320132231,-901,-901,-901,-901
5/31/1990,1.635570248,1.069884298,4.623867769,72.50250413,72.50250413,32.21950413,99.225,50.985,-901,15.892,0.301289256,2.391867769,24.59504132,0.218895868,0.46,0.51,99.225,50.985,50.985,5.896661157,-901,25.30214876,40.82,-901,-901,-901,-901,-901,4.644297347,1.194,73.55502948,8.091768595,0.8,38.57,-901,0.383067769,-901,-901,-901,-901
6/30/1990,1.231735537,0.868760331,2.058842975,33.31963636,33.31963636,33.64363636,104.923,42.882,-901,15.942,0.279669421,2.302809917,27.30644628,-901,0.46,0.54,104.923,42.882,42.882,5.081652893,-901,28.31801653,36.053,-901,-901,-901,-901,-901,4.994776672,1.031,35.11388461,6.349090909,1,38.58,-901,0.336793388,-901,-901,-901,-901
7/31/1990,0.535557025,0.213361983,0.098380165,4.094892562,4.094892562,32.02889256,89.439,34.373,-901,9.349,0.308667769,2.311933884,30.14122314,0.112522314,0.59,0.74,89.439,34.373,34.373,3.578578512,-901,30.37487603,30.242,-901,-901,-901,-901,-901,5.004694027,1.322,4.195377086,1.285090909,2.2,35.92,-901,0.329573554,-901,-901,-901,-901
8/31/1990,0.454393388,0.08362314,0.017892893,1.284991736,1.284991736,28.56099174,73.921,24.09,-901,5.531,0.293295868,2.551735537,27.05454545,0.025455868,0.52,0.69,73.921,24.09,24.09,3.381818182,-901,27.2328595,23.592,-901,-901,-901,-901,-901,5.859768375,1.133,0.010631453,0.287761983,2.1,33.351,-901,0.152489256,-901,-901,-901,-901
9/30/1990,0.246347107,0.070214876,0.006069421,0,-1.008958678,27.95504132,54.539,14.402,-901,3.927,0.279669421,2.463471074,27.57421488,0.011186777,0.32,0.45,54.539,14.402,14.402,3.189421488,-901,27.33024793,20.164,-901,-901,-901,-901,-901,3.287603183,0.94,-1.022811366,0.216,2,31.051,-901,0.123173554,-901,-901,-901,-901
10/31/1990,0.307438017,0.113752066,0.011190744,0,-0.121603306,31.51239669,26.845,10.37,-901,2.687,0.282842975,2.496396694,30.06743802,0.011190744,0.16,0.25,26.845,10.37,10.37,3.326479339,-901,30.49170248,17.135,-901,-901,-901,-901,-901,2.943272617,0.922,-0.390543029,0.459312397,1.8,29.206,-901,0.150644628,-901,-901,-901,-901
11/30/1990,0.336198347,0.191008264,0.016066116,0.620942149,0.620942149,8.526942149,19.214,10.203,-901,1.602,0.180297521,1.463801653,6.759669421,0.022909091,0.09,0.12,19.214,10.203,10.203,2.766942149,-901,7.277355372,15.604,-901,-901,-901,-901,-901,1.49990077,0.767,0.392356138,1.077024793,0.5,28.56,-901,0.220165289,-901,-901,-901,-901
12/31/1990,0.338796694,0.174009917,0.020721322,2.624289256,2.624289256,11.46128926,11.045,8.344,-901,1.83,0.179543802,1.383471074,10.02247934,0.027239008,0.06,0.06,11.045,8.344,8.344,2.889917355,-901,10.1208595,15.266,-901,-901,-901,-901,-901,0.260231395,0.843,2.804707085,1.180561983,0.7,27.764,-901,0.248409917,-901,-901,-901,-901
1/31/1991,0.293910744,0.113752066,0.041073719,2.870438017,2.870438017,4.027438017,8.637,8.076,-901,2.406,0.18446281,1.377322314,1.543338843,0.047038017,0.05,0.05,8.637,8.076,8.076,3.062082645,-901,1.912264463,15.088,-901,-901,-901,-901,-901,0.194578505,0.843,3.51759866,1.315834711,0.9,26.915,-901,0.261322314,-901,-901,-901,-901
2/28/1991,0.316561983,0.140509091,0.306565289,2.479677686,2.479677686,7.358677686,7.188,4.405,-901,1.733,0.22214876,1.349553719,4.820628099,0.174942149,0.04,0.04,7.188,4.405,4.405,2.85461157,-901,5.342677686,15.438,-901,-901,-901,-901,-901,0.071404956,0.834,4.617574073,1.993785124,0.5,26.762,-901,0.258803306,-901,-901,-901,-901
3/31/1991,2.016793388,4.08892562,2.693157025,41.73452066,41.73452066,21.96952066,18.096,7.945,-901,5.974,0.245950413,1.321983471,3.695404959,-901,0.06,0.09,18.096,7.945,7.945,6.775933884,-901,6.118016529,54.669,-901,-901,-901,-901,-901,0.240991727,0.926,55.9206169,45.2917686,0.5,30.1,-901,1.174413223,-901,-901,-901,-901
4/30/1991,3.6,3.78446281,5.135206612,64.94806612,64.94806612,25.43206612,38.563,23.984,-901,7.587,0.238016529,1.434049587,6.378842975,-901,0.19,0.21,38.563,23.984,23.984,7.521322314,-901,10.47867769,59.05,-901,-901,-901,-901,-901,0.104727269,0.997,66.08346384,26.43173554,0.4,36.569,-901,0.531371901,-901,-901,-901,-901
5/31/1991,3.437157025,2.994446281,11.38750413,132.2782975,132.2782975,29.77229752,105.772,52.025,-901,12.866,0.301289256,1.537190083,9.432198347,-901,0.42,0.47,105.772,52.025,52.025,9.376859504,-901,12.77712397,54.528,-901,-901,-901,-901,-901,5.06261138,1.087,132.8044509,20.26631405,0.6,40.647,-901,0.416271074,-901,-901,-901,-901
6/30/1991,1.42214876,0.92231405,5.730247934,79.68944628,79.68944628,43.14644628,138.03,48.789,-901,18.317,0.273719008,10.33586777,22.37950413,-901,0.48,0.58,138.03,48.789,48.789,17.04793388,-901,25.30710744,47.795,-901,-901,-901,-901,-901,5.926016307,1.01,80.42820246,7.21785124,1.6,40.237,-901,0.342743802,-901,-901,-901,-901
7/31/1991,0.58597686,0.219510744,0.357857851,8.779338843,8.779338843,32.79133884,125.452,40.528,-901,12.375,0.300059504,2.299636364,27.93996694,0.168476033,0.63,0.84,125.452,40.528,40.528,4.027438017,-901,30.31953719,40.531,-901,-901,-901,-901,-901,6.217586544,1.299,8.316322275,1.752396694,1.6,38.28,-901,0.368310744,-901,-901,-901,-901
8/31/1991,0.260092562,0.126049587,0.026070744,1.097644628,1.097644628,28.79464463,110.847,28.828,-901,8.563,0.301289256,2.428760331,27.52185124,0.03695405,0.56,0.8,110.847,28.828,28.828,3.215801653,-901,27.39272727,33.453,-901,-901,-901,-901,-901,6.287008029,1.06,1.398736554,0.429798347,1.9,35.886,-901,0.169090909,-901,-901,-901,-901
9/30/1991,0.226115702,0.051947107,0.009044628,0,-0.851256198,28.7107438,93.993,16.521,-901,6.196,0.279669421,2.314710744,28.24661157,0.013269421,0.33,0.54,93.993,16.521,16.521,3.183471074,-901,27.96694215,27.487,-901,-901,-901,-901,-901,5.565619626,1.096,-0.522399812,0.113652893,2.3,33.252,-901,0.102347107,-901,-901,-901,-901
10/31/1991,0.290221488,0.234882645,0.221970248,3.776818182,3.776818182,32.39781818,73.265,9.719,-901,3.67,0.295140496,2.496396694,29.50790083,0.046115702,0.16,0.34,73.265,9.719,9.719,3.799933884,-901,29.63702479,24.046,-901,-901,-901,-901,-901,3.688264325,0.935,3.767993361,1.020694215,2.4,30.8,-901,0.285302479,-901,-901,-901,-901
11/30/1991,0.252892562,0.203504132,1.041322314,7.256264463,7.256264463,33.32826446,46.96,10.37,-901,2.206,0.178512397,1.451900826,31.26942149,0.213024793,0.09,0.18,46.96,10.37,10.37,2.630082645,-901,31.78710744,20.93,-901,-901,-901,-901,-901,3.112065999,0.776,7.810269162,1.541157025,0.6,30.269,-901,0.268958678,-901,-901,-901,-901
12/31/1991,0.417500826,0.471609917,0.536786777,7.720206612,7.720206612,30.71920661,23.015,8.023,-901,4.661,0.172780165,1.488,28.08138843,0.21705124,0.06,0.09,23.015,8.023,8.023,3.35107438,-901,28.37652893,19.265,-901,-901,-901,-901,-901,2.663801553,0.688,8.615437879,2.262743802,0.6,29.943,-901,0.236727273,-901,-901,-901,-901
1/31/1992,0.292066116,0.477758678,0.694809917,8.284057851,8.284057851,22.52905785,9.746,7.866,-901,2.917,0.165401653,1.524892562,19.51001653,0.221970248,0.04,0.06,9.746,7.866,7.866,3.308033058,-901,19.29480992,20.939,-901,-901,-901,-901,-901,1.759735471,0.825,8.100627102,3.72,0.6,29.732,-901,0.274234711,-901,-901,-901,-901
2/29/1992,2.318082645,3.710082645,2.565421488,35.49904132,35.49904132,28.65104132,14.755,6.581,-901,5.315,0.16968595,1.380495868,13.25276033,-901,0.04,0.05,14.755,6.581,6.581,5.539239669,-901,14.53547107,57.212,-901,-901,-901,-901,-901,0.294545444,0.636,45.58984094,36.80171901,0.4,32.793,-901,0.788033058,-901,-901,-901,-901
3/31/1992,4.138115702,4.796033058,3.676958678,51.28092562,51.28092562,39.05692562,22.725,9.942,-901,5.224,0.185077686,1.451107438,17.75147107,-901,0.06,0.11,22.725,9.942,9.942,6.363966942,-901,21.67438017,70.952,-901,-901,-901,-901,-901,0.271338833,0.814,54.5092839,36.09322314,0.4,37.716,-901,0.744,-901,-901,-901,-901
4/30/1992,2.71338843,2.475371901,9.532561983,105.641686,105.641686,23.55768595,74.287,30.509,-901,13.662,0.161256198,1.434049587,8.562644628,-901,0.21,0.27,74.287,30.509,30.509,7.140495868,-901,10.78809917,71.944,-901,-901,-901,-901,-901,0.99034707,1.037,105.259814,16.75041322,0.5,40.339,-901,0.349884298,-901,-901,-901,-901
5/31/1992,1.205157025,0.670214876,3.621619835,53.74669421,53.74669421,20.36469421,93.993,42.067,-901,13.488,0.164786777,1.592528926,16.7861157,-901,0.41,0.5,93.993,42.067,42.067,4.304132231,-901,17.28416529,62.201,-901,-901,-901,-901,-901,9.37428064,1.382,53.93880003,4.691504132,1.5,39.385,-901,0.283457851,-901,-901,-901,-901
6/30/1992,0.636694215,0.267173554,0.31061157,8.337652893,8.337652893,17.32165289,87.785,40.462,-901,10.017,0.238016529,1.588760331,15.23900826,0.191008264,0.43,0.52,87.785,40.462,40.462,3.06446281,-901,15.54842975,51.692,-901,-901,-901,-901,-901,9.636098812,1.35,8.641689319,1.07107438,2,36.929,-901,0.298710744,-901,-901,-901,-901
7/31/1992,0.352323967,0.312971901,0.885421488,8.337768595,8.337768595,29.6677686,73.848,32.535,-901,8.042,0.191841322,1.592528926,28.89917355,0.191841322,0.57,0.69,73.848,32.535,32.535,2.877619835,-901,28.90532231,41.894,-901,-901,-901,-901,-901,9.154115359,1.249,9.120950364,0.762446281,2.2,34.302,-901,0.242876033,-901,-901,-901,-901
8/31/1992,0.207213223,0.060749752,0.024902479,0,-0.044950413,28.77004959,56.179,21.291,-901,5.614,0.209057851,1.617123967,29.00370248,0.033510744,0.49,0.63,56.179,21.291,21.291,2.293487603,-901,29.3418843,33.232,-901,-901,-901,-901,-901,8.388892247,1.406,0.92532911,0.02514843,2.4,31.406,-901,0.075014876,-901,-901,-901,-901
9/30/1992,0.119603306,0.03397686,0.02058843,0,-0.548966942,19.19603306,43.679,13.4,-901,4.429,0.196363636,1.582809917,19.92793388,0.026538843,0.28,0.4,43.679,13.4,13.4,2.243305785,-901,19.24363636,29.138,-901,-901,-901,-901,-901,3.565884164,1.151,1.077384094,0,2.5,28.664,-901,0.070214876,-901,-901,-901,-901
10/31/1992,0.296370248,0.201064463,0.08362314,2.29822314,2.29822314,18.98122314,30.33,9.687,-901,3.359,0.196760331,1.629421488,18.10195041,0.027546446,0.15,0.24,30.33,9.687,9.687,3.16046281,-901,17.97897521,25.449,-901,-901,-901,-901,-901,3.325884173,1.059,2.42843618,0.258247934,2.4,26.18,-901,0.172165289,-901,-901,-901,-901
11/30/1992,0.311206612,0.27907438,0.372495868,3.772008264,3.772008264,14.51900826,20.952,8.93,-901,1.718,0.168991736,1.553057851,12.96,0.177322314,0.07,0.12,20.952,8.93,8.93,2.86214876,-901,13.07305785,22.255,-901,-901,-901,-901,-901,3.078346992,0.839,4.086098304,1.279338843,1.1,24.931,-901,0.239801653,-901,-901,-901,-901
12/31/1992,0.725553719,2.035239669,0.657917355,15.6017438,15.6017438,23.8387438,11.218,8.55,-901,2.736,0.202909091,1.641719008,14.28971901,0.199219835,0.04,0.06,11.218,8.55,8.55,5.527735537,-901,14.8492562,27.311,-901,-901,-901,-901,-901,2.733024691,0.759,18.14624955,12.01467769,0.9,25.86,-901,0.627173554,-901,-901,-901,-901
1/31/1993,9.782677686,13.92694215,4.396363636,88.93980165,88.93980165,75.38380165,17.912,10.072,-901,7.348,0.215206612,1.764694215,15.3288595,-901,0.04,0.06,17.912,10.072,10.072,16.81071074,-901,20.97957025,116.719,-901,-901,-901,-901,-901,0.944330543,0.628,107.7432973,114.3054545,0.9,37.685,-901,3.289586777,-901,-901,-901,-901
2/28/1993,8.17507438,11.90161983,1.488396694,62.83147934,62.83147934,73.14247934,12.97,6.695,-901,4.588,0.202710744,2.588033058,27.1132562,0.193824793,0.04,0.06,12.97,6.695,6.695,14.08978512,-901,31.62287603,160.193,-901,-901,-901,-901,-901,0.651173529,0.668,69.09311489,91.19206612,0.7,41.312,-901,7.208727273,-901,-901,-901,-901
3/31/1993,14.92304132,20.32780165,7.138710744,154.1318264,154.1318264,119.9008264,33.056,16.612,-901,7.844,0.245950413,3.474049587,32.72370248,-901,0.09,0.12,33.056,16.612,16.612,36.08092562,-901,37.45824793,197.689,-901,-901,-901,-901,-901,1.120066074,0.762,154.6644537,122.2373554,0.7,41.532,-901,23.46981818,-901,-901,-901,-901
4/30/1993,9.752727273,13.90016529,10.20495868,151.8386612,151.8386612,103.1206612,61.617,34.746,-901,8.481,0.29692562,11.0261157,30.66247934,-901,0.24,0.27,61.617,34.746,34.746,37.5768595,-901,33.13785124,212.138,-901,-901,-901,-901,-901,3.422479211,0.876,148.9593373,73.78512397,0.8,41.111,-901,26.86016529,-901,-901,-901,-901
5/31/1993,6.400859504,5.527735537,24.57044628,275.6125207,275.6125207,175.9775207,135.001,51.579,-901,15.807,0.356628099,70.6492562,28.31504132,-901,0.44,0.53,135.001,51.579,51.579,118.0561983,-901,29.30499174,202.465,-901,-901,-901,-901,-901,12.8209582,1.122,273.6796271,39.92390083,2.2,41.156,-901,7.575272727,-901,-901,-901,-901
6/30/1993,3.855867769,2.802644628,13.75140496,190.7507521,190.7507521,176.4297521,139.842,51.579,-901,22.916,0.321322314,101.3950413,27.19338843,-901,0.48,0.62,139.842,51.579,51.579,124.7206612,-901,27.72297521,189.909,-901,-901,-901,-901,-901,14.08462757,1.271,187.7177241,21.12396694,2.9,39.956,-901,2.701487603,-901,-901,-901,-901
7/31/1993,1.162115702,1.014545455,1.949157025,45.99059504,45.99059504,52.10459504,136.322,44.88,-901,23.921,0.301289256,24.65652893,22.13553719,-901,0.64,0.86,136.322,44.88,44.88,27.31894215,-901,22.40608264,171.112,-901,-901,-901,-901,-901,16.72581755,1.6,31.60000442,3.978247934,4.8,35.31,-901,0.793190083,-901,-901,-901,-901
8/31/1993,0.762446281,0.450704132,0.078089256,6.626727273,6.626727273,52.68872727,105.177,36.25,-901,14.683,0.298214876,19.74981818,31.97355372,0.078704132,0.6,0.81,105.177,36.25,36.25,20.91808264,-901,31.58003306,152.387,-901,-901,-901,-901,-901,16.81388367,1.541,6.595304194,1.321983471,4.6,30.576,-901,0.349249587,-901,-901,-901,-901
9/30/1993,0.461157025,0.255867769,0.014578512,2.630413223,2.630413223,34.03041322,84.131,27.976,-901,10.317,0.285619835,14.37024793,18.54743802,0.016363636,0.38,0.53,84.131,27.976,27.976,15.76264463,-901,18.18446281,137.815,-901,-901,-901,-901,-901,13.65540445,1.376,3.315194556,0.618842975,3.9,26.66,-901,0.24753719,-901,-901,-901,-901
10/31/1993,0.621024793,0.45562314,0.015371901,4.545404959,4.545404959,39.40740496,62.021,18.292,-901,5.521,0.295140496,13.0968595,23.808,0.028899174,0.22,0.32,62.021,18.292,18.292,14.51722314,-901,23.64198347,128.803,-901,-901,-901,-901,-901,9.319735188,1.188,2.475825243,1.186710744,2.6,24.202,-901,0.33941157,-901,-901,-901,-901
11/30/1993,0.586710744,0.498049587,0.017256198,4.026966942,4.026966942,31.20396694,43.513,11.98,-901,1.982,0.178512397,1.695867769,26.79471074,0.030287603,0.11,0.17,43.513,11.98,11.98,3.21322314,-901,27.79438017,122.816,-901,-901,-901,-901,-901,6.543470829,0.902,2.738757831,1.570909091,1.8,22.55,-901,0.307636364,-901,-901,-901,-901
12/31/1993,0.614876033,0.873123967,0.274234711,6.212950413,6.212950413,31.49395041,21.628,7.165,-901,2.369,0.167861157,1.537190083,27.57104132,0.161712397,0.04,0.08,21.628,7.165,7.165,2.883768595,-901,28.64092562,119.265,-901,-901,-901,-901,-901,5.765950197,0.912,6.838233615,4.968198347,1,22.069,-901,0.425494215,-901,-901,-901,-901
1/31/1994,0.719404959,0.965355372,0.552773554,8.338280992,8.338280992,19.93428099,7.978,7.635,-901,2.968,0.165401653,1.488,15.31656198,0.21397686,0.04,0.06,7.978,7.635,7.635,3.105123967,-901,15.43953719,117.792,-901,-901,-901,-901,-901,4.232925461,0.885,11.11931273,4.623867769,0.5,22,-901,0.379993388,-901,-901,-901,-901
2/28/1994,1.427305785,2.038214876,0.799735537,14.39128926,14.39128926,15.58928926,7.694,5.157,-901,3.794,0.156614876,1.260694215,6.486743802,0.197712397,0.04,0.04,7.694,5.157,5.157,4.354115702,-901,7.653024793,128.623,-901,-901,-901,-901,-901,1.816066048,0.658,21.56226943,14.83398347,0.4,22.979,-901,0.666446281,-901,-901,-901,-901
3/31/1994,2.059834711,2.514842975,3.89831405,42.5335124,42.5335124,17.7945124,22.643,9.593,-901,7.947,0.186922314,1.383471074,4.857520661,-901,0.06,0.1,22.643,9.593,9.593,5.078876033,-901,7.569123967,127.726,-901,-901,-901,-901,-901,4.474710576,1.041,45.03133654,13.96383471,0.5,25.265,-901,0.402743802,-901,-901,-901,-901
4/30/1994,1.648264463,1.832727273,6.420495868,74.75879339,74.75879339,16.46479339,61.462,26.635,-901,8.708,0.165421488,1.344793388,5.510082645,-901,0.19,0.25,61.462,26.635,26.635,5.545785124,-901,7.610578512,118.773,-901,-901,-901,-901,-901,11.21732189,1.232,75.0720998,9.324297521,0.6,26.5,-901,0.268363636,-901,-901,-901,-901
5/31/1994,1.647867769,1.770842975,6.671404959,91.78541322,91.78541322,21.26241322,109.72,45.719,-901,9.946,0.197990083,1.401917355,11.16614876,-901,0.41,0.5,109.72,45.719,45.719,6.31477686,-901,11.74413223,107.469,-901,-901,-901,-901,-901,12.12971855,1.033,91.73426033,9.130909091,0.8,27.614,-901,0.33018843,-901,-901,-901,-901
6/30/1994,0.595041322,0.432595041,0.910413223,26.219,26.219,28.08,103.907,42.813,-901,14.449,0.202909091,1.338842975,25.61057851,0.206479339,0.44,0.55,103.907,42.813,42.813,3.308429752,-901,26.20561983,90.339,-901,-901,-901,-901,-901,16.7297845,1.365,27.00856343,1.77322314,2,25.374,-901,0.181487603,-901,-901,-901,-901
7/31/1994,0.247180165,0.140806612,0.027116033,0.82807438,0.82807438,22.69507438,84.44,39.603,-901,12.567,0.215206612,1.377322314,23.5128595,0.054109091,0.6,0.73,84.44,39.603,39.603,2.625520661,-901,23.17467769,71.484,-901,-901,-901,-901,-901,18.58036294,1.362,0.707453475,0.287147107,3.3,21.977,-901,0.096535537,-901,-901,-901,-901
8/31/1994,0.309282645,0.082393388,0.00565686,0,-0.067892562,25.25910744,69.591,29.46,-901,9.736,0.264396694,1.334280992,25.96006612,0.009469091,0.54,0.67,69.591,29.46,29.46,2.262743802,-901,25.70796694,54.106,-901,-901,-901,-901,-901,16.4354374,1.286,0.827394553,0.002582479,3,19.018,-901,0.057859835,-901,-901,-901,-901
9/30/1994,0.276099174,0.072595041,0.007795041,0,-0.565561983,32.22743802,48.006,20.387,-901,5.73,0.15768595,1.23768595,32.20958678,0.005652893,0.33,0.43,48.006,20.387,20.387,2.035041322,-901,33.85190083,40.938,-901,-901,-901,-901,-901,13.57844577,1.111,0.427510428,0,1.8,17.106,-901,0.067834711,-901,-901,-901,-901
10/31/1994,0.253328926,0.275464463,0.020290909,1.062198347,1.062198347,32.49619835,29.072,9.166,-901,3.117,0.161712397,1.278942149,31.83213223,0.017892893,0.16,0.24,29.072,9.166,9.166,2.471801653,-901,33.33857851,34.062,-901,-901,-901,-901,-901,6.542280746,0.934,1.580051197,0.467920661,1.135,15.897,-901,0.189996694,-901,-901,-901,-901
11/30/1994,0.827107438,0.779504132,1.05322314,13.69269421,13.69269421,13.59669421,28.154,10.203,-901,2.026,0.176727273,1.25553719,8.366280992,-901,0.07,0.13,28.154,10.203,10.203,3.724958678,-901,9.217190083,30.44,-901,-901,-901,-901,-901,3.82809903,0.868,14.21771789,3.641652893,0.545,16.299,-901,0.412958678,-901,-901,-901,-901
12/31/1994,0.92846281,1.451107438,1.192859504,17.59919008,17.59919008,32.04119008,15.058,6.764,-901,3.123,0.172165289,1.321983471,24.85943802,0.21705124,0.04,0.07,15.058,6.764,6.764,3.978247934,-901,26.6917686,30.86,-901,-901,-901,-901,-901,3.556363503,0.886,19.4886986,14.03147107,0.403,18.075,-901,0.811636364,-901,-901,-901,-901
1/31/1995,14.9107438,22.55365289,3.781487603,131.4029835,131.4029835,109.2019835,30.142,9.782,-901,6.354,0.209057851,1.414214876,24.36753719,-901,0.04,0.07,30.142,9.782,9.782,27.15292562,-901,29.10208264,136.537,-901,-901,-901,-901,-901,1.146247891,0.758,151.6070322,176.2234711,0.429,39.184,-901,7.046479339,-901,-901,-901,-901
2/28/1995,6.986578512,7.358677686,3.732099174,74.97910744,74.97910744,72.58710744,30.896,11.097,-901,5.723,0.183828099,3.987570248,30.13447934,-901,0.05,0.08,30.896,11.097,11.097,19.33804959,-901,33.85547107,147.967,-901,-901,-901,-901,-901,1.564561925,0.824,72.48723393,55.92595041,0.494,41.156,-901,7.330909091,-901,-901,-901,-901
3/31/1995,30.09818182,39.48119008,8.276231405,245.2565041,245.2565041,203.3395041,61.28,19.646,-901,7.798,0.252099174,19.0488595,23.96786777,-901,0.11,0.16,61.28,19.646,19.646,75.44528926,-901,30.0551405,248.664,-901,-901,-901,-901,-901,41.60707282,0.639,257.9064362,275.3414876,0.696,41.162,-901,37.09547107,-901,-901,-901,-901
4/30/1995,18.26181818,21.48099174,10.9785124,199.2458512,199.2458512,163.4578512,84.983,29.519,-901,8.596,0.238016529,19.85652893,26.19371901,-901,0.22,0.32,84.983,29.519,29.519,63.66942149,-901,30.62082645,271.524,-901,-901,-901,-901,-901,3.447272598,0.874,191.621898,121.0909091,0.555,41.13,-901,24.42049587,-901,-901,-901,-901
5/31/1995,22.11094215,28.37652893,22.52905785,329.546157,329.546157,249.701157,133.029,50.469,-901,17.594,0.295140496,75.01487603,24.76720661,-901,0.42,0.56,133.029,50.469,50.469,135.7031405,-901,30.87907438,297.103,-901,-901,-901,-901,-901,15.08231348,0.871,330.5927527,145.233719,0.884,41.039,-901,25.96006612,-901,-901,-901,-901
6/30/1995,6.247933884,6.908429752,26.12231405,312.9409504,312.9409504,301.6859504,135.095,51.223,-901,23.811,0.285619835,186.307438,22.90909091,-901,0.48,0.61,135.095,51.223,51.223,253.785124,-901,25.48561983,285.392,-901,-901,-901,-901,-901,20.57057774,1.128,315.5616553,48.7814876,2.387,41,-901,6.164628099,-901,-901,-901,-901
7/31/1995,1.727801653,2.773090909,12.13765289,193.1579174,193.1579174,181.4499174,141.376,50.924,-901,26.577,0.295140496,116.0271074,27.09758678,-901,0.66,0.86,141.376,50.924,50.924,141.6059504,-901,29.016,266.329,-901,-901,-901,-901,-901,19.62307364,1.44,185.826544,15.36575207,3.822,37.296,-901,2.287338843,-901,-901,-901,-901
8/31/1995,1.186710744,1.432661157,0.694809917,29.06056198,29.06056198,49.54056198,126.274,43.428,-901,25.718,0.344330579,13.27517355,30.77454545,0.179543802,0.64,0.85,126.274,43.428,43.428,15.46413223,-901,31.74604959,243.081,-901,-901,-901,-901,-901,20.68244551,1.487,28.53699941,3.892165289,2.967,34.25,-901,0.836231405,-901,-901,-901,-901
9/30/1995,0.755702479,0.856859504,0.027550413,4.348801653,4.348801653,46.10380165,100.22,35.307,-901,15.9,0.309421488,18.32727273,25.59867769,0.028145455,0.42,0.57,100.22,35.307,35.307,19.23173554,-901,26.70545455,222.513,-901,-901,-901,-901,-901,20.87821409,1.248,6.027121821,1.939834711,2.194,31.765,-901,0.458181818,-901,-901,-901,-901
10/31/1995,0.719404959,0.75014876,0.010329917,3.307090909,3.307090909,49.64509091,70.091,26.25,-901,7.039,0.295140496,19.66373554,27.9461157,0.012236033,0.26,0.34,70.091,26.25,26.25,19.89123967,-901,29.3111405,206.039,-901,-901,-901,-901,-901,16.99021424,1.109,4.683942173,1.820033058,2.43,29.126,-901,0.432872727,-901,-901,-901,-901
11/30/1995,0.797355372,0.72,0.007676033,3.308991736,3.308991736,33.00099174,51.399,16.475,-901,4.487,0.199933884,1.844628099,30.6922314,0.010056198,0.13,0.18,51.399,16.475,16.475,3.945123967,-901,30.22809917,184.202,-901,-901,-901,-901,-901,24.40522223,1.017,4.52996846,1.987438017,1.803,27.49,-901,0.333818182,-901,-901,-901,-901
12/31/1995,1.838479339,1.949157025,1.924561983,28.59205785,28.59205785,35.92105785,41.166,14.918,-901,8.099,0.344330579,2.846876033,22.31385124,-901,0.07,0.1,41.166,14.918,14.918,8.024132231,-901,24.69342149,181.43,-901,-901,-901,-901,-901,9.383801301,0.679,33.62270741,9.66585124,0.956,27.8,-901,0.621024793,-901,-901,-901,-901
1/31/1996,5.121917355,5.970446281,2.04753719,50.70506612,50.70506612,43.81606612,45.985,17.677,-901,6.442,0.350479339,1.592528926,15.51332231,-901,0.07,0.1,45.985,17.677,17.677,9.376859504,-901,17.81295868,190.195,-901,-901,-901,-901,-901,32.11636243,0.798,57.37498624,47.65289256,0.438,32.97,-901,1.789289256,-901,-901,-901,-901
2/29/1996,14.38591736,19.16013223,9.186049587,163.9703058,163.9703058,113.6033058,78.584,30.158,-901,10.909,0.327867769,6.154710744,23.50869421,-901,0.08,0.11,78.584,30.158,30.158,40.82816529,-901,27.69044628,194.357,-901,-901,-901,-901,-901,73.50148485,0.63,171.7621158,116.9970248,0.317,41.033,-901,11.38909091,-901,-901,-901,-901
3/31/1996,13.98842975,16.55861157,4.962049587,133.4729421,133.4729421,129.2469421,78.659,33.267,-901,10.901,0.332033058,18.38479339,30.54704132,-901,0.16,0.21,78.659,33.267,33.267,49.52826446,-901,35.52138843,221.335,-901,-901,-901,-901,-901,11.84727228,0.68,136.9413934,110.0628099,0.395,41.48,-901,19.79900826,-901,-901,-901,-901
4/30/1996,10.90710744,12.18644628,10.62743802,159.885719,159.885719,118.353719,105.858,44.81,-901,12.356,0.321322314,17.90479339,30.91834711,-901,0.28,0.35,105.858,44.81,44.81,52.85752066,-901,33.82809917,223.834,-901,-901,-901,-901,-901,14.68561928,0.705,158.0445915,66.16859504,0.518,41.331,-901,13.63834711,-901,-901,-901,-901
5/31/1996,7.163305785,6.917355372,20.13104132,274.5142562,274.5142562,226.8892562,135.095,51.519,-901,21.848,0.332033058,110.0628099,30.03054545,-901,0.46,0.58,135.095,51.519,51.519,171.9193388,-901,32.77289256,218.577,-901,-901,-901,-901,-901,13.45586726,1.147,268.9103854,62.40991736,0.827,41.104,-901,12.78942149,-901,-901,-901,-901
6/30/1996,3.034710744,3.219173554,6.307438017,123.4928182,123.4928182,112.5818182,140.992,49.079,-901,26.784,0.321322314,55.58876033,29.91272727,-901,0.48,0.62,140.992,49.079,49.079,70.09586777,-901,31.43008264,202.696,-901,-901,-901,-901,-901,18.23702411,1.418,121.822161,15.88165289,1.708,40.788,-901,2.124297521,-901,-901,-901,-901
7/31/1996,1.592528926,1.555636364,0.373844628,23.17458678,23.17458678,44.20958678,124.814,43.155,-901,24.844,0.332033058,4.919008264,31.78294215,0.154333884,0.63,0.84,124.814,43.155,43.155,8.503735537,-901,33.1848595,182.02,-901,-901,-901,-901,-901,20.83894137,1.537,25.84124815,5.650710744,2.807,38.761,-901,1.168264463,-901,-901,-901,-901
8/31/1996,0.805487603,0.768595041,0.029145124,5.444578512,5.444578512,43.01057851,99.639,35.057,-901,17.525,0.313586777,9.721190083,29.22505785,0.026870083,0.57,0.79,99.639,35.057,35.057,10.51438017,-901,29.44641322,160.831,-901,-901,-901,-901,-901,20.94485872,1.666,5.558886576,2.305785124,3.051,36.169,-901,0.621024793,-901,-901,-901,-901
9/30/1996,0.573024793,0.526016529,0.008449587,1.630570248,1.630570248,33.41157025,72.466,35.307,-901,10.361,0.251107438,9.032727273,21.69520661,0.0144,0.4,0.5,72.466,35.307,35.307,11.48429752,-901,21.51669421,148.384,-901,-901,-901,-901,-901,12.16958632,1.406,2.824038897,1.814876033,2.531,34.015,-901,0.46353719,-901,-901,-901,-901
10/31/1996,0.805487603,0.694809917,0.015802314,3.346719008,3.346719008,32.14571901,57.074,24.516,-901,6.026,0.314816529,9.333818182,20.18638017,0.015494876,0.24,0.3,57.074,24.516,24.516,12.48198347,-901,19.38704132,143.536,-901,-901,-901,-901,-901,4.558016358,1.179,-8.823020482,2.152066116,2.509,29.125,-901,0.506042975,-901,-901,-901,-901
11/30/1996,2.255206612,2.237355372,4.409256198,40.40568595,40.40568595,52.35768595,47.889,17.489,-901,9.08,0.260628099,8.913719008,28.75834711,-901,0.13,0.17,47.889,17.489,17.489,17.93454545,-901,29.16892562,144.028,-901,-901,-901,-901,-901,6.204297288,0.906,42.33827066,11.21057851,1.541,32.29,-901,0.690247934,-901,-901,-901,-901
12/31/1996,15.21818182,21.02261157,8.872661157,161.9516612,161.9516612,140.5606612,57.203,28.486,-901,9.074,0.233652893,16.71847934,21.576,-901,0.08,0.1,57.203,28.486,28.486,58.31484298,-901,25.41897521,172.135,-901,-901,-901,-901,-901,78.56330284,0.906,172.6568816,159.806281,1.621,41.622,-901,12.60495868,-901,-901,-901,-901
1/31/1997,41.83001653,55.77540496,17.97282645,440.5553471,440.5553471,347.9583471,130.885,43.653,-901,11.775,0.270545455,40.91385124,24.42287603,-901,0.1,0.14,130.885,43.653,43.653,199.3428099,-901,27.76165289,171.894,-901,-901,-901,-901,-901,190.9130507,0.807,458.923612,438.345124,1.66,41.3,-901,67.32892562,-901,-901,-901,-901
2/28/1997,9.541289256,14.57295868,2.704661157,91.18182645,91.18182645,111.7408264,113.64,39.406,-901,11.548,0.27768595,16.75001653,30.48991736,-901,0.11,0.15,113.64,39.406,39.406,49.76132231,-901,32.22267769,177.944,-901,-901,-901,-901,-901,17.55371835,0.9,98.74346315,71.36528926,1.472,41.182,-901,10.15219835,-901,-901,-901,-901
3/31/1997,6.105719008,7.267834711,6.941950413,86.61254545,86.61254545,94.01454545,110.934,35.119,-901,9.909,0.276694215,17.43173554,33.22790083,-901,0.17,0.24,110.934,35.119,35.119,44.76912397,-901,33.91656198,180.377,-901,-901,-901,-901,-901,6.662479089,0.82,94.02041129,35.26928926,1.718,41.05,-901,3.965950413,-901,-901,-901,-901
4/30/1997,3.957024793,4.427107438,10.57983471,127.9805372,127.9805372,94.13553719,132.749,42.369,-901,12.968,0.267768595,25.42016529,31.44793388,-901,0.28,0.4,132.749,42.369,42.369,53.25619835,-901,31.35867769,173.101,-901,-901,-901,-901,-901,12.05950368,1.041,130.1559346,24.94413223,2.198,41.1,-901,2.433719008,-901,-901,-901,-901
5/31/1997,2.680859504,2.828429752,13.19523967,177.3478595,177.3478595,147.0168595,141.568,51.665,-901,22.891,0.429183471,80.48727273,30.5962314,-901,0.46,0.62,141.568,51.665,51.665,110.2472727,-901,30.19656198,162.783,-901,-901,-901,-901,-901,11.9761979,1.213,174.8964729,14.98452893,3.096,40.128,-901,0.989950413,-901,-901,-901,-901
6/30/1997,2.005289256,1.511404959,4.058181818,73.43357851,73.43357851,80.33057851,136.512,45.368,-901,24.648,0.249917355,31.21586777,31.30512397,-901,0.46,0.62,136.512,45.368,45.368,44.30082645,-901,30.79933884,150.784,-901,-901,-901,-901,-901,11.76793344,1.619,70.64681544,6.729917355,3.669,37.913,-901,0.587305785,-901,-901,-901,-901
7/31/1997,1.002247934,0.762446281,0.15494876,11.67819008,11.67819008,37.99319008,118.327,35.935,-901,22.713,0.270545455,2.059834711,31.89361983,0.106373554,0.6,0.83,118.327,35.935,35.935,5.921256198,-901,31.19266116,136.749,-901,-901,-901,-901,-901,12.82036316,1.808,13.15841392,3.16661157,4.745,34.25,-901,0.419345455,-901,-901,-901,-901
8/31/1997,0.651768595,0.48206281,0.018261818,3.682371901,3.682371901,39.8193719,92.624,28.714,-901,16.493,0.258247934,4.580826446,33.63371901,0.015986777,0.53,0.77,92.624,28.714,28.714,8.091768595,-901,33.04958678,123.468,-901,-901,-901,-901,-901,11.85520617,1.707,4.667685607,1.85077686,4.409,30.521,-901,0.447629752,-901,-901,-901,-901
9/30/1997,0.714049587,0.499834711,0.009639669,2.790471074,2.790471074,35.58347107,71.023,20.188,-901,11.599,0.249917355,1.963636364,32.54876033,0.008509091,0.33,0.49,71.023,20.188,20.188,4.343801653,-901,31.9953719,113.006,-901,-901,-901,-901,-901,9.393718656,1.408,3.692984669,1.338842975,3.461,27.531,-901,0.370710744,-901,-901,-901,-901
10/31/1997,0.823933884,0.848528926,0.016601653,4.756892562,4.756892562,38.72489256,47.54,12.716,-901,7.04,0.313586777,3.72614876,31.54928926,0.021090248,0.18,0.29,47.54,12.716,12.716,7.243239669,-901,30.75609917,108.097,-901,-901,-901,-901,-901,4.849586595,1.076,4.011857422,2.79153719,2.424,25.54,-901,0.543550413,-901,-901,-901,-901
11/30/1997,1.142479339,1.178181818,0.181487603,9.481280992,9.481280992,40.76628099,24.787,6.082,-901,3.794,0.164231405,3.701157025,30.54347107,-901,0.07,0.14,24.787,6.082,6.082,7.818842975,-901,2.582479339,105.344,-901,-901,-901,-901,-901,5.141156832,1.138,11.10314082,5.367272727,1.853,24.574,-901,0.540892562,-901,-901,-901,-901
12/31/1997,1.463404959,1.746247934,0.581057851,12.49552066,12.49552066,27.17752066,10.123,5.193,-901,3.625,0.15802314,1.543338843,18.53236364,-901,0.03,0.06,10.123,5.193,5.193,5.847471074,-901,0,105.138,-901,-901,-901,-901,-901,4.357685787,0.95,14.12020826,9.764231405,1.779,23.889,-901,0.606267769,-901,-901,-901,-901
1/31/1998,7.187900826,10.95094215,3.412561983,73.26055372,73.26055372,61.73355372,17.367,6.044,-901,6.151,0.263166942,1.426512397,13.15219835,-901,0.03,0.06,17.367,6.044,6.044,19.15338843,-901,0,169.524,-901,-901,-901,-901,-901,9.042644289,0.816,90.83880006,95.30578512,1.206,30.691,-901,3.209652893,-901,-901,-901,-901
2/28/1998,17.20542149,25.75259504,1.777190083,125.6163388,125.6163388,122.9593388,21.428,6.187,-901,3.815,0.261580165,2.543603306,20.26552066,-901,0.03,0.07,21.428,6.187,6.187,31.93943802,-901,15.04502479,167.854,-901,-901,-901,-901,-901,175.9080926,0.689,160.0337984,197.8790083,0.532,41.499,-901,10.75755372,-901,-901,-901,-901
3/31/1998,16.8168595,21.62519008,7.083371901,159.0884876,159.0884876,126.5414876,33.839,19.45,-901,9.713,0.268700826,3.185057851,29.60013223,-901,0.1,0.13,33.839,19.45,19.45,40.76628099,-901,31.6968595,214.307,-901,-901,-901,-901,-901,10.10776822,0.745,172.2098274,145.4181818,0.633,41.292,-901,25.03160331,-901,-901,-901,-901
4/30/1998,15.19735537,20.35041322,7.295206612,151.9275455,151.9275455,123.0545455,52.496,28.089,-901,9.956,0.458181818,17.16099174,15.72099174,-901,0.22,0.25,52.496,28.089,28.089,55.20793388,-901,16.6968595,241.188,-901,-901,-901,-901,-901,31.94181698,0.864,156.8060101,118.7702479,0.766,41.08,-901,19.43404959,-901,-901,-901,-901
5/31/1998,16.23272727,19.17183471,12.648,214.7661322,214.7661322,160.5441322,87.08,42.925,-901,12.846,0.430413223,42.34036364,16.23887603,-901,0.41,0.46,87.08,42.925,42.925,91.73950413,-901,16.14049587,239.665,-901,-901,-901,-901,-901,31.77917236,1.042,218.646048,111.8459504,0.996,41,-901,19.70677686,-901,-901,-901,-901
6/30/1998,10.73454545,9.56231405,25.90809917,347.7160744,347.7160744,281.8710744,133.123,49.9,-901,23.75,0.392727273,123.0545455,31.17421488,-901,0.46,0.56,133.123,49.9,49.9,202.0760331,-901,31.19206612,237.859,-901,-901,-901,-901,-901,11.80561939,0.903,348.3565788,66.10909091,1.511,41.045,-901,13.09090909,-901,-901,-901,-901
7/31/1998,4.414809917,3.787636364,8.946446281,141.9395372,141.9395372,133.7355372,137.65,49.079,-901,25.151,0.36892562,65.29983471,28.89917355,-901,0.64,0.85,137.65,49.079,49.079,75.56826446,-901,28.74545455,222.652,-901,-901,-901,-901,-901,17.71953653,1.607,147.2673945,16.94598347,4.227,39.1,-901,1.199008264,-901,-901,-901,-901
8/31/1998,1.979900826,1.875371901,0.202294215,16.76532231,16.76532231,57.17732231,110.413,38.235,-901,19.739,0.332033058,17.51166942,32.3793719,0.143266116,0.61,0.82,110.413,38.235,38.235,18.79676033,-901,31.6661157,205.042,-901,-901,-901,-901,-901,17.77725553,1.651,18.90184646,5.503140496,3.902,36.48,-901,0.682512397,-901,-901,-901,-901
9/30/1998,1.350743802,1.315041322,0.077355372,9.80592562,9.80592562,48.60892562,85.523,31.219,-901,10.413,0.315371901,13.1861157,30.71008264,0.077355372,0.39,0.53,85.523,31.219,31.219,16.36958678,-901,29.76396694,191.247,-901,-901,-901,-901,-901,14.47279285,1.509,7.337701591,3.93322314,2.013,35.11,-901,0.547438017,-901,-901,-901,-901
10/31/1998,1.949157025,1.334280992,0.047345455,8.191727273,8.191727273,41.52872727,66.486,21.8,-901,3.735,0.288991736,4.709950413,31.97355372,0.056507107,0.24,0.32,66.486,21.8,21.8,8.024132231,-901,31.18036364,185.581,-901,-901,-901,-901,-901,6.283636128,1.237,7.789377587,4.064330579,1.317,34.314,-901,0.575523967,-901,-901,-901,-901
11/30/1998,1.749421488,1.981487603,0.803305785,19.41140496,19.41140496,41.11140496,51.096,11.609,-901,6.496,0.16661157,1.374545455,31.12066116,0.101752066,0.12,0.18,51.096,11.609,11.609,5.801652893,-901,30.75173554,185.675,-901,-901,-901,-901,-901,3.145785006,0.82,19.63786734,6.64661157,0.627,34.544,-901,0.73785124,-901,-901,-901,-901
12/31/1998,2.367272727,2.643966942,2.029090909,30.52346281,30.52346281,48.54446281,40.27,6.905,-901,3.029,0.159867769,1.383471074,32.03504132,-901,0.04,0.1,40.27,6.905,6.905,9.087867769,-901,31.31563636,182.331,-901,-901,-901,-901,-901,7.991404659,0.836,27.83658579,13.45963636,1.069,35.262,-901,0.92846281,-901,-901,-901,-901
1/31/1999,7.323173554,9.684297521,2.441057851,63.51021488,63.51021488,68.37421488,27.114,10.888,-901,6.416,0.264396694,1.383471074,28.96066116,-901,0.04,0.08,27.114,10.888,10.888,14.09295868,-901,29.3418843,181.927,-901,-901,-901,-901,-901,34.53421358,0.802,66.63094965,50.46287603,0.934,40.57,-901,2.016793388,-901,-901,-901,-901
2/28/1999,18.93818182,23.86433058,2.499173554,121.3682727,121.3682727,119.1272727,19.747,16.703,-901,9.3,0.261024793,1.244033058,26.93553719,-901,0.06,0.07,19.747,16.703,16.703,30.66208264,-901,28.91266116,193.939,-901,-901,-901,-901,-901,75.90148476,0.779,139.5510629,164.6122314,0.478,41.117,-901,26.21910744,-901,-901,-901,-901
3/31/1999,11.23378512,13.14604959,3.400264463,87.74885124,87.74885124,90.01785124,8.316,24.891,-901,9.329,0.270545455,1.432661157,30.92826446,-901,0.13,0.09,8.316,24.891,24.891,23.4513719,-901,32.84667769,203.058,-901,-901,-901,-901,-901,14.67371846,0.725,91.39517485,86.08264463,0.746,41.071,-901,16.93983471,-901,-901,-901,-901
4/30/1999,10.84165289,12.85289256,7.18214876,118.1654876,118.1654876,86.2214876,30.565,33.084,-901,9.363,0.285619835,2.255206612,17.97024793,-901,0.24,0.18,30.565,33.084,33.084,29.31768595,-901,28.42512397,211.43,-901,-901,-901,-901,-901,10.99437975,1.048,118.2497756,67.65619835,0.907,41.065,-901,13.16231405,-901,-901,-901,-901
5/31/1999,7.323173554,7.169454545,21.77890909,251.2708678,251.2708678,122.1758678,135.189,51.18,-901,13.177,0.356628099,21.77276033,29.32958678,-901,0.44,0.5,135.189,51.18,51.18,81.28661157,-901,29.14512397,204.479,-901,-901,-901,-901,-901,13.2753714,1.621,251.1373598,46.04806612,1.736,41.039,-901,8.848066116,-901,-901,-901,-901
6/30/1999,3.879669421,3.171570248,12.4185124,173.8196529,173.8196529,153.4016529,142.05,51.665,-901,23.42,0.327272727,79.55702479,28.14545455,-901,0.48,0.62,142.05,51.665,51.665,109.6066116,-901,27.26479339,192.847,-901,-901,-901,-901,-901,13.49930528,1.729,173.6728723,16.48264463,1.93,41,-901,1.933884298,-901,-901,-901,-901
7/31/1999,1.610975207,1.795438017,1.045289256,28.18093388,28.18093388,58.11193388,123.27,39.754,-901,20.914,0.313586777,19.81130579,31.91206612,-901,0.63,0.84,123.27,39.754,39.754,20.00191736,-901,30.84833058,177.791,-901,-901,-901,-901,-901,14.38651186,1.796,31.8866776,4.814479339,2.876,38.749,-901,0.645619835,-901,-901,-901,-901
8/31/1999,1.162115702,1.026842975,0.032280992,7.111966942,7.111966942,39.84396694,104.355,32.805,-901,10.896,0.288991736,7.907305785,29.02214876,0.051157686,0.57,0.79,104.355,32.805,32.805,9.426049587,-901,28.03834711,164.396,-901,-901,-901,-901,-901,12.65930531,1.79,8.785596819,2.760793388,3.35,36.145,-901,0.507272727,-901,-901,-901,-901
9/30/1999,0.803305785,0.660495868,0.008806612,3.647206612,3.647206612,36.09520661,83.01,22.765,-901,7.255,0.285619835,3.570247934,30.70413223,0.015649587,0.32,0.52,83.01,22.765,22.765,5.468429752,-901,29.49619835,154.255,-901,-901,-901,-901,-901,9.387768243,1.738,3.332527109,1.761322314,2.242,34.378,-901,0.393917355,-901,-901,-901,-901
10/31/1999,0.762446281,0.676363636,0.017339504,4.227661157,4.227661157,34.16866116,63.379,14.574,-901,3.326,0.295140496,2.61322314,28.03834711,0.017339504,0.19,0.32,63.379,14.574,14.574,4.015140496,-901,27.57719008,147.606,-901,-901,-901,-901,-901,6.370908852,1.3,1.476603969,1.801586777,2.287,32.632,-901,0.382452893,-901,-901,-901,-901
11/30/1999,1.041322314,1.249586777,0.289190083,10.69719008,10.69719008,38.73719008,42.359,6.563,-901,3.003,0.19338843,1.600661157,30.40661157,-901,0.09,0.17,42.359,6.563,6.563,3.373884298,-901,29.85917355,147.884,-901,-901,-901,-901,-901,1.441586723,1.054,9.988827698,4.379504132,0.797,32.5,-901,0.520066116,-901,-901,-901,-901
12/31/1999,1.082181818,1.162115702,0.253328926,9.202165289,9.202165289,33.65216529,16.51,6.541,-901,3.358,0.216436364,1.617123967,26.62413223,-901,0.04,0.08,16.51,6.541,6.541,4.09507438,-901,26.40892562,147.662,-901,-901,-901,-901,-901,1.592727213,0.946,6.975688907,4.359471074,0.708,32.324,-901,0.51465124,-901,-901,-901,-901
1/31/2000,6.677553719,8.786578512,2.588628099,59.43027273,59.43027273,49.98327273,19.708,7.335,-901,7.668,0.224429752,1.85077686,12.29752066,-901,0.04,0.06,19.708,7.335,7.335,13.44119008,-901,17.13044628,178.497,-901,-901,-901,-901,-901,2.354380077,1.045,64.85749693,48.13864463,0.752,36.484,-901,2.385719008,-901,-901,-901,-901
2/29/2000,13.78195041,19.19464463,3.232661157,102.0538182,102.0538182,81.62181818,33.691,12.475,-901,7.677,0.235259504,5.46446281,4.94677686,-901,0.04,0.08,33.691,12.475,12.475,26.70684298,-901,12.80985124,205.906,-901,-901,-901,-901,-901,71.90479069,1.18,118.7223492,148.4033058,0.666,41.234,-901,14.23061157,-901,-901,-901,-901
3/31/2000,11.10466116,14.54796694,5.072727273,99.59171901,99.59171901,93.15371901,38.616,12.757,-901,7.699,0.18138843,12.16839669,21.95107438,-901,0.1,0.14,38.616,12.757,12.757,31.99814876,-901,25.3267438,198.959,-901,-901,-901,-901,-901,41.11338689,0.969,99.35027294,78.39669421,0.758,41.118,-901,14.67094215,-901,-901,-901,-901
4/30/2000,6.991735537,8.43768595,11.57950413,139.7956446,139.7956446,66.88264463,90.077,32.598,-901,7.466,0.180297521,2.552727273,25.70578512,-901,0.22,0.3,90.077,32.598,32.598,21.4631405,-901,27.24099174,201.741,-901,-901,-901,-901,-901,6.072594814,1.324,139.0338429,39.27272727,1.222,41.189,-901,6.926280992,-901,-901,-901,-901
5/31/2000,5.533884298,5.699900826,15.66089256,212.3383636,212.3383636,127.1563636,141.953,51.953,-901,19.014,0.38122314,49.72502479,30.25190083,-901,0.44,0.57,141.953,51.953,51.953,84.11504132,-901,29.96905785,201.052,-901,-901,-901,-901,-901,8.117950109,1.393,211.1729397,32.39166942,1.222,41.117,-901,6.031933884,-901,-901,-901,-901
6/30/2000,2.69553719,2.49322314,3.909421488,73.74917355,73.74917355,81.69917355,136.228,45.948,-901,20.043,0.440330579,33.47107438,30.6446281,-901,0.46,0.62,136.228,45.948,45.948,44.20561983,-901,29.6568595,190.386,-901,-901,-901,-901,-901,11.30994999,1.671,71.03708352,8.65785124,1.928,40.358,-901,0.928264463,-901,-901,-901,-901
7/31/2000,0.971504132,1.285090909,0.119900826,16.02489256,16.02489256,49.88489256,114.861,34.207,-901,16.217,0.340641322,8.306975207,33.08033058,0.119900826,0.6,0.82,114.861,34.207,34.207,11.52892562,-901,31.51854545,177.545,-901,-901,-901,-901,-901,11.74829708,1.654,11.14340257,3.277289256,2.696,38.212,-901,0.509117355,-901,-901,-901,-901
8/31/2000,0.602578512,0.713256198,0.010883306,7.400760331,7.400760331,41.86076033,90.672,26.47,-901,10.752,0.355398347,3.523239669,33.14181818,0.016724628,0.53,0.76,90.672,26.47,26.47,5.693752066,-901,31.5431405,164.425,-901,-901,-901,-901,-901,11.64456155,1.641,3.300257244,1.488,3.005,35.736,-901,0.384912397,-901,-901,-901,-901
9/30/2000,0.797355372,0.678347107,0.013626446,6.544553719,6.544553719,31.73355372,71.31,22.468,-901,6.58,0.36892562,2.130247934,25.58677686,0.021064463,0.33,0.49,71.31,22.468,22.468,4.236694215,-901,24.6168595,155.678,-901,-901,-901,-901,-901,8.57057387,1.527,5.827028265,2.040991736,1.309,34.302,-901,0.448661157,-901,-901,-901,-901
10/31/2000,1.334280992,1.12522314,0.033510744,8.252909091,8.252909091,33.68290909,53.172,16.157,-901,4.102,0.372,2.219702479,26.31669421,0.031112727,0.19,0.3,53.172,16.157,16.157,4.045884298,-901,25.12383471,151.908,-901,-901,-901,-901,-901,6.37090564,1.007,7.846627814,3.33877686,1.511,33.485,-901,0.533712397,-901,-901,-901,-901
11/30/2000,0.981818182,1.196033058,0.216,9.281123967,9.281123967,35.62512397,35.532,6.836,-901,3.652,0.281454545,1.523305785,29.03801653,-901,0.09,0.16,35.532,6.836,6.836,4.379504132,-901,28.16330579,150.84,-901,-901,-901,-901,-901,1.441585996,0.817,6.460004763,3.629752066,0.801,33.033,-901,0.534942149,-901,-901,-901,-901
12/31/2000,1.051438017,1.291239669,0.408892562,8.379793388,8.379793388,34.00879339,14.533,3.505,-901,1.444,0.197990083,1.574082645,26.87008264,-901,0.03,0.07,14.533,3.505,3.505,4.341024793,-901,26.71636364,150.364,-901,-901,-901,-901,-901,1.59272641,0.809,6.224757374,4.630016529,0.994,32.781,-901,0.591510744,-901,-901,-901,-901
1/31/2001,1.377322314,1.813884298,0.443940496,13.00747934,13.00747934,18.95047934,7.019,3.467,-901,2.188,0.15187438,1.389619835,10.32991736,0.207828099,0.01,0.05,7.019,3.467,3.467,4.144264463,-901,13.37355372,153.687,-901,-901,-901,-901,-901,2.35437889,0.805,15.1100219,8.595966942,0.776,32.71,-901,0.688661157,-901,-901,-901,-901
2/28/2001,2.460297521,3.043438017,0.799735537,18.72269421,18.72269421,17.38869421,6.087,3.865,-901,3.213,0.141619835,1.221818182,4.942809917,0.186049587,0.01,0.04,6.087,3.865,3.865,4.681785124,-901,6.636694215,169.494,-901,-901,-901,-901,-901,67.03731906,0.793,23.81333064,19.48244628,0.93,33.097,-901,1.027438017,-901,-901,-901,-901
3/31/2001,4.777586777,5.829024793,4.882115702,63.2908595,63.2908595,36.9048595,20.837,9.604,-901,7.708,0.199834711,1.377322314,11.43669421,-901,0.06,0.09,20.837,9.604,9.604,9.653553719,-901,15.61170248,184.014,-901,-901,-901,-901,-901,45.67534716,1.252,66.21833261,28.21666116,0.964,35.97,-901,1.008396694,-901,-901,-901,-901
4/30/2001,5.879008264,7.170247934,6.12892562,92.4582314,92.4582314,53.0122314,42.371,26.03,-901,7.777,0.201719008,9.020826446,17.19669421,-901,0.19,0.22,42.371,26.03,26.03,18.96991736,-901,19.93983471,183.889,-901,-901,-901,-901,-901,6.149550388,1.007,93.37816904,27.68727273,1.142,39.315,-901,1.08892562,-901,-901,-901,-901
5/31/2001,3.387966942,3.375669421,9.001785124,142.1437851,142.1437851,43.22578512,109.383,46.885,-901,16.459,0.328958678,9.930247934,13.77322314,-901,0.41,0.48,109.383,46.885,46.885,18.9258843,-901,15.91299174,173.555,-901,-901,-901,-901,-901,8.03702044,1.479,144.570455,16.48482645,2.214,40.211,-901,0.651768595,-901,-901,-901,-901
6/30/2001,0.92231405,0.946115702,0.408793388,13.33229752,13.33229752,30.92429752,99.905,39.616,-901,13.066,0.315371901,2.082644628,25.1107438,0.141024793,0.44,0.55,99.905,39.616,39.616,4.444958678,-901,25.00363636,160.309,-901,-901,-901,-901,-901,11.22882036,1.558,12.69266195,2.671735537,3.142,37.827,-901,0.447471074,-901,-901,-901,-901
7/31/2001,0.504813223,0.421190083,0.022442975,4.38961157,4.38961157,32.92661157,78.471,33.31,-901,9.422,0.304363636,2.059834711,29.20661157,0.029821488,0.57,0.72,78.471,33.31,33.31,3.597024793,-901,28.63477686,146.859,-901,-901,-901,-901,-901,11.75642338,1.557,3.110113886,0.92231405,3.433,34.899,-901,0.379378512,-901,-901,-901,-901
8/31/2001,0.554003306,0.247795041,0.005226446,2.736933884,2.736933884,30.58393388,58.594,26.576,-901,5.563,0.313586777,2.04138843,27.60793388,0.007071074,0.5,0.64,58.594,26.576,26.576,3.258842975,-901,27.33123967,133.476,-901,-901,-901,-901,-901,11.72548125,1.483,3.047973566,0.352938843,3.55,31.838,-901,0.285917355,-901,-901,-901,-901
9/30/2001,0.417123967,0.236826446,0.004165289,4.314710744,4.314710744,26.79471074,43.96,18.532,-901,3.722,0.290975207,1.963636364,26.7768595,0.007557025,0.32,0.4,43.96,18.532,18.532,3.040661157,-901,24.24793388,123.242,-901,-901,-901,-901,-901,8.63999532,1.319,4.378611845,0.380826446,2.717,29.463,-901,0.220760331,-901,-901,-901,-901
10/31/2001,0.445785124,0.19061157,0.006517686,0.114297521,0.114297521,24.56429752,26.014,11.332,-901,2.867,0.301289256,2.05368595,22.3814876,0.008239339,0.16,0.23,26.014,11.332,11.332,-901,0.657917355,22.78730579,119.216,-901,-901,-901,-901,-901,5.50214578,1.161,0.091837829,0.627173554,1.886,27.832,-901,0.202294215,-901,-901,-901,-901
11/30/2001,0.73785124,0.975867769,0.898512397,14.39939669,14.39939669,19.39239669,18.245,10.675,3.06,5.212,0.196363636,1.320991736,14.04297521,-901,0.09,0.11,18.245,10.675,10.675,-901,0.329652893,16.32198347,116.743,-901,-901,-901,-901,-901,2.22346987,0.888,15.249838,3.43338843,1.321,27.305,-901,0.441520661,-901,-901,-901,-901
12/31/2001,3.178909091,3.849123967,1.254347107,31.74844628,31.74844628,36.47444628,13.8,7.348,5.28,7.455,0.222585124,1.321983471,19.43008264,-901,0.04,0.06,13.8,7.348,7.348,-901,0.335722314,21.77890909,131.96,-901,-901,-901,-901,-901,2.23338722,0.703,35.99796057,18.45242975,1.204,28.354,-901,1.088330579,-901,-901,-901,-901
1/31/2002,4.28568595,4.746842975,2.090578512,46.29634711,46.29634711,53.33434711,7.098,6.074,5.42,7.569,0.359087603,1.580231405,25.20991736,-901,0.04,0.05,7.098,6.074,6.074,-901,0.438406612,28.91761983,147.579,-901,-901,-901,-901,-901,2.64396551,0.734,45.85342544,32.77289256,1.097,31.15,-901,0.977652893,-901,-901,-901,-901
2/28/2002,3.326677686,4.259702479,2.104859504,38.08416529,38.08416529,35.78816529,7.087,10.322,2.67,4.851,0.399867769,2.382545455,14.5507438,-901,0.04,0.04,7.087,10.322,10.322,-901,0.496502479,15.92806612,158.545,-901,-901,-901,-901,-901,2.24528804,0.697,39.23399079,31.4951405,0.908,34.061,-901,1.188495868,-901,-901,-901,-901
3/31/2002,6.868165289,8.208595041,3.35722314,67.48157851,67.48157851,69.05057851,7.112,8.217,2.34,4.493,0.479603306,4.341024793,26.50115702,-901,0.07,0.06,7.112,8.217,8.217,-901,0.664066116,29.20661157,181.678,-901,-901,-901,-901,-901,2.28297397,0.739,69.64865152,52.50426446,0.774,39.543,-901,1.709355372,-901,-901,-901,-901
4/30/2002,5.605289256,5.801652893,11.15702479,137.8410165,137.8410165,65.03801653,54.302,28.07,7.08,8.75,0.481983471,6.860826446,24.99173554,-901,0.19,0.22,54.302,28.07,28.07,-901,0.612892562,26.46743802,180.223,-901,-901,-901,-901,-901,7.66016114,1.093,135.8061743,33.61983471,1.359,41.15,-901,3.457190083,-901,-901,-901,-901
5/31/2002,3.16661157,2.908363636,12.96773554,163.6089669,163.6089669,52.49196694,130.588,51.875,7.38,17.752,0.473454545,13.99457851,15.80231405,-901,0.42,0.52,130.588,51.875,51.875,-901,0.495590083,17.41943802,174.13,-901,-901,-901,-901,-901,11.08164689,1.084,166.5819561,19.57150413,2.184,41.039,-901,1.887669421,-901,-901,-901,-901
6/30/2002,1.23768595,1.166280992,4.248595041,64.67666942,64.67666942,60.03966942,134.248,46.155,7.21,21.978,0.493884298,18.38677686,27.1338843,-901,0.46,0.61,134.248,46.155,46.155,-901,0.365950413,29.13917355,163.427,-901,-901,-901,-901,-901,12.21420826,1.401,64.02158575,6.140826446,2.856,39.214,-901,0.489719008,-901,-901,-901,-901
7/31/2002,0.506042975,0.408277686,0.099609917,10.36421488,10.36421488,30.43021488,121.472,39.169,6.68,18.658,0.38122314,2.342677686,25.45586777,0.095920661,0.6,0.83,121.472,39.169,39.169,-901,0.346790083,26.16297521,150.028,-901,-901,-901,-901,-901,12.14081987,1.586,11.50523097,1.371173554,3.941,35.946,-901,0.387986777,-901,-901,-901,-901
8/31/2002,0.313586777,0.233038017,0.009776529,4.226413223,4.226413223,30.19041322,102.669,36.821,1.65,11.131,0.335107438,1.444958678,24.1646281,0.011928595,0.57,0.79,102.669,36.821,36.821,-901,0.205983471,26.37818182,138.055,-901,-901,-901,-901,-901,12.14280334,1.354,4.589338642,0.471609917,3.858,32.655,-901,0.284687603,-901,-901,-901,-901
9/30/2002,0.292165289,0.226710744,0.007735537,1.691545455,1.691545455,28.73454545,86.292,28.031,0.602,7.091,0.295735537,1.368595041,22.90909091,0.007735537,0.38,0.53,86.292,28.031,28.031,-901,0.199933884,25.59272727,128.572,-901,-901,-901,-901,-901,9.69321789,1.254,2.621241933,0.336793388,3.598,29.581,-901,0.235636364,-901,-901,-901,-901
10/31/2002,0.367080992,0.288991736,0.007931901,1.813049587,1.813049587,31.00204959,68.243,16.769,0.583,5.675,0.303133884,1.444958678,29.08363636,0.007378512,0.22,0.33,68.243,16.769,16.769,-901,0.210287603,28.62247934,124.121,-901,-901,-901,-901,-901,3.45520474,0.988,0.818836616,0.534327273,2.602,27.346,-901,0.238571901,-901,-901,-901,-901
11/30/2002,0.714049587,0.660495868,1.767272727,19.39466116,19.39466116,33.28066116,57.845,10.834,2.42,6.922,0.290975207,1.445950413,27.78842975,-901,0.1,0.19,57.845,10.834,10.834,-901,0.323702479,27.51471074,122.116,-901,-901,-901,-901,-901,3.46115515,0.91,20.2609004,3.475041322,1.386,26.686,-901,0.387371901,-901,-901,-901,-901
12/31/2002,1.961454545,2.625520661,1.30353719,20.1285124,20.1285124,40.1145124,47.653,3.795,1.24,3.318,0.280383471,1.746247934,28.77619835,-901,0.04,0.1,47.653,3.795,3.795,-901,0.338796694,28.33963636,134.501,-901,-901,-901,-901,-901,2.65388286,0.709,24.89800884,14.99067769,1.174,27.666,-901,0.891570248,-901,-901,-901,-901
1/31/2003,2.656264463,2.951404959,2.859173554,43.18795868,43.18795868,56.50095868,27.831,8.467,2.29,4.373,0.307438017,7.095669421,32.46545455,-901,0.03,0.09,27.831,8.467,8.467,-901,0.447629752,31.45090909,139.018,-901,-901,-901,-901,-901,1.80892464,0.662,38.96016786,16.79226446,1.039,29.911,-901,0.563841322,-901,-901,-901,-901
2/28/2003,2.887933884,2.643570248,2.232595041,35.99561983,35.99561983,48.86161983,13.546,9.422,1.75,3.878,0.368766942,5.142743802,28.82380165,0.19271405,0.04,0.07,13.546,9.422,9.422,-901,0.477619835,27.53533884,141.362,-901,-901,-901,-901,-901,1.25751998,0.849,33.78394113,14.23418182,0.924,31.749,-901,0.524271074,-901,-901,-901,-901
3/31/2003,3.363371901,3.91061157,5.177256198,60.01419835,60.01419835,47.37619835,21.322,9.681,5.25,7.505,0.381838017,3.197355372,24.84099174,-901,0.07,0.1,21.322,9.681,9.681,-901,0.700958678,25.19147107,144.959,-901,-901,-901,-901,-901,0.83900781,0.806,59.3522998,20.89963636,1.079,34.733,-901,0.614876033,-901,-901,-901,-901
4/30/2003,9.69322314,11.04991736,5.087603306,99.48260331,99.48260331,59.08760331,50.191,18.712,6.48,8.93,0.377256198,5.004297521,8.449586777,-901,0.16,0.23,50.191,18.712,18.712,-901,0.708099174,12.05553719,158.315,-901,-901,-901,-901,-901,6.07735208,0.68,101.0930084,60.81322314,1.073,41.299,-901,4.433057851,-901,-901,-901,-901
5/31/2003,10.0593719,10.60661157,17.13044628,223.2153636,223.2153636,104.8363636,127.797,50.232,7.14,16.28,0.461157025,31.69071074,10.82181818,-901,0.39,0.51,127.797,50.232,50.232,-901,0.836231405,11.58426446,158.257,-901,-901,-901,-901,-901,8.03900391,1.003,219.9451297,66.52958678,1.906,41.189,-901,14.73857851,-901,-901,-901,-901
6/30/2003,2.850247934,2.16,9.556363636,144.974,144.974,122.4,141.52,49.268,6.51,23.605,0.446280992,62.41983471,29.03801653,-901,0.47,0.61,141.52,49.268,49.268,-901,0.374876033,28.3953719,146.804,-901,-901,-901,-901,-901,10.34974646,1.41,138.2694492,12.46016529,3.947,39.315,-901,0.809256198,-901,-901,-901,-901
7/31/2003,0.799338843,0.774743802,0.26501157,18.57550413,18.57550413,34.45150413,131.946,47.728,2.18,15.67,0.454393388,2.502545455,26.80859504,0.145110744,0.64,0.85,131.946,47.728,47.728,-901,0.411966942,26.37818182,132.508,-901,-901,-901,-901,-901,11.74412587,1.683,17.50082459,2.336528926,4.657,35.82,-901,0.360317355,-901,-901,-901,-901
8/31/2003,0.56568595,0.377533884,0.056753058,2.440033058,2.440033058,31.58003306,119.461,35.228,0.85,8.608,0.376919008,1.512595041,27.36198347,0.060442314,0.6,0.82,119.461,35.228,35.228,-901,0.273619835,27.22671074,118.675,-901,-901,-901,-901,-901,10.65520084,1.487,1.343967787,1.248198347,2.527,33.705,-901,0.343100826,-901,-901,-901,-901
9/30/2003,0.376066116,0.139239669,0.005890909,2.406983471,2.406983471,33.60198347,98.317,24.547,0.614,6.773,0.315966942,6.236033058,25.40826446,0.017256198,0.36,0.56,98.317,24.547,24.547,-901,0.243371901,25.33090909,108.611,-901,-901,-901,-901,-901,8.18776416,1.545,1.774766307,0.524231405,2.299,31.659,-901,0.289190083,-901,-901,-901,-901
10/31/2003,0.424879339,0.276694215,0.002889917,2.824644628,2.824644628,34.74664463,67.208,22.636,0.59,6.218,0.314816529,1.432661157,31.11272727,0.015802314,0.22,0.33,67.208,22.636,22.636,-901,0.295755372,30.23960331,100.584,-901,-901,-901,-901,-901,7.17,1.103,2.199621278,0.521414876,1.966,29.992,-901,0.273004959,-901,-901,-901,-901
11/30/2003,0.749752066,0.660495868,0.017256198,6.085826446,6.085826446,31.34082645,48.014,15.252,1.31,6.478,0.369520661,1.374545455,26.47933884,0.019160331,0.12,0.18,48.014,15.252,15.252,-901,0.341553719,25.86049587,98.892,-901,-901,-901,-901,-901,1.809,0.763,5.812382409,1.892231405,0.962,29.431,-901,0.352859504,-901,-901,-901,-901
12/31/2003,2.662413223,2.994446281,1.242049587,30.17407438,30.17407438,46.50307438,38.559,5.968,2.43,8.065,0.364621488,4.543933884,27.8538843,-901,0.05,0.1,38.559,5.968,5.968,-901,0.348634711,27.33738843,105.275,-901,-901,-901,-901,-901,3.414,0.673,35.01980185,12.37745455,1.115,30.472,-901,0.811636364,-901,-901,-901,-901
1/31/2004,2.754644628,3.283438017,1.463404959,23.40817355,23.40817355,51.21917355,13.994,8.361,0.863,1.703,0.335722314,4.962049587,30.55933884,0.235497521,0.04,0.08,13.994,8.361,8.361,-901,0.464846281,30.04899174,116.16,-901,-901,-901,-901,-901,3.437,0.603,24.67259564,17.80680992,0.847,31.799,-901,0.744,-901,-901,-901,-901
2/29/2004,5.07907438,6.148958678,1.449520661,45.05595041,45.05595041,49.27795041,6.971,9.095,2.25,3.098,0.331894215,2.674710744,19.44198347,-901,0.04,0.05,6.971,9.095,9.095,-901,0.448661157,21.01804959,137.735,-901,-901,-901,-901,-901,3.082,0.582,55.01314901,42.21441322,0.734,35.855,-901,1.345983471,-901,-901,-901,-901
3/31/2004,7.483041322,8.73738843,8.608264463,109.8577934,109.8577934,77.90479339,26.372,15.769,6.96,7.891,0.389831405,4.531636364,28.34578512,-901,0.1,0.1,26.372,15.769,15.769,-901,0.676363636,28.34578512,146.528,-901,-901,-901,-901,-901,2.003,0.885,113.3576875,45.61150413,1.111,41.117,-901,2.121322314,-901,-901,-901,-901
4/30/2004,3.897520661,3.677355372,10.51438017,122.4716281,122.4716281,46.4846281,70.685,34.426,7.05,19.363,0.396892562,5.492231405,20.23140496,-901,0.24,0.27,70.685,34.426,34.426,-901,0.654545455,19.07702479,140.013,-901,-901,-901,-901,-901,8.206,1.035,125.4668545,23.97421488,1.543,41.045,-901,3.207272727,-901,-901,-901,-901
5/31/2004,1.918413223,1.340429752,9.419900826,117.5042645,117.5042645,27.20826446,139.364,51.652,7.4,21.207,0.989950413,5.189553719,12.35900826,-901,0.44,0.55,139.364,51.652,51.652,-901,0.512806612,11.40595041,129.705,-901,-901,-901,-901,-901,9.783,1.557,121.0835628,10.54512397,2.386,40.595,-901,0.621024793,-901,-901,-901,-901
6/30/2004,0.815206612,0.600991736,1.23768595,33.6777686,33.6777686,46.3477686,130.143,45.859,7.17,20.975,0.714049587,11.71636364,29.75206612,0.201719008,0.46,0.61,130.143,45.859,45.859,-901,0.424264463,29.44859504,117.915,-901,-901,-901,-901,-901,10.681,1.506,34.3989291,2.760991736,2.927,38.567,-901,0.446876033,-901,-901,-901,-901
7/31/2004,0.436561983,0.22012562,0.050419835,6.446090909,6.446090909,31.04509091,107.207,44.095,5.76,18.007,0.430413223,1.703206612,27.8538843,0.073170248,0.61,0.8,107.207,44.095,44.095,-901,0.350479339,27.50955372,105.046,-901,-901,-901,-901,-901,11.566,1.659,6.166374332,0.903867769,3.454,35.849,-901,0.447014876,-901,-901,-901,-901
8/31/2004,0.292680992,0.188766942,0.007562975,2.494661157,2.494661157,32.68066116,86.643,35.619,2.78,14.15,0.442710744,2.213553719,29.39107438,0.012359008,0.58,0.74,86.643,35.619,35.619,-901,0.233038017,29.18201653,93.162,-901,-901,-901,-901,-901,10.963,1.391,1.762874859,0.356013223,3.588,32.947,-901,0.324039669,-901,-901,-901,-901
9/30/2004,0.297520661,0.198743802,0.00547438,1.912214876,1.912214876,29.73421488,68.398,26.574,0.911,11.631,0.387966942,1.451900826,26.7768595,0.01814876,0.38,0.48,68.398,26.574,26.574,-901,0.220165289,26.47338843,83.85,-901,-901,-901,-901,-901,8.472,1.127,0.365871849,0.317752066,2.981,30.559,-901,0.298710744,-901,-901,-901,-901
10/31/2004,0.621024793,0.707107438,0.303133884,10.41547934,10.41547934,16.71847934,60.232,26.083,1.83,12.384,0.390446281,2.158214876,10.14545455,-901,0.24,0.3,60.232,26.083,26.083,-901,0.235497521,10.21309091,81.61,-901,-901,-901,-901,-901,2.727,1.061,11.13502781,2.754644628,1.78,29.522,-901,-901,-901,-901,-901,-901
11/30/2004,0.70214876,0.815206612,0.910413223,11.87649587,11.87649587,32.34049587,40.752,24.078,3.37,12.329,0.360595041,1.636363636,27.25289256,-901,0.15,0.17,40.752,24.078,24.078,-901,0.343933884,25.01553719,80.208,-901,-901,-901,-901,-901,3.134,0.756,13.78064437,4.284297521,1.57,28.643,-901,-901,-901,-901,-901,-901
12/31/2004,1.924561983,2.453355372,2.354975207,27.2517438,27.2517438,44.6707438,28.46,18.196,3.04,12.003,0.357242975,1.444958678,30.55933884,-901,0.08,0.09,28.46,18.196,18.196,-901,0.36277686,28.88072727,95.426,-901,-901,-901,-901,-901,3.336,0.911,28.76995189,17.19193388,1.3,28.802,-901,-901,-901,-901,-901,-901
1/31/2005,8.583669421,12.14380165,2.281190083,68.79170248,68.79170248,83.31570248,15.795,15.31,3.35,12.304,0.352938843,8.37461157,27.8538843,-901,0.07,0.07,15.795,15.31,15.31,-901,0.498664463,27.53414876,166.46,-901,-901,-901,-901,-901,3.638,0.586,76.35527647,71.87900826,0.88,33.623,-901,-901,-901,-901,-901,-901
2/28/2005,8.130644628,10.76866116,1.921586777,66.17645455,66.17645455,77.58545455,6.773,13.183,2.5,11.462,0.314895868,7.208727273,26.65785124,-901,0.06,0.05,6.773,13.183,13.183,-901,0.638677686,26.5578843,194.035,-901,-901,-901,-901,-901,2.638,0.472,70.4982991,47.17884298,0.62,39.695,-901,-901,-901,-901,-901,-901
3/31/2005,15.21203306,20.42003306,4.070479339,119.3636694,119.3636694,123.1596694,7.427,6.768,3.79,12.752,0.411966942,14.89844628,28.34578512,-901,0.07,0.06,7.427,6.768,6.768,-901,0.676363636,28.31504132,237.391,-901,-901,-901,-901,-901,32.732,0.545,131.3786207,121.3150413,0.83,41.214,-901,-901,-901,-901,-901,-901
4/30/2005,12.96595041,15.61983471,6.950082645,130.447438,130.447438,121.507438,7.429,11.437,7.15,16.116,0.678347107,39.99272727,14.34049587,-901,0.11,0.11,7.429,11.437,11.437,-901,0.749752066,14.92363636,249.256,-901,-901,-901,-901,-901,9.703,0.685,129.9860151,84.19834711,0.75,41.124,-901,-901,-901,-901,-901,-901
5/31/2005,13.96383471,13.76707438,26.83319008,326.9311653,326.9311653,180.2201653,111.264,48.051,7.23,20.679,2.951404959,70.95669421,16.47867769,-901,0.36,0.43,111.264,48.051,48.051,-901,0.58905124,17.33335537,253.947,-901,-901,-901,-901,-901,6.089,0.909,325.3329646,97.64231405,0.9,41.052,-901,-901,-901,-901,-901,-901
6/30/2005,4.915041322,4.290247934,17.44066116,205.6112066,205.6112066,168.5752066,137.583,51.473,7.47,25.814,3.183471074,91.99338843,26.53884298,-901,0.47,0.59,137.583,51.473,51.473,-901,0.322512397,26.52099174,246.304,-901,-901,-901,-901,-901,9.795,1.1,202.105334,31.08495868,1.58,41.046,-901,-901,-901,-901,-901,-901
7/31/2005,1.721652893,1.936859504,2.582479339,53.03947107,53.03947107,72.06347107,126.677,42.276,6.87,23.871,0.817785124,34.76509091,28.59173554,-901,0.63,0.84,126.677,42.276,42.276,-901,0.333877686,29.4033719,232.49,-901,-901,-901,-901,-901,12.385,1.552,54.12665785,7.335471074,3.32,38.887,-901,-901,-901,-901,-901,-901
8/31/2005,0.93461157,0.725553719,0.037138512,7.694719008,7.694719008,47.76971901,104.135,31.678,2.7,14.03,0.364621488,20.10644628,26.37818182,0.027792397,0.57,0.8,104.135,31.678,31.678,-901,0.21397686,26.82704132,218.646,-901,-901,-901,-901,-901,12.145,1.536,8.894707498,2.477950413,3.66,35.97,-901,-901,-901,-901,-901,-901
9/30/2005,0.630743802,0.495669421,0.011365289,3.87631405,3.87631405,39.80231405,82.596,21.154,0.677,7.989,0.359404959,9.532561983,26.9553719,0.014340496,0.35,0.52,82.596,21.154,21.154,-901,0.201123967,27.37190083,206.172,-901,-901,-901,-901,-901,10.957,1.308,3.678790909,1.570909091,2.64,33.84,-901,-901,-901,-901,-901,-901
10/31/2005,0.830082645,0.551543802,0.013711736,7.497429752,7.497429752,31.84442975,58.168,19.623,0.734,8.036,0.392905785,2.035239669,27.42347107,0.023980165,0.21,0.31,58.168,19.623,19.623,-901,0.224429752,28.16132231,199.318,-901,-901,-901,-901,-901,6.611,1.045,6.236542464,1.801586777,2.57,31.799,-901,-901,-901,-901,-901,-901
11/30/2005,0.72,0.88661157,0.358809917,10.64284298,10.64284298,36.61884298,32.934,17.648,1.62,8.269,0.581355372,1.797024793,29.33553719,0.359404959,0.12,0.16,32.934,17.648,17.648,-901,0.32846281,30.25785124,174.282,-901,-901,-901,-901,-901,25.236,0.72,8.996884764,2.421818182,1.6,30.802,-901,-901,-901,-901,-901,-901
12/31/2005,8.239338843,10.47133884,12.18684298,139.365,139.365,104.16,43.259,36.044,6.95,13.888,1.094479339,2.680859504,29.02214876,-901,0.09,0.09,43.259,36.044,36.044,-901,0.349249587,31.19266116,193.136,-901,-901,-901,-901,-901,11.459,0.685,141.3124751,88.48066116,0.81,36.436,-901,-901,-901,-901,-901,-901
1/31/2006,14.56026446,15.47642975,5.687603306,144.6294711,144.6294711,109.2634711,77.277,36.229,5.41,14.166,1.186710744,4.187305785,26.56264463,-901,0.1,0.11,77.277,36.229,36.229,-901,0.474069421,29.51404959,181.275,-901,-901,-901,-901,-901,68.4784,0.675,151.5900842,109.0175207,0.8,41.279,-901,-901,-901,-901,-901,-901
2/28/2006,8.297256198,8.852628099,6.797752066,94.15295868,94.15295868,79.08495868,93.928,32.421,6.92,15.678,5.520396694,6.986578512,22.99239669,-901,0.1,0.13,93.928,32.421,32.421,-901,0.633123967,26.88555372,191.726,-901,-901,-901,-901,-901,4.2863,0.483,101.1446919,61.09090909,0.76,41.642,-901,-901,-901,-901,-901,-901
3/31/2006,19.63299174,22.03715702,3.935206612,138.7304545,138.7304545,158.9454545,86.082,22.478,4.91,12.276,7.833520661,29.42181818,25.33289256,-901,0.15,0.22,86.082,22.478,22.478,-901,0.848528926,27.57719008,255.072,-901,-901,-901,-901,-901,32.7039,0.606,145.9252467,158.4535537,0.61,41.363,-901,-901,-901,-901,-901,-901
4/30/2006,45.51471074,48.65057851,9.395702479,311.0972314,311.0972314,291.3322314,100.861,22.982,6.97,15.595,8.681652893,49.31107438,19.39834711,-901,0.22,0.35,100.861,22.982,22.982,-901,0.654545455,22.67107438,262.455,-901,-901,-901,-901,-901,154.2052,0.593,327.5598163,312.6942149,0.56,41.325,-901,-901,-901,-901,-901,-901
5/31/2006,18.04661157,17.19193388,24.43517355,358.7255041,358.7255041,292.6195041,134.615,44.462,7.16,24.38,8.663603306,146.2790083,17.95438017,-901,0.39,0.58,134.615,44.462,44.462,-901,0.518340496,19.25791736,262.99,-901,-901,-901,-901,-901,12.4227,1.117,354.6998125,96.16661157,2.01,41.201,-901,-901,-901,-901,-901,-901
6/30/2006,4.611570248,4.938842975,12.79933884,203.616157,203.616157,189.461157,140.685,48.853,7.37,25.41,6.604958678,116.1520661,25.34876033,-901,0.46,0.62,140.685,48.853,48.853,-901,0.327272727,26.58644628,247.888,-901,-901,-901,-901,-901,17.6829,1.584,201.4522729,24.2538843,2.3,40.66,-901,-901,-901,-901,-901,-901
7/31/2006,2.207404959,2.336528926,0.842380165,35.23409091,35.23409091,68.98909091,122.537,34.162,6.91,21.433,2.434909091,26.98076033,29.57553719,0.787041322,0.6,0.84,122.537,34.162,34.162,-901,0.333877686,31.22955372,227.857,-901,-901,-901,-901,-901,19.1487,1.621,37.108629,7.304727273,3.35,38.324,-901,-901,-901,-901,-901,-901
8/31/2006,1.155966942,1.162115702,0.014572562,8.204495868,8.204495868,51.85249587,93.541,24.385,2.96,13.614,1.414214876,20.19252893,26.99305785,0.012789421,0.5,0.77,93.541,24.385,24.385,-901,0.212747107,27.46036364,206.937,-901,-901,-901,-901,-901,19.4224,1.674,8.805923292,3.621619835,2.91,36.018,-901,-901,-901,-901,-901,-901
9/30/2006,0.70214876,0.612892562,0.006545455,5.911619835,5.911619835,30.52561983,73.899,22.683,1.45,7.995,1.213884298,5.516033058,20.52892562,0.010472727,0.32,0.5,73.899,22.683,22.683,-901,0.199933884,21.20132231,192.975,-901,-901,-901,-901,-901,12.9344,1.529,5.66118969,2.487272727,2.97,33.577,-901,-901,-901,-901,-901,-901
10/31/2006,1.094479339,0.910016529,0.010391405,6.492,6.492,33.48,48.363,21.521,1.47,6.001,0.92231405,1.820033058,27.9768595,0.028407273,0.22,0.3,48.363,21.521,21.521,-901,0.212132231,26.99305785,189.21,-901,-901,-901,-901,-901,3.7686,1.184,6.234571318,3.234247934,2.75,31.502,-901,-901,-901,-901,-901,-901
11/30/2006,1.356694215,1.332892562,0.743801653,14.79061983,14.79061983,36.28561983,28.145,17.69,3.1,7.57,1.124628099,3.486942149,24.51570248,-901,0.12,0.15,28.145,17.69,17.69,-901,0.332628099,24.43239669,175.803,-901,-901,-901,-901,-901,14.8068,0.715,14.23695219,4.546115702,1.55,30.846,-901,-901,-901,-901,-901,-901
12/31/2006,1.961454545,2.121322314,0.719404959,20.48471074,20.48471074,45.08271074,12.728,9.885,2.3,5.461,1.11907438,3.658512397,29.6985124,0.768595041,0.06,0.07,12.728,9.885,9.885,-901,0.358472727,30.4117686,171.954,-901,-901,-901,-901,-901,8.055,0.603,21.75119837,7.876561983,1.14,30.996,-901,-901,-901,-901,-901,-901
1/31/2007,1.820033058,2.311933884,1.555636364,19.48361157,19.48361157,32.18261157,6.828,3.849,0.817,3.978,1.543338843,5.466247934,13.34280992,1.67246281,0.04,0.05,6.828,3.849,3.849,-901,0.473454545,15.39649587,169.972,-901,-901,-901,-901,-901,6.0497,0.63,18.96590666,9.401454545,0.84,31.434,-901,-901,-901,-901,-901,-901
2/28/2007,4.559603306,5.298247934,2.688,51.37787603,51.37787603,34.98287603,12.556,6.936,3.5,11.009,0.799735537,2.937917355,6.164628099,-901,0.03,0.05,12.556,6.936,6.936,-901,0.56092562,6.953256198,187.849,-901,-901,-901,-901,-901,4.9389,0.469,57.22984605,35.54935537,0.68,34.003,-901,-901,-901,-901,-901,-901
3/31/2007,6.609917355,6.818975207,5.859768595,76.32430579,76.32430579,45.85130579,32.673,16.751,7.06,10.451,0.940760331,3.418710744,4.181157025,-901,0.09,0.12,32.673,16.751,16.751,-901,0.793190083,5.908958678,191.471,-901,-901,-901,-901,-901,5.7065,0.889,76.56219152,34.89421488,1.49,38.057,-901,-901,-901,-901,-901,-901
4/30/2007,3.909421488,3.379834711,7.795041322,99.81236364,99.81236364,28.27636364,73.724,37.42,7.15,18.686,1.832727273,4.760330579,0.059504132,1.25553719,0.24,0.28,73.724,37.42,37.42,-901,0.654545455,0.119008264,187.849,-901,-901,-901,-901,-901,7.087,1.061,101.3246954,20.64793388,1.11,40.307,-901,-901,-901,-901,-901,-901
5/31/2007,2.662413223,2.520991736,7.753586777,96.80884298,96.80884298,34.50684298,120.178,49.086,7.35,20.755,1.752396694,5.804429752,12.23603306,1.260495868,0.44,0.53,120.178,49.086,49.086,-901,0.515880992,13.25672727,178.374,-901,-901,-901,-901,-901,10.3559,1.143,96.99491422,13.26287603,2.32,40.384,-901,-901,-901,-901,-901,-901
6/30/2007,1.267438017,0.963966942,0.749752066,18.39535537,18.39535537,27.43735537,109.789,49.551,6.86,19.508,0.856859504,3.957024793,18.0892562,0.480198347,0.46,0.57,109.789,49.551,49.551,-901,0.355834711,19.02347107,165.751,-901,-901,-901,-901,-901,11.304,1.099,18.58546623,3.540495868,2.94,38.287,-901,-901,-901,-901,-901,-901
7/31/2007,0.487596694,0.499279339,0.029145124,7.259933884,7.259933884,31.32793388,96.585,37.276,6.37,18.688,0.552158678,1.488,27.05454545,0.021951074,0.63,0.75,96.585,37.276,37.276,-901,0.359702479,26.66717355,151.711,-901,-901,-901,-901,-901,12.3612,0.851,6.75039665,1.291239669,3.32,35.537,-901,-901,-901,-901,-901,-901
8/31/2007,0.330803306,0.318505785,0.007317025,1.785983471,1.785983471,30.33798347,79.041,31.715,1.83,11.333,0.51465124,1.488,27.66942149,0.009776529,0.56,0.72,79.041,31.715,31.715,-901,0.218895868,26.60568595,136.431,-901,-901,-901,-901,-901,14.1245,0.628,0.967077582,0.610571901,2.99,32.953,-901,-901,-901,-901,-901,-901
9/30/2007,0.355239669,0.353454545,0.007557025,3.85922314,3.85922314,29.13322314,63.434,24.115,1.16,7.846,0.461752066,1.428099174,26.83636364,0.004105785,0.38,0.47,63.434,24.115,24.115,-901,0.213024793,25.25950413,127.113,-901,-901,-901,-901,-901,8.4616,0.57,2.585107536,0.618842975,2.3,30.957,-901,-901,-901,-901,-901,-901
10/31/2007,0.608727273,0.33326281,0.016232727,1.662347107,1.662347107,20.59834711,48.628,20.552,1.27,5.945,0.48821157,1.512595041,17.09355372,0.013773223,0.21,0.3,48.628,20.552,20.552,-901,0.227504132,16.62624793,123.217,-901,-901,-901,-901,-901,3.1994,0.824,1.24698681,1.531041322,2.17,29.281,-901,-901,-901,-901,-901,-901
11/30/2007,0.570049587,0.257652893,0.034869421,4.997933884,4.997933884,32.16793388,31.081,11.354,0.708,4.5,0.476033058,1.487603306,27.66942149,0.026538843,0.11,0.15,31.081,11.354,11.354,-901,0.349884298,26.74115702,120.574,-901,-901,-901,-901,-901,2.3683,0.76,3.610633137,1.749421488,1.5,28.108,-901,-901,-901,-901,-901,-901
12/31/2007,0.719404959,0.600733884,0.106373554,8.736975207,8.736975207,24.67497521,16.138,8.084,1,5.944,0.492515702,1.537190083,18.38479339,0.081163636,0.05,0.07,16.138,8.084,8.084,-901,0.357242975,17.99127273,119.093,-901,-901,-901,-901,-901,3.729,0.711,9.371143683,3.664661157,0.81,27.884,-901,-901,-901,-901,-901,-901
1/31/2008,2.619371901,3.025190083,0.543550413,20.13196694,20.13196694,29.42796694,8.978,4.124,1.93,7.158,0.495590083,1.875371901,14.01917355,0.408892562,0.03,0.05,8.978,4.124,4.124,-901,0.472224793,13.4534876,138.563,-901,-901,-901,-901,-901,3.2986,0.53,26.31633309,20.13719008,0.82,28.464,-901,-901,-901,-901,-901,-901
2/29/2008,3.618049587,3.830876033,0.949090909,27.4281157,27.4281157,30.2501157,6.388,3.744,1.28,6.819,0.649983471,2.841520661,9.490909091,0.667239669,0.03,0.05,6.388,3.744,3.744,-901,0.609719008,9.082512397,156.506,-901,-901,-901,-901,-901,2.7352,0.407,29.6621056,24.36,0.86,30.084,-901,-901,-901,-901,-901,-901
3/31/2008,3.996694215,4.427107438,3.437157025,52.81947107,52.81947107,46.02347107,8.026,7.672,1.84,7.514,1.008396694,5.115768595,16.90909091,1.076033058,0.05,0.08,8.026,7.672,7.672,-901,0.787041322,16.21428099,157.768,-901,-901,-901,-901,-901,4.2368,0.405,51.44563662,21.61289256,0.91,34.308,-901,-901,-901,-901,-901,-901
4/30/2008,3.534545455,4.790082645,7.771239669,84.46302479,84.46302479,28.43702479,40.838,24.158,7.07,13.371,1.570909091,4.968595041,0.119008264,1.07107438,0.18,0.18,40.838,24.158,24.158,-901,0.654545455,0.357024793,150,-901,-901,-901,-901,-901,9.4296,0.511,83.89123192,19.16033058,1.53,36.539,-901,-901,-901,-901,-901,-901
5/31/2008,2.656264463,2.896066116,12.03927273,145.398157,145.398157,39.89315702,113.324,48.817,7.08,20.197,1.383471074,5.078876033,17.33950413,1.026842975,0.4,0.49,113.324,48.817,48.817,-901,0.473454545,16.28191736,139.314,-901,-901,-901,-901,-901,10.3459,0.644,144.8179821,15.06446281,2.9,36.801,-901,-901,-901,-901,-901,-901
6/30/2008,0.767603306,0.892561983,2.957355372,52.6077686,52.6077686,34.8277686,129.3,46.247,7.02,22.849,0.521256198,3.921322314,24.69421488,0.534942149,0.48,0.58,129.3,46.247,46.247,-901,0.348694215,23.23041322,126.348,-901,-901,-901,-901,-901,11.8058,0.662,51.66057413,3.980826446,3.07,34.697,-901,-901,-901,-901,-901,-901
7/31/2008,0.344330579,0.151259504,0.067021488,4.817280992,4.817280992,23.65428099,118.291,38.157,6.71,20.275,0.41381157,1.789289256,22.50446281,0.052448926,0.6,0.81,118.291,38.157,38.157,-901,0.360317355,20.68442975,111.838,-901,-901,-901,-901,-901,13.4779,1.426,5.505337414,0.940760331,3.37,31.816,-901,-901,-901,-901,-901,-901
8/31/2008,0.226889256,0.186307438,0.007071074,2.132066116,2.132066116,28.19206612,102.66,30.548,4.4,15.008,0.283457851,1.377322314,26.43966942,0.009346116,0.56,0.78,102.66,30.548,30.548,-901,0.281613223,25.96621488,96.975,-901,-901,-901,-901,-901,13.4303,1.107,2.61355117,0.269930579,3.39,30.138,-901,-901,-901,-901,-901,-901
9/30/2008,0.196958678,0.11722314,0.004343802,3.740247934,3.740247934,20.13024793,94.446,24.45,2.15,11.026,0.273123967,1.309090909,17.55371901,0.003689256,0.35,0.54,94.446,24.45,24.45,-901,0.220165289,17.32165289,87.379,-901,-901,-901,-901,-901,8.5886,1.014,2.994246343,0.159471074,3.1,29.051,-901,-901,-901,-901,-901,-901
10/31/2008,0.568760331,0.274849587,0.010637355,1.31546281,1.31546281,30.68846281,71.361,21.047,0.96,6.749,0.287761983,1.371173554,29.14512397,0.009715041,0.24,0.33,71.361,21.047,21.047,-901,0.226889256,26.60568595,83.167,-901,-901,-901,-901,-901,3.251,0.822,0.103050898,0.762446281,3.04,26.554,-901,-901,-901,-901,-901,-901
11/30/2008,1.082975207,0.424859504,0.612892562,14.27122314,14.27122314,32.01322314,55.899,18.163,1.83,6.465,0.411173554,1.434049587,27.31239669,-901,0.13,0.18,55.899,18.163,18.163,-901,0.35107438,26.01520661,80.051,-901,-901,-901,-901,-901,2.8086,0.578,14.06518287,2.046942149,1.44,25.661,-901,-901,-901,-901,-901,-901
12/31/2008,1.199008264,0.719404959,0.228733884,9.203760331,9.203760331,28.46876033,42.616,12.222,1.34,5.507,0.4464,1.629421488,22.32,0.166631405,0.07,0.1,42.616,12.222,12.222,-901,0.472224793,21.50221488,79.562,-901,-901,-901,-901,-901,1.6721,0.747,8.571902403,2.914512397,1.31,24.902,-901,-901,-901,-901,-901,-901
1/31/2009,2.016793388,2.078280992,3.775338843,33.0757438,33.0757438,41.6947438,36.414,5.76,4.47,8.727,0.51465124,1.727801653,27.30049587,-901,0.05,0.09,36.414,5.76,5.76,-901,0.471609917,26.1014876,81.472,-901,-901,-901,-901,-901,2.2929,0.685,33.33814978,8.884958678,0.87,25.841,-901,-901,-901,-901,-901,-901
2/28/2009,3.743206612,6.420099174,2.038214876,44.53156198,44.53156198,37.94856198,38.836,7.119,3.18,10.81,0.683107438,1.927140496,18.10512397,0.362102479,0.03,0.09,38.836,7.119,7.119,-901,0.566479339,16.31127273,94.107,-901,-901,-901,-901,-901,2.1382,0.599,47.44229376,29.55133884,0.69,28.855,-901,-901,-901,-901,-901,-901
3/31/2009,10.96938843,17.65309091,4.482446281,104.2629835,104.2629835,79.44198347,53.463,14.114,5.29,13.129,1.088330579,4.777586777,21.09024793,0.768595041,0.09,0.17,53.463,14.114,14.114,-901,0.799338843,20.8934876,119.117,-901,-901,-901,-901,-901,2.0807,0.62,104.1371548,66.8985124,0.6,37.487,-901,-901,-901,-901,-901,-901
4/30/2009,5.861157025,8.128264463,9.383801653,118.2523223,118.2523223,69.44132231,83.3,29.447,7.11,15.461,1.559008264,7.527272727,27.31239669,1.689917355,0.21,0.31,83.3,29.447,29.447,-901,0.654545455,26.1461157,114.132,-901,-901,-901,-901,-901,8.4854,0.789,116.1579539,28.31801653,0.88,41.201,-901,-901,-901,-901,-901,-901
5/31/2009,6.523834711,6.290181818,19.43008264,246.8263802,246.8263802,159.3143802,140.321,49.289,7.42,24.13,4.230347107,85.5292562,16.97057851,-901,0.43,0.56,140.321,49.289,49.289,-901,0.494975207,16.00522314,107.075,-901,-901,-901,-901,-901,9.6081,0.99,244.2408562,47.26552066,1.6,41.033,-901,-901,-901,-901,-901,-901
6/30/2009,1.594710744,1.541157025,2.778842975,54.90401653,54.90401653,57.11801653,135.793,49.537,7.13,23.879,1.499504132,37.54115702,9.87768595,1.648264463,0.48,0.62,135.793,49.537,49.537,-901,0.349289256,11.63900826,95.122,-901,-901,-901,-901,-901,11.1691,1.217,53.76849008,5.730247934,2.23,39.765,-901,-901,-901,-901,-901,-901
7/31/2009,0.965355372,0.664066116,0.114981818,10.55679339,10.55679339,39.21679339,118.898,40.374,4.59,18.66,0.744,2.625520661,32.28099174,0.129123967,0.63,0.84,118.898,40.374,40.374,-901,0.348019835,30.97745455,80.858,-901,-901,-901,-901,-901,12.6508,1.147,8.844910878,1.352727273,3.47,36.929,-901,-901,-901,-901,-901,-901
8/31/2009,0.482677686,0.22627438,0.009407603,4.050958678,4.050958678,34.18095868,96.986,35.398,2.43,12.891,0.470380165,1.537190083,31.11272727,0.01180562,0.6,0.78,96.986,35.398,35.398,-901,0.225659504,29.56938843,69.155,-901,-901,-901,-901,-901,10.9965,1.147,3.332968587,0.405818182,3.23,34.167,-901,-901,-901,-901,-901,-901
9/30/2009,0.240396694,0.221355372,0.004046281,2.143628099,2.143628099,24.8846281,80.754,32.28,2.43,7.649,0.298115702,1.434049587,22.67107438,0.008330579,0.4,0.51,80.754,32.28,32.28,-901,0.210049587,21.44528926,61.157,-901,-901,-901,-901,-901,7.5552,0.941,1.477747499,0.282644628,2.435,32.041,-901,-901,-901,-901,-901,-901
10/31/2009,0.811636364,0.602578512,0.162942149,10.51209917,10.51209917,26.29209917,65.859,30.262,2.29,7.429,0.338181818,1.512595041,22.32,-901,0.26,0.31,65.859,30.262,30.262,-901,0.222585124,20.48766942,58.804,-901,-901,-901,-901,-901,2.379570248,0.783,10.10866657,1.408066116,2.506,30.128,-901,-901,-901,-901,-901,-901
11/30/2009,0.559338843,0.38677686,0.032370248,4.980991736,4.980991736,27.96099174,49.129,23.388,2.38,6.941,0.440330579,1.523305785,24.28363636,0.015233058,0.15,0.18,49.129,23.388,23.388,-901,0.345123967,22.87933884,55.9,-901,-901,-901,-901,-901,2.487272727,0.782,4.049044264,1.201983471,2,28.543,-901,-901,-901,-901,-901,-901
12/31/2009,1.088330579,1.334280992,0.279768595,12.68336364,12.68336364,34.15636364,37.507,13.412,1.43,6.204,0.621024793,2.213553719,23.3591405,0.22012562,0.08,0.09,37.507,13.412,13.412,-901,0.361547107,24.15233058,56.73,-901,-901,-901,-901,-901,2.643966942,0.692,13.36316069,4.869818182,1.643,28.056,-901,-901,-901,-901,-901,-901
1/31/2010,3.240396694,4.162710744,0.879272727,27.12244628,27.12244628,45.40244628,24.983,7.073,1.49,6.036,0.836231405,3.012892562,25.01930579,0.799338843,0.05,0.08,24.983,7.073,7.073,-901,0.471609917,25.31444628,82.806,-901,-901,-901,-901,-901,2.305785124,0.621,31.65864498,21.20092562,0.873,29.232,-901,-901,-901,-901,-901,-901
2/28/2010,3.632132231,4.909487603,0.971900826,32.30719008,32.30719008,42.09719008,16.103,5.163,1.7,6.297,0.833057851,2.732429752,19.8378843,0.971900826,0.03,0.08,16.103,5.163,5.163,-901,0.572033058,19.51021488,99.914,-901,-901,-901,-901,-901,1.699438017,0.629,35.65635237,26.10803306,0.568,31.659,-901,-901,-901,-901,-901,-901
3/31/2010,5.798280992,7.636760331,3.092826446,60.37386777,60.37386777,58.93586777,14.859,5.697,2.96,7.673,1.100628099,4.968198347,21.86499174,1.026842975,0.05,0.11,14.859,5.697,5.697,-901,0.787041322,21.02876033,121.991,-901,-901,-901,-901,-901,1.727801653,0.612,62.5243736,40.36661157,0.706,36.072,-901,-901,-901,-901,-901,-901
4/30/2010,9.038677686,12.18644628,6.920330579,106.8426446,106.8426446,81.28264463,32.658,9.262,6.06,11.104,1.666115702,7.080991736,25.7831405,1.576859504,0.08,0.18,32.658,9.262,9.262,-901,0.654545455,24.78347107,145.289,-901,-901,-901,-901,-901,1.27338843,0.505,108.8581524,58.56991736,0.767,41.117,-901,-901,-901,-901,-901,-901
5/31/2010,9.253884298,11.20919008,13.60720661,174.9450083,174.9450083,116.5190083,55.072,38.447,7.16,16.635,2.723900826,52.10459504,10.56971901,3.228099174,0.35,0.36,55.072,38.447,38.447,-901,0.496204959,9.30307438,147.717,-901,-901,-901,-901,-901,6.234842975,0.586,171.9049744,65.36132231,0.388,41.156,-901,-901,-901,-901,-901,-901
6/30/2010,5.016198347,4.65322314,18.47008264,235.4116942,235.4116942,132.3966942,135.453,51.347,7.42,24.343,4.784132231,61.2892562,10.57983471,-901,0.46,0.54,135.453,51.347,51.347,-901,0.354049587,9.288595041,139.932,-901,-901,-901,-901,-901,9.645619835,1.026,229.5748424,37.49355372,1.451,40.872,-901,-901,-901,-901,-901,-901
7/31/2010,1.604826446,1.444958678,1.278942149,34.11300826,34.11300826,48.07100826,128.792,43.524,5.93,22.101,0.885421488,10.05322314,28.77004959,0.897719008,0.63,0.84,128.792,43.524,43.524,-901,0.349249587,26.76555372,128.469,-901,-901,-901,-901,-901,10.97553719,1.298,30.58397664,4.888264463,3.051,38.486,-901,-901,-901,-901,-901,-901
8/31/2010,0.590280992,0.584132231,0.027361983,5.600157025,5.600157025,27.98915702,117.455,36.743,3.33,15.128,0.448859504,1.524892562,24.98856198,0.016478678,0.6,0.81,117.455,36.743,36.743,-901,0.218280992,22.69507438,117.353,-901,-901,-901,-901,-901,9.905652893,1.292,4.150193343,1.211305785,3.436,35.627,-901,-901,-901,-901,-901,-901
9/30/2010,0.612892562,0.249917355,0.008866116,4.331512397,4.331512397,20.3385124,111.116,30.751,1.37,9.452,0.303471074,1.451900826,18.33917355,0.0072,0.4,0.56,111.116,30.751,30.751,-901,0.211834711,16.23272727,108.938,-901,-901,-901,-901,-901,7.562975207,1.04,3.489435109,0.725950413,2.64,33.479,-901,-901,-901,-901,-901,-901
10/31/2010,1.192859504,1.082181818,3.178909091,33.89771074,33.89771074,38.38671074,103.35,30.144,4.44,11.835,0.338181818,1.518743802,28.54254545,-901,0.26,0.38,103.35,30.144,30.144,-901,0.223814876,26.98690909,105.413,-901,-901,-901,-901,-901,3.486347107,0.861,34.05058151,4.168859504,2.43,32.28,-901,-901,-901,-901,-901,-901
11/30/2010,1.672066116,1.844628099,1.547107438,27.2676281,27.2676281,38.5646281,89.985,34.438,1.22,8.633,0.452231405,9.229090909,20.14214876,1.499504132,0.16,0.23,89.985,34.438,34.438,-901,0.345719008,19.36264463,109.641,-901,-901,-901,-901,-901,2.112396694,0.586,29.16334188,9.657520661,1.32,32.28,-901,-901,-901,-901,-901,-901
12/31/2010,12.1991405,17.27186777,6.216396694,127.6955537,127.6955537,128.6935537,84.949,33.19,5.73,13.201,0.627173554,34.64826446,19.01196694,-901,0.1,0.13,84.949,33.19,33.19,-901,0.365236364,21.05335537,166.194,-901,-901,-901,-901,-901,1.924561983,0.488,133.9772122,111.6,1.051,41.189,-901,-901,-901,-901,-901,-901
1/31/2011,7.26168595,9.315371901,3.547834711,71.86032231,71.86032231,102.5613223,58.422,30.327,2.91,11.107,0.787041322,49.49752066,10.84641322,-901,0.1,0.12,58.422,30.327,30.327,-901,0.472224793,13.28132231,182.424,-901,-901,-901,-901,-901,7.901157025,0.563,74.35596132,60.57143802,0.807,41.182,-901,-901,-901,-901,-901,-901
2/28/2011,5.170512397,7.108760331,2.338115702,41.65282645,41.65282645,78.14082645,30.327,23.409,0.835,9.017,1.00522314,21.55953719,25.39160331,2.138181818,0.09,0.1,30.327,23.409,23.409,-901,0.827504132,24.60852893,217.411,-901,-901,-901,-901,-901,2.049322314,0.425,47.81138412,54.94849587,0.898,41.065,-901,-901,-901,-901,-901,-901
3/31/2011,23.59894215,31.5738843,4.27338843,181.9590248,181.9590248,178.4370248,36.659,13.473,6.68,14.876,1.389619835,28.11213223,23.8694876,-901,0.13,0.15,36.659,13.473,13.473,-901,0.811636364,24.00476033,225.578,-901,-901,-901,-901,-901,139.1648926,0.987,192.027607,234.821157,0.737,41.266,-901,-901,-901,-901,-901,-901
4/30/2011,20.4753719,25.15834711,9.657520661,200.2589091,200.2589091,171.4909091,61.368,16.207,7.11,15.304,3.26677686,33.97090909,20.0707438,-901,0.18,0.27,61.368,16.207,16.207,-901,0.654545455,23.84330579,241.806,-901,-901,-901,-901,-901,9.163636364,0.447,200.8332681,129.1834711,0.698,41.182,-901,-901,-901,-901,-901,-901
5/31/2011,14.89229752,17.86829752,15.83305785,222.3854793,222.3854793,173.7024793,91.479,31.654,7.12,16.879,6.843570248,64.13157025,15.32271074,-901,0.35,0.49,91.479,31.654,31.654,-901,0.496204959,15.39649587,243.044,-901,-901,-901,-901,-901,8.860363636,0.71,222.6984154,80.67173554,0.537,41.117,-901,-901,-901,-901,-901,-901
6/30/2011,9.34214876,9.151735537,24.78942149,319.4824793,319.4824793,244.5024793,136.218,51.347,7.19,25.698,5.902809917,134.6578512,13.32892562,-901,0.43,0.56,136.218,51.347,51.347,-901,0.349289256,13.03140496,234.951,-901,-901,-901,-901,-901,13.1861157,0.739,317.2558699,56.17190083,0.973,41.189,-901,-901,-901,-901,-901,-901
7/31/2011,3.320330579,3.234247934,9.967140496,148.3152314,148.3152314,145.1722314,140.187,46.898,7.36,26.642,4.119669421,80.97917355,27.79854545,-901,0.66,0.86,140.187,46.898,46.898,-901,0.357242975,27.22056198,217.891,-901,-901,-901,-901,-901,16.57705785,1.159,143.2944984,16.59550413,2.607,39.284,-901,-901,-901,-901,-901,-901
8/31/2011,1.727801653,1.488,0.353553719,17.35667769,17.35667769,34.33467769,133.123,40.953,4.44,19.856,1.131371901,2.04753719,26.45196694,0.32711405,0.63,0.86,133.123,40.953,40.953,-901,0.217666116,25.39438017,202.037,-901,-901,-901,-901,-901,14.24667769,1.327,16.69690541,4.064330579,3.229,36.648,-901,-901,-901,-901,-901,-901
9/30/2011,0.90446281,0.833057851,0.02088595,7.010264463,7.010264463,23.96826446,125.05,38.227,0.813,11.464,0.422479339,1.719669421,19.04132231,0.009877686,0.43,0.6,125.05,38.227,38.227,-901,0.210049587,19.33289256,189.655,-901,-901,-901,-901,-901,11.07371901,1.203,8.65048173,2.207603306,2.874,34.338,-901,-901,-901,-901,-901,-901
10/31/2011,1.12522314,1.143669421,0.456852893,12.0706281,12.0706281,36.0686281,105.637,37.068,2.06,6.618,0.467305785,2.078280992,26.75940496,-901,0.29,0.39,105.637,37.068,37.068,-901,0.239186777,28.3642314,186.146,-901,-901,-901,-901,-901,4.045884298,0.74,13.97221523,3.873719008,1.742,33.085,-901,-901,-901,-901,-901,-901
11/30/2011,1.350743802,1.05322314,0.178512397,8.288842975,8.288842975,35.17884298,85.244,29.447,2.48,6.671,1.07107438,3.439338843,27.20528926,0.173752066,0.17,0.23,85.244,29.447,29.447,-901,0.344528926,26.02710744,172.829,-901,-901,-901,-901,-901,14.03107438,0.671,8.252195956,3.588099174,1.414,32.274,-901,-901,-901,-901,-901,-901
12/31/2011,1.162115702,0.891570248,0.121745455,6.793578512,6.793578512,35.57057851,65.63,19.309,2.55,6.722,1.11907438,3.652363636,30.65157025,0.095920661,0.09,0.13,65.63,19.309,19.309,-901,0.365236364,26.65487603,167.171,-901,-901,-901,-901,-901,6.167206612,0.704,5.539306507,3.264991736,1.394,31.345,-901,-901,-901,-901,-901,-901
1/31/2012,2.391867769,1.740099174,2.121322314,24.21866942,24.21866942,39.08766942,50.195,14.981,6.28,10.652,1.365024793,5.232595041,23.29150413,-901,0.07,0.11,50.195,14.981,14.981,-901,0.473454545,23.35299174,168.182,-901,-901,-901,-901,-901,2.951404959,0.784,26.32049647,8.19014876,1.415,31.502,-901,-901,-901,-901,-901,-901
2/29/2012,1.035371901,1.386247934,1.225190083,16.12595868,16.12595868,14.50095868,49.236,16.285,6.74,11.195,0.649983471,2.594181818,4.406082645,1.248198347,0.07,0.1,49.236,16.285,16.285,-901,0.598214876,5.734809917,168.509,-901,-901,-901,-901,-901,1.760132231,0.567,18.56126321,5.665785124,0.744,31.468,-901,-901,-901,-901,-901,-901
3/31/2012,4.900561983,6.074975207,4.021289256,60.71171901,60.71171901,38.84171901,59.742,27.216,6.14,10.816,0.725553719,2.533289256,6.308628099,-901,0.13,0.17,59.742,27.216,27.216,-901,0.916165289,8.306975207,183.514,-901,-901,-901,-901,-901,2.662413223,0.512,66.58248219,48.05871074,0.73,36.127,-901,-901,-901,-901,-901,-901
4/30/2012,7.259504132,8.770909091,11.38909091,146.0099917,146.0099917,58.20099174,117.268,50.291,7.11,16.661,1.231735537,7.705785124,2.463471074,-901,0.29,0.35,117.268,50.291,50.291,-901,0.999669421,3.219173554,200.135,-901,-901,-901,-901,-901,5.176859504,0.723,151.4329404,69.02479339,0.695,40.988,-901,-901,-901,-901,-901,-901
5/31/2012,3.326479339,2.914512397,7.81507438,107.8407603,107.8407603,80.54876033,138.249,49.086,7.33,22.019,3.221950413,32.79133884,20.52456198,-901,0.48,0.6,138.249,49.086,49.086,-901,0.780892562,18.93203306,191.63,-901,-901,-901,-901,-901,9.696595041,1.078,108.2021598,23.28535537,0.951,40.847,-901,-901,-901,-901,-901,-901
6/30/2012,1.142479339,1.249586777,0.969917355,22.20189256,22.20189256,36.61289256,126.989,46.381,6.65,19.534,0.600991736,3.701157025,27.48495868,0.407603306,0.48,0.6,126.989,46.381,46.381,-901,0.347504132,26.39008264,179.42,-901,-901,-901,-901,-901,11.22247934,0.959,22.27485014,5.444628099,2.138,39.41,-901,-901,-901,-901,-901,-901
7/31/2012,0.473454545,0.707107438,0.041504132,6.391603306,6.391603306,29.49560331,111.081,41.702,3.95,14.276,0.467305785,2.256595041,25.46201653,0.041504132,0.6,0.78,111.081,41.702,41.702,-901,0.358472727,24.91477686,165.397,-901,-901,-901,-901,-901,12.73408264,1.361,6.275,1.930710744,3.213,37.088,-901,-901,-901,-901,-901,-901
8/31/2012,0.313586777,0.338181818,0.006517686,2.047834711,2.047834711,27.35583471,94.794,34.966,1.81,9.448,0.344330579,2.016793388,25.36978512,0.006517686,0.6,0.75,94.794,34.966,34.966,-901,0.217666116,25.05619835,151.542,-901,-901,-901,-901,-901,12.46968595,1.193,2.486,0.768595041,3.588,34.009,-901,-901,-901,-901,-901,-901
9/30/2012,0.220165289,0.243966942,0.005057851,1.518165289,1.518165289,26.14016529,76.216,30.345,0.765,6.117,0.297520661,3.195371901,23.17090909,0.005057851,0.4,0.51,76.216,30.345,30.345,-901,0.210644628,23.17090909,141.335,-901,-901,-901,-901,-901,10.44892562,0.998,1.719,0.678347107,2.752,31.726,-901,-901,-901,-901,-901,-901
10/31/2012,0.528793388,0.36277686,0.014818512,3.346909091,3.346909091,26.98690909,55.639,26.386,0.965,5.489,0.313586777,1.684760331,29.71080992,0.014818512,0.26,0.31,55.639,26.386,26.386,-901,0.224429752,23.17467769,136.192,-901,-901,-901,-901,-901,5.072727273,0.954,3.266,1.180561983,2.61,29.469,-901,-901,-901,-901,-901,-901
11/30/2012,0.868760331,1.231735537,1.654214876,20.52638843,20.52638843,32.95338843,44.247,19.558,5.71,10.165,0.434380165,1.630413223,27.11603306,-901,0.15,0.17,44.247,19.558,19.558,-901,0.348694215,23.98016529,134.554,-901,-901,-901,-901,-901,2.993057851,0.797,22.504,4.50446281,1.282,29.094,-901,-901,-901,-901,-901,-901
12/31/2012,6.357818182,7.895008264,5.466247934,86.14963636,86.14963636,66.28363636,61.16,23.779,3.35,8.073,0.442710744,1.715504132,26.66102479,-901,0.08,0.1,61.16,23.779,23.779,-901,0.363391736,25.40052893,162.374,-901,-901,-901,-901,-901,1.85692562,0.644,89.567,62.28694215,1.236,34.579,-901,-901,-901,-901,-901,-901
1/31/2013,3.381818182,3.055933884,2.232,34.37142149,34.37142149,47.75742149,56.466,15.03,2.58,7.28,0.442710744,2.096727273,29.80304132,-901,0.08,0.11,56.466,15.03,15.03,-901,0.48821157,28.00145455,166.283,-901,-901,-901,-901,-901,1.660165289,0.66,33.699,18.26181818,0.954,36.557,-901,-901,-901,-901,-901,-901
2/28/2013,2.254809917,2.210380165,1.704991736,27.13804132,27.13804132,41.20304132,44.633,9.917,4.65,9.329,0.666446281,2.943471074,25.89143802,2.310347107,0.05,0.1,44.633,9.917,9.917,-901,0.583140496,23.4311405,167.617,-901,-901,-901,-901,-901,1.316231405,0.682,26.19,12.36257851,0.597,38.705,-901,-901,-901,-901,-901,-901
3/31/2013,2.631669421,2.680859504,4.808330579,56.31177686,56.31177686,47.97877686,41.393,17.932,7.03,11.873,1.518743802,5.287933884,26.4273719,-901,0.11,0.15,41.393,17.932,17.932,-901,0.903867769,22.6458843,165.308,-901,-901,-901,-901,-901,4.64846281,0.754,56.639,18.56310744,1.085,40.409,-901,-901,-901,-901,-901,-901
4/30/2013,2.409917355,2.243305785,8.027107438,101.3266529,101.3266529,38.20165289,79.349,35.028,7.09,18.518,2.32661157,11.54975207,6.247933884,1.981487603,0.24,0.3,79.349,35.028,35.028,-901,0.779504132,5.920661157,159.7,-901,-901,-901,-901,-901,7.336859504,0.888,101.169,18.59504132,0.917,41.059,-901,-901,-901,-901,-901,-901
5/31/2013,1.155966942,0.910016529,5.183404959,77.86360331,77.86360331,31.72760331,112.397,41.581,7.02,23.035,1.986049587,5.595371901,19.07345455,-901,0.43,0.54,112.397,41.581,41.581,-901,0.627173554,16.73692562,149.107,-901,-901,-901,-901,-901,10.3237686,1.048,77.482,6.216396694,1.141,40.454,-901,-901,-901,-901,-901,-901
6/30/2013,0.422479339,0.481983471,1.017520661,21.10428926,21.10428926,25.76528926,108.228,39.13,6.9,22.959,0.749752066,3.290578512,21.6,0.606942149,0.43,0.56,108.228,39.13,39.13,-901,0.346909091,17.8631405,136.51,-901,-901,-901,-901,-901,11.75801653,1.045,21.709,2.16,2.073,38.824,-901,-901,-901,-901,-901,-901
7/31/2013,0.307438017,0.356628099,0.069480992,3.815016529,3.815016529,26.95001653,89.925,36.332,5.25,18.41,0.455008264,1.770842975,26.99920661,0.049620496,0.6,0.75,89.925,36.332,36.332,-901,0.359702479,24.05395041,122.966,-901,-901,-901,-901,-901,12.24218182,1.165,4.165,0.823933884,2.961,36.248,-901,-901,-901,-901,-901,-901
8/31/2013,0.282842975,0.209057851,0.009838017,1.396338843,1.396338843,26.83933884,73.569,31.511,1.97,11.944,0.319735537,1.555636364,28.14902479,0.009469091,0.56,0.68,73.569,31.511,31.511,-901,0.216436364,24.92092562,111.032,-901,-901,-901,-901,-901,10.76033058,0.96,2.168,0.363391736,2.775,33.799,-901,-901,-901,-901,-901,-901
9/30/2013,0.196363636,0.154710744,0.007497521,1.887545455,1.887545455,22.97454545,58.238,28.326,0.69,7.653,0.297520661,1.463801653,25.22975207,0.016542149,0.38,0.47,58.238,28.326,28.326,-901,0.209454545,21.21917355,102.88,-901,-901,-901,-901,-901,7.223801653,0.87,2.26,0.523636364,1.889,32.092,-901,-901,-901,-901,-901,-901
10/31/2013,0.221355372,0.196760331,0.012297521,1.175768595,1.175768595,29.6677686,39.334,20.025,0.724,5.101,0.313586777,1.697057851,29.7292562,0.019307107,0.24,0.27,39.334,20.025,20.025,-901,0.242261157,27.81084298,98.958,-901,-901,-901,-901,-901,2.994446281,0.755,1.015,0.946909091,2.735,29.732,-901,-901,-901,-901,-901,-901
11/30/2013,0.327272727,0.243966942,0.01785124,2.729429752,2.729429752,25.62842975,19.641,15.519,0.776,5.527,0.446280992,1.469752066,24.84892562,0.015828099,0.13,0.13,19.641,15.519,15.519,-901,0.365950413,23.61123967,96.624,-901,-901,-901,-901,-901,2.106446281,0.614,3.674,1.356694215,1.959,28.218,-901,-901,-901,-901,-901,-901
12/31/2013,0.37507438,0.38122314,0.012297521,1.880553719,1.880553719,13.37355372,13.634,9.228,0.91,5.611,0.461157025,1.475702479,11.31371901,0.013527273,0.07,0.07,13.634,9.228,9.228,-901,0.383682645,12.90009917,94.668,-901,-901,-901,-901,-901,1.598677686,0.581,2.318,1.500297521,1.77,26.9,-901,-901,-901,-901,-901,-901
1/31/2014,0.350479339,0.17831405,0.313586777,4.91238843,4.91238843,4.27338843,12.942,8.938,1.6,6.413,0.461157025,1.783140496,0.897719008,-901,0.05,0.05,12.942,8.938,8.938,-901,0.493130579,0.48821157,92.841,-901,-901,-901,-901,-901,1.727801653,0.719,6.202,1.444958678,1.548,25.841,-901,-901,-901,-901,-901,-901
2/28/2014,2.032661157,2.027107438,2.760198347,33.05970248,33.05970248,17.02770248,20.663,12.104,5.29,10.845,0.455404959,1.638347107,3.659900826,-901,0.05,0.07,20.663,12.104,12.104,-901,0.577586777,4.898380165,96.624,-901,-901,-901,-901,-901,0.78307438,0.593,38.023,17.69970248,0.7,27,-901,-901,-901,-901,-901,-901
3/31/2014,2.311933884,2.404165289,4.494743802,46.20047934,46.20047934,17.46247934,38.341,20.582,6.29,12.27,0.823933884,2.004495868,3.301884298,0.567530579,0.11,0.13,38.341,20.582,20.582,-901,0.768595041,3.861421488,100.517,-901,-901,-901,-901,-901,1.285090909,0.917,49.629,21.92647934,0.573,32.993,-901,-901,-901,-901,-901,-901
4/30/2014,1.987438017,1.779173554,7.622479339,78.74303306,78.74303306,16.31603306,78.779,37.177,7.4,15.961,1.082975207,2.778842975,1.892231405,0.690247934,0.26,0.3,78.779,37.177,37.177,-901,0.773553719,1.689917355,97.523,-901,-901,-901,-901,-901,5.510082645,1.143,81.543,15.59603306,0.705,35.077,-901,-901,-901,-901,-901,-901
5/31/2014,0.848528926,0.657917355,6.68985124,76.5693719,76.5693719,24.9393719,118.222,43.49,7.18,19.929,1.408066116,4.261090909,15.51947107,0.744,0.43,0.54,118.222,43.49,43.49,-901,0.627173554,14.68938843,87.359,-901,-901,-901,-901,-901,9.438347107,0.936,81.457,5.423206612,0.8,34,-901,-901,-901,-901,-901,-901
6/30/2014,0.362975207,0.321322314,0.55338843,13.53593388,13.53593388,29.28793388,105.687,40.305,6.48,18.121,0.856859504,2.683636364,25.16429752,0.209454545,0.43,0.56,105.687,40.305,40.305,-901,0.349289256,24.89652893,75.346,-901,-901,-901,-901,-901,11.05586777,0.786,14.433,0.987768595,1.44,34.916,-901,-901,-901,-901,-901,-901
7/31/2014,0.221355372,0.122975207,0.018446281,2.883057851,2.883057851,19.55305785,93.103,36.01,6.36,16.032,0.338181818,1.500297521,18.51391736,0.019122645,0.6,0.75,93.103,36.01,36.01,-901,0.357242975,18.59385124,63.068,-901,-901,-901,-901,-901,11.46128926,0.948,3.726,0.129738843,2.006,33.137,-901,-901,-901,-901,-901,-901
8/31/2014,0.153719008,0.049190083,0.00614876,1.95777686,1.95777686,27.89077686,74.373,30.244,4.71,12.608,0.319120661,1.321983471,27.66942149,0.013957686,0.56,0.68,74.373,30.244,30.244,-901,0.216436364,26.96231405,51.859,-901,-901,-901,-901,-901,10.87715702,0.747,1.883,0,1.859,31.457,-901,-901,-901,-901,-901,-901
9/30/2014,0.107107438,0.065454545,0.005950413,0.571867769,0.571867769,23.29586777,54.861,28.526,3.19,9.559,0.323107438,1.23768595,24.2122314,0.008152066,0.38,0.43,54.861,28.526,28.526,-901,0.208859504,22.33785124,44.093,-901,-901,-901,-901,-901,7.711735537,0.745,1.241,0,1.683,29.97,-901,-901,-901,-901,-901,-901
10/31/2014,0.188766942,0.170320661,0.00614876,1.322512397,1.322512397,28.2105124,42.31,16.894,0.768,5.753,0.305593388,1.137520661,28.51180165,0.010206942,0.24,0.27,42.31,16.894,16.894,-901,0.221970248,26.93771901,41.163,-901,-901,-901,-901,-901,2.576330579,0.591,2.281,0.260092562,2.062,28.317,-901,-901,-901,-901,-901,-901
11/30/2014,0.370710744,0.330842975,0.211834711,4.257859504,4.257859504,26.7768595,24.811,11.59,1.08,5.354,0.302280992,1.493553719,24.83702479,0.082115702,0.11,0.13,24.811,11.59,11.59,-901,0.348694215,24.57520661,40.465,-901,-901,-901,-901,-901,0.600991736,0.443,5.572,1.207933884,1.263,27.526,-901,-901,-901,-901,-901,-901
12/31/2014,0.916165289,1.67246281,2.275041322,27.74859504,27.74859504,32.76059504,19.832,10.061,1.99,6.227,0.312357025,1.537190083,24.32449587,0.280383471,0.05,0.07,19.832,10.061,10.061,-901,0.364006612,24.36138843,49.624,-901,-901,-901,-901,-901,0.977652893,0.503,34.707,14.40039669,1.068,28.24,-901,-901,-901,-901,-901,-901
1/31/2015,0.432872727,0.392905785,1.217454545,12.45947107,12.45947107,18.49547107,10.961,10.766,3.77,7.756,0.307438017,1.967603306,15.21203306,0.292680992,0.05,0.07,10.961,10.766,10.766,-901,0.47898843,17.1427438,50.099,-901,-901,-901,-901,-901,0.614876033,0.481,13.837,3.547834711,1.075,27.785,-901,-901,-901,-901,-901,-901
2/28/2015,2.471404959,2.593586777,4.987239669,64.53182645,64.53182645,26.39682645,35.088,21.947,5.56,9.999,0.515940496,2.043768595,9.768991736,0.827504132,0.07,0.07,35.088,21.947,21.947,-901,0.555371901,12.62360331,66.272,-901,-901,-901,-901,-901,1.082975207,0.444,68.611,34.2997686,0.989,30.576,-901,-901,-901,-901,-901,-901
3/31/2015,0.756297521,0.467920661,2.035239669,30.75569421,30.75569421,15.15669421,44.561,26.416,5.55,10.792,0.854677686,2.361123967,8.583669421,0.842380165,0.15,0.15,44.561,26.416,26.416,-901,0.903867769,12.02697521,65.362,-901,-901,-901,-901,-901,1.690909091,0.564,32.386,5.441652893,0.833,32.07,-901,-901,-901,-901,-901,-901
4/30/2015,0.916363636,0.477818182,2.49322314,31.68650413,31.68650413,14.45950413,54.12,29.499,7.36,14.145,1.065123967,2.868099174,7.176198347,0.773553719,0.26,0.27,54.12,29.499,29.499,-901,0.773553719,8.645950413,63.478,-901,-901,-901,-901,-901,2.284958678,0.702,34.004,4.159338843,0.697,34.05,-901,-901,-901,-901,-901,-901
5/31/2015,0.545395041,0.55646281,2.287338843,35.96636364,35.96636364,27.46036364,59.405,29.893,7.37,15.703,1.051438017,4.537785124,19.7928595,0.787041322,0.38,0.43,59.405,29.893,29.893,-901,0.613646281,18.00357025,58.559,-901,-901,-901,-901,-901,4.445553719,0.459,36.428,3.16661157,0.597,34.758,-901,-901,-901,-901,-901,-901
6/30/2015,0.23861157,0.260033058,0.508165289,9.458785124,9.901178679,27.14578512,44.683,26.349,7.21,15.33439355,0.449256198,2.969256198,23.4446281,0.215404959,0.38,0.4,44.683,26.349,26.349,-901,0.352264463,23.45652893,51.722,-901,-901,-901,-901,-901,5.968264463,0.61,11.117,0.999669421,1.6,33.537,-901,-901,-901,-901,-901,-901
7/31/2015,0.120515702,0.084852893,0.026009256,3.681809917,3.681655132,17.06280992,35.969,22.578,5.63,12.82823877,0.302519008,1.49414876,18.33560331,0.021459174,0.48,0.5,35.969,22.578,22.3,-901,0.364006612,18.2433719,42.836,-901,-901,-901,-901,-901,8.331570248,0.63,4.291,0.164171901,2.157,31.575,-901,-901,-901,-901,-901,-901
8/31/2015,0.134042975,0.02361124,0.00461157,0,-0.298324583,16.92138843,23.274,17.772,5.48,11.63852576,0.303133884,1.155966942,17.00132231,0.001906116,0.43,0.44,23.274,17.772,17.8,-901,0.2232,17.54856198,34.216,-901,-901,-901,-901,-901,7.796628099,0.601,0.047,0.00129124,2.131,29.699,-901,-901,-901,-901,-901,-901
9/30/2015,0.107107438,0.014161983,0.002975207,0,0.443345848,15.36396694,11.061,14.901,5.36,10.69590466,0.297520661,1.142479339,15.72099174,0.002261157,0.27,0.21,11.061,14.901,14.9,-901,0.222545455,13.69785124,28.142,-901,-901,-901,-901,-901,5.468429752,0.626,-2.121,0,1.964,27.983,-901,-901,-901,-901,-901,-901
10/31/2015,0.146955372,0.102684298,0.012174545,1.332,1.730652628,8.380760331,9.547,9.659,5.36,9.94679696,0.307438017,1.272793388,6.978842975,0.005041983,0.18,0.13,9.547,9.659,9.75,-901,0.234882645,8.602115702,26.164,-901,,,,,1.674,0.545,1.238,0.170320661,1.743,26.574,-901,-901,-901,-901,-901,-901
11/30/2015,0.310016529,0.334413223,1.25553719,6.671,8.441799668,10.40727273,11.648,7.233,3.92,7.587323901,0.299305785,1.64231405,6.039669421,0.696198347,0.09,0.08,11.648,7.233,7.38,-901,0.357024793,7.170247934,24.582,-901,,,,,1.562,0.549,9.05,1.559008264,1.164,25.975,-901,-901,-901,-901,-901,-901
12/31/2015,2.287338843,2.920661157,1.67246281,30.172,31.27137104,27.55259504,17.196,6.145,2.36,6.217099904,0.490671074,1.709355372,12.34671074,0.411966942,0.03,0.05,17.196,6.145,6.24,-901,0.379378512,15.2058843,37.899,-901,,,,,1.823,0.549,33.435,15.9498843,1.017,27.827,-901,-901,-901,-901,-901,-901
1/31/2016,5.724495868,6.714446281,2.182809917,59.09,59.51352214,41.79927273,25.167,11.716,5.15,9.763349317,0.326499174,1.67246281,11.11080992,0.290221488,0.05,0.07,25.167,11.716,11.9,-901,0.491900826,13.20138843,72.944,-901,,,,,1.249,0.506,65.742,47.42538843,0.985,32.965,-901,-901,-901,-901,-901,-901
2/29/2016,4.342809917,5.18261157,3.209652893,65.82,65.80697186,49.38723967,34.339,17.181,5.55,10.79908151,0.885818182,10.12363636,13.99477686,1.225190083,0.07,0.08,34.339,17.181,17.4,-901,0.615471074,15.20846281,81.372,-901,,,,,1.139,0.597,65.373,36.2092562,0.978,38.063,-901,-901,-901,-901,-901,-901
3/31/2016,15.04601653,17.37024793,9.315371901,160.723,160.5434274,114.0595041,63.534,30.214,6.29,14.2400048,1.629421488,7.44,27.8846281,1.500297521,0.15,0.17,63.534,30.214,30.5,-901,0.92231405,28.88687603,137.095,-901,,,,,1.334,0.495,165.643,142.2208264,0.935,41.279,-901,-901,-901,-901,-901,-901
4/30/2016,4.962644628,4.831735537,12.77553719,145.533,145.2273881,79.25950413,109.901,44.766,6.76,18.06788875,2.475371901,19.08297521,14.97123967,2.856198347,0.29,0.35,109.901,44.766,44.7,-901,0.839008264,14.59636364,138.028,-901,,,,,4.773,0.581,143.703,39.08231405,1.16,41.104,-901,-901,-901,-901,-901,-901
5/31/2016,2.760793388,2.539438017,12.93699174,151.124,153.5723489,117.5028099,135.752,50.765,7.39,20.73942773,6.769785124,66.8985124,14.24667769,5.927404959,0.48,0.58,135.752,50.765,51.1,-901,0.75014876,13.43504132,129.885,-901,,,,,9.047,0.488,153.372,18.13884298,0.866,41.176,-901,-901,-901,-901,-901,-901
6/30/2016,0.660495868,0.946115702,4.212892562,69.327,69.67841323,81.69917355,128.069,44.056,7.29,21.25066741,3.796363636,40.86743802,30.54942149,2.076694215,0.48,0.6,128.069,44.056,44.2,-901,0.34631405,30.0138843,118.356,-901,,,,,11.078,0.78,73.69,4.67107438,1.226,40.033,-901,-901,-901,-901,-901,-901
7/31/2016,0.533712397,0.492515702,0.117441322,4.177,7.418870031,27.27590083,115.513,37.761,5.75,18.11363662,1.223603306,3.289586777,24.83484298,0.097150413,0.57,0.78,115.513,37.761,37.7,-901,0.357857851,23.57434711,105.16,-901,,,,,12.896,0.781,8.313164065,1.29738843,2.333,39.905,-901,-901,-901,-901,-901,-901
8/31/2016,0.237957025,0.205983471,0.007624463,1.182,1.952374876,28.32119008,95.795,35.021,1.19,12.03182141,0.463616529,2.293487603,26.63028099,0.004427107,0.57,0.72,95.795,35.021,34.8,-901,0.21705124,26.6917686,91.712,-901,,,,,13.971,0.881,2.657845673,0.441480992,2.3,38.5,-901,-901,-901,-901,-901,-901
9/30/2016,0.159471074,0.168991736,0.004343802,0,0.918272158,25.75338843,80.858,26.542,0.855,9.034705139,0.445090909,1.963636364,25.24760331,0.004165289,0.35,0.49,80.858,26.542,26.4,-901,0.211239669,24.99173554,79.699,-901,,,,,11.953,0.738,0.949701158,0.303471074,1.87,33.502,-901,-901,-901,-901,-901,-901
10/31/2016,0.569375207,0.959206612,2.803834711,38.406,39.0572835,36.77573554,83.093,21.674,6.02,12.7682531,0.506042975,1.973752066,29.18816529,0.383067769,0.21,0.33,83.093,21.674,21.6,-901,0.220740496,28.44416529,76.794,-901,,,,,4.283,0.641,50.05229209,6.480793388,1.561,32.959,-901,-901,-901,-901,-901,-901
11/30/2016,1.047272727,1.07107438,1.231735537,22.028,23.32670658,34.80991736,73.46,23.388,3.09,8.33004233,0.612892562,1.713719008,26.54479339,0.910413223,0.14,0.2,73.46,23.388,23.2,-901,0.343338843,25.62842975,77.12,-901,,,,,2.021,0.534,27.82931623,11.71636364,1.204,33.241,-901,-901,-901,-901,-901,-901
12/31/2016,4.47014876,6.499239669,8.731239669,99.793,99.68737352,65.0538843,97.216,30.763,5.27,11.16653155,0.805487603,2.79768595,26.56264463,1.11292562,0.1,0.14,97.216,30.763,30.6,-901,0.358472727,26.42122314,96.144,-901,,,,,1.805,0.426,109.460913,63.08628099,1.149,40.301,-901,-901,-901,-901,-901,-901
1/31/2017,30.46710744,40.81547107,10.46519008,264.238,277.6252337,267.1636364,98.441,36.75,4.88,13.76012892,1.278942149,59.43391736,25.48661157,3.246545455,0.11,0.14,98.441,36.75,36.6,-901,0.472839669,28.06909091,173.49399,-901,,,,,109.782,0.406,284.0143929,321.0882645,1.181,41.227,-901,-901,-901,-901,-901,-901
2/28/2017,56.98115702,67.25553719,13.7621157,407.384,427.4186178,384.8727273,128.211,45.451,6.23,17.21501945,2.288132231,58.2585124,6.236826446,3.92092562,0.12,0.16,128.211,45.451,43.7,-901,1.671669421,7.258710744,220.43699,-901,,,,,180.302,0.34,426.0009586,431.6350413,1.062,41.278,-901,-901,-901,-901,-901,-901
3/31/2017,20.72747107,22.28310744,8.817322314,176.441,178.0466103,199.7732231,108.666,43.633,6.95,16.05040663,2.951404959,92.78479339,0.682512397,4.623867769,0.19,0.23,108.666,43.633,43.6,-901,2.287338843,0,212.20599,-901,,,,,51.288,0.381,187.8299038,130.5381818,1.059,41.221,-901,-901,-901,-901,-901,-901
4/30/2017,23.84330579,24.03966942,13.78710744,222.662,227.5146412,243.1933884,86.868,49.515,7.11,15.19865944,4.421157025,120.138843,0.642644628,-901,0.31,0.33,86.868,49.515,49.5,-901,1.969586777,0,246.30399,-901,,,,,2.96,0.449,212.6173862,140.3702479,1.066,41.169,-901,-901,-901,-901,-901,-901
5/31/2017,10.71728926,9.708892562,24.42287603,322.71,318.3482558,276.1408264,118.681,52.427,7.1,20.76508882,4.611570248,163.8029752,0.756297521,-901,0.48,0.56,118.681,52.427,52.4,-901,0.756297521,0,246.56199,-901,,,,,8.803,0.876,311.3067613,61.26009917,2.036,41.143,-901,-901,-901,-901,-901,-901
6/30/2017,4.212892562,3.814214876,16.28628099,266.185,260.0123011,237.3619835,138.887,50.291,7.19,23.37340645,8.80661157,143.5834711,28.47867769,-901,0.48,0.61,138.887,50.291,50.1,-901,0.654545455,26.61619835,238.61699,-901,,,,,10.824,0.882,245.388055,20.7431405,2.314,40.692,-901,-901,-901,-901,-901,-901
7/31/2017,2.514842975,1.943008264,1.795438017,58.884,61.51190527,81.7785124,131.666,40.215,4.46,18.09479932,3.830677686,43.21963636,24.76105785,1.635570248,0.6,0.84,131.666,40.215,39.9,-901,0.400899174,22.99021488,224.14699,-901,,,,,14.816,0.869,59.16140771,5.134214876,2.845,38.617,-901,-901,-901,-901,-901,-901
8/31/2017,1.383471074,1.131371901,0.022688926,17.256,9.469753868,39.09996694,112.99,33.825,1,11.31358624,1.641719008,8.675900826,27.55259504,0.022688926,0.52,0.78,112.99,33.825,33.5,-901,0.199834711,26.50115702,210.04899,-901,,,,,13.567,0.917,13.80386268,2.78538843,2.286,36.284,-901,-901,-901,-901,-901,-901
9/30/2017,0.773553719,0.833057851,0.009401653,5.381,5.509285541,33.50082645,96.048,23.325,0.928,9.164045337,0.648595041,5.57553719,26.9077686,0.00791405,0.31,0.51,96.048,23.325,23.1,-901,0.194578512,25.84859504,198.53499,-901,,,,,11.016,0.78,10.23484377,2.386115702,2.014,34.497,-901,-901,-901,-901,-901,-901
10/31/2017,0.639471074,0.756297521,0.007378512,3.659,4.336148786,34.15021488,68.921,22.194,0.897,6.350979247,0.408892562,13.10915702,19.73752066,0.129738843,0.21,0.3,68.921,22.194,22,-901,0.425494215,12.72178512,193.80999,-901,,,,,4.005,0.747,6.91642475,2.336528926,2.315,32.552,-901,-901,-901,-901,-901,-901
11/30/2017,1.588760331,1.62446281,4.206942149,45.413,44.47698926,52.95272727,54.268,21.217,6.78,12.51624124,1.166280992,25.47966942,16.48264463,1.481652893,0.13,0.17,54.268,21.217,21,-901,0.344528926,17.4585124,157.137,-901,,,,,47.023,0.689,50.48288858,9.639669421,1.403,32.988,-901,-901,-901,-901,-901,-901
12/31/2017,1.131371901,0.811636364,0.75014876,15.695,14.50624325,49.00561983,28.745,15.879,2.72,7.701864649,1.180561983,22.05560331,21.29315702,0.842380165,0.07,0.07,28.745,15.879,15.8,-901,0.362161983,21.88343802,151.993,-901,,,,,6.703,1.036,18.92319838,5.38631405,1.332,32.604,-901,-901,-901,-901,-901,-901
1/31/2018,2.275041322,2.115173554,3.086677686,41.24,41.68159698,35.40456198,32.32,16.609,2.79,8.265899644,1.414214876,6.173355372,15.67933884,1.592528926,0.07,0.08,32.32,16.609,16.5,-901,0.473454545,17.7945124,158.056,-901,,,,,1.466,1.258,47.37019697,21.73586777,1.174,33.708,-901,-901,-901,-901,-901,-901
2/28/2018,1.382876033,0.827504132,1.166280992,18.09,19.846237,19.13256198,33.899,13.534,3.09,8.845574664,0.633123967,2.626909091,10.10221488,0.594247934,0.05,0.08,33.899,13.534,13.2,-901,0.649785124,13.51775207,158.632,-901,,,,,1.357,1.5,22.64371098,9.35246281,1.285,33.714,-901,-901,-901,-901,-901,-901
3/31/2018,12.51887603,14.78161983,5.865917355,126.655,132.391968,85.16033058,63.185,23.43,7.05,15.87021207,1.432661157,2.957553719,11.20304132,1.401917355,0.13,0.18,63.185,23.43,23.9,-901,1.014545455,12.3528595,208.53999,-901,,,,,2.68,0.715,135.4176485,127.7712397,1.215,41.265,-901,-901,-901,-901,-901,-901
4/30/2018,11.74016529,10.70479339,14.44760331,204.985,201.9220036,122.6975207,114.764,46.134,7.07,19.048695,3.094214876,40.8138843,6.837024793,3.534545455,0.31,0.38,114.764,46.134,46.1,-901,0.773553719,6.777520661,222.23499,-901,,,,,3.632,1.073,203.4442986,90.80330579,0.963,41.149,-901,-901,-901,-901,-901,-901
5/31/2018,4.052033058,3.15431405,6.68985124,109.771,111.5807223,78.70413223,138.316,49.34,7.36,23.2042851,3.738446281,38.80482645,16.12204959,4.353322314,0.46,0.6,138.316,49.34,49.3,-901,0.836231405,15.39649587,212.61199,-901,,,,,12.829,0.903,109.4537118,19.83590083,1.398,40.956,-901,-901,-901,-901,-901,-901
6/30/2018,1.469752066,1.588760331,0.88661157,28.802,27.71809452,45.97289256,127.853,44.205,5.11,18.63048706,1.820826446,14.89983471,23.48033058,0.969917355,0.43,0.58,127.853,44.205,44.2,-901,0.696198347,22.42115702,199.12199,-901,,,,,13.826,0.907,28.17338502,6.057520661,2.263,39.396,-901,-901,-901,-901,-901,-901
7/31/2018,0.713256198,0.811636364,0.030251901,3.794,4.591723295,28.92991736,112.08,40.467,0.936,11.532293,0.780892562,2.754644628,23.92482645,0.043717686,0.6,0.78,112.08,40.467,40.3,-901,0.356013223,24.05395041,184.95299,-901,,,,,13.086,0.891,7.907543809,2.41646281,1.285,36.815,-901,-901,-901,-901,-901,-901
8/31/2018,0.44947438,0.412581818,0.004919008,0.23,1.385303537,24.87173554,97.89,31.404,0.828,9.117861,0.461157025,1.500297521,24.09699174,0.011129256,0.52,0.72,97.89,31.404,31.3,-901,0.219510744,23.70961983,172.19499,-901,,,,,11.051,0.941,4.42223877,1.162115702,3.075,34.053,-901,-901,-901,-901,-901,-901
9/30/2018,0.295140496,0.304661157,0.002975207,0,-1.028282488,34.25057851,64.227,30.667,0.781,6.672,0.30168595,8.651900826,27.83008264,0.008509091,0.38,0.43,64.227,30.667,30.5,-901,0.207669421,26.88396694,162.112,-901,,,,,9.261,0.757,0.85526587,0.940165289,2.497,31.816,-901,-901,-901,-901,-901,-901
10/31/2018,0.811636364,0.469765289,0.006271736,2.113,2.433428926,26.88852893,41.933,29.738,0.798,4.1539,0.315431405,2.79768595,23.86333884,0.016048264,0.24,0.25,41.933,29.738,29.6,-901,0.221355372,23.69732231,155.763,-901,,,,,6.047,0.796,3.2332173,1.49414876,2.376,29.558,-901,-901,-901,-901,-901,-901
11/30/2018,0.660495868,0.940165289,0.204099174,6.776,5.893927273,23.43272727,27.45,26.048,1.47,3.8551,0.435570248,1.487603306,19.95768595,0.22968595,0.15,0.11,27.45,26.048,25.7,-901,0.343933884,20.85619835,152.021,-901,,,,,6.329,0.673,10.20186168,2.999008264,1.873,28.531,-901,-901,-901,-901,-901,-901
12/31/2018,1.063735537,1.143669421,0.719404959,13.203,12.58463802,31.55543802,20.016,12.606,2.69,4.9563,0.700958678,1.936859504,24.31219835,0.688661157,0.05,0.07,20.016,12.606,12.2,-901,0.360932231,24.25071074,151.824,-901,,,,,3.79,0.684,16.79546518,6.345520661,1.236,28.795,-901,-901,-901,-901,-901,-901
1/31/2019,6.628363636,7.642909091,1.168264463,47.97,46.25697769,49.95867769,17.108,8.558,5.07,7.5526,0.823933884,3.105123967,19.12879339,1.420363636,0.03,0.05,17.108,8.558,8.44,-901,0.473454545,20.3831405,172.10499,-901,,,,,13.506,0.578,52.70749118,47.9418843,1.148,33.326,-901,-901,-901,-901,-901,-901
2/28/2019,18.52165289,25.58598347,2.421421488,127.655,130.8951281,106.9646281,33.819,13.147,6.27,9.6231,1.044099174,3.265586777,12.70690909,2.610247934,0.05,0.08,33.819,13.147,13,-901,0.433190083,15.87808264,187.05899,-901,,,,,109.435,0.43,141.1349885,157.1702479,1.045,41.317,-901,-901,-901,-901,-901,-901
3/31/2019,28.74545455,33.33242975,3.590876033,164.873,175.5618455,168.4145455,45.073,8.503,5.26,9.4944,2.496396694,8.405355372,21.83424793,3.597024793,0.05,0.15,45.073,8.503,8.41,-901,0.916165289,25.57269421,211.12599,-901,,,,,61.179,0.466,173.107531,202.7861157,1.135,41.194,-901,-901,-901,-901,-901,-901
4/30/2019,21.56429752,22.81983471,16.07206612,235.097,248.4345496,202.3140496,66.294,27.914,7.09,13.7999,4.129586777,76.16528926,3.605950413,5.646942149,0.24,0.3,66.294,27.914,28.2,-901,0.773553719,3.98677686,229.01899,-901,,,,,4,0.643,233.6144157,124.2446281,1.198,41.085,-901,-901,-901,-901,-901,-901
5/31/2019,14.56641322,15.38419835,17.29646281,254.791,259.4775223,199.2813223,96.17,52.449,7.47,17.8871,8.485289256,80.85619835,26.35973554,-901,0.48,0.51,96.17,52.449,52.7,-901,0.621024793,25.40052893,227.22499,-901,,,,,17.915,0.708,250.4475965,88.60363636,1.219,41.155,-901,-901,-901,-901,-901,-901
6/30/2019,7.557024793,6.944132231,21.08826446,293.004,292.389586,247.477686,138.058,51.065,6.96,20.177,7.479669421,120.3173554,29.59735537,-901,0.48,0.6,138.058,51.065,51,-901,0.343933884,27.34809917,200.65899,-901,,,,,32.588,1.038,288.649757,46.23471074,1.852,40.95,-901,-901,-901,-901,-901,-901
7/31/2019,2.60707438,2.834578512,2.42261157,60.023,65.03470248,90.75570248,118.592,44.886,5.77,17.549,2.42261157,46.0357686,27.42347107,1.561785124,0.6,0.78,118.592,44.886,44.9,-901,0.360932231,24.1338843,179.05099,-901,,,,,26.145,1.172,60.21121483,9.032528926,2.679,39.123,-901,-901,-901,-901,-901,-901
8/31/2019,1.709355372,1.346578512,0.050850248,8.89,13.07443802,47.92343802,97.389,34.457,5.12,11.968,1.592528926,9.253884298,29.73540496,0.035355372,0.52,0.72,97.389,34.457,34.5,-901,0.214591736,28.52409917,159.903,-901,,,,,19.624,1.124,14.2362004,3.461752066,2.922,36.821,-901,-901,-901,-901,-901,-901
9/30/2019,1.291239669,0.88661157,0.008985124,5.105,8.141619835,37.72561983,78.177,28.222,1.79,6.067,0.743801653,5.004297521,27.33024793,0.011543802,0.35,0.47,78.177,28.222,28.2,-901,0.202909091,26.51504132,151.374,-901,,,,,7.809,0.944,8.01711477,2.618181818,2.13,35.112,-901,-901,-901,-901,-901,-901
10/31/2019,1.008396694,0.916165289,0.007009587,4.266,5.946975207,28.39497521,60.651,23.927,1.62,4.317,0.756297521,4.82677686,18.6922314,0.005472397,0.21,0.3,60.651,23.927,23.6,-901,0.2232,17.48092562,147.163,-901,,,,,3.969,0.613,2.63873987,2.693157025,2.093,33.332,-901,-901,-901,-901,-901,-901
11/30/2019,1.041322314,1.005619835,0.006902479,3.99,7.252578512,32.81057851,42.405,15.907,1.64,4.164,1.130578512,9.354049587,16.91107438,0.01094876,0.11,0.15,42.405,15.907,15.7,-901,0.345123967,15.85190083,145.234,-901,,,,,3.077,0.601,6.67458248,2.49322314,1.89,32.077,-901,-901,-901,-901,-901,-901
12/31/2019,4.482446281,5.02968595,0.55953719,28.977,31.07446281,39.61646281,34.484,12.339,3.13,6.474,1.30968595,3.732297521,16.31880992,0.58905124,0.05,0.08,34.484,12.339,12.1,-901,0.361547107,18.71682645,151.655,-901,,,,,6.315,0.507,34.41395498,15.47642975,1.178,33.146,-901,-901,-901,-901,-901,-901
1/31/2020,2.262743802,2.379570248,0.725553719,18.586,21.24219835,39.93619835,15.718,10.069,4.11,7.576,1.408066116,4.943603306,21.84654545,0.774743802,0.05,0.05,15.718,10.069,9.73,-901,0.473454545,22.43067769,151.88,-901,,,,,4.851,1.14,19.96896135,9.819570248,1.08,33.467,-901,-901,-901,-901,-901,-901
2/29/2020,1.708363636,1.507041322,1.535801653,18.903,19.27901653,18.14201653,16.928,10.618,2.44,6.075,0.661487603,2.513652893,6.96,0.989355372,0.05,0.05,16.928,10.618,10.7,-901,0.580958678,11.58466116,153.178,-901,,,,,1.455,0.779,20.33739631,7.55246281,1.164,34.196,-901,-901,-901,-901,-901,-901
3/31/2020,4.267239669,4.894413223,2.391867769,38.698,40.93801653,26.95001653,24.044,15.811,2.19,6.373,1.315834711,2.477950413,3.781487603,0.916165289,0.11,0.11,24.044,15.811,16,-901,0.830082645,7.366214876,173.91799,-901,,,,,2.34,1.161,44.6944554,32.53923967,1.291,36.129,-901,-901,-901,-901,-901,-901
4/30/2020,9.080330579,10.85355372,8.586446281,122.263,126.9889256,63.72892562,66.803,27.194,7.42,14.067,2.398016529,12.90644628,0.170181818,1.576859504,0.24,0.3,66.803,27.194,27.7,-901,0.549818182,0.025765289,194.32499,-901,,,,,5.269,0.884,125.6179007,63.43140496,1.435,41.149,-901,-901,-901,-901,-901,-901
5/31/2020,3.71385124,4.728396694,10.02247934,143.73,148.1760909,47.41309091,136.048,50.225,7.38,20.751,2.545586777,9.893355372,12.2913719,1.555636364,0.48,0.6,136.048,50.225,50.7,-901,0.633322314,13.20753719,187.75399,-901,,,,,9.735,0.723,147.584435,24.27530579,1.981,41.027,-901,-901,-901,-901,-901,-901
6/30/2020,1.898181818,1.481652893,1.243636364,32.443,34.45638843,41.59338843,131.164,46.127,7.12,20.75,1.094876033,4.48661157,29.10942149,0.767603306,0.46,0.6,131.164,46.127,46.5,-901,0.392132231,27.69917355,176.35199,-901,,,,,11.403,0.786,35.16356277,6.009917355,2.492,39.32,-901,-901,-901,-901,-901,-901
7/31/2020,1.401917355,0.486366942,0.054600992,3.115,6.917363636,28.20436364,116.637,39.445,6.75,18.4,0.486981818,3.000595041,23.64813223,0.046238678,0.56,0.78,116.637,39.445,39.8,-901,0.403358678,23.81414876,163.281,-901,,,,,11.669,0.932,9.96966102,2.176661157,3.088,36.612,-901,-901,-901,-901,-901,-901
8/31/2020,0.399054545,0.33326281,0.007501488,0.242,2.171950413,32.23795041,97.471,32.706,2.66,12.119,0.335107438,2.244297521,30.09818182,0.008608264,0.52,0.72,97.471,32.706,33,-901,0.274234711,28.96066116,150.672,-901,,,,,11.688,0.88,6.21774649,1.014545455,3.144,33.726,-901,-901,-901,-901,-901,-901
9/30/2020,0.577190083,0.287404959,0.004760331,0.389,1.906586777,29.32958678,74.748,30.619,0.558,7.868,0.321917355,4.224793388,24.7477686,0.008866116,0.38,0.47,74.748,30.619,30.8,-901,0.208859504,24.46214876,141.064,-901,,,,,8.794,0.788,2.93742536,0.749752066,2.459,31.315,-901,-901,-901,-901,-901,-901
10/31/2020,0.242261157,0.293910744,0.004488595,0.846,2.015471074,29.65547107,57.516,21.585,0.541,5.294,0.33941157,1.67861157,27.73705785,0.010575868,0.21,0.27,57.516,21.585,21.5,-901,0.221970248,26.64257851,136.404,-901,,,,,3.541,0.72,2.07098526,0.823933884,2.816,28.701,-901,-901,-901,-901,-901,-901
11/30/2020,0.428429752,0.600991736,0.022552066,3.549,4.692008264,30.35900826,37.694,15.355,0.797,4.863,0.471272727,1.350743802,27.06247934,0.02778843,0.11,0.13,37.694,15.355,15.4,-901,0.348099174,25.82479339,133.136,-901,,,,,3.166,0.576,3.64984927,1.802975207,1.905,27.359,-901,-901,-901,-901,-901,-901
12/31/2020,0.608112397,0.830082645,0.127279339,5.008,6.302363636,34.90036364,13.319,10.207,1.08,5.219,0.488826446,3.117421488,28.50565289,0.127279339,0.05,0.05,13.319,10.207,10.3,-901,0.363391736,27.06684298,132.822,-901,,,,,1.564,0.469,5.22824614,2.588628099,1.759,26.259,-901,-901,-901,-901,-901,-901
1/31/2021,1.014545455,1.727801653,0.454393388,9.115,9.498818182,15.28581818,6.092,10.163,1.87,6.173,0.499894215,1.893818182,7.612165289,0.472224793,0.05,0.02,6.092,10.163,10.3,-901,0.473454545,12.15609917,143.263,-901,,,,,1.722,0.46,14.94126927,10.21923967,1.624,25.698,-901,-901,-901,-901,-901,-901
2/28/2021,1.716099174,1.638347107,1.12185124,18.483,19.0707438,15.2227438,7.839,10.412,3.3,7.346,0.555371901,2.771305785,3.676561983,1.027438017,0.05,0.02,7.839,10.412,10.5,-901,0.710876033,8.202842975,147.856,-901,,,,,1.576,0.609,21.80357698,12.0071405,1.405,26.617,-901,-901,-901,-901,-901,-901
3/31/2021,2.576330579,2.484099174,1.776991736,26.279,27.62210744,26.00310744,9.991,7.657,4.31,8.796,1.555636364,2.834578512,9.881057851,1.026842975,0.05,0.03,9.991,7.657,7.82,-901,0.903867769,12.72178512,152.5,-901,,,,,2.387,0.692,30.35375732,15.10750413,1.618,29.047,-901,-901,-901,-901,-901,-901
4/30/2021,1.892231405,1.517355372,7.289256198,68.344,71.57981818,13.94181818,44.966,23.117,7.4,14.505,1.338842975,2.933553719,0.326082645,1.017520661,0.21,0.25,44.966,23.117,23.8,-901,0.422479339,0,148.161,-901,,,,,6.469,1.034,75.9346961,11.59140496,1.363,31.591,-901,-901,-901,-901,-901,-901
5/31/2021,0.627173554,0.537401653,4.740694215,67.02,71.13834711,21.34234711,78.462,34.674,6.83,17.392,1.352727273,4.144264463,11.41209917,1.045289256,0.38,0.47,78.462,34.674,35,-901,0.544780165,12.7402314,136.856,-901,,,,,12.159,1.006,74.71623636,4.962049587,1.817,32.099,-901,-901,-901,-901,-901,-901
6/30/2021,1.130578512,0.395107438,0.269553719,8.483,10.46253719,19.25553719,71.042,32.427,6.56,16.527,0.452231405,2.689586777,15.3461157,0.262413223,0.38,0.47,71.042,32.427,32.6,-901,0.347504132,17.75008264,124.55,-901,,,,,11.353,0.889,11.57181604,1.07107438,2.571,30.663,-901,-901,-901,-901,-901,-901
7/31/2021,0.953057851,0.124204959,0.016478678,0,0.932322314,18.48932231,60.413,27.669,4.27,12.355,0.347404959,1.617123967,17.75761983,0.041688595,0.53,0.62,60.413,27.669,28.1,-901,0.355398347,19.16568595,110.867,-901,,,,,12.158,0.852,0.32108905,0.159252893,3.149,27.864,-901,-901,-901,-901,-901,-901
8/31/2021,0.17831405,0.060565289,0.003627769,0,0.130504132,21.80350413,18.688,2.39,8.573,8.573,1.285090909,22.59669421,0.022996364,0.41,0.5,0.003627769,49.71,18.8,18.8,-901,22.07404959,98.803,98.803,,,,,,10.945,0.883,-0.25015456,0,2.908,25.294,-901,-901,-901,-901,-901,-901
9/30/2021,0.108297521,0.058076033,0.002975207,0,0.229,16.56,13.227,0.96,5.482,5.482,1.309090909,17.28,0.009104132,0.31,0.39,0.002975207,40.456,13.3,13.3,-901,18.5414876,88.748,88.748,,,,,,9.242,0.775,0.99120369,0.080330579,2.641,22.945,-901,-901,-901,-901,-901,-901
