,I_MFM008,I_SFM005,I_COL003,I_SLTSP,I_UBEAR,I_NFM010,I_TGC003,I_NHGAN,I_PARDE,I_CMCHE,I_MOK079,I_JNKSN,I_CMP001,I_CMP014,I_CSM035,I_AMADR,I_DSC035,I_DEE023
1921-09-30,,,,,,,,,,,,,,,,,,
1921-10-31,0.2,0.2,0.11,1.08,0.24,0.15,0.01,0.0,0.0,0.0,0.34,0.02,0.02,0.05,0.33,0.04,0.06,0.07
1921-11-30,0.28,0.28,0.1,1.05,0.23,0.15,0.01,0.08,0.01,0.01,0.31,0.06,0.05,0.12,0.84,0.09,0.14,0.19
1921-12-31,1.59,1.78,0.55,4.26,0.94,0.13,0.01,12.88,0.9,0.9,0.82,0.58,0.51,1.36,11.33,1.11,2.41,2.6
1922-01-31,2.05,2.54,1.28,7.7,1.7,2.66,0.2,14.1,0.99,0.99,1.8,0.78,0.53,1.42,14.59,1.42,3.82,3.31
1922-02-28,7.45,9.58,3.1,16.85,3.72,12.05,0.9,102.35,7.16,7.16,0.0,5.33,2.62,7.08,89.36,8.4,23.38,16.26
1922-03-31,7.69,9.93,2.28,14.75,3.26,12.85,0.96,39.42,2.76,2.76,1.47,3.86,1.65,4.46,58.52,5.61,16.1,7.96
1922-04-30,12.04,15.14,4.59,31.47,6.94,22.94,1.71,27.18,1.9,1.9,10.0,4.14,2.42,6.53,69.89,6.75,16.63,5.81
1922-05-31,18.4,20.98,22.43,147.47,32.57,64.67,4.83,8.59,0.6,0.6,19.74,4.0,3.75,10.14,74.42,7.83,11.73,2.99
1922-06-30,5.56,5.64,21.32,154.35,34.06,42.85,3.2,2.24,0.16,0.16,18.32,0.85,1.56,4.21,24.71,2.63,1.95,0.13
1922-07-31,0.97,1.01,1.69,23.85,5.26,1.9,0.14,0.37,0.03,0.03,4.94,0.16,0.26,0.7,3.06,0.34,0.15,0.0
1922-08-31,0.34,0.35,0.04,1.51,0.33,0.0,0.0,0.0,0.0,0.0,0.6,0.04,0.05,0.12,0.48,0.06,0.02,0.0
1922-09-30,0.18,0.18,0.01,0.46,0.1,0.0,0.0,0.0,0.0,0.0,0.15,0.01,0.02,0.04,0.15,0.02,0.01,0.0
1922-10-31,0.31,0.31,0.16,1.73,0.38,0.16,0.01,0.22,0.02,0.02,0.39,0.06,0.04,0.12,0.85,0.09,0.14,0.19
1922-11-30,0.87,0.96,0.63,4.78,1.05,0.0,0.0,5.22,0.37,0.37,1.78,0.51,0.45,1.22,9.77,0.96,1.96,2.25
1922-12-31,6.16,7.79,3.45,19.71,4.35,11.41,0.85,60.48,4.23,4.23,0.0,5.13,2.73,7.38,88.2,8.37,23.15,17.12
1923-01-31,4.02,5.19,2.21,14.62,3.23,11.23,0.84,31.27,2.19,2.19,2.08,4.33,1.75,4.72,64.49,6.13,17.6,9.68
1923-02-28,3.82,4.91,1.51,10.41,2.29,7.11,0.53,24.77,1.73,1.73,0.4,2.11,1.27,3.42,38.45,3.63,9.89,4.0
1923-03-31,4.33,5.4,2.2,15.65,3.46,9.74,0.73,9.9,0.69,0.69,4.94,1.94,1.13,3.05,33.68,3.18,8.18,2.99
1923-04-30,12.14,14.36,7.51,50.21,11.09,23.61,1.76,18.59,1.3,1.3,6.58,4.58,3.42,9.24,75.75,7.92,14.22,3.96
1923-05-31,5.52,5.75,18.62,127.54,28.15,33.3,2.49,7.08,0.5,0.5,8.88,1.13,1.86,5.02,30.71,3.26,2.54,0.28
1923-06-30,1.92,1.94,8.14,63.46,14.0,14.51,1.08,2.43,0.17,0.17,5.49,0.4,0.77,2.07,11.83,1.26,0.91,0.04
1923-07-31,0.59,0.61,1.43,19.34,4.27,1.08,0.08,0.59,0.04,0.04,3.2,0.14,0.24,0.65,2.9,0.32,0.15,0.0
1923-08-31,0.25,0.25,0.02,0.86,0.19,0.0,0.0,0.18,0.01,0.01,0.13,0.04,0.04,0.12,0.49,0.06,0.02,0.0
1923-09-30,0.24,0.24,0.06,2.15,0.47,0.0,0.0,0.33,0.02,0.02,0.55,0.05,0.05,0.13,0.51,0.07,0.03,0.0
1923-10-31,0.39,0.42,0.71,5.48,1.21,-0.0,0.0,1.2,0.08,0.08,0.0,0.06,0.16,0.43,1.28,0.18,0.0,0.07
1923-11-30,0.36,0.43,0.43,2.79,0.62,0.0,0.0,1.19,0.08,0.08,0.36,0.07,0.13,0.34,1.23,0.16,0.0,0.07
1923-12-31,0.55,0.66,0.42,2.41,0.53,0.0,0.0,1.75,0.12,0.12,0.7,0.12,0.19,0.5,2.07,0.26,0.0,0.09
1924-01-31,0.82,0.98,0.51,3.78,0.84,0.0,0.0,2.43,0.17,0.17,1.19,0.16,0.28,0.75,3.63,0.39,0.0,0.13
1924-02-29,1.27,1.45,1.08,8.22,1.81,0.0,0.0,3.45,0.24,0.24,2.77,0.4,0.66,1.78,7.46,0.9,0.0,0.2
1924-03-31,0.64,0.7,1.42,11.19,2.47,0.0,0.0,2.43,0.17,0.17,0.0,0.18,0.34,0.92,2.83,0.41,0.0,0.06
1924-04-30,1.0,0.98,5.74,42.68,9.42,0.0,0.0,2.65,0.19,0.19,0.0,0.22,0.67,1.8,3.42,0.67,0.0,0.04
1924-05-31,0.29,0.28,7.02,60.67,13.39,-0.0,0.0,1.93,0.14,0.14,0.0,0.05,0.28,0.75,1.12,0.24,-0.0,0.0
1924-06-30,0.06,0.05,0.0,0.0,0.0,-0.0,0.0,0.19,0.01,0.01,0.97,0.01,0.03,0.09,0.05,0.02,0.0,0.0
1924-07-31,0.01,0.01,0.54,8.09,1.78,-0.0,0.0,0.0,0.0,0.0,0.0,0.0,0.0,0.0,-0.0,0.0,0.0,0.0
1924-08-31,0.01,0.01,0.01,0.35,0.08,-0.0,0.0,0.0,0.0,0.0,0.0,0.0,0.0,0.0,0.0,0.0,0.0,0.0
1924-09-30,0.02,0.02,0.02,0.9,0.2,-0.0,0.0,0.0,0.0,0.0,0.0,0.0,0.0,0.0,0.0,0.0,0.0,0.0
1924-10-31,0.3,0.3,0.3,3.12,0.69,0.21,0.02,0.0,0.0,0.0,1.04,0.05,0.03,0.09,0.64,0.07,0.11,0.15
1924-11-30,0.73,0.79,1.39,8.95,1.97,1.88,0.14,2.45,0.17,0.17,3.85,0.23,0.21,0.56,4.24,0.43,0.76,0.95
1924-12-31,1.44,1.74,1.53,8.78,1.94,4.83,0.36,8.03,0.56,0.56,2.42,0.62,0.51,1.37,12.45,1.22,3.03,2.84
1925-01-31,1.17,1.46,1.52,7.85,1.73,6.43,0.48,5.96,0.42,0.42,2.12,0.7,0.4,1.07,11.42,1.11,2.96,2.58
1925-02-28,11.82,15.22,4.62,30.63,6.76,24.17,1.81,77.99,5.46,5.46,4.69,7.18,3.33,8.98,114.58,10.88,30.18,18.84
1925-03-31,5.2,6.5,4.36,30.33,6.7,20.1,1.5,11.41,0.8,0.8,8.39,2.07,1.29,3.47,37.8,3.58,9.45,3.73
1925-04-30,12.19,14.4,10.88,70.73,15.62,32.08,2.4,36.47,2.55,2.55,5.31,4.91,3.21,8.68,78.5,8.01,16.73,5.29
1925-05-31,6.34,6.57,19.37,132.93,29.34,36.82,2.75,5.93,0.42,0.42,12.05,1.34,2.2,5.95,35.76,3.82,2.94,0.34
1925-06-30,1.86,1.91,8.93,72.59,16.01,17.71,1.32,1.48,0.1,0.1,9.24,0.38,0.74,2.0,11.17,1.2,0.85,0.04
1925-07-31,0.42,0.44,0.84,12.12,2.67,0.78,0.06,0.15,0.01,0.01,2.44,0.1,0.16,0.43,1.76,0.2,0.07,0.0
1925-08-31,0.13,0.13,0.04,1.26,0.28,0.0,0.0,0.0,0.0,0.0,0.3,0.03,0.04,0.1,0.39,0.05,0.02,0.0
1925-09-30,0.14,0.14,0.05,1.85,0.41,0.0,0.0,0.0,0.0,0.0,0.62,0.03,0.04,0.1,0.36,0.05,0.02,0.0
1925-10-31,0.31,0.31,0.23,2.39,0.53,0.0,0.0,0.12,0.01,0.01,0.32,0.06,0.07,0.18,0.99,0.11,0.14,0.2
1925-11-30,0.49,0.57,0.45,3.21,0.71,0.0,0.0,1.0,0.07,0.07,0.75,0.08,0.09,0.25,1.61,0.17,0.26,0.33
1925-12-31,0.58,0.72,1.14,7.04,1.55,2.12,0.16,1.93,0.14,0.14,0.0,0.15,0.16,0.42,3.09,0.32,0.63,0.63
1926-01-31,0.93,1.16,0.95,5.66,1.25,3.17,0.24,2.24,0.16,0.16,0.0,0.18,0.15,0.41,3.26,0.33,0.68,0.65
1926-02-28,4.01,5.09,1.94,13.94,3.07,6.78,0.51,36.67,2.57,2.57,0.0,2.6,1.58,4.28,42.14,4.15,8.77,6.23
1926-03-31,2.31,2.83,3.03,22.7,5.02,8.9,0.67,4.37,0.31,0.31,8.63,0.98,0.79,2.13,18.4,1.81,3.69,1.66
1926-04-30,6.52,7.33,11.25,80.56,17.78,10.95,0.82,13.63,0.95,0.95,0.0,2.02,2.08,5.61,34.78,3.89,5.24,1.67
1926-05-31,1.26,1.24,8.0,64.48,14.23,4.45,0.33,1.33,0.09,0.09,0.34,0.28,0.65,1.75,7.89,0.93,0.56,0.04
1926-06-30,0.27,0.28,0.76,11.94,2.63,0.0,0.0,0.16,0.01,0.01,0.03,0.06,0.12,0.33,1.12,0.14,0.06,0.0
1926-07-31,0.04,0.04,0.0,0.0,0.0,0.0,0.0,0.0,0.0,0.0,0.79,0.01,0.02,0.05,0.12,0.02,0.01,0.0
1926-08-31,0.03,0.03,0.02,0.7,0.15,0.0,0.0,0.0,0.0,0.0,0.0,0.0,0.0,0.0,0.0,0.0,0.0,0.0
1926-09-30,0.03,0.03,0.03,1.02,0.22,0.0,0.0,0.0,0.0,0.0,0.0,0.0,0.0,0.01,0.02,0.0,0.0,0.0
1926-10-31,0.17,0.18,0.1,1.06,0.23,0.15,0.01,0.0,0.0,0.0,0.25,0.03,0.02,0.06,0.44,0.05,0.07,0.1
1926-11-30,3.39,3.96,1.72,11.8,2.6,2.31,0.17,16.63,1.16,1.16,7.16,0.62,0.54,1.45,11.79,1.16,2.43,2.71
1926-12-31,1.85,2.32,2.42,13.42,2.96,8.53,0.64,4.28,0.3,0.3,0.81,0.58,0.44,1.17,11.8,1.14,3.1,2.68
1927-01-31,2.63,3.4,2.19,13.12,2.9,11.69,0.87,12.25,0.86,0.86,3.38,1.86,0.88,2.38,28.23,2.74,7.47,6.22
1927-02-28,11.63,15.03,4.44,29.82,6.57,22.55,1.69,76.53,5.36,5.36,5.19,7.09,3.15,8.51,113.39,10.68,30.49,18.13
1927-03-31,8.14,10.17,3.96,27.4,6.06,18.18,1.36,15.89,1.11,1.11,5.2,3.35,2.02,5.44,60.98,5.75,15.54,6.18
1927-04-30,14.61,17.0,9.73,62.9,13.89,28.93,2.16,38.72,2.71,2.71,5.94,5.76,4.1,11.07,95.54,9.81,18.82,5.58
1927-05-31,6.55,6.78,16.38,110.14,24.31,33.15,2.48,4.55,0.32,0.32,10.17,1.18,1.93,5.22,32.08,3.4,2.65,0.28
1927-06-30,2.12,2.19,13.88,105.2,23.21,28.22,2.11,1.55,0.11,0.11,12.36,0.43,0.82,2.23,12.57,1.33,0.95,0.04
1927-07-31,0.65,0.67,1.37,19.37,4.27,1.48,0.11,0.19,0.01,0.01,3.93,0.12,0.18,0.48,1.96,0.22,0.08,0.0
1927-08-31,0.24,0.24,0.05,1.71,0.38,0.0,0.0,0.0,0.0,0.0,0.51,0.04,0.04,0.1,0.41,0.05,0.02,0.0
1927-09-30,0.2,0.2,0.03,0.86,0.19,0.0,0.0,0.0,0.0,0.0,0.37,0.02,0.03,0.07,0.27,0.03,0.01,0.0
1927-10-31,0.63,0.64,0.15,4.19,0.92,0.01,0.0,0.25,0.02,0.02,1.44,0.07,0.05,0.14,0.91,0.1,0.15,0.21
1927-11-30,1.28,1.51,1.79,13.67,3.02,4.76,0.36,2.93,0.21,0.21,4.61,0.35,0.33,0.89,6.84,0.68,1.35,1.54
1927-12-31,1.18,1.48,0.86,6.34,1.4,4.6,0.34,7.53,0.53,0.53,1.82,0.56,0.42,1.13,10.9,1.07,2.75,2.42
1928-01-31,1.3,1.64,0.74,8.24,1.82,6.11,0.46,4.78,0.33,0.33,2.32,0.66,0.35,0.93,9.98,0.98,2.52,2.22
1928-02-29,2.82,3.65,0.63,10.91,2.41,6.81,0.51,19.32,1.35,1.35,3.97,1.31,0.65,1.76,21.16,2.04,5.4,3.84
1928-03-31,14.23,17.94,12.78,74.15,16.38,35.56,2.66,63.6,4.45,4.45,13.86,7.39,3.96,10.69,123.23,11.75,30.6,15.34
1928-04-30,10.4,11.71,10.01,63.86,14.09,15.74,1.18,20.13,1.41,1.41,4.22,3.37,3.14,8.47,60.45,6.46,9.65,2.56
1928-05-31,3.22,3.23,13.89,100.7,22.22,20.31,1.52,3.17,0.22,0.22,6.93,0.56,1.07,2.9,16.41,1.78,1.28,0.09
1928-06-30,0.88,0.92,1.12,18.45,4.07,0.64,0.05,0.83,0.06,0.06,2.78,0.14,0.26,0.7,3.33,0.36,0.21,0.01
1928-07-31,0.32,0.33,0.12,0.58,0.13,0.0,0.0,0.12,0.01,0.01,3.28,0.06,0.08,0.23,0.86,0.1,0.04,0.0
1928-08-31,0.09,0.1,0.06,1.91,0.42,0.0,0.0,0.0,0.0,0.0,0.0,0.02,0.02,0.06,0.23,0.03,0.01,0.0
1928-09-30,0.08,0.08,0.04,0.01,0.0,0.0,0.0,0.0,0.0,0.0,0.01,0.02,0.02,0.04,0.16,0.02,0.01,0.0
1928-10-31,0.16,0.16,0.07,0.78,0.17,0.0,0.0,0.0,0.0,0.0,0.04,0.03,0.03,0.08,0.36,0.04,0.05,0.07
1928-11-30,0.54,0.61,0.14,1.65,0.36,0.0,0.0,0.9,0.06,0.06,0.19,0.08,0.11,0.3,1.68,0.18,0.24,0.32
1928-12-31,0.82,1.0,0.48,2.37,0.52,0.0,0.0,2.7,0.19,0.19,0.5,0.17,0.19,0.51,3.45,0.36,0.63,0.65
1929-01-31,0.81,1.03,0.3,3.07,0.68,0.64,0.05,4.73,0.33,0.33,0.64,0.35,0.26,0.71,5.51,0.58,1.01,1.03
1929-02-28,1.83,2.32,0.33,5.47,1.21,1.66,0.12,10.83,0.76,0.76,0.86,0.83,0.64,1.73,15.33,1.51,2.69,2.13
1929-03-31,2.22,2.77,2.5,12.46,2.75,6.49,0.49,8.59,0.6,0.6,2.58,1.05,0.66,1.78,16.17,1.64,3.05,1.93
1929-04-30,4.36,5.15,5.36,28.93,6.39,11.12,0.83,7.58,0.53,0.53,4.31,1.33,1.17,3.15,22.54,2.38,3.76,1.55
1929-05-31,2.45,2.6,13.4,98.29,21.7,8.11,0.61,1.57,0.11,0.11,0.0,0.74,1.04,2.82,13.74,1.66,1.57,0.45
1929-06-30,1.23,1.2,4.65,44.42,9.8,0.79,0.06,1.39,0.1,0.1,0.39,0.24,0.58,1.57,6.35,0.79,0.42,0.03
1929-07-31,0.2,0.2,0.2,2.08,0.46,0.0,0.0,0.02,0.0,0.0,2.47,0.05,0.11,0.3,0.89,0.12,0.04,0.0
1929-08-31,0.06,0.06,0.08,1.23,0.27,0.0,0.0,0.0,0.0,0.0,0.0,0.01,0.01,0.02,0.05,0.01,0.0,0.0
1929-09-30,0.05,0.05,0.04,0.0,0.0,0.0,0.0,0.0,0.0,0.0,0.0,0.0,0.0,0.01,0.03,0.0,0.0,0.0
1929-10-31,0.09,0.09,0.03,0.73,0.16,0.01,0.0,0.0,0.0,0.0,0.14,0.01,0.01,0.03,0.18,0.02,0.03,0.04
1929-11-30,0.16,0.16,0.04,0.77,0.17,0.0,0.0,0.0,0.0,0.0,0.15,0.02,0.02,0.06,0.33,0.04,0.05,0.07
1929-12-31,0.57,0.65,1.37,10.26,2.26,1.72,0.13,0.2,0.01,0.01,3.31,0.22,0.24,0.66,4.49,0.46,0.82,0.93
1930-01-31,1.54,1.91,1.23,7.11,1.57,4.04,0.3,11.66,0.82,0.82,1.59,0.99,0.65,1.75,15.99,1.62,3.5,3.08
1930-02-28,2.05,2.63,1.94,11.56,2.55,7.46,0.56,10.87,0.76,0.76,3.15,0.84,0.59,1.59,16.05,1.53,3.37,2.41
1930-03-31,5.98,7.46,3.62,24.42,5.39,12.55,0.94,34.41,2.41,2.41,5.98,2.82,1.79,4.83,46.81,4.59,10.04,5.1
1930-04-30,4.75,5.41,9.06,60.07,13.27,17.86,1.33,2.59,0.18,0.18,4.35,1.63,1.39,3.76,25.43,2.83,4.39,1.4
1930-05-31,2.63,2.67,9.3,73.91,16.31,9.3,0.7,2.14,0.15,0.15,1.47,0.53,1.06,2.87,13.95,1.62,1.03,0.12
1930-06-30,0.68,0.71,4.39,53.94,11.9,5.57,0.42,0.25,0.02,0.02,2.85,0.15,0.34,0.91,4.01,0.47,0.27,0.01
1930-07-31,0.09,0.09,0.1,4.9,1.08,0.0,0.0,0.22,0.02,0.02,0.34,0.04,0.06,0.17,0.53,0.07,0.02,0.0
1930-08-31,0.04,0.04,0.02,0.83,0.18,0.0,0.0,0.07,0.0,0.0,0.05,0.01,0.01,0.02,0.07,0.01,0.0,0.0
1930-09-30,0.05,0.05,0.02,0.83,0.18,0.0,0.0,0.11,0.01,0.01,0.15,0.01,0.01,0.04,0.11,0.02,0.01,0.0
1930-10-31,0.13,0.12,0.02,1.55,0.34,0.0,0.0,0.24,0.02,0.02,0.0,0.02,0.04,0.11,0.29,0.04,0.0,0.03
1930-11-30,0.53,0.6,0.04,3.62,0.8,0.0,0.0,0.06,0.0,0.0,0.05,0.07,0.14,0.38,1.39,0.18,0.0,0.12
1930-12-31,0.33,0.39,0.14,1.94,0.43,0.0,0.0,0.21,0.01,0.01,0.37,0.06,0.09,0.24,1.0,0.13,0.0,0.08
1931-01-31,0.74,0.88,0.49,3.01,0.66,0.01,0.0,3.7,0.26,0.26,0.63,0.22,0.31,0.85,4.07,0.47,0.0,0.27
1931-02-28,1.02,1.18,0.56,7.27,1.6,0.06,0.0,4.31,0.3,0.3,2.88,0.43,0.58,1.57,7.91,0.9,0.0,0.41
1931-03-31,1.13,1.22,2.42,14.51,3.2,0.09,0.01,2.88,0.2,0.2,5.02,0.44,0.74,2.0,7.67,0.98,0.0,0.23
1931-04-30,0.65,0.63,7.75,52.02,11.49,0.05,0.0,0.75,0.05,0.05,0.0,0.2,0.53,1.44,3.31,0.58,0.0,0.06
1931-05-31,0.26,0.24,5.27,62.76,13.85,0.0,0.0,0.22,0.02,0.02,0.0,0.07,0.31,0.83,1.56,0.3,0.02,0.01
1931-06-30,0.13,0.12,0.91,11.47,2.53,0.0,0.0,0.13,0.01,0.01,0.0,0.03,0.12,0.32,0.49,0.1,0.02,0.0
1931-07-31,0.02,0.02,0.03,0.0,0.0,0.0,0.0,0.15,0.01,0.01,1.31,0.0,0.01,0.03,0.02,0.01,0.0,0.0
1931-08-31,0.0,0.0,0.0,0.53,0.12,0.0,0.0,0.01,0.0,0.0,0.0,0.0,0.0,0.0,0.0,0.0,0.0,0.0
1931-09-30,0.01,0.01,0.0,0.54,0.12,0.0,0.0,0.0,0.0,0.0,0.0,0.0,0.0,0.0,0.0,0.0,0.0,0.0
1931-10-31,0.05,0.05,0.01,0.0,0.0,0.0,0.0,0.0,0.0,0.0,0.0,0.01,0.0,0.01,0.1,0.01,0.02,0.02
1931-11-30,0.25,0.25,0.02,2.13,0.47,0.21,0.02,0.01,0.0,0.0,0.52,0.08,0.06,0.17,1.14,0.12,0.18,0.25
1931-12-31,3.06,3.68,0.06,7.41,1.63,0.35,0.03,35.88,2.51,2.51,3.12,1.47,1.03,2.79,26.1,2.57,6.23,5.82
1932-01-31,2.04,2.62,0.09,9.21,2.03,3.82,0.29,19.82,1.39,1.39,3.15,1.44,0.73,1.97,23.48,2.26,5.97,4.28
1932-02-29,6.57,8.46,0.35,18.94,4.18,13.01,0.97,59.5,4.16,4.16,5.58,4.75,2.32,6.26,77.12,7.32,19.84,11.33
1932-03-31,5.32,6.67,3.37,21.58,4.76,15.91,1.19,7.84,0.55,0.55,9.25,2.22,1.41,3.81,39.51,3.76,9.27,3.42
1932-04-30,6.49,7.79,8.34,39.4,8.71,26.05,1.95,3.38,0.24,0.24,11.07,2.27,1.43,3.85,32.7,3.47,6.83,2.07
1932-05-31,7.98,8.73,18.48,117.72,25.99,37.42,2.8,3.56,0.25,0.25,12.0,1.64,2.25,6.08,38.2,4.11,4.29,0.85
1932-06-30,2.43,2.44,13.97,114.53,25.27,27.65,2.07,0.76,0.05,0.05,10.68,0.44,0.87,2.36,12.89,1.4,0.98,0.04
1932-07-31,0.56,0.57,0.92,20.08,4.43,1.47,0.11,0.01,0.0,0.0,3.37,0.1,0.17,0.45,1.75,0.2,0.07,0.0
1932-08-31,0.14,0.14,0.02,2.52,0.56,0.0,0.0,0.0,0.0,0.0,0.49,0.02,0.03,0.08,0.27,0.04,0.01,0.0
1932-09-30,0.09,0.09,0.01,1.11,0.24,0.0,0.0,0.0,0.0,0.0,0.37,0.01,0.01,0.02,0.06,0.01,0.0,0.0
1932-10-31,0.14,0.13,0.01,0.14,0.03,0.0,0.0,0.0,0.0,0.0,0.03,0.01,0.02,0.05,0.19,0.02,0.02,0.04
1932-11-30,0.23,0.25,0.01,0.79,0.17,0.0,0.0,0.0,0.0,0.0,0.14,0.03,0.03,0.08,0.43,0.05,0.05,0.08
1932-12-31,0.37,0.43,0.01,1.97,0.43,0.0,0.0,0.0,0.0,0.0,0.41,0.07,0.09,0.25,1.42,0.15,0.2,0.27
1933-01-31,0.45,0.55,0.02,2.85,0.63,0.0,0.0,9.77,0.68,0.68,0.85,0.2,0.22,0.6,4.08,0.43,0.74,0.77
1933-02-28,0.92,1.15,0.02,4.1,0.9,1.01,0.08,6.35,0.44,0.44,0.99,0.33,0.24,0.64,5.02,0.53,0.91,0.93
1933-03-31,2.64,3.34,0.11,11.64,2.57,5.27,0.39,7.73,0.54,0.54,2.36,0.83,0.66,1.77,15.54,1.53,2.69,2.13
1933-04-30,2.93,3.61,4.73,25.08,5.53,14.02,1.05,2.84,0.2,0.2,7.07,1.18,0.8,2.16,18.82,1.91,3.48,2.07
1933-05-31,4.41,5.03,9.44,64.05,14.15,19.27,1.44,3.22,0.23,0.23,4.82,1.55,1.41,3.81,24.86,2.74,4.0,1.57
1933-06-30,2.1,2.12,12.21,112.74,24.88,12.53,0.94,0.51,0.04,0.04,2.23,0.49,1.12,3.02,12.59,1.57,0.86,0.1
1933-07-31,0.3,0.31,0.31,12.27,2.71,0.0,0.0,0.02,0.0,0.0,0.94,0.06,0.15,0.4,1.26,0.16,0.07,0.0
1933-08-31,0.17,0.18,0.01,3.11,0.69,0.0,0.0,0.0,0.0,0.0,0.19,0.01,0.01,0.03,0.08,0.01,0.0,0.0
1933-09-30,0.06,0.07,0.01,2.98,0.66,0.0,0.0,0.0,0.0,0.0,0.15,0.0,0.0,0.01,0.01,0.0,0.0,0.0
1933-10-31,0.2,0.3,0.05,3.92,0.86,0.0,0.0,0.0,0.0,0.0,0.28,0.03,0.04,0.09,0.44,0.05,0.06,0.09
1933-11-30,0.28,0.43,0.09,3.4,0.75,0.33,0.02,0.0,0.0,0.0,0.6,0.06,0.08,0.21,1.2,0.13,0.17,0.23
1933-12-31,1.41,2.11,0.48,9.39,2.07,2.91,0.22,12.26,0.86,0.86,1.44,0.82,0.65,1.76,13.72,1.43,2.59,2.49
1934-01-31,1.79,2.58,1.03,10.81,2.39,4.19,0.31,13.0,0.91,0.91,2.25,1.53,1.01,2.74,25.53,2.52,4.79,3.34
1934-02-28,2.52,3.29,1.34,12.55,2.77,3.96,0.3,21.06,1.47,1.47,2.18,1.37,1.13,3.05,24.24,2.47,4.34,1.95
1934-03-31,2.06,2.83,7.78,42.62,9.41,7.23,0.54,5.82,0.41,0.41,0.88,0.94,1.04,2.82,15.31,1.81,2.17,0.69
1934-04-30,0.83,1.09,7.4,58.68,12.95,0.75,0.06,1.05,0.07,0.07,0.0,0.27,0.58,1.58,6.8,0.83,0.47,0.06
1934-05-31,0.38,0.71,3.08,30.31,6.69,0.42,0.03,0.28,0.02,0.02,0.0,0.1,0.26,0.71,2.95,0.36,0.2,0.01
1934-06-30,0.22,0.4,1.42,16.64,3.67,0.0,0.0,0.74,0.05,0.05,0.0,0.08,0.18,0.49,1.68,0.21,0.1,0.0
1934-07-31,0.07,0.06,0.05,0.53,0.12,0.0,0.0,0.02,0.0,0.0,0.0,0.02,0.02,0.06,0.16,0.03,0.01,0.0
1934-08-31,0.02,0.0,0.01,0.08,0.02,0.0,0.0,0.0,0.0,0.0,-0.0,0.0,0.0,0.0,0.0,0.0,0.0,0.0
1934-09-30,0.03,0.01,0.01,0.02,0.0,0.0,0.0,0.0,0.0,0.0,0.0,0.0,0.0,0.0,0.0,0.0,0.0,0.0
1934-10-31,0.09,0.15,0.04,0.17,0.04,0.01,0.0,0.11,0.01,0.01,0.05,0.01,0.01,0.03,0.2,0.02,0.03,0.04
1934-11-30,0.42,0.61,1.04,6.36,1.4,0.14,0.01,0.99,0.07,0.07,2.82,0.2,0.17,0.47,3.45,0.35,0.59,0.76
1934-12-31,0.5,0.79,1.01,5.38,1.19,2.11,0.16,3.37,0.24,0.24,1.96,0.23,0.22,0.6,4.72,0.46,0.97,1.1
1935-01-31,1.92,3.2,1.23,8.24,1.82,4.38,0.33,31.94,2.24,2.24,2.55,1.62,0.97,2.63,27.33,2.67,7.02,6.15
1935-02-28,2.37,3.47,1.11,11.22,2.48,8.78,0.66,7.38,0.52,0.52,3.39,1.26,0.59,1.6,20.09,1.94,5.29,3.65
1935-03-31,3.35,4.91,1.93,13.19,2.91,9.61,0.72,30.15,2.11,2.11,5.11,2.05,1.14,3.08,38.09,3.51,9.64,6.34
1935-04-30,18.19,24.4,12.92,59.26,13.09,34.26,2.56,54.31,3.8,3.8,14.75,9.13,4.9,13.24,142.91,14.01,34.91,14.5
1935-05-31,8.21,8.98,22.65,118.58,26.17,33.58,2.51,8.22,0.58,0.58,9.67,1.95,2.66,7.18,46.22,4.92,5.19,1.0
1935-06-30,2.26,2.36,12.42,88.02,19.42,18.58,1.39,2.23,0.16,0.16,8.49,0.46,0.91,2.45,13.75,1.48,1.05,0.04
1935-07-31,0.66,0.95,0.51,10.08,2.22,0.0,0.0,1.85,0.13,0.13,2.08,0.13,0.21,0.57,2.36,0.27,0.11,0.0
1935-08-31,0.15,0.38,0.02,0.69,0.15,0.0,0.0,0.22,0.02,0.02,0.2,0.04,0.04,0.1,0.38,0.05,0.02,0.0
1935-09-30,0.06,0.22,0.01,0.76,0.17,0.0,0.0,0.0,0.0,0.0,0.22,0.01,0.01,0.02,0.09,0.01,0.0,0.0
1935-10-31,0.3,0.51,0.03,1.76,0.39,0.22,0.02,0.0,0.0,0.0,0.47,0.06,0.05,0.12,0.87,0.09,0.24,0.2
1935-11-30,0.42,0.6,0.08,1.96,0.43,0.01,0.0,0.06,0.0,0.0,0.8,0.11,0.07,0.2,1.49,0.16,0.44,0.33
1935-12-31,0.52,0.72,0.1,2.35,0.52,0.12,0.01,0.55,0.04,0.04,1.19,0.11,0.1,0.28,2.3,0.22,0.72,0.51
1936-01-31,3.75,4.95,4.09,12.43,2.74,5.79,0.43,29.06,2.03,2.03,5.83,2.82,1.7,4.6,48.5,4.69,12.74,11.18
1936-02-29,18.86,28.84,4.87,34.84,7.69,27.68,2.07,185.91,13.01,13.01,13.58,12.08,5.75,15.52,199.76,18.79,61.18,28.98
1936-03-31,9.88,12.88,4.3,32.34,7.14,22.19,1.66,19.51,1.37,1.37,11.32,3.82,2.11,5.71,59.73,5.91,12.74,4.59
1936-04-30,10.59,13.42,14.42,77.39,17.09,38.02,2.84,24.66,1.73,1.73,13.51,3.61,3.22,8.68,66.63,6.94,11.52,2.84
1936-05-31,5.07,5.6,21.88,130.85,28.88,37.97,2.84,4.55,0.32,0.32,12.86,1.09,1.77,4.79,29.96,3.15,2.1,0.26
1936-06-30,2.65,3.41,11.62,78.01,17.21,20.23,1.51,3.53,0.25,0.25,10.07,0.54,1.01,2.72,15.83,1.67,1.5,0.05
1936-07-31,0.85,1.35,0.64,13.01,2.87,1.05,0.08,0.78,0.05,0.05,2.54,0.15,0.23,0.61,2.55,0.29,0.14,0.0
1936-08-31,0.28,0.73,0.03,2.72,0.6,0.0,0.0,0.09,0.01,0.01,0.67,0.04,0.05,0.13,0.51,0.06,0.02,0.0
1936-09-30,0.23,0.62,0.01,1.06,0.23,0.0,0.0,0.0,0.0,0.0,0.4,0.02,0.03,0.07,0.28,0.03,0.03,0.0
1936-10-31,0.3,0.66,0.01,1.49,0.33,0.11,0.01,0.0,0.0,0.0,0.34,0.03,0.02,0.07,0.44,0.05,0.12,0.1
1936-11-30,0.33,0.6,0.01,1.59,0.35,0.0,0.0,0.0,0.0,0.0,0.49,0.06,0.04,0.11,0.78,0.08,0.24,0.18
1936-12-31,0.66,0.95,0.04,3.58,0.79,0.03,0.0,2.38,0.17,0.17,1.62,0.14,0.12,0.33,2.59,0.26,0.67,0.57
1937-01-31,0.71,0.83,0.03,2.87,0.63,0.57,0.04,12.62,0.88,0.88,0.89,0.39,0.35,0.94,7.89,0.77,1.82,1.83
1937-02-28,8.77,14.0,0.28,18.4,4.06,9.91,0.74,92.89,6.5,6.5,5.26,4.55,2.44,6.59,78.03,7.42,24.93,14.99
1937-03-31,9.24,13.45,1.4,21.7,4.79,14.83,1.11,77.2,5.4,5.4,7.48,6.02,2.89,7.81,96.77,9.19,27.95,12.66
1937-04-30,12.09,15.58,7.15,43.71,9.66,25.95,1.94,22.84,1.6,1.6,11.33,4.7,2.81,7.57,72.48,7.31,16.23,5.31
1937-05-31,10.45,11.46,24.23,147.26,32.5,39.41,2.95,7.19,0.5,0.5,11.35,2.06,2.94,7.95,50.96,5.4,4.67,0.96
1937-06-30,2.74,3.34,8.11,67.85,14.97,13.29,0.99,2.46,0.17,0.17,6.57,0.41,0.79,2.14,12.05,1.29,1.1,0.04
1937-07-31,0.93,1.56,0.3,9.39,2.07,0.16,0.01,0.9,0.06,0.06,1.67,0.13,0.21,0.56,2.33,0.26,0.25,0.0
1937-08-31,0.32,0.9,0.02,1.64,0.36,0.0,0.0,0.06,0.0,0.0,0.28,0.04,0.04,0.11,0.42,0.05,0.02,0.0
1937-09-30,0.27,0.55,0.01,0.92,0.2,0.0,0.0,0.0,0.0,0.0,0.27,0.01,0.02,0.05,0.17,0.02,0.01,0.0
1937-10-31,0.39,0.71,0.02,1.41,0.31,0.23,0.02,0.0,0.0,0.0,0.42,0.06,0.04,0.11,0.82,0.09,0.24,0.19
1937-11-30,0.7,0.87,0.23,2.78,0.61,0.25,0.02,0.58,0.04,0.04,1.13,0.17,0.12,0.32,2.43,0.25,0.59,0.55
1937-12-31,4.15,4.9,9.87,43.71,9.65,30.88,2.31,17.5,1.23,1.23,19.94,1.26,1.0,2.7,25.27,2.43,5.65,5.91
1938-01-31,2.31,3.2,1.15,7.91,1.75,6.97,0.52,12.36,0.87,0.87,3.7,0.9,0.53,1.43,15.91,1.53,4.61,3.69
1938-02-28,11.84,20.66,0.67,18.05,3.98,13.42,1.0,151.95,10.64,10.64,8.63,7.54,3.6,9.71,128.14,11.98,42.18,24.05
1938-03-31,24.61,35.48,2.15,41.64,9.2,28.86,2.16,118.41,8.29,8.29,14.25,10.69,4.86,13.12,171.13,16.14,49.64,21.4
1938-04-30,19.31,24.31,9.35,62.73,13.86,34.96,2.61,28.66,2.01,2.01,13.82,6.65,3.65,9.84,99.72,10.02,20.45,7.18
1938-05-31,19.8,21.96,25.55,152.24,33.6,57.28,4.28,14.21,0.99,0.99,20.34,3.49,4.31,11.64,81.86,8.48,7.77,1.93
1938-06-30,7.59,7.18,19.84,135.09,29.81,43.88,3.28,4.32,0.3,0.3,18.75,0.98,1.8,4.86,29.99,3.13,1.91,0.12
1938-07-31,2.42,2.95,1.94,27.64,6.1,3.95,0.3,1.66,0.12,0.12,5.78,0.26,0.43,1.17,5.91,0.62,0.48,0.01
1938-08-31,1.14,1.49,0.09,3.86,0.85,0.0,0.0,0.42,0.03,0.03,1.14,0.12,0.13,0.35,1.53,0.18,0.19,0.0
1938-09-30,0.65,1.12,0.03,1.71,0.38,0.0,0.0,0.08,0.01,0.01,0.75,0.06,0.06,0.16,0.69,0.08,0.16,0.0
1938-10-31,0.92,1.54,0.32,3.85,0.85,0.0,0.0,1.09,0.08,0.08,0.48,0.11,0.15,0.4,1.99,0.23,0.53,0.36
1938-11-30,1.1,1.61,0.93,5.97,1.32,1.08,0.08,1.93,0.14,0.14,1.29,0.16,0.18,0.48,3.1,0.33,0.95,0.54
1938-12-31,1.09,1.62,0.93,5.3,1.17,2.27,0.17,2.31,0.16,0.16,0.9,0.23,0.19,0.52,3.63,0.39,0.82,0.63
1939-01-31,1.21,1.82,0.51,4.97,1.1,2.46,0.18,3.18,0.22,0.22,0.89,0.29,0.24,0.64,5.02,0.52,1.3,0.66
1939-02-28,1.73,2.03,0.5,5.95,1.31,2.51,0.19,9.68,0.68,0.68,1.4,0.5,0.43,1.15,9.44,0.92,2.74,1.16
1939-03-31,3.5,4.14,3.67,24.95,5.51,9.14,0.68,7.56,0.53,0.53,4.08,1.23,1.06,2.85,21.11,2.18,3.68,1.81
1939-04-30,3.71,4.11,10.12,81.84,18.07,8.16,0.61,3.34,0.23,0.23,0.0,0.96,1.19,3.22,15.57,1.93,1.62,0.67
1939-05-31,1.52,1.79,5.43,54.14,11.95,2.16,0.16,1.58,0.11,0.11,0.0,0.2,0.54,1.45,5.26,0.69,0.54,0.03
1939-06-30,0.68,0.87,0.8,12.37,2.73,0.0,0.0,0.26,0.02,0.02,0.0,0.06,0.17,0.45,1.4,0.19,0.1,0.0
1939-07-31,0.23,0.46,0.08,1.34,0.3,0.0,0.0,0.38,0.03,0.03,0.0,0.01,0.03,0.07,0.14,0.03,0.01,0.0
1939-08-31,0.09,0.35,0.01,0.41,0.09,0.0,0.0,0.0,0.0,0.0,0.0,0.0,0.0,0.0,0.01,0.0,0.02,0.0
1939-09-30,0.11,0.32,0.01,1.41,0.31,0.0,0.0,0.0,0.0,0.0,0.0,0.0,0.0,0.01,0.03,0.0,0.02,0.0
1939-10-31,0.35,0.72,0.37,4.31,0.95,0.23,0.02,0.0,0.0,0.0,1.65,0.08,0.06,0.16,1.13,0.12,0.24,0.26
1939-11-30,0.26,0.69,0.08,1.81,0.4,0.08,0.01,0.0,0.0,0.0,0.91,0.08,0.05,0.14,1.05,0.11,0.24,0.24
1939-12-31,0.38,0.77,0.45,4.26,0.94,0.74,0.06,0.8,0.06,0.06,1.8,0.09,0.09,0.24,1.88,0.18,0.52,0.41
1940-01-31,6.13,10.63,5.0,25.12,5.55,18.27,1.37,43.66,3.06,3.06,9.3,3.83,2.12,5.74,63.71,6.16,15.58,13.92
1940-02-29,12.26,16.91,2.66,26.06,5.75,19.17,1.43,51.3,3.59,3.59,11.11,6.95,3.03,8.19,111.19,10.42,27.91,17.82
1940-03-31,17.16,20.96,8.8,51.83,11.46,31.8,2.38,55.16,3.86,3.86,13.56,7.94,4.55,12.29,131.94,12.82,29.86,11.91
1940-04-30,13.14,13.77,11.35,74.4,16.42,28.26,2.11,37.55,2.63,2.63,8.74,3.43,3.76,10.16,72.06,7.54,11.11,2.22
1940-05-31,2.98,3.86,20.13,133.2,29.4,35.25,2.63,4.77,0.33,0.33,12.68,0.71,1.34,3.61,21.6,2.28,1.69,0.09
1940-06-30,1.21,1.96,5.68,51.45,11.35,10.59,0.79,1.47,0.1,0.1,7.05,0.24,0.39,1.06,5.18,0.55,0.35,0.01
1940-07-31,0.74,1.11,0.15,4.67,1.03,0.0,0.0,0.66,0.05,0.05,1.11,0.09,0.1,0.27,1.09,0.13,0.04,0.0
1940-08-31,0.35,0.71,0.02,1.4,0.31,0.0,0.0,0.07,0.0,0.0,0.39,0.01,0.01,0.02,0.06,0.01,0.01,0.0
1940-09-30,0.31,0.68,0.01,0.86,0.19,0.0,0.0,0.0,0.0,0.0,0.3,0.01,0.0,0.01,0.06,0.01,0.04,0.0
1940-10-31,1.02,0.76,0.01,1.0,0.22,0.11,0.01,0.16,0.01,0.01,0.26,0.04,0.03,0.07,0.51,0.06,0.17,0.12
1940-11-30,0.93,0.84,0.12,2.7,0.59,0.06,0.0,1.34,0.09,0.09,1.01,0.11,0.09,0.23,1.66,0.17,0.43,0.36
1940-12-31,3.11,4.19,1.65,11.46,2.53,3.34,0.25,17.26,1.21,1.21,5.02,1.18,0.91,2.46,22.85,2.23,6.0,5.2
1941-01-31,4.85,5.6,0.98,12.2,2.69,7.64,0.57,22.77,1.59,1.59,3.9,2.61,1.27,3.42,41.62,4.0,10.61,8.13
1941-02-28,8.14,13.75,2.75,17.97,3.97,14.96,1.12,44.46,3.11,3.11,6.75,4.29,1.92,5.18,68.42,6.43,18.74,10.79
1941-03-31,11.88,16.23,4.25,26.99,5.95,19.03,1.42,47.3,3.31,3.31,11.06,4.04,2.32,6.26,70.85,6.72,17.55,7.51
1941-04-30,10.35,14.13,6.4,36.11,7.98,21.88,1.64,45.57,3.19,3.19,8.77,4.18,2.58,6.96,62.95,6.5,14.21,4.26
1941-05-31,8.56,8.69,25.34,145.67,32.15,47.05,3.52,7.64,0.53,0.53,14.85,1.58,2.52,6.79,42.05,4.47,3.3,0.43
1941-06-30,2.65,3.21,12.85,92.26,20.36,23.89,1.79,2.65,0.19,0.19,9.88,0.42,0.81,2.2,12.47,1.33,0.91,0.04
1941-07-31,1.7,1.62,1.35,20.19,4.45,1.69,0.13,0.8,0.06,0.06,3.63,0.12,0.21,0.57,2.49,0.27,0.19,0.0
1941-08-31,0.37,0.94,0.06,2.29,0.5,0.0,0.0,0.22,0.02,0.02,0.48,0.05,0.05,0.14,0.55,0.07,0.08,0.0
1941-09-30,0.46,0.82,0.01,1.4,0.31,0.0,0.0,0.06,0.0,0.0,0.49,0.03,0.03,0.08,0.32,0.04,0.08,0.0
1941-10-31,0.43,0.84,0.02,1.77,0.39,0.24,0.02,0.23,0.02,0.02,0.48,0.06,0.04,0.12,0.85,0.09,0.14,0.19
1941-11-30,0.76,0.93,0.67,5.25,1.16,0.26,0.02,1.11,0.08,0.08,2.68,0.16,0.12,0.33,2.53,0.26,0.42,0.55
1941-12-31,3.21,3.62,4.33,24.39,5.38,14.65,1.09,14.11,0.99,0.99,9.79,0.97,0.79,2.13,19.63,1.9,4.74,4.56
1942-01-31,10.11,14.63,3.17,27.47,6.06,22.42,1.68,64.47,4.51,4.51,11.52,5.53,2.77,7.48,93.52,8.83,24.92,17.93
1942-02-28,11.86,14.03,1.78,20.17,4.45,14.21,1.06,37.59,2.63,2.63,8.55,5.89,2.45,6.6,90.25,8.55,24.99,13.35
1942-03-31,6.15,8.1,2.3,20.17,4.46,13.41,1.0,18.41,1.29,1.29,5.31,2.2,1.34,3.62,40.03,3.76,10.06,3.58
1942-04-30,12.81,16.93,9.01,58.64,12.95,29.64,2.22,26.25,1.84,1.84,11.12,4.45,2.51,6.78,68.78,6.86,15.83,5.15
1942-05-31,12.89,15.16,16.06,104.23,23.01,35.42,2.65,18.6,1.3,1.3,11.97,3.23,3.37,9.1,65.82,6.88,9.44,2.22
1942-06-30,6.0,6.08,20.24,126.21,27.85,37.15,2.78,5.77,0.4,0.4,14.77,0.96,1.68,4.54,27.89,2.94,2.26,0.17
1942-07-31,1.96,2.58,2.27,28.92,6.38,4.34,0.32,1.7,0.12,0.12,5.19,0.24,0.45,1.2,6.3,0.67,0.43,0.02
1942-08-31,1.04,1.4,0.03,3.91,0.86,0.0,0.0,0.33,0.02,0.02,0.96,0.11,0.15,0.4,1.65,0.19,0.07,0.0
1942-09-30,0.67,1.04,0.01,1.52,0.33,0.0,0.0,0.13,0.01,0.01,0.6,0.07,0.07,0.2,0.8,0.1,0.04,0.0
1942-10-31,0.65,0.92,0.11,1.13,0.25,0.17,0.01,0.07,0.0,0.0,0.33,0.09,0.06,0.17,1.25,0.13,0.21,0.29
1942-11-30,3.97,3.13,2.01,13.5,2.98,3.13,0.23,9.83,0.69,0.69,6.26,0.88,0.73,1.98,16.98,1.65,3.63,3.97
1942-12-31,3.55,4.18,3.25,17.57,3.88,12.73,0.95,17.69,1.24,1.24,6.72,1.8,1.06,2.87,31.79,3.06,8.61,7.36
1943-01-31,12.02,16.82,4.43,28.92,6.38,24.02,1.8,58.74,4.11,4.11,12.69,6.93,3.32,8.97,118.82,11.08,32.27,21.92
1943-02-28,9.89,11.55,3.14,21.74,4.8,15.61,1.17,40.33,2.82,2.82,8.5,5.02,1.69,4.57,69.1,6.57,19.78,10.34
1943-03-31,24.09,30.09,9.67,63.18,13.96,35.16,2.63,103.42,7.24,7.24,13.61,12.55,7.1,19.17,204.94,20.01,50.16,17.8
1943-04-30,10.38,11.38,13.15,86.02,18.99,31.65,2.37,17.97,1.26,1.26,10.49,2.16,3.16,8.53,57.28,5.95,5.63,0.84
1943-05-31,5.45,5.71,15.83,110.9,24.47,31.86,2.38,7.06,0.49,0.49,11.84,0.9,1.54,4.17,26.36,2.75,2.16,0.16
1943-06-30,2.85,3.18,7.54,60.99,13.46,16.13,1.21,3.29,0.23,0.23,8.45,0.41,0.75,2.01,11.85,1.24,0.92,0.04
1943-07-31,1.42,1.7,1.06,14.18,3.13,1.53,0.11,1.3,0.09,0.09,2.82,0.18,0.3,0.8,3.77,0.4,0.19,0.0
1943-08-31,0.97,0.97,0.09,3.37,0.74,0.0,0.0,0.11,0.01,0.01,0.89,0.1,0.11,0.29,1.23,0.15,0.06,0.0
1943-09-30,0.67,0.68,0.04,1.23,0.27,0.0,0.0,0.0,0.0,0.0,0.49,0.06,0.05,0.15,0.63,0.08,0.03,0.0
1943-10-31,2.08,0.84,0.01,1.99,0.44,0.0,0.0,0.44,0.03,0.03,0.32,0.09,0.09,0.25,1.51,0.16,0.23,0.31
1943-11-30,0.8,1.05,0.01,1.81,0.4,0.0,0.0,1.3,0.09,0.09,0.49,0.12,0.13,0.35,2.42,0.25,0.43,0.52
1943-12-31,1.08,1.29,0.12,3.81,0.84,0.31,0.02,2.12,0.15,0.15,1.09,0.18,0.17,0.45,3.69,0.37,0.84,0.78
1944-01-31,1.84,2.12,0.31,4.84,1.07,1.52,0.11,5.08,0.36,0.36,1.22,0.52,0.35,0.94,8.5,0.86,1.93,1.78
1944-02-29,2.74,3.59,0.46,8.25,1.82,4.27,0.32,19.47,1.36,1.36,1.63,1.61,1.0,2.71,28.51,2.74,6.34,4.6
1944-03-31,4.57,6.27,2.15,15.94,3.52,9.13,0.68,33.91,2.37,2.37,4.49,2.43,1.39,3.75,39.03,3.82,8.95,4.64
1944-04-30,4.17,5.14,4.62,27.55,6.09,13.14,0.98,5.91,0.41,0.41,5.15,1.6,1.13,3.04,25.65,2.64,5.15,1.85
1944-05-31,4.73,5.71,17.26,113.21,24.99,18.72,1.4,3.33,0.23,0.23,3.06,1.42,1.74,4.7,27.63,3.1,3.57,0.91
1944-06-30,1.95,1.94,5.77,51.22,11.3,5.09,0.38,1.22,0.09,0.09,2.16,0.29,0.64,1.74,8.48,0.97,0.62,0.04
1944-07-31,0.47,0.84,0.32,8.21,1.81,0.0,0.0,0.05,0.0,0.0,0.46,0.08,0.14,0.39,1.46,0.17,0.08,0.0
1944-08-31,0.26,0.54,0.02,1.65,0.36,0.0,0.0,0.0,0.0,0.0,0.14,0.02,0.02,0.06,0.19,0.03,0.01,0.0
1944-09-30,0.24,0.44,0.01,0.0,0.0,0.0,0.0,0.0,0.0,0.0,0.0,0.01,0.01,0.01,0.05,0.01,0.0,0.0
1944-10-31,0.52,0.68,0.2,0.54,0.12,0.07,0.01,0.0,0.0,0.0,0.17,0.02,0.02,0.04,0.28,0.03,0.05,0.06
1944-11-30,2.34,3.2,2.17,13.73,3.03,3.27,0.24,10.55,0.74,0.74,5.81,0.96,0.8,2.15,18.69,1.84,4.28,4.21
1944-12-31,2.13,2.85,2.18,12.11,2.67,8.35,0.62,8.11,0.57,0.57,4.04,1.0,0.52,1.39,15.18,1.49,3.88,3.41
1945-01-31,1.94,2.51,1.54,8.69,1.92,7.43,0.56,4.42,0.31,0.31,2.98,0.83,0.36,0.99,12.52,1.22,3.3,2.35
1945-02-28,11.92,18.49,4.91,32.61,7.19,22.87,1.71,63.04,4.41,4.41,12.96,6.21,3.03,8.18,102.23,9.67,26.72,15.23
1945-03-31,6.57,8.77,2.07,18.43,4.08,11.27,0.84,38.51,2.7,2.7,4.26,2.71,1.65,4.45,47.04,4.5,11.07,4.0
1945-04-30,7.6,9.53,9.7,52.09,11.5,22.98,1.72,13.6,0.95,0.95,7.88,2.93,2.03,5.47,45.12,4.76,9.2,2.7
1945-05-31,5.22,5.37,17.63,112.73,24.88,30.88,2.31,4.75,0.33,0.33,9.73,1.15,1.84,4.98,30.0,3.22,2.48,0.31
1945-06-30,2.38,2.53,10.45,84.57,18.66,19.92,1.49,2.23,0.16,0.16,8.92,0.51,1.01,2.72,15.23,1.64,1.16,0.05
1945-07-31,0.95,1.21,0.5,14.24,3.14,1.08,0.08,0.14,0.01,0.01,2.36,0.12,0.2,0.53,2.19,0.25,0.1,0.0
1945-08-31,0.36,0.76,0.01,3.12,0.69,0.0,0.0,0.0,0.0,0.0,0.63,0.03,0.04,0.1,0.35,0.05,0.02,0.0
1945-09-30,0.25,0.66,0.01,0.99,0.22,0.0,0.0,0.0,0.0,0.0,0.33,0.01,0.01,0.03,0.1,0.01,0.01,0.0
1945-10-31,0.55,1.14,0.73,4.04,0.89,0.13,0.01,0.0,0.0,0.0,1.64,0.13,0.1,0.28,1.92,0.2,0.31,0.42
1945-11-30,1.59,2.38,1.71,15.08,3.33,5.55,0.41,4.0,0.28,0.28,5.57,0.59,0.52,1.39,11.93,1.17,2.68,2.73
1945-12-31,10.19,13.05,3.5,23.98,5.29,18.55,1.39,42.5,2.98,2.98,8.39,5.42,2.82,7.6,92.03,8.71,23.82,17.14
1946-01-31,6.97,7.9,1.72,18.87,4.16,12.36,0.92,16.91,1.18,1.18,7.66,3.17,1.31,3.53,46.77,4.51,12.81,6.53
1946-02-28,3.54,4.45,1.37,11.26,2.49,6.81,0.51,8.2,0.57,0.57,2.53,1.31,0.82,2.22,23.96,2.26,6.0,2.25
1946-03-31,7.05,8.29,3.96,27.48,6.08,15.24,1.14,17.72,1.24,1.24,6.04,3.28,1.92,5.19,53.08,5.23,12.21,4.18
1946-04-30,8.32,9.44,12.66,72.33,15.97,25.44,1.9,15.16,1.06,1.06,7.41,2.75,2.46,6.64,49.48,5.22,8.29,2.2
1946-05-31,4.88,4.88,19.24,114.34,25.23,27.49,2.05,3.66,0.26,0.26,9.38,1.01,1.72,4.64,27.8,2.97,2.26,0.22
1946-06-30,1.75,2.19,5.06,46.44,10.24,8.47,0.63,1.57,0.11,0.11,5.64,0.29,0.55,1.47,8.01,0.86,0.59,0.02
1946-07-31,0.84,1.27,0.2,5.68,1.25,0.0,0.0,0.42,0.03,0.03,1.17,0.11,0.16,0.44,1.75,0.2,0.07,0.0
1946-08-31,0.41,0.74,0.02,0.76,0.17,0.0,0.0,0.1,0.01,0.01,0.25,0.03,0.03,0.08,0.32,0.04,0.02,0.0
1946-09-30,0.33,0.62,0.01,0.48,0.11,0.0,0.0,0.0,0.0,0.0,0.15,0.01,0.02,0.04,0.15,0.02,0.01,0.0
1946-10-31,1.68,0.92,0.02,1.87,0.41,0.0,0.0,0.23,0.02,0.02,0.22,0.07,0.08,0.21,1.19,0.13,0.17,0.24
1946-11-30,2.15,2.77,0.53,8.26,1.82,0.91,0.07,5.49,0.38,0.38,2.24,0.34,0.42,1.15,8.12,0.83,1.6,1.62
1946-12-31,1.84,2.61,1.19,7.31,1.61,3.5,0.26,5.6,0.39,0.39,1.38,0.59,0.39,1.06,9.53,0.97,1.98,1.71
1947-01-31,1.18,1.89,0.9,4.18,0.92,2.62,0.2,3.24,0.23,0.23,0.86,0.34,0.26,0.71,6.8,0.65,1.35,0.99
1947-02-28,2.62,3.64,1.64,11.4,2.51,5.83,0.44,9.39,0.66,0.66,3.11,1.11,0.7,1.9,18.89,1.83,3.86,2.59
1947-03-31,3.46,6.52,3.62,23.92,5.29,10.27,0.77,15.1,1.06,1.06,3.81,1.99,1.49,4.02,34.48,3.47,6.8,3.06
1947-04-30,2.97,4.4,8.14,52.01,11.48,10.11,0.76,5.31,0.37,0.37,1.4,1.4,1.45,3.9,22.21,2.59,3.02,0.87
1947-05-31,1.16,1.67,10.97,89.19,19.68,7.29,0.54,1.23,0.09,0.09,0.23,0.2,0.61,1.65,7.33,0.87,0.52,0.04
1947-06-30,0.56,1.17,1.48,20.51,4.52,0.0,0.0,0.58,0.04,0.04,0.99,0.12,0.21,0.57,2.2,0.27,0.13,0.0
1947-07-31,0.29,0.59,0.05,1.32,0.29,0.0,0.0,0.0,0.0,0.0,0.04,0.01,0.03,0.08,0.22,0.03,0.01,0.0
1947-08-31,0.16,0.45,0.01,0.0,0.0,0.0,0.0,0.0,0.0,0.0,0.82,0.01,0.0,0.01,0.04,0.01,0.0,0.0
1947-09-30,0.18,0.31,0.01,0.3,0.07,0.0,0.0,0.0,0.0,0.0,0.0,0.01,-0.0,-0.0,0.0,0.0,0.0,0.0
1947-10-31,1.37,1.03,1.24,6.85,1.51,0.19,0.01,0.0,0.0,0.0,2.85,0.17,0.09,0.26,1.92,0.21,0.31,0.41
1947-11-30,0.56,1.11,1.07,4.92,1.09,2.05,0.15,1.08,0.08,0.08,1.8,0.21,0.13,0.34,2.85,0.29,0.54,0.66
1947-12-31,0.46,0.97,0.51,3.38,0.75,1.6,0.12,1.29,0.09,0.09,1.06,0.14,0.11,0.29,2.43,0.24,0.57,0.55
1948-01-31,1.03,1.51,3.28,9.47,2.09,7.65,0.57,2.05,0.14,0.14,3.14,0.65,0.21,0.57,7.0,0.71,1.77,1.58
1948-02-29,1.16,1.5,1.16,4.64,1.02,3.89,0.29,3.67,0.26,0.26,1.5,0.8,0.19,0.52,7.4,0.75,1.88,1.67
1948-03-31,2.48,4.26,1.49,9.16,2.02,6.35,0.47,22.22,1.56,1.56,3.59,1.76,0.87,2.34,27.71,2.67,6.83,4.91
1948-04-30,9.07,12.28,4.85,37.89,8.37,22.45,1.68,35.01,2.45,2.45,10.38,6.08,2.31,6.24,79.89,7.72,19.83,10.27
1948-05-31,9.19,10.63,15.83,104.62,23.09,31.37,2.34,8.79,0.62,0.62,9.31,2.73,2.94,7.94,58.46,6.09,10.8,3.32
1948-06-30,4.28,4.44,16.52,105.27,23.23,21.79,1.63,2.71,0.19,0.19,7.86,0.54,1.55,4.19,22.4,2.44,1.75,0.17
1948-07-31,0.89,1.59,0.84,15.4,3.4,0.78,0.06,0.32,0.02,0.02,2.17,0.13,0.3,0.82,3.69,0.41,0.23,0.01
1948-08-31,0.45,0.9,0.03,2.5,0.55,0.0,0.0,0.0,0.0,0.0,0.32,0.06,0.06,0.15,0.57,0.07,0.03,0.0
1948-09-30,0.22,0.54,0.01,1.35,0.3,0.0,0.0,0.0,0.0,0.0,0.35,0.02,0.02,0.05,0.18,0.03,0.01,0.0
1948-10-31,0.29,0.68,0.0,0.94,0.21,0.02,0.0,0.0,0.0,0.0,0.18,0.06,0.02,0.07,0.47,0.06,0.08,0.11
1948-11-30,0.39,0.81,0.15,2.36,0.52,0.0,0.0,0.3,0.02,0.02,0.67,0.11,0.1,0.28,1.94,0.2,0.32,0.41
1948-12-31,0.77,1.49,0.13,3.48,0.77,0.04,0.0,2.51,0.18,0.18,1.24,0.3,0.22,0.59,5.11,0.49,1.05,1.09
1949-01-31,0.74,1.24,0.21,2.52,0.56,0.8,0.06,3.74,0.26,0.26,0.73,0.33,0.27,0.74,7.09,0.66,1.59,1.43
1949-02-28,1.34,2.25,0.3,2.51,0.55,0.93,0.07,10.05,0.7,0.7,0.76,0.84,0.49,1.33,14.82,1.35,3.28,2.79
1949-03-31,6.03,8.5,0.54,15.0,3.31,8.45,0.63,47.02,3.29,3.29,3.43,3.53,2.5,6.74,76.16,6.78,17.19,10.14
1949-04-30,7.12,9.66,10.0,64.27,14.19,30.59,2.29,8.33,0.58,0.58,12.91,3.73,1.92,5.2,47.5,5.07,10.56,3.68
1949-05-31,5.82,6.79,17.46,119.43,26.36,22.14,1.65,2.52,0.18,0.18,4.93,0.82,2.09,5.64,31.17,3.41,3.43,0.7
1949-06-30,1.8,2.23,5.21,48.75,10.76,5.75,0.43,1.21,0.08,0.08,3.44,0.19,0.6,1.61,8.2,0.88,0.58,0.03
1949-07-31,0.46,0.97,0.12,2.66,0.59,0.0,0.0,0.14,0.01,0.01,0.28,0.05,0.12,0.32,1.16,0.14,0.05,0.0
1949-08-31,0.28,0.59,0.01,2.02,0.44,0.0,0.0,0.0,0.0,0.0,0.17,0.02,0.02,0.07,0.18,0.03,0.01,0.0
1949-09-30,0.29,0.5,0.0,0.74,0.16,0.0,0.0,0.0,0.0,0.0,0.15,0.02,0.02,0.04,0.11,0.02,0.01,0.0
1949-10-31,0.26,0.62,0.01,0.6,0.13,0.06,0.0,0.0,0.0,0.0,0.16,0.04,0.02,0.06,0.4,0.05,0.07,0.1
1949-11-30,0.51,1.01,0.11,1.83,0.4,0.12,0.01,0.8,0.06,0.06,0.55,0.13,0.12,0.32,2.28,0.23,0.37,0.49
1949-12-31,0.52,0.92,0.08,2.22,0.49,0.0,0.0,1.23,0.09,0.09,1.0,0.11,0.11,0.31,2.42,0.23,0.45,0.54
1950-01-31,3.31,4.82,1.65,13.47,2.97,4.79,0.36,31.28,2.19,2.19,5.21,2.44,1.07,2.88,34.21,3.25,8.35,7.26
1950-02-28,7.01,9.16,2.25,17.75,3.92,13.55,1.01,38.83,2.72,2.72,5.65,3.53,1.76,4.74,57.9,5.56,15.1,9.68
1950-03-31,6.9,8.18,3.06,21.52,4.74,15.46,1.16,17.05,1.19,1.19,9.17,3.33,1.39,3.74,44.55,4.57,12.39,5.83
1950-04-30,12.5,15.0,10.96,68.29,15.09,35.57,2.66,20.64,1.44,1.44,13.78,4.81,2.88,7.77,70.19,7.4,16.14,5.38
1950-05-31,6.54,6.79,21.43,119.88,26.46,34.18,2.55,5.75,0.4,0.4,10.53,1.21,2.21,5.96,35.16,3.81,3.29,0.48
1950-06-30,2.73,2.47,12.62,83.91,18.51,19.53,1.46,1.88,0.13,0.13,8.88,0.29,0.77,2.09,10.96,1.21,0.85,0.04
1950-07-31,0.99,1.47,0.73,12.43,2.74,0.78,0.06,0.22,0.02,0.02,2.17,0.1,0.18,0.48,1.9,0.23,0.1,0.0
1950-08-31,0.28,0.68,0.02,1.7,0.37,0.0,0.0,0.28,0.02,0.02,0.3,0.05,0.04,0.1,0.32,0.05,0.02,0.0
1950-09-30,0.42,0.52,0.01,1.88,0.41,0.0,0.0,0.22,0.02,0.02,0.54,0.03,0.03,0.09,0.31,0.04,0.02,0.0
1950-10-31,0.96,1.26,0.27,4.19,0.92,0.43,0.03,0.78,0.05,0.05,1.56,0.2,0.13,0.36,2.67,0.29,0.47,0.62
1950-11-30,13.25,16.06,21.88,86.76,19.15,67.76,5.06,60.13,4.21,4.21,40.56,5.83,4.35,11.74,123.82,11.93,33.41,26.65
1950-12-31,22.63,25.88,16.77,98.41,21.74,54.37,4.06,79.18,5.54,5.54,20.64,10.15,3.97,10.71,147.79,14.56,43.82,24.96
1951-01-31,11.52,13.44,3.08,36.84,8.13,14.36,1.07,56.96,3.99,3.99,4.93,6.33,3.63,9.81,116.18,10.81,30.42,11.73
1951-02-28,9.54,10.49,2.81,36.95,8.16,10.92,0.82,29.63,2.07,2.07,3.97,4.47,2.52,6.79,70.47,6.95,15.88,4.9
1951-03-31,9.97,12.37,3.57,38.07,8.4,11.41,0.85,44.07,3.08,3.08,4.16,4.8,3.18,8.58,79.97,7.66,13.3,3.48
1951-04-30,6.36,7.19,9.62,58.88,13.0,18.59,1.39,8.82,0.62,0.62,6.91,1.67,1.98,5.34,36.59,3.79,3.14,0.39
1951-05-31,6.39,7.41,11.44,76.89,16.96,24.89,1.86,9.09,0.64,0.64,10.91,1.89,1.94,5.24,36.55,3.79,2.99,0.21
1951-06-30,2.36,3.02,2.52,31.94,7.05,5.61,0.42,2.54,0.18,0.18,6.12,0.44,0.56,1.51,9.27,0.94,0.68,0.03
1951-07-31,1.39,1.96,0.11,5.08,1.12,0.0,0.0,0.95,0.07,0.07,1.47,0.2,0.26,0.7,3.16,0.35,0.13,0.0
1951-08-31,0.98,1.19,0.01,1.04,0.23,0.0,0.0,0.0,0.0,0.0,0.4,0.1,0.1,0.27,1.13,0.14,0.06,0.0
1951-09-30,0.52,0.74,0.01,1.19,0.26,0.0,0.0,0.16,0.01,0.01,0.51,0.06,0.07,0.19,0.74,0.1,0.04,0.0
1951-10-31,0.93,1.24,0.01,0.72,0.16,0.12,0.01,0.25,0.02,0.02,0.21,0.21,0.16,0.43,3.18,0.33,0.54,0.73
1951-11-30,1.58,2.18,0.57,4.84,1.07,0.49,0.04,3.22,0.23,0.23,2.17,0.59,0.3,0.82,7.95,0.78,1.57,1.88
1951-12-31,6.94,8.71,0.86,17.78,3.92,6.41,0.48,37.05,2.59,2.59,8.18,3.08,1.62,4.36,50.91,4.74,13.16,11.55
1952-01-31,10.49,15.95,0.89,22.22,4.91,16.58,1.24,103.39,7.24,7.24,8.16,4.51,4.06,10.95,128.64,11.33,33.38,22.71
1952-02-29,13.53,15.36,1.39,23.69,5.23,20.3,1.52,41.91,2.93,2.93,10.06,9.12,1.88,5.06,97.56,9.43,28.59,15.48
1952-03-31,12.75,17.33,1.72,25.31,5.58,19.62,1.47,90.97,6.37,6.37,12.61,6.0,3.55,9.58,115.14,10.54,30.06,11.98
1952-04-30,23.05,26.36,11.23,76.47,16.9,50.69,3.79,24.85,1.74,1.74,21.84,9.28,3.6,9.72,107.92,11.31,26.15,8.15
1952-05-31,21.61,22.62,30.44,162.17,35.79,66.7,4.98,12.43,0.87,0.87,23.63,2.53,5.07,13.69,90.1,9.37,11.18,2.24
1952-06-30,8.96,7.72,23.4,132.08,29.15,45.27,3.38,4.3,0.3,0.3,18.6,0.61,2.09,5.66,33.31,3.49,2.74,0.17
1952-07-31,3.59,3.79,5.13,48.53,10.71,12.03,0.9,3.21,0.22,0.22,8.86,0.32,0.66,1.77,10.02,1.01,0.7,0.03
1952-08-31,1.57,2.22,0.2,7.83,1.73,0.5,0.04,0.74,0.05,0.05,2.15,0.15,0.24,0.66,2.96,0.31,0.12,0.0
1952-09-30,1.15,1.51,0.04,4.29,0.95,0.0,0.0,1.09,0.08,0.08,1.6,0.12,0.15,0.41,1.87,0.2,0.09,0.0
1952-10-31,0.73,1.45,0.01,2.69,0.59,0.09,0.01,1.0,0.07,0.07,0.75,0.1,0.1,0.28,1.79,0.19,0.28,0.38
1952-11-30,1.39,1.79,0.02,3.3,0.73,0.0,0.0,1.58,0.11,0.11,1.46,0.16,0.17,0.46,3.45,0.34,0.64,0.77
1952-12-31,3.21,3.3,0.09,6.67,1.47,1.82,0.14,11.81,0.83,0.83,2.25,0.83,0.43,1.16,12.59,1.18,2.92,2.62
1953-01-31,7.53,7.86,2.67,20.93,4.62,14.08,1.05,32.19,2.25,2.25,6.41,3.66,1.39,3.75,48.35,4.7,11.97,8.63
1953-02-28,3.4,3.62,1.59,9.78,2.16,7.04,0.53,5.08,0.36,0.36,3.85,0.81,0.56,1.52,15.57,1.57,4.15,2.33
1953-03-31,5.13,6.19,2.92,15.89,3.5,10.68,0.8,12.67,0.89,0.89,6.42,1.73,0.86,2.31,25.68,2.6,6.83,3.34
1953-04-30,6.59,9.15,10.96,54.2,11.98,26.89,2.01,9.25,0.65,0.65,9.45,1.99,1.65,4.45,37.9,3.97,8.94,3.22
1953-05-31,7.34,7.4,11.52,71.2,15.72,20.17,1.51,6.17,0.43,0.43,5.74,1.89,1.72,4.63,32.99,3.54,5.71,1.62
1953-06-30,4.81,4.59,15.71,102.7,22.66,22.8,1.7,3.54,0.25,0.25,7.9,1.24,1.37,3.69,22.03,2.44,1.76,0.18
1953-07-31,1.56,2.27,1.97,25.74,5.68,3.15,0.24,0.71,0.05,0.05,3.26,0.23,0.33,0.9,4.99,0.53,0.35,0.02
1953-08-31,1.01,1.17,0.06,4.15,0.92,0.0,0.0,0.99,0.07,0.07,0.76,0.07,0.11,0.31,1.1,0.14,0.05,0.0
1953-09-30,0.64,0.88,0.01,2.52,0.56,0.0,0.0,0.17,0.01,0.01,0.55,0.06,0.05,0.13,0.47,0.07,0.03,0.0
1953-10-31,1.76,1.03,0.01,1.67,0.37,0.03,0.0,0.61,0.04,0.04,0.34,0.1,0.07,0.19,1.25,0.14,0.19,0.27
1953-11-30,1.94,1.37,0.16,3.85,0.85,0.0,0.0,1.6,0.11,0.11,1.31,0.21,0.17,0.46,3.51,0.36,0.65,0.78
1953-12-31,1.21,1.66,0.7,3.92,0.86,1.08,0.08,2.76,0.19,0.19,1.21,0.44,0.16,0.42,4.9,0.49,1.16,1.06
1954-01-31,1.75,2.89,0.87,6.87,1.52,2.85,0.21,7.94,0.56,0.56,1.79,1.1,0.39,1.06,12.96,1.25,2.98,2.7
1954-02-28,3.27,5.23,2.48,9.6,2.12,7.26,0.54,15.87,1.11,1.11,2.72,2.05,0.87,2.34,29.36,2.8,6.94,4.81
1954-03-31,8.33,9.87,5.54,27.93,6.16,16.4,1.23,27.36,1.92,1.92,8.56,2.04,2.21,5.97,55.9,5.29,13.12,6.68
1954-04-30,9.79,11.07,11.88,76.45,16.88,23.92,1.79,11.88,0.83,0.83,6.71,2.06,2.61,7.05,52.1,5.23,9.51,3.07
1954-05-31,4.19,4.42,13.68,101.22,22.34,15.6,1.17,3.91,0.27,0.27,4.16,0.51,1.32,3.55,19.63,2.05,1.44,0.16
1954-06-30,1.92,2.31,2.04,25.92,5.72,2.11,0.16,2.54,0.18,0.18,2.25,0.26,0.36,0.96,5.61,0.57,0.38,0.02
1954-07-31,0.94,1.24,0.09,0.0,0.0,0.0,0.0,0.18,0.01,0.01,10.59,0.09,0.12,0.31,1.37,0.15,0.07,0.0
1954-08-31,0.48,0.81,0.01,3.43,0.76,0.0,0.0,0.97,0.07,0.07,0.0,0.05,0.03,0.09,0.35,0.05,0.02,0.0
1954-09-30,0.35,0.66,0.0,2.07,0.46,0.0,0.0,0.27,0.02,0.02,0.0,0.04,0.03,0.07,0.26,0.04,0.01,0.0
1954-10-31,0.61,0.8,0.01,0.0,0.0,0.0,0.0,0.19,0.01,0.01,0.0,0.04,0.03,0.09,0.51,0.06,0.08,0.11
1954-11-30,0.49,1.29,0.02,2.5,0.55,0.0,0.0,0.8,0.06,0.06,0.4,0.11,0.12,0.32,2.14,0.22,0.35,0.45
1954-12-31,2.58,3.24,0.69,7.7,1.7,1.07,0.08,14.74,1.03,1.03,2.27,0.9,0.67,1.8,15.73,1.58,3.56,3.34
1955-01-31,3.03,3.56,0.68,7.14,1.58,3.21,0.24,34.81,2.44,2.44,1.43,1.86,1.12,3.03,32.92,3.14,7.46,5.3
1955-02-28,3.31,3.67,0.83,7.92,1.75,4.85,0.36,13.29,0.93,0.93,1.67,1.22,0.54,1.46,17.09,1.68,4.14,2.3
1955-03-31,4.08,4.85,1.88,12.74,2.81,6.71,0.5,9.94,0.7,0.7,3.93,1.07,0.71,1.93,19.09,1.86,4.4,2.03
1955-04-30,4.55,5.99,5.06,26.92,5.95,12.18,0.91,9.01,0.63,0.63,4.35,1.37,0.93,2.52,23.22,2.3,4.84,1.8
1955-05-31,5.27,6.53,15.24,99.55,21.97,15.34,1.15,5.99,0.42,0.42,1.95,1.49,1.26,3.39,23.43,2.59,4.21,1.27
1955-06-30,1.91,1.92,6.07,60.93,13.44,5.26,0.39,1.72,0.12,0.12,2.11,0.25,0.46,1.25,6.54,0.74,0.51,0.07
1955-07-31,0.74,1.27,0.24,5.64,1.24,0.0,0.0,0.07,0.0,0.0,0.22,0.07,0.14,0.37,1.91,0.22,0.15,0.02
1955-08-31,0.42,0.71,0.01,1.22,0.27,0.0,0.0,0.58,0.04,0.04,0.07,0.03,0.05,0.13,0.69,0.08,0.05,0.01
1955-09-30,0.16,0.52,0.01,0.3,0.06,0.0,0.0,0.32,0.02,0.02,0.04,0.59,1.16,3.12,15.13,1.73,1.09,0.08
1955-10-31,0.28,0.74,0.0,0.52,0.12,0.09,0.01,0.21,0.01,0.01,0.15,0.04,0.1,0.27,0.16,0.05,0.09,0.12
1955-11-30,0.53,1.04,0.12,1.86,0.41,0.32,0.02,0.21,0.01,0.01,0.58,0.15,0.15,0.41,1.92,0.21,0.34,0.45
1955-12-31,23.89,28.57,16.0,67.49,14.89,51.15,3.82,125.0,8.75,8.75,32.92,10.39,6.83,18.44,178.49,16.92,48.07,35.59
1956-01-31,25.7,30.87,6.97,51.8,11.44,38.44,2.87,106.84,7.48,7.48,18.58,10.64,3.59,9.71,173.18,16.21,46.99,20.86
1956-02-29,10.39,11.56,2.72,24.88,5.5,14.53,1.09,26.39,1.85,1.85,6.48,3.59,1.19,3.2,54.65,5.36,12.62,4.03
1956-03-31,8.18,9.13,5.51,32.92,7.27,15.82,1.18,14.89,1.04,1.04,5.33,2.88,1.62,4.37,41.69,4.29,9.22,2.7
1956-04-30,7.69,8.91,10.25,51.39,11.34,24.85,1.86,9.35,0.65,0.65,8.43,1.76,1.79,4.83,37.72,3.88,5.79,1.37
1956-05-31,11.65,12.51,22.19,135.51,29.91,44.31,3.31,13.94,0.98,0.98,16.34,2.15,3.48,9.41,58.59,6.11,4.96,0.53
1956-06-30,3.84,3.61,16.0,106.8,23.56,34.45,2.57,3.88,0.27,0.27,16.24,0.54,0.87,2.36,16.44,1.7,1.27,0.05
1956-07-31,1.27,3.03,1.41,23.64,5.21,3.02,0.23,2.13,0.15,0.15,5.29,0.18,0.18,0.5,4.19,0.43,0.22,0.01
1956-08-31,1.09,1.59,0.04,2.82,0.62,0.0,0.0,0.0,0.0,0.0,0.9,0.11,0.03,0.09,1.56,0.17,0.07,0.0
1956-09-30,1.23,1.17,0.01,1.51,0.33,0.0,0.0,0.0,0.0,0.0,0.67,0.08,0.01,0.04,1.06,0.12,0.05,0.0
1956-10-31,1.15,1.59,0.11,3.41,0.75,0.0,0.0,0.74,0.05,0.05,1.04,0.13,0.11,0.29,2.6,0.23,0.36,0.47
1956-11-30,1.51,1.59,0.64,3.51,0.77,0.12,0.01,1.44,0.1,0.1,1.54,0.15,0.05,0.14,3.34,0.3,0.56,0.67
1956-12-31,1.43,1.7,0.71,4.16,0.92,1.6,0.12,2.09,0.15,0.15,1.4,0.19,0.16,0.43,0.0,0.38,0.92,0.83
1957-01-31,1.57,2.34,0.46,4.51,1.0,1.98,0.15,3.84,0.27,0.27,1.29,0.36,0.27,0.74,0.96,0.64,1.57,1.41
1957-02-28,5.4,6.94,4.66,15.66,3.46,12.42,0.93,11.05,0.77,0.77,4.97,1.92,1.33,3.6,31.74,3.08,7.69,5.75
1957-03-31,10.13,11.91,3.58,27.79,6.13,16.52,1.23,32.1,2.25,2.25,8.83,4.36,2.38,6.44,76.59,6.96,17.52,9.07
1957-04-30,4.65,5.16,7.69,40.14,8.87,17.66,1.32,5.28,0.37,0.37,5.86,1.68,1.1,2.98,27.03,2.65,5.43,1.84
1957-05-31,7.12,7.98,15.42,98.49,21.74,22.78,1.7,10.64,0.74,0.74,5.79,1.87,1.97,5.33,40.55,4.0,5.02,1.25
1957-06-30,3.05,3.42,9.65,80.95,17.86,13.85,1.04,2.79,0.2,0.2,6.07,0.38,0.61,1.64,12.9,1.24,0.85,0.05
1957-07-31,0.73,1.8,0.24,8.59,1.89,0.0,0.0,1.01,0.07,0.07,1.32,0.09,0.05,0.14,2.48,0.24,0.14,0.01
1957-08-31,0.49,1.22,0.03,0.75,0.17,0.0,0.0,0.17,0.01,0.01,0.11,0.04,0.04,0.12,0.82,0.09,0.03,0.0
1957-09-30,0.55,0.89,0.01,0.96,0.21,0.0,0.0,0.26,0.02,0.02,0.23,0.04,0.02,0.04,0.56,0.06,0.02,0.0
1957-10-31,0.93,1.28,0.02,1.89,0.42,0.27,0.02,0.37,0.03,0.03,0.53,0.11,0.09,0.24,1.64,0.16,0.25,0.34
1957-11-30,0.97,1.33,0.56,3.62,0.8,0.17,0.01,0.85,0.06,0.06,1.83,0.17,0.12,0.33,2.71,0.27,0.44,0.59
1957-12-31,1.88,2.24,1.25,6.32,1.4,1.34,0.1,3.73,0.26,0.26,3.16,0.33,0.37,0.99,6.61,0.65,1.35,1.58
1958-01-31,2.96,4.02,1.34,7.72,1.7,4.26,0.32,20.41,1.43,1.43,3.4,1.09,0.65,1.76,22.19,2.12,5.76,5.14
1958-02-28,11.19,15.28,2.78,22.5,4.97,18.2,1.36,70.62,4.94,4.94,8.1,5.8,2.16,5.84,95.6,8.99,25.96,18.9
1958-03-31,15.48,20.35,1.64,24.09,5.31,18.41,1.38,83.78,5.86,5.86,10.59,8.37,2.15,5.81,131.5,12.22,36.51,20.36
1958-04-30,23.27,32.17,7.03,50.72,11.21,35.7,2.67,137.71,9.64,9.64,16.45,11.46,3.92,10.6,187.78,18.1,44.85,15.29
1958-05-31,16.44,18.67,27.04,165.36,36.5,62.83,4.7,11.77,0.82,0.82,21.97,2.8,4.43,11.96,70.82,7.4,7.58,1.29
1958-06-30,6.27,6.09,19.48,114.63,25.29,35.02,2.62,5.3,0.37,0.37,14.04,0.9,1.8,4.87,27.45,2.88,2.2,0.11
1958-07-31,2.65,2.9,2.4,31.25,6.89,5.6,0.42,2.26,0.16,0.16,5.41,0.25,0.26,0.69,6.2,0.63,0.39,0.01
1958-08-31,0.98,1.91,0.1,7.05,1.55,0.0,0.0,1.28,0.09,0.09,1.98,0.13,0.04,0.12,2.09,0.22,0.09,0.0
1958-09-30,0.83,1.32,0.02,1.91,0.42,0.0,0.0,0.02,0.0,0.0,0.74,0.09,0.01,0.04,1.18,0.13,0.05,0.0
1958-10-31,1.06,1.2,0.01,2.92,0.64,0.0,0.0,0.57,0.04,0.04,0.39,0.08,-0.0,0.0,1.47,0.15,0.19,0.27
1958-11-30,1.01,1.43,0.02,3.28,0.72,0.0,0.0,1.04,0.07,0.07,0.78,0.1,0.06,0.15,2.1,0.21,0.36,0.41
1958-12-31,0.88,1.33,0.02,2.34,0.52,0.57,0.04,1.57,0.11,0.11,0.52,0.12,0.06,0.17,2.53,0.26,0.48,0.48
1959-01-31,2.8,3.3,2.23,11.67,2.58,5.56,0.42,7.0,0.49,0.49,2.32,0.79,0.4,1.09,12.9,1.31,2.47,2.19
1959-02-28,4.85,6.94,7.66,8.09,1.78,6.34,0.47,36.49,2.55,2.55,3.38,1.96,0.75,2.02,33.87,3.29,6.42,4.07
1959-03-31,4.33,5.09,4.38,22.91,5.06,9.59,0.72,5.74,0.4,0.4,3.49,1.21,0.93,2.5,20.12,2.11,3.49,1.36
1959-04-30,2.68,3.39,9.29,60.25,13.3,9.36,0.7,2.97,0.21,0.21,0.87,0.77,0.81,2.2,14.02,1.64,1.77,0.51
1959-05-31,1.48,1.83,7.5,64.24,14.18,4.36,0.33,1.3,0.09,0.09,0.0,0.24,0.4,1.08,6.31,0.75,0.43,0.05
1959-06-30,0.78,1.12,1.74,25.64,5.66,1.01,0.08,1.09,0.08,0.08,0.65,0.05,0.07,0.2,1.56,0.18,0.1,0.0
1959-07-31,0.63,0.71,0.03,3.96,0.87,0.0,0.0,0.68,0.05,0.05,0.02,0.04,0.05,0.13,1.16,0.14,0.07,0.0
1959-08-31,0.48,0.58,0.01,1.85,0.41,0.0,0.0,0.57,0.04,0.04,-0.0,0.04,0.01,0.03,1.0,0.11,0.05,0.0
1959-09-30,0.53,0.92,0.09,3.06,0.67,0.0,0.0,0.35,0.02,0.02,0.0,0.04,0.02,0.04,0.56,0.07,0.02,0.0
1959-10-31,0.44,0.76,0.01,1.76,0.39,0.0,0.0,0.29,0.02,0.02,0.23,0.04,0.01,0.02,0.23,0.05,0.07,0.1
1959-11-30,0.48,0.72,0.01,0.88,0.19,0.0,0.0,0.43,0.03,0.03,0.17,0.04,0.01,0.03,0.64,0.07,0.09,0.12
1959-12-31,0.4,0.98,0.01,1.32,0.29,0.0,0.0,0.74,0.05,0.05,0.35,0.06,0.05,0.15,1.25,0.13,0.21,0.26
1960-01-31,0.85,1.88,0.03,3.15,0.7,0.21,0.02,2.66,0.19,0.19,0.8,0.28,0.27,0.74,5.78,0.59,1.21,1.19
1960-02-29,6.28,7.76,1.24,16.6,3.67,7.63,0.57,23.11,1.62,1.62,3.36,2.27,1.13,3.05,38.62,3.73,8.23,6.21
1960-03-31,4.95,7.32,5.26,29.05,6.41,14.13,1.06,6.53,0.46,0.46,6.57,2.52,2.37,6.39,41.21,4.16,8.88,4.07
1960-04-30,4.36,5.0,10.0,57.63,12.73,13.49,1.01,4.82,0.34,0.34,2.57,1.37,1.33,3.59,21.64,2.45,3.62,1.11
1960-05-31,3.06,3.92,10.88,80.5,17.76,7.33,0.55,3.04,0.21,0.21,0.51,0.5,0.86,2.31,13.11,1.51,0.96,0.11
1960-06-30,0.64,1.46,2.34,29.95,6.61,1.33,0.1,0.21,0.01,0.01,1.32,0.09,0.15,0.4,2.61,0.3,0.18,0.01
1960-07-31,0.32,0.82,0.08,3.06,0.68,0.0,0.0,0.62,0.04,0.04,0.03,0.06,0.02,0.04,1.68,0.18,0.11,0.0
1960-08-31,0.3,0.57,0.01,0.16,0.04,0.0,0.0,0.6,0.04,0.04,0.0,0.05,0.01,0.03,1.0,0.11,0.04,0.0
1960-09-30,0.29,0.49,0.0,1.4,0.31,0.0,0.0,0.54,0.04,0.04,0.08,0.02,0.02,0.05,0.24,0.03,0.01,0.0
1960-10-31,0.3,0.63,0.01,0.0,0.0,0.0,0.0,0.28,0.02,0.02,0.0,0.03,0.0,0.0,0.44,0.05,0.0,0.0
1960-11-30,0.91,1.3,0.14,1.78,0.39,0.0,0.0,0.26,0.02,0.02,0.0,0.11,0.29,0.79,2.12,0.26,0.32,0.04
1960-12-31,1.53,1.44,1.06,3.44,0.76,0.0,0.0,1.58,0.11,0.11,0.48,0.19,0.17,0.45,3.1,0.35,0.66,0.72
1961-01-31,0.93,0.97,0.62,3.12,0.69,0.51,0.04,0.98,0.07,0.07,0.64,0.12,0.06,0.16,1.97,0.22,0.44,0.64
1961-02-28,1.01,1.56,2.02,8.04,1.78,2.97,0.22,2.07,0.14,0.14,1.51,0.26,0.29,0.78,5.58,0.56,1.13,1.92
1961-03-31,1.35,2.58,2.37,12.25,2.7,4.17,0.31,4.88,0.34,0.34,3.18,0.6,0.55,1.48,9.94,1.08,2.5,1.81
1961-04-30,1.93,2.61,7.87,41.75,9.22,7.03,0.53,2.51,0.18,0.18,1.85,0.51,0.5,1.36,9.07,1.02,1.11,0.34
1961-05-31,1.62,1.94,8.82,78.33,17.29,0.6,0.04,1.75,0.12,0.12,0.0,0.43,0.57,1.53,7.27,1.02,0.5,0.09
1961-06-30,0.62,0.89,2.16,26.63,5.88,0.0,0.0,0.6,0.04,0.04,0.0,0.08,0.2,0.55,2.03,0.3,0.06,0.0
1961-07-31,0.17,0.43,0.05,2.5,0.55,0.0,0.0,0.66,0.05,0.05,0.0,0.04,0.1,0.28,1.22,0.18,0.0,0.0
1961-08-31,0.15,0.3,0.01,0.0,0.0,0.0,0.0,0.64,0.04,0.04,0.0,0.02,0.01,0.01,0.51,0.07,0.0,0.0
1961-09-30,0.19,0.37,0.01,1.35,0.3,0.0,0.0,0.4,0.03,0.03,0.0,0.02,0.0,0.0,0.19,0.03,0.0,0.0
1961-10-31,0.21,0.43,0.01,0.79,0.17,0.06,0.0,0.3,0.02,0.02,0.19,0.02,0.05,0.12,0.22,0.03,0.0,0.0
1961-11-30,0.34,0.7,0.05,1.41,0.31,0.03,0.0,0.12,0.01,0.01,0.39,0.05,0.07,0.2,0.66,0.08,0.0,0.0
1961-12-31,0.7,1.25,0.9,4.38,0.97,0.01,0.0,1.41,0.1,0.1,2.12,0.11,0.13,0.36,2.24,0.23,0.29,0.0
1962-01-31,0.55,1.03,0.75,3.2,0.71,1.18,0.09,1.92,0.13,0.13,1.13,0.11,0.13,0.36,2.23,0.22,0.64,0.22
1962-02-28,9.4,12.76,1.61,19.19,4.24,11.68,0.87,71.63,5.01,5.01,5.49,3.91,1.22,3.3,66.89,6.34,19.14,17.44
1962-03-31,6.54,8.71,2.07,13.62,3.0,9.58,0.72,31.57,2.21,2.21,5.01,2.45,1.09,2.93,40.9,3.94,11.54,4.47
1962-04-30,10.59,12.75,13.88,72.59,16.03,35.86,2.68,6.31,0.44,0.44,14.16,3.08,2.34,6.32,48.72,5.09,1.83,0.43
1962-05-31,5.25,5.05,13.97,92.11,20.33,21.91,1.64,2.73,0.19,0.19,5.99,0.8,1.32,3.56,21.02,2.32,0.8,0.1
1962-06-30,2.19,1.93,9.87,83.8,18.49,16.13,1.21,0.0,0.0,0.0,6.72,0.27,0.5,1.36,8.14,0.9,0.18,0.0
1962-07-31,0.73,0.92,0.52,11.74,2.59,0.3,0.02,0.62,0.04,0.04,1.86,0.07,0.08,0.22,1.63,0.18,0.0,0.0
1962-08-31,0.66,0.63,0.01,2.1,0.46,0.0,0.0,0.53,0.04,0.04,0.34,0.04,0.03,0.08,0.5,0.06,0.0,0.0
1962-09-30,0.19,0.43,0.01,0.67,0.15,0.0,0.0,0.27,0.02,0.02,0.18,0.03,0.0,0.0,0.32,0.04,0.0,0.0
1962-10-31,1.62,1.68,0.82,9.05,2.0,0.67,0.05,1.51,0.11,0.11,3.94,0.92,0.33,0.88,20.15,1.73,3.21,8.16
1962-11-30,0.75,0.89,0.11,3.3,0.73,1.26,0.09,0.93,0.07,0.07,1.17,0.12,0.08,0.2,2.48,0.24,0.54,0.21
1962-12-31,1.38,1.37,1.72,6.3,1.39,3.57,0.27,3.14,0.22,0.22,2.68,0.57,0.35,0.94,10.65,0.97,2.82,1.44
1963-01-31,3.08,5.39,4.22,12.19,2.69,10.83,0.81,18.33,1.28,1.28,4.71,1.0,0.68,1.84,15.97,1.46,6.14,4.55
1963-02-28,10.85,12.41,10.09,57.33,12.66,42.13,3.15,39.95,2.8,2.8,21.01,6.72,3.17,8.57,105.98,10.22,21.42,7.16
1963-03-31,5.16,6.42,2.24,15.52,3.43,9.73,0.73,25.32,1.77,1.77,3.83,2.27,0.57,1.54,32.67,3.45,11.61,6.64
1963-04-30,16.91,20.12,4.85,47.32,10.45,18.35,1.37,65.46,4.58,4.58,6.03,6.74,3.56,9.6,108.24,10.75,23.29,13.52
1963-05-31,14.58,14.82,21.64,133.36,29.43,38.89,2.91,14.7,1.03,1.03,12.75,2.87,3.22,8.7,68.46,6.74,6.44,1.11
1963-06-30,4.22,4.33,9.69,79.3,17.5,19.94,1.49,4.42,0.31,0.31,9.61,0.52,0.81,2.19,16.24,1.71,1.84,0.12
1963-07-31,2.05,2.2,0.57,15.52,3.42,0.92,0.07,1.29,0.09,0.09,3.14,0.17,0.11,0.3,4.43,0.43,0.56,0.0
1963-08-31,1.21,1.4,0.03,0.78,0.17,0.0,0.0,0.31,0.02,0.02,0.16,0.11,0.23,0.63,1.86,0.2,0.15,0.0
1963-09-30,0.83,1.1,0.02,1.68,0.37,0.0,0.0,0.17,0.01,0.01,0.59,0.07,0.02,0.05,0.94,0.1,0.09,0.0
1963-10-31,1.15,1.24,0.27,2.71,0.6,0.0,0.0,1.22,0.09,0.09,0.5,0.11,0.11,0.29,1.8,0.19,0.31,0.0
1963-11-30,2.57,3.17,3.38,16.75,3.7,6.55,0.49,10.19,0.71,0.71,4.17,0.74,0.53,1.44,12.95,1.32,2.73,3.86
1963-12-31,1.99,2.02,1.47,6.6,1.46,4.07,0.3,2.57,0.18,0.18,1.71,0.43,0.22,0.59,6.89,0.69,1.42,0.57
1964-01-31,2.76,3.17,1.07,5.07,1.12,2.69,0.2,18.81,1.32,1.32,1.62,1.34,0.23,0.62,24.03,2.24,8.5,7.69
1964-02-29,2.54,2.92,1.34,5.62,1.24,3.04,0.23,5.65,0.4,0.4,1.84,0.76,0.48,1.3,11.08,1.12,2.76,0.62
1964-03-31,2.71,3.54,2.47,10.02,2.21,4.69,0.35,7.24,0.51,0.51,1.64,0.73,0.68,1.84,13.48,1.33,2.8,0.57
1964-04-30,4.72,5.94,7.08,40.23,8.89,11.73,0.88,6.34,0.44,0.44,2.77,1.3,0.99,2.66,20.65,2.17,2.41,0.36
1964-05-31,4.46,4.94,10.32,91.18,20.12,10.3,0.77,3.88,0.27,0.27,0.83,1.07,1.32,3.56,20.44,2.34,1.41,0.16
1964-06-30,2.21,2.47,4.43,43.4,9.58,2.98,0.22,1.65,0.12,0.12,1.71,0.23,0.51,1.37,6.33,0.74,0.54,0.01
1964-07-31,0.87,1.14,0.23,4.06,0.9,0.0,0.0,0.0,0.0,0.0,0.09,0.07,0.29,0.77,1.88,0.24,0.03,0.0
1964-08-31,0.53,0.66,0.02,0.57,0.12,0.0,0.0,0.07,0.0,0.0,0.01,0.06,0.09,0.23,1.18,0.14,0.0,0.0
1964-09-30,0.49,0.58,0.01,0.77,0.17,0.0,0.0,0.05,0.0,0.0,0.09,0.03,0.02,0.06,0.4,0.05,0.0,0.0
1964-10-31,0.51,0.76,0.01,1.77,0.39,0.28,0.02,0.1,0.01,0.01,0.52,0.05,0.09,0.24,0.0,0.07,0.0,0.0
1964-11-30,2.47,2.65,1.32,4.65,1.03,0.4,0.03,5.37,0.38,0.38,2.66,0.33,0.34,0.93,0.13,0.57,1.24,1.27
1964-12-31,20.04,26.96,22.21,88.1,19.44,70.97,5.3,98.4,6.89,6.89,40.75,11.22,7.04,19.01,200.58,17.85,44.43,24.83
1965-01-31,21.31,27.18,3.6,46.29,10.23,28.24,2.11,80.27,5.62,5.62,11.94,9.11,4.24,11.45,155.99,14.14,40.82,17.39
1965-02-28,9.52,10.46,2.94,24.45,5.4,11.15,0.83,13.43,0.94,0.94,3.73,2.88,1.79,4.82,44.45,4.33,6.35,1.9
1965-03-31,7.37,7.85,4.19,19.86,4.38,9.69,0.72,12.98,0.91,0.91,3.23,2.12,1.17,3.15,31.27,3.17,4.83,2.19
1965-04-30,13.35,17.52,10.92,65.46,14.45,26.1,1.95,48.84,3.42,3.42,9.08,3.92,3.14,8.48,81.39,8.04,17.71,7.81
1965-05-31,8.27,8.02,17.34,102.35,22.59,32.83,2.45,8.51,0.6,0.6,12.02,1.33,1.98,5.35,26.26,3.85,4.42,0.58
1965-06-30,3.93,3.74,13.11,86.45,19.07,28.28,2.11,3.83,0.27,0.27,12.32,0.52,0.99,2.68,12.82,1.66,1.63,0.12
1965-07-31,1.88,2.19,2.47,25.41,5.61,5.16,0.39,2.42,0.17,0.17,4.8,0.17,0.29,0.78,2.88,0.43,0.55,0.0
1965-08-31,1.92,1.65,1.19,11.17,2.46,1.3,0.1,1.65,0.12,0.12,2.64,0.13,0.16,0.44,1.32,0.22,0.3,0.0
1965-09-30,1.12,1.21,0.08,4.84,1.07,0.0,0.0,0.3,0.02,0.02,1.65,0.09,0.05,0.12,0.76,0.12,0.15,0.0
1965-10-31,1.7,1.13,0.02,3.93,0.87,0.0,0.0,1.04,0.07,0.07,0.89,0.09,0.07,0.19,1.34,0.14,0.18,0.0
1965-11-30,3.06,3.62,1.3,11.68,2.58,3.36,0.25,8.23,0.58,0.58,3.03,0.4,0.27,0.74,8.31,0.82,1.94,0.49
1965-12-31,3.25,3.15,1.13,6.54,1.44,4.35,0.33,15.03,1.05,1.05,1.54,1.0,0.32,0.86,17.43,1.56,5.67,5.81
1966-01-31,2.96,3.38,0.77,7.42,1.64,4.41,0.33,14.81,1.04,1.04,1.94,2.94,0.0,0.0,16.51,4.6,6.9,5.21
1966-02-28,2.95,3.39,0.66,6.92,1.52,3.58,0.27,16.13,1.13,1.13,2.19,1.22,0.44,1.18,22.23,2.12,7.84,3.96
1966-03-31,4.54,5.27,4.13,29.78,6.58,14.14,1.06,6.94,0.49,0.49,5.57,1.74,1.48,3.99,28.05,2.87,3.07,1.01
1966-04-30,5.62,4.99,11.97,79.96,17.65,15.27,1.14,3.91,0.27,0.27,2.87,1.57,1.72,4.65,28.64,3.17,1.65,0.41
1966-05-31,2.07,2.16,9.65,83.26,18.37,9.62,0.72,1.8,0.13,0.13,2.52,0.35,0.61,1.64,9.41,1.05,0.71,0.04
1966-06-30,0.89,1.27,0.68,9.95,2.19,0.0,0.0,0.75,0.05,0.05,0.76,0.09,0.21,0.56,2.56,0.29,0.15,0.0
1966-07-31,0.44,0.72,0.03,2.01,0.44,0.0,0.0,0.69,0.05,0.05,0.09,0.08,0.11,0.29,2.49,0.27,0.0,0.0
1966-08-31,0.33,0.48,0.0,0.58,0.13,0.0,0.0,1.07,0.07,0.07,0.0,0.09,0.07,0.2,2.24,0.24,0.0,0.0
1966-09-30,0.71,0.45,0.0,1.49,0.33,0.0,0.0,0.69,0.05,0.05,0.16,0.05,0.0,0.0,0.68,0.08,0.0,0.0
1966-10-31,0.83,0.5,0.0,0.67,0.15,0.1,0.01,0.0,0.0,0.0,0.19,0.03,-0.0,0.0,0.0,0.04,0.0,0.0
1966-11-30,1.1,1.71,1.23,7.59,1.67,0.68,0.05,2.95,0.21,0.21,3.9,0.25,0.27,0.74,3.89,0.4,0.41,1.17
1966-12-31,6.16,8.53,3.35,24.11,5.32,14.13,1.06,27.93,1.96,1.96,9.79,1.77,1.18,3.19,34.42,3.31,7.05,22.97
1967-01-31,5.59,8.57,1.62,13.57,3.0,12.35,0.92,58.38,4.09,4.09,5.27,4.47,1.2,3.25,72.64,6.82,26.96,16.08
1967-02-28,6.26,7.67,2.34,15.26,3.37,13.02,0.97,17.1,1.2,1.2,7.21,2.53,1.44,3.89,46.83,4.3,8.64,1.75
1967-03-31,13.49,15.86,6.96,33.39,7.37,26.41,1.97,47.83,3.35,3.35,14.88,5.99,2.75,7.44,87.23,8.33,20.05,2.02
1967-04-30,14.76,16.67,2.48,30.98,6.85,20.94,1.56,107.27,7.51,7.51,8.47,6.3,2.01,5.43,110.15,10.31,44.15,7.22
1967-05-31,22.28,25.51,19.18,124.46,27.47,53.04,3.96,25.62,1.79,1.79,18.97,5.87,6.23,16.83,101.01,10.61,9.71,0.54
1967-06-30,8.88,9.0,23.95,149.02,32.89,47.0,3.51,7.66,0.54,0.54,18.21,1.56,2.55,6.9,43.66,4.56,3.18,0.11
1967-07-31,3.48,3.05,7.71,66.89,14.76,16.33,1.22,2.14,0.15,0.15,11.24,0.39,0.63,1.7,11.22,1.17,0.71,0.0
1967-08-31,1.71,1.7,0.11,5.31,1.17,0.0,0.0,1.46,0.1,0.1,1.73,0.13,0.1,0.27,2.72,0.28,0.17,0.0
1967-09-30,1.17,1.33,0.03,0.06,0.01,0.0,0.0,0.05,0.0,0.0,0.05,0.15,0.22,0.59,1.79,0.22,0.13,0.0
1967-10-31,1.24,1.64,0.06,1.24,0.27,0.0,0.0,1.21,0.08,0.08,0.16,0.13,0.11,0.28,2.67,0.24,0.28,0.0
1967-11-30,0.89,1.46,0.05,1.59,0.35,0.0,0.0,1.87,0.13,0.13,0.29,0.15,0.14,0.37,3.35,0.31,1.1,0.0
1967-12-31,1.34,2.08,0.47,3.67,0.81,0.08,0.01,3.51,0.25,0.25,1.1,0.39,0.27,0.72,6.59,0.71,2.76,0.53
1968-01-31,1.8,2.46,0.89,5.73,1.26,1.83,0.14,8.41,0.59,0.59,1.3,0.96,0.29,0.79,14.9,1.51,6.0,3.09
1968-02-29,4.74,6.14,5.35,25.23,5.57,13.85,1.04,1.19,0.08,0.08,6.63,2.78,1.56,4.22,49.76,4.44,11.8,5.52
1968-03-31,5.36,5.61,3.89,25.48,5.63,9.69,0.72,16.01,1.12,1.12,2.98,2.14,1.36,3.68,38.36,3.62,8.93,3.17
1968-04-30,3.9,4.3,7.79,50.2,11.08,8.71,0.65,4.78,0.33,0.33,0.75,1.13,1.07,2.89,21.79,2.25,2.8,0.59
1968-05-31,1.88,2.23,7.99,78.27,17.27,6.39,0.48,2.3,0.16,0.16,0.24,0.4,0.72,1.96,5.69,1.17,1.3,0.19
1968-06-30,0.77,1.12,1.1,25.17,5.55,0.83,0.06,1.29,0.09,0.09,1.02,0.1,0.12,0.34,0.32,0.34,0.32,0.0
1968-07-31,0.51,0.59,0.04,2.51,0.55,0.0,0.0,0.64,0.04,0.04,0.06,0.08,0.3,0.81,2.19,0.28,0.01,0.0
1968-08-31,0.34,0.54,0.02,2.22,0.49,0.0,0.0,0.32,0.02,0.02,0.0,0.07,0.03,0.07,1.99,0.19,0.0,0.0
1968-09-30,0.31,0.45,0.01,1.18,0.26,0.0,0.0,0.0,0.0,0.0,0.07,0.05,0.13,0.35,0.52,0.08,0.0,0.0
1968-10-31,0.47,0.68,0.03,2.52,0.55,0.44,0.03,0.12,0.01,0.01,0.77,0.05,0.05,0.14,0.67,0.07,0.06,0.0
1968-11-30,1.42,1.66,2.98,14.17,3.13,3.77,0.28,3.04,0.21,0.21,7.61,0.32,0.32,0.86,5.19,0.53,0.99,0.39
1968-12-31,2.1,3.07,1.23,6.9,1.52,4.12,0.31,15.58,1.09,1.09,3.29,0.7,0.54,1.45,14.14,1.36,5.2,3.47
1969-01-31,27.48,40.67,4.89,46.53,10.27,39.5,2.95,153.58,10.75,10.75,19.7,12.17,5.78,15.61,199.9,18.79,54.09,34.31
1969-02-28,13.42,18.92,1.59,21.23,4.68,16.57,1.24,107.18,7.5,7.5,10.68,6.54,2.2,5.94,108.26,10.14,45.21,18.95
1969-03-31,11.54,15.13,2.94,24.69,5.46,17.92,1.34,51.14,3.58,3.58,8.15,4.34,2.47,6.67,71.87,6.88,20.85,7.81
1969-04-30,22.17,25.31,10.9,69.8,15.42,41.64,3.11,33.83,2.37,2.37,16.77,5.72,5.04,13.6,90.32,9.41,13.19,4.2
1969-05-31,14.3,15.44,31.28,182.54,40.29,70.61,5.28,9.77,0.68,0.68,25.42,2.36,4.16,11.23,63.08,6.62,3.7,0.76
1969-06-30,4.96,4.54,16.95,123.23,27.19,41.55,3.11,4.24,0.3,0.3,17.78,0.66,1.17,3.16,20.47,2.13,1.62,0.12
1969-07-31,3.06,2.32,2.45,34.99,7.72,5.59,0.42,2.0,0.14,0.14,7.68,0.21,0.36,0.97,4.98,0.52,0.48,0.0
1969-08-31,2.51,1.26,0.04,3.92,0.86,0.0,0.0,0.81,0.06,0.06,1.32,0.12,0.2,0.53,1.7,0.2,0.09,0.0
1969-09-30,1.85,1.04,0.01,1.11,0.24,0.0,0.0,0.89,0.06,0.06,0.52,0.09,0.06,0.16,1.09,0.13,0.08,0.0
1969-10-31,1.88,1.49,0.66,4.78,1.05,0.3,0.02,1.37,0.1,0.1,2.01,0.17,0.11,0.3,2.93,0.27,0.43,0.0
1969-11-30,1.7,1.65,0.7,4.41,0.97,0.52,0.04,3.57,0.25,0.25,2.19,0.23,0.31,0.83,4.47,0.45,1.08,0.1
1969-12-31,2.96,4.03,4.92,22.16,4.89,15.48,1.16,14.02,0.98,0.98,8.52,1.38,0.86,2.33,25.58,2.47,6.45,4.97
1970-01-31,24.02,28.41,13.47,72.61,16.03,53.78,4.02,94.21,6.59,6.59,25.75,11.07,7.1,19.18,178.78,17.07,36.39,24.8
1970-02-28,8.99,10.09,3.09,32.95,7.27,13.11,0.98,24.36,1.71,1.71,4.71,3.29,1.95,5.25,54.29,5.26,11.52,4.1
1970-03-31,9.2,11.53,4.48,31.89,7.04,13.24,0.99,42.91,3.0,3.0,4.05,3.63,1.9,5.14,60.85,6.26,19.39,4.64
1970-04-30,5.3,5.37,5.47,37.74,8.33,11.78,0.88,9.01,0.63,0.63,3.87,0.81,1.06,2.87,21.44,2.25,4.19,0.68
1970-05-31,4.35,3.82,16.0,104.97,23.17,28.72,2.15,5.06,0.35,0.35,10.11,0.7,1.16,3.12,19.81,2.09,2.04,0.16
1970-06-30,2.25,2.29,8.03,70.08,15.46,16.93,1.27,3.19,0.22,0.22,9.17,0.25,0.49,1.31,7.8,0.83,0.93,0.0
1970-07-31,2.1,1.27,0.4,11.38,2.51,0.19,0.01,1.9,0.13,0.13,2.87,0.11,0.05,0.13,3.11,0.31,0.27,0.0
1970-08-31,0.97,0.81,0.03,0.26,0.06,0.0,0.0,0.86,0.06,0.06,1.67,0.11,0.0,0.0,2.59,0.26,0.05,0.0
1970-09-30,0.6,0.63,0.01,0.82,0.18,0.0,0.0,0.66,0.05,0.05,0.0,0.13,0.0,0.0,1.69,0.19,0.04,0.0
1970-10-31,0.61,0.77,0.01,1.61,0.35,0.17,0.01,0.56,0.04,0.04,0.4,0.09,0.03,0.09,1.09,0.13,0.22,0.0
1970-11-30,1.51,2.61,2.67,12.46,2.75,3.19,0.24,12.13,0.85,0.85,5.6,0.77,0.39,1.04,17.17,1.51,3.18,5.69
1970-12-31,4.77,7.27,2.02,16.4,3.62,11.46,0.86,50.04,3.5,3.5,5.29,3.59,0.77,2.07,64.88,5.76,16.66,16.59
1971-01-31,5.02,6.49,4.81,17.3,3.82,14.49,1.08,23.17,1.62,1.62,7.63,2.53,0.98,2.65,29.46,3.65,10.79,5.71
1971-02-28,4.77,5.18,2.7,16.98,3.75,11.61,0.87,7.53,0.53,0.53,6.69,1.7,1.21,3.26,24.63,2.6,5.86,1.11
1971-03-31,9.17,9.84,3.4,23.14,5.12,14.53,1.09,19.2,1.34,1.34,5.5,3.02,2.59,7.0,47.89,5.05,10.86,3.95
1971-04-30,8.34,8.75,7.12,47.3,10.44,19.85,1.48,8.65,0.61,0.61,6.81,2.87,2.16,5.82,46.15,4.42,7.18,1.06
1971-05-31,5.85,5.61,14.49,90.21,19.91,25.9,1.94,4.52,0.32,0.32,8.12,1.25,1.93,5.21,36.87,3.5,2.63,0.38
1971-06-30,2.68,2.49,13.53,104.93,23.15,25.74,1.92,3.08,0.22,0.22,10.08,0.5,0.9,2.43,17.04,1.6,1.02,0.03
1971-07-31,1.33,1.32,1.32,19.23,4.24,1.65,0.12,2.15,0.15,0.15,3.15,0.16,0.3,0.81,4.39,0.43,0.26,0.0
1971-08-31,0.65,0.82,0.04,3.27,0.72,0.0,0.0,0.91,0.06,0.06,0.62,0.07,0.11,0.3,1.03,0.13,0.0,0.0
1971-09-30,0.77,0.65,0.01,1.22,0.27,0.0,0.0,0.68,0.05,0.05,0.4,0.06,0.07,0.19,0.48,0.08,0.0,0.0
1971-10-31,0.66,0.87,0.02,3.14,0.69,0.0,0.0,0.14,0.01,0.01,0.81,0.09,0.07,0.19,1.37,0.14,0.2,0.0
1971-11-30,0.74,1.33,0.65,5.66,1.25,0.69,0.05,2.14,0.15,0.15,2.04,0.18,0.29,0.77,3.54,0.37,0.99,0.0
1971-12-31,2.92,4.62,1.63,9.26,2.04,4.46,0.33,24.75,1.73,1.73,2.57,1.24,0.61,1.65,20.51,2.03,6.45,4.78
1972-01-31,2.37,2.35,0.85,7.39,1.63,5.19,0.39,7.13,0.5,0.5,1.88,0.72,0.58,1.57,13.09,1.26,3.12,1.01
1972-02-29,4.17,4.38,1.0,10.07,2.22,6.33,0.47,18.53,1.3,1.3,3.14,1.73,1.02,2.76,27.37,2.64,6.85,3.22
1972-03-31,5.82,5.55,8.38,41.6,9.19,22.17,1.66,5.29,0.37,0.37,9.76,2.36,2.21,5.96,40.37,3.98,6.34,0.62
1972-04-30,4.46,4.17,6.77,40.95,9.04,12.19,0.91,5.22,0.37,0.37,2.7,1.81,1.69,4.55,26.84,2.97,4.37,0.69
1972-05-31,2.58,2.17,14.15,97.53,21.53,16.22,1.21,3.06,0.21,0.21,3.97,0.66,1.29,3.48,16.71,1.9,1.12,0.1
1972-06-30,0.74,1.05,3.89,44.67,9.86,5.86,0.44,1.55,0.11,0.11,3.19,0.16,0.37,1.0,4.77,0.54,0.27,0.0
1972-07-31,0.5,0.45,0.15,6.42,1.42,0.0,0.0,0.33,0.02,0.02,0.8,0.08,0.18,0.5,2.52,0.28,0.05,0.0
1972-08-31,0.24,0.32,0.02,1.26,0.28,0.0,0.0,0.28,0.02,0.02,0.09,0.1,0.1,0.26,2.35,0.26,0.01,0.0
1972-09-30,0.29,0.38,0.01,1.64,0.36,0.0,0.0,0.48,0.03,0.03,0.26,0.05,0.06,0.17,0.57,0.08,0.0,0.0
1972-10-31,0.46,0.61,0.09,3.6,0.79,0.15,0.01,0.0,0.0,0.0,1.2,0.1,0.08,0.2,1.38,0.15,0.15,0.0
1972-11-30,0.95,1.37,0.79,5.78,1.28,0.62,0.05,3.05,0.21,0.21,2.65,0.33,0.29,0.78,6.24,0.61,1.21,1.66
1972-12-31,1.98,2.51,4.42,14.05,3.1,9.24,0.69,6.91,0.48,0.48,5.57,0.74,0.58,1.57,14.97,1.45,3.96,2.21
1973-01-31,6.83,10.69,2.49,21.93,4.84,16.87,1.26,71.1,4.98,4.98,8.29,6.58,2.77,7.48,110.42,10.34,28.59,27.94
1973-02-28,9.36,12.45,1.38,17.4,3.83,11.44,0.85,86.6,6.06,6.06,7.28,5.48,0.79,2.12,89.1,8.32,27.05,16.78
1973-03-31,9.59,12.19,1.73,19.52,4.32,11.71,0.88,53.65,3.76,3.76,4.56,4.65,1.85,5.0,74.25,7.28,17.71,9.36
1973-04-30,10.03,12.23,9.34,51.31,11.33,23.67,1.77,16.03,1.12,1.12,8.57,2.42,2.31,6.25,45.23,4.73,7.13,1.7
1973-05-31,8.77,8.04,24.41,150.69,33.26,41.45,3.1,5.6,0.39,0.39,13.99,1.31,2.12,5.73,35.8,3.78,2.49,0.37
1973-06-30,2.52,2.37,6.91,59.5,13.13,12.22,0.91,3.29,0.23,0.23,7.42,0.29,0.58,1.57,8.86,0.94,0.73,0.02
1973-07-31,0.96,0.93,0.47,6.01,1.33,0.0,0.0,3.46,0.24,0.24,1.43,0.11,0.12,0.31,2.69,0.28,0.14,0.0
1973-08-31,0.46,0.48,0.02,0.0,0.0,0.0,0.0,2.08,0.15,0.15,1.86,0.11,0.04,0.12,2.41,0.25,0.0,0.0
1973-09-30,1.13,0.46,0.01,2.14,0.47,0.0,0.0,0.59,0.04,0.04,0.0,0.1,0.05,0.14,1.22,0.14,0.0,0.0
1973-10-31,1.33,1.04,0.16,2.73,0.6,0.35,0.03,1.7,0.12,0.12,0.83,0.17,0.11,0.3,2.36,0.25,0.41,0.0
1973-11-30,2.56,3.86,6.09,32.16,7.1,18.34,1.37,8.21,0.57,0.57,13.73,1.26,1.13,3.06,25.11,2.44,5.51,9.53
1973-12-31,6.97,7.74,4.24,18.61,4.11,16.62,1.24,34.97,2.45,2.45,8.49,3.94,1.84,4.98,62.57,6.0,15.56,13.87
1974-01-31,10.43,12.06,5.79,31.64,6.98,23.67,1.77,37.85,2.65,2.65,13.09,6.17,3.52,9.5,98.75,9.28,23.89,14.07
1974-02-28,4.61,4.63,2.18,12.6,2.79,8.79,0.66,9.42,0.66,0.66,3.49,1.93,1.03,2.77,29.3,2.82,7.53,2.55
1974-03-31,15.4,19.69,4.94,38.92,8.6,20.49,1.53,69.63,4.87,4.87,8.17,6.45,3.69,9.97,110.26,10.53,26.95,12.5
1974-04-30,14.25,16.52,7.72,53.59,11.83,23.3,1.74,41.38,2.9,2.9,7.49,4.71,3.7,9.99,80.77,8.38,17.12,6.03
1974-05-31,6.31,5.55,21.27,129.6,28.6,38.49,2.88,7.14,0.5,0.5,13.65,1.44,2.26,6.1,39.18,4.1,3.67,0.51
1974-06-30,2.35,2.22,10.79,78.38,17.29,22.89,1.71,3.57,0.25,0.25,10.38,0.39,0.77,2.09,12.23,1.29,1.2,0.08
1974-07-31,2.08,1.65,2.05,20.76,4.58,2.67,0.2,3.92,0.27,0.27,3.93,0.26,0.5,1.36,6.71,0.71,0.82,0.19
1974-08-31,1.51,0.78,0.18,1.12,0.25,0.0,0.0,1.06,0.07,0.07,0.34,0.13,0.23,0.62,2.24,0.25,0.16,0.0
1974-09-30,0.64,0.3,0.01,4.75,1.05,0.0,0.0,0.88,0.06,0.06,1.4,0.09,0.07,0.19,1.08,0.13,0.06,0.0
1974-10-31,0.66,0.75,0.01,1.61,0.35,0.16,0.01,0.76,0.05,0.05,0.4,0.13,0.12,0.32,1.72,0.19,0.38,0.0
1974-11-30,0.5,1.12,0.09,2.42,0.53,0.0,0.0,1.61,0.11,0.11,0.99,0.18,0.22,0.6,1.82,0.35,0.88,0.3
1974-12-31,1.23,1.41,0.39,4.09,0.9,0.25,0.02,3.42,0.24,0.24,1.93,0.28,0.31,0.84,1.65,0.55,1.65,0.55
1975-01-31,2.19,2.32,1.05,7.1,1.57,3.07,0.23,6.63,0.46,0.46,2.68,0.55,0.53,1.44,7.05,1.06,3.35,1.75
1975-02-28,5.44,6.55,1.39,11.29,2.49,7.4,0.55,34.01,2.38,2.38,3.53,3.05,1.19,3.22,52.64,4.74,14.46,11.59
1975-03-31,10.9,14.58,2.45,21.58,4.76,16.36,1.22,72.63,5.08,5.08,8.01,5.55,2.83,7.65,88.39,8.4,26.95,8.5
1975-04-30,9.95,11.18,2.31,21.29,4.7,13.84,1.03,23.91,1.67,1.67,7.75,3.5,2.61,7.04,54.48,5.76,13.83,2.74
1975-05-31,13.63,15.21,25.89,110.78,24.46,47.71,3.57,8.92,0.62,0.62,16.07,3.63,3.94,10.65,71.23,6.82,8.19,0.52
1975-06-30,4.59,3.8,22.4,129.33,28.54,32.04,2.39,1.59,0.11,0.11,11.5,0.83,1.49,4.03,26.84,2.5,1.59,0.01
1975-07-31,1.76,1.56,2.1,25.7,5.67,3.32,0.25,1.11,0.08,0.08,3.74,0.18,0.39,1.06,5.52,0.57,0.39,0.0
1975-08-31,1.19,1.0,0.14,4.14,0.91,0.0,0.0,0.65,0.05,0.05,0.84,0.12,0.26,0.71,2.69,0.28,0.13,0.0
1975-09-30,0.63,0.62,0.03,1.94,0.43,0.0,0.0,0.43,0.03,0.03,0.55,0.1,0.09,0.25,1.32,0.14,0.05,0.0
1975-10-31,1.08,1.33,2.21,12.64,2.79,0.63,0.05,1.08,0.08,0.08,2.16,0.19,0.29,0.78,4.64,0.42,0.39,0.39
1975-11-30,1.06,1.26,2.44,11.36,2.5,1.98,0.15,1.71,0.12,0.12,3.61,0.27,0.13,0.35,4.52,0.5,0.56,0.4
1975-12-31,1.05,1.11,1.14,6.43,1.42,0.84,0.06,1.4,0.1,0.1,1.55,0.26,0.4,1.07,5.38,0.55,0.6,0.33
1976-01-31,0.95,1.0,0.74,5.28,1.17,0.61,0.05,1.52,0.11,0.11,0.71,0.22,0.07,0.19,3.72,0.38,0.53,0.3
1976-02-29,1.09,1.39,1.04,6.89,1.52,0.8,0.06,2.74,0.19,0.19,0.94,0.34,0.44,1.18,5.43,0.61,0.88,0.53
1976-03-31,1.75,1.83,2.77,17.8,3.93,0.5,0.04,3.62,0.25,0.25,0.0,0.46,0.55,1.49,8.71,0.94,1.06,0.74
1976-04-30,1.46,1.54,4.37,32.65,7.21,0.0,0.0,2.46,0.17,0.17,0.0,0.45,0.51,1.38,6.53,0.9,0.59,0.4
1976-05-31,0.82,0.71,5.63,59.18,13.06,0.0,0.0,1.26,0.09,0.09,0.0,0.18,0.49,1.32,4.07,0.61,0.21,0.01
1976-06-30,0.39,0.34,0.33,6.44,1.42,0.0,0.0,0.47,0.03,0.03,0.0,0.04,0.23,0.61,0.92,0.16,0.03,0.0
1976-07-31,0.18,0.18,0.02,1.24,0.27,0.0,0.0,0.47,0.03,0.03,0.0,0.01,0.06,0.15,0.12,0.03,0.0,0.0
1976-08-31,0.3,0.32,0.2,3.6,0.79,0.0,0.0,0.77,0.05,0.05,0.0,0.02,0.09,0.24,0.54,0.08,0.0,0.0
1976-09-30,0.23,0.23,0.12,1.86,0.41,0.0,0.0,0.03,0.0,0.0,0.0,0.02,0.0,0.0,0.4,0.06,0.0,0.0
1976-10-31,0.69,0.26,0.02,1.81,0.4,-0.0,0.0,0.0,0.0,0.0,0.0,0.01,0.16,0.44,0.15,0.1,0.0,0.0
1976-11-30,0.23,0.41,0.07,1.78,0.39,-0.0,0.0,0.11,0.01,0.01,0.0,0.02,0.05,0.13,0.23,0.1,0.0,0.0
1976-12-31,0.2,0.38,0.02,1.47,0.32,-0.0,0.0,0.13,0.01,0.01,0.0,0.02,0.04,0.11,0.5,0.09,0.0,0.0
1977-01-31,0.29,0.56,0.22,2.83,0.62,-0.0,0.0,0.85,0.06,0.06,0.0,0.03,0.15,0.41,1.75,0.2,0.0,0.14
1977-02-28,0.34,0.58,0.44,4.18,0.92,0.0,0.0,1.12,0.08,0.08,0.0,0.05,0.16,0.44,1.43,0.22,0.0,0.2
1977-03-31,0.56,0.69,0.8,5.62,1.24,0.0,0.0,1.17,0.08,0.08,0.0,0.05,0.19,0.52,1.53,0.26,0.0,0.16
1977-04-30,0.38,0.45,3.86,30.28,6.69,-0.0,0.0,1.0,0.07,0.07,0.0,0.04,0.18,0.48,0.0,0.21,0.0,0.02
1977-05-31,0.59,0.67,4.8,46.28,10.22,-0.0,0.0,1.01,0.07,0.07,0.0,0.04,0.26,0.7,1.42,0.31,0.0,0.01
1977-06-30,0.15,0.29,1.74,28.61,6.31,-0.0,0.0,0.3,0.02,0.02,0.0,0.01,0.05,0.13,0.26,0.07,0.0,0.0
1977-07-31,0.13,0.09,0.05,0.32,0.07,-0.0,0.0,0.97,0.07,0.07,0.0,0.0,0.0,0.0,0.0,0.0,-0.0,0.0
1977-08-31,0.12,0.03,0.01,0.76,0.17,-0.0,0.0,0.64,0.04,0.04,0.0,0.0,0.0,0.0,0.0,0.0,0.0,0.0
1977-09-30,0.11,0.04,0.01,0.52,0.11,-0.0,0.0,0.01,0.0,0.0,0.0,0.0,0.0,0.0,0.0,0.0,0.0,0.0
1977-10-31,0.1,0.14,0.01,0.47,0.1,0.07,0.01,0.0,0.0,0.0,0.12,0.03,0.14,0.37,0.0,0.04,0.03,0.08
1977-11-30,0.25,0.32,0.05,1.74,0.38,0.23,0.02,0.08,0.01,0.01,0.48,0.07,0.1,0.27,0.85,0.1,0.08,0.21
1977-12-31,1.28,2.48,1.89,11.7,2.58,2.65,0.2,4.06,0.28,0.28,5.55,0.68,0.84,2.27,13.02,1.3,2.71,3.07
1978-01-31,10.15,13.43,1.2,22.64,5.0,15.25,1.14,59.52,4.17,4.17,7.71,5.42,2.69,7.26,92.35,8.75,22.57,18.07
1978-02-28,7.86,10.57,1.17,15.25,3.37,12.24,0.91,46.69,3.27,3.27,5.91,3.55,1.38,3.72,54.03,5.07,14.38,8.5
1978-03-31,15.02,19.61,5.71,34.83,7.68,25.38,1.9,54.2,3.79,3.79,14.07,5.3,3.3,8.9,90.63,8.62,22.66,10.05
1978-04-30,16.71,19.84,7.22,51.05,11.28,28.07,2.1,50.78,3.55,3.55,10.92,5.58,3.49,9.44,86.95,8.89,18.74,5.69
1978-05-31,8.6,9.4,23.31,113.36,25.02,40.64,3.04,12.81,0.9,0.9,13.37,1.63,2.44,6.58,43.31,4.55,3.82,0.44
1978-06-30,3.25,2.74,19.84,113.99,25.15,33.08,2.47,3.31,0.23,0.23,12.91,0.54,0.79,2.14,16.9,1.76,0.96,0.05
1978-07-31,1.09,1.25,3.05,29.3,6.46,5.37,0.4,1.07,0.07,0.07,4.78,0.16,0.08,0.22,4.16,0.42,0.2,0.01
1978-08-31,0.76,0.68,0.09,2.75,0.61,0.31,0.02,0.29,0.02,0.02,0.48,0.05,0.11,0.29,0.91,0.1,0.0,0.0
1978-09-30,0.86,0.8,0.83,7.23,1.59,0.0,0.0,1.33,0.09,0.09,2.21,0.13,0.09,0.24,1.68,0.2,0.07,0.0
1978-10-31,0.59,0.6,0.02,1.39,0.31,0.1,0.01,0.0,0.0,0.0,0.32,0.07,0.0,0.0,1.2,0.11,0.14,0.22
1978-11-30,0.83,0.76,0.1,2.56,0.56,0.0,0.0,0.89,0.06,0.06,0.96,0.11,0.06,0.16,2.33,0.21,0.42,0.46
1978-12-31,0.84,1.16,0.48,4.09,0.9,0.28,0.02,2.57,0.18,0.18,1.74,0.17,0.14,0.38,2.78,0.34,0.77,0.8
1979-01-31,3.77,4.78,3.49,14.93,3.3,8.89,0.66,28.79,2.02,2.02,5.02,1.51,0.56,1.51,23.11,2.51,6.88,5.73
1979-02-28,4.69,6.86,1.02,11.53,2.55,8.68,0.65,61.32,4.29,4.29,3.41,2.77,0.6,1.61,50.98,4.61,14.35,8.33
1979-03-31,11.26,14.69,3.59,27.07,5.97,17.22,1.29,62.04,4.34,4.34,9.78,4.65,2.15,5.82,75.7,7.1,19.28,9.14
1979-04-30,10.48,12.35,7.72,48.49,10.71,22.77,1.7,17.66,1.24,1.24,7.9,3.17,2.12,5.74,45.89,4.96,8.82,3.57
1979-05-31,10.47,10.52,20.17,140.53,31.02,34.41,2.57,7.91,0.55,0.55,10.05,2.12,2.75,7.42,50.35,4.98,4.17,1.22
1979-06-30,2.51,2.59,5.58,56.08,12.37,10.15,0.76,2.64,0.18,0.18,5.51,0.32,0.56,1.51,9.58,1.06,0.6,0.03
1979-07-31,1.19,1.25,0.27,7.6,1.68,0.0,0.0,1.68,0.12,0.12,1.43,0.11,0.2,0.53,2.9,0.3,0.14,0.01
1979-08-31,0.77,0.57,0.02,2.0,0.44,0.0,0.0,0.0,0.0,0.0,0.41,0.06,0.12,0.33,1.16,0.12,0.0,0.0
1979-09-30,0.44,0.39,0.0,0.34,0.08,0.0,0.0,0.12,0.01,0.01,0.1,0.06,0.09,0.25,0.58,0.09,0.0,0.0
1979-10-31,0.62,0.66,0.97,4.42,0.97,0.45,0.03,0.41,0.03,0.03,1.97,0.17,0.19,0.52,2.26,0.24,0.27,0.52
1979-11-30,0.99,1.25,1.74,6.71,1.48,1.17,0.09,2.5,0.18,0.18,3.71,0.25,0.27,0.74,4.95,0.48,0.97,1.12
1979-12-31,1.98,2.06,1.62,5.54,1.22,3.41,0.25,7.55,0.53,0.53,2.73,0.48,0.37,1.0,10.15,0.94,2.5,2.3
1980-01-31,22.23,28.63,14.69,69.33,15.3,57.84,4.32,86.99,6.09,6.09,31.04,10.14,5.9,15.93,174.23,15.7,43.58,30.95
1980-02-29,23.05,30.37,4.01,45.7,10.1,29.08,2.17,76.63,5.36,5.36,12.21,8.7,4.04,10.9,151.22,13.69,37.06,15.56
1980-03-31,13.63,16.95,2.64,34.53,7.62,14.84,1.11,33.8,2.37,2.37,5.02,4.72,2.06,5.57,73.2,7.35,16.79,4.58
1980-04-30,8.53,9.37,10.16,57.69,12.73,25.2,1.88,12.36,0.87,0.87,8.47,1.34,1.77,4.78,30.76,3.71,4.1,0.37
1980-05-31,6.94,5.61,15.4,104.56,23.08,32.09,2.4,5.1,0.36,0.36,11.63,1.01,1.61,4.35,16.79,2.92,2.47,0.24
1980-06-30,3.21,2.68,12.68,93.91,20.72,29.37,2.19,3.46,0.24,0.24,12.4,0.44,0.83,2.23,12.94,1.45,1.15,0.05
1980-07-31,1.44,1.54,3.33,39.81,8.78,7.36,0.55,3.26,0.23,0.23,7.46,0.23,0.4,1.09,5.72,0.59,0.59,0.01
1980-08-31,0.59,0.77,0.07,3.93,0.87,0.0,0.0,1.52,0.11,0.11,1.18,0.11,0.15,0.41,1.83,0.21,0.21,0.0
1980-09-30,0.41,0.59,0.02,0.99,0.22,0.0,0.0,1.49,0.1,0.1,0.42,0.1,0.13,0.34,1.15,0.15,0.15,0.0
1980-10-31,0.56,0.7,0.01,0.44,0.1,0.0,0.0,0.12,0.01,0.01,0.04,0.09,0.13,0.34,1.48,0.17,0.22,0.3
1980-11-30,0.59,0.7,0.02,1.74,0.38,0.0,0.0,0.64,0.04,0.04,0.2,0.11,0.16,0.44,2.1,0.22,0.39,0.44
1980-12-31,0.89,1.11,0.22,2.88,0.64,0.0,0.0,1.99,0.14,0.14,0.68,0.19,0.24,0.66,3.78,0.39,0.78,0.76
1981-01-31,2.02,2.57,0.41,6.0,1.33,1.42,0.11,18.55,1.3,1.3,1.33,0.81,0.37,1.0,13.07,1.31,2.61,2.24
1981-02-28,2.08,2.37,1.73,10.26,2.26,5.22,0.39,6.42,0.45,0.45,2.18,0.56,0.51,1.38,10.76,1.03,2.08,1.55
1981-03-31,4.51,6.12,1.86,15.88,3.5,6.95,0.52,24.48,1.71,1.71,4.57,2.47,1.28,3.45,41.48,4.09,8.14,4.18
1981-04-30,3.89,4.46,9.56,60.29,13.32,14.47,1.08,7.04,0.49,0.49,3.6,1.21,1.27,3.43,19.2,2.23,2.97,0.94
1981-05-31,2.23,1.84,9.01,87.63,19.34,5.75,0.43,1.71,0.12,0.12,0.0,0.39,0.86,2.33,10.11,1.21,0.72,0.08
1981-06-30,0.8,0.64,1.45,24.78,5.47,0.0,0.0,1.82,0.13,0.13,0.88,0.08,0.23,0.61,2.25,0.28,0.16,0.01
1981-07-31,0.47,0.18,0.03,0.0,0.0,0.0,0.0,0.95,0.07,0.07,0.28,0.03,0.16,0.44,0.53,0.08,0.04,0.0
1981-08-31,0.31,0.14,0.0,1.75,0.39,0.0,0.0,0.98,0.07,0.07,0.0,0.06,0.38,1.03,0.62,0.12,0.04,0.0
1981-09-30,0.22,0.13,0.0,0.44,0.1,0.0,0.0,0.15,0.01,0.01,0.0,0.01,0.05,0.12,0.03,0.01,0.0,0.0
1981-10-31,0.42,0.41,0.41,2.65,0.58,0.57,0.04,0.11,0.01,0.01,0.94,0.11,0.12,0.31,0.18,0.16,0.26,0.34
1981-11-30,2.74,2.92,7.81,27.73,6.12,13.45,1.01,11.18,0.78,0.78,15.02,1.69,1.17,3.15,32.77,3.15,7.48,7.7
1981-12-31,7.4,8.76,11.41,34.93,7.71,37.31,2.79,27.3,1.91,1.91,17.78,4.71,3.02,8.15,75.1,7.26,21.01,17.53
1982-01-31,11.02,15.32,2.43,22.87,5.04,18.96,1.42,91.48,6.4,6.4,12.25,7.17,2.44,6.6,127.57,11.69,35.21,22.42
1982-02-28,20.21,24.74,12.67,58.31,12.89,47.8,3.57,78.16,5.47,5.47,22.34,9.92,5.99,16.18,144.37,13.83,42.58,22.36
1982-03-31,18.8,23.35,3.83,51.54,11.38,27.06,2.02,96.88,6.78,6.78,11.08,8.51,3.48,9.4,151.53,14.03,39.45,14.47
1982-04-30,33.4,41.91,13.47,108.93,24.04,49.43,3.69,107.99,7.56,7.56,17.64,10.91,7.22,19.48,188.18,19.15,34.97,9.31
1982-05-31,13.19,14.84,24.07,145.87,32.19,52.28,3.91,13.15,0.92,0.92,19.97,2.21,3.37,9.09,62.11,6.4,5.24,0.51
1982-06-30,4.18,3.97,12.27,96.94,21.39,34.92,2.61,5.11,0.36,0.36,15.62,0.55,0.91,2.46,17.38,1.79,1.36,0.06
1982-07-31,2.29,2.34,2.18,35.59,7.85,8.51,0.64,3.12,0.22,0.22,7.1,0.27,0.38,1.02,6.33,0.65,0.44,0.02
1982-08-31,1.19,1.11,0.11,9.74,2.15,1.68,0.13,1.36,0.1,0.1,2.04,0.13,0.23,0.63,2.67,0.29,0.11,0.0
1982-09-30,1.12,1.14,0.74,10.65,2.35,0.0,0.0,1.7,0.12,0.12,4.26,0.26,0.23,0.62,3.31,0.38,0.16,0.0
1982-10-31,2.31,2.56,5.43,25.92,5.72,9.37,0.7,5.39,0.38,0.38,14.08,0.63,0.39,1.06,11.13,1.01,1.77,2.26
1982-11-30,5.58,6.68,2.08,19.77,4.36,14.68,1.1,35.3,2.47,2.47,8.3,2.13,1.03,2.77,43.13,4.08,10.75,10.2
1982-12-31,12.39,16.55,2.05,26.84,5.93,25.97,1.94,59.08,4.14,4.14,11.52,7.97,3.01,8.13,128.08,11.93,35.35,27.22
1983-01-31,13.75,18.03,1.8,21.91,4.83,19.01,1.42,90.97,6.37,6.37,11.52,7.14,2.51,6.77,129.17,11.98,36.51,23.16
1983-02-28,21.83,28.86,1.74,31.5,6.94,25.56,1.91,100.08,7.01,7.01,16.69,11.25,4.57,12.33,158.78,15.21,47.41,24.75
1983-03-31,40.18,50.73,3.38,65.94,14.58,48.53,3.63,175.37,12.28,12.28,20.56,16.25,8.17,22.07,285.76,26.04,70.72,25.4
1983-04-30,19.55,24.19,3.5,44.46,9.82,23.7,1.77,48.51,3.4,3.4,10.1,6.85,3.69,9.96,80.46,10.5,23.32,6.76
1983-05-31,22.9,26.06,22.9,125.58,27.72,62.78,4.69,33.15,2.32,2.32,22.8,4.07,5.3,14.32,113.57,11.07,10.27,1.38
1983-06-30,10.76,9.7,33.58,194.61,42.95,74.25,5.55,9.26,0.65,0.65,29.53,1.77,2.94,7.93,58.39,5.41,4.36,0.3
1983-07-31,4.19,3.87,16.16,110.81,24.45,40.07,2.99,5.17,0.36,0.36,20.49,0.66,0.93,2.5,21.32,1.95,1.47,0.06
1983-08-31,2.35,2.04,1.55,21.33,4.7,4.22,0.32,2.52,0.18,0.18,4.9,0.29,0.35,0.94,6.8,0.65,0.29,0.0
1983-09-30,1.77,1.88,0.93,11.67,2.57,0.0,0.0,2.29,0.16,0.16,5.04,0.31,0.22,0.6,3.86,0.45,0.19,0.0
1983-10-31,1.67,1.64,0.86,7.03,1.55,0.61,0.05,2.8,0.2,0.2,3.26,0.28,0.26,0.69,4.32,0.45,0.75,0.98
1983-11-30,11.56,11.74,10.66,51.45,11.36,39.26,2.93,52.07,3.64,3.64,22.67,5.25,2.91,7.85,94.71,8.46,23.39,19.05
1983-12-31,22.86,26.01,8.09,58.48,12.92,42.19,3.15,83.09,5.82,5.82,20.48,10.76,5.44,14.69,182.17,16.46,48.54,26.46
1984-01-31,10.47,10.21,3.95,34.69,7.66,16.36,1.22,20.0,1.4,1.4,6.4,3.5,2.04,5.51,63.01,5.82,15.56,5.6
1984-02-29,7.38,7.54,2.28,25.15,5.55,10.87,0.81,25.02,1.75,1.75,3.53,3.3,1.41,3.8,49.89,4.94,10.87,3.29
1984-03-31,8.95,9.51,4.84,36.66,8.09,15.77,1.18,23.34,1.63,1.63,5.2,3.23,2.21,5.98,53.58,5.84,10.49,2.82
1984-04-30,5.93,5.9,6.53,46.23,10.2,13.89,1.04,10.49,0.73,0.73,4.97,1.32,1.59,4.3,33.41,3.64,2.97,0.37
1984-05-31,3.86,3.88,17.59,122.09,26.94,37.18,2.78,5.99,0.42,0.42,14.26,0.85,1.28,3.44,19.52,2.6,2.03,0.15
1984-06-30,2.21,2.27,7.49,58.9,12.99,15.64,1.17,3.25,0.23,0.23,9.03,0.31,0.62,1.68,5.87,0.98,0.72,0.03
1984-07-31,1.21,1.19,0.36,13.04,2.88,0.98,0.07,1.65,0.12,0.12,3.05,0.15,0.29,0.79,2.13,0.36,0.21,0.01
1984-08-31,0.85,0.62,0.03,2.22,0.49,0.0,0.0,0.68,0.05,0.05,0.72,0.11,0.19,0.52,1.56,0.2,0.07,0.0
1984-09-30,0.84,0.36,0.01,0.93,0.21,0.0,0.0,0.02,0.0,0.0,0.39,0.1,0.12,0.33,1.02,0.15,0.06,0.0
1984-10-31,1.01,1.15,0.44,4.21,0.93,0.0,0.0,1.39,0.1,0.1,1.16,0.18,0.24,0.65,3.59,0.35,0.55,0.71
1984-11-30,4.08,2.85,2.56,13.16,2.91,5.23,0.39,8.43,0.59,0.59,3.6,0.95,0.75,2.02,17.41,1.61,3.6,3.34
1984-12-31,2.21,2.21,1.17,6.97,1.54,4.78,0.36,7.29,0.51,0.51,1.69,0.74,0.48,1.3,12.85,1.25,2.9,2.03
1985-01-31,2.13,1.81,1.24,6.45,1.42,4.0,0.3,5.45,0.38,0.38,2.06,0.44,0.38,1.03,8.22,0.78,1.81,1.27
1985-02-28,2.6,3.19,1.68,9.4,2.07,5.36,0.4,17.43,1.22,1.22,3.28,1.53,0.56,1.5,23.1,2.23,5.31,3.18
1985-03-31,4.67,5.24,2.17,17.98,3.97,8.6,0.64,23.92,1.67,1.67,3.21,1.72,0.94,2.53,31.48,3.03,6.79,2.94
1985-04-30,6.33,6.75,11.07,73.34,16.19,18.83,1.41,7.85,0.55,0.55,4.49,2.0,1.71,4.62,32.14,3.53,5.55,1.72
1985-05-31,2.55,2.48,9.87,91.11,20.11,11.93,0.89,2.52,0.18,0.18,2.72,0.49,0.75,2.02,12.94,1.46,0.97,0.11
1985-06-30,1.17,0.91,1.61,22.44,4.95,1.47,0.11,1.92,0.13,0.13,1.66,0.12,0.33,0.89,3.52,0.41,0.26,0.01
1985-07-31,0.44,0.28,0.06,2.55,0.56,0.0,0.0,1.49,0.1,0.1,0.23,0.04,0.15,0.4,0.97,0.12,0.07,0.0
1985-08-31,0.37,0.31,0.02,1.13,0.25,0.0,0.0,1.37,0.1,0.1,0.09,0.02,0.0,0.0,0.52,0.05,0.03,0.0
1985-09-30,0.52,0.41,0.13,2.93,0.64,0.0,0.0,0.91,0.06,0.06,0.24,0.09,0.32,0.85,1.35,0.19,0.08,0.0
1985-10-31,1.34,0.62,0.3,2.15,0.47,1.04,0.08,0.98,0.07,0.07,0.0,0.1,0.09,0.24,1.32,0.14,0.23,0.31
1985-11-30,1.17,1.62,0.54,5.91,1.3,2.56,0.19,3.76,0.26,0.26,0.85,0.38,0.38,1.04,6.75,0.67,1.25,1.55
1985-12-31,2.15,2.85,2.06,10.28,2.27,7.65,0.57,5.4,0.38,0.38,1.45,0.89,0.76,2.05,17.79,1.72,4.37,4.22
1986-01-31,4.7,6.52,4.89,21.62,4.77,23.66,1.77,12.46,0.87,0.87,2.9,2.49,1.65,4.45,40.94,3.97,11.27,9.6
1986-02-28,42.66,53.28,10.53,96.68,21.35,55.65,4.16,185.63,12.99,12.99,55.91,19.9,11.23,30.33,326.65,30.79,89.79,47.07
1986-03-31,24.36,26.84,13.01,91.67,20.24,32.5,2.43,82.67,5.79,5.79,26.49,8.32,4.64,12.52,141.51,14.36,26.76,7.38
1986-04-30,8.48,8.76,10.62,67.91,14.99,19.03,1.42,12.59,0.88,0.88,11.7,1.45,1.66,4.48,39.4,4.04,3.32,0.4
1986-05-31,4.73,4.4,17.68,106.31,23.46,37.97,2.84,6.37,0.45,0.45,10.05,0.7,1.1,2.96,22.06,2.28,1.75,0.07
1986-06-30,2.64,1.97,10.35,78.34,17.28,32.63,2.44,2.5,0.18,0.18,2.24,0.28,0.4,1.07,7.82,0.8,0.58,0.03
1986-07-31,1.26,0.94,0.49,13.63,3.01,1.28,0.1,0.99,0.07,0.07,3.41,0.12,0.27,0.72,2.8,0.3,0.14,0.0
1986-08-31,1.03,0.37,0.02,3.31,0.73,0.0,0.0,0.54,0.04,0.04,0.93,0.09,0.14,0.37,1.18,0.14,0.05,0.0
1986-09-30,1.24,0.68,0.05,2.28,0.5,0.0,0.0,0.51,0.04,0.04,0.97,0.14,0.19,0.52,1.63,0.2,0.08,0.0
1986-10-31,1.48,0.71,0.19,4.58,1.01,-0.0,0.0,0.73,0.05,0.05,0.01,0.1,0.15,0.41,2.15,0.21,0.23,0.33
1986-11-30,0.87,0.57,0.02,1.72,0.38,-0.0,0.0,0.79,0.06,0.06,0.45,0.09,0.13,0.36,2.1,0.2,0.27,0.32
1986-12-31,0.71,0.7,0.04,2.25,0.5,-0.0,0.0,1.43,0.1,0.1,0.59,0.16,0.18,0.48,2.75,0.29,0.38,0.44
1987-01-31,0.92,1.0,0.18,3.7,0.82,0.0,0.0,2.58,0.18,0.18,1.24,0.27,0.3,0.81,4.03,0.45,0.6,0.62
1987-02-28,1.92,1.66,1.06,7.95,1.76,0.0,0.0,7.98,0.56,0.56,4.21,0.67,0.59,1.58,7.99,1.23,1.67,1.48
1987-03-31,3.7,3.76,2.1,17.29,3.81,0.0,0.0,18.1,1.27,1.27,7.26,1.5,1.04,2.8,24.97,2.68,3.44,1.87
1987-04-30,1.8,1.78,8.94,58.01,12.81,0.0,0.0,2.96,0.21,0.21,1.66,0.47,0.58,1.56,10.02,1.04,0.84,0.28
1987-05-31,0.98,0.97,5.72,64.35,14.2,-0.0,0.0,0.65,0.05,0.05,0.0,0.17,0.41,1.1,5.1,0.54,0.24,0.03
1987-06-30,0.6,0.48,0.48,8.9,1.96,-0.0,0.0,0.0,0.0,0.0,0.0,0.05,0.27,0.73,1.58,0.18,0.08,0.0
1987-07-31,0.67,0.24,0.03,2.36,0.52,-0.0,0.0,0.0,0.0,0.0,0.0,0.03,0.24,0.65,0.8,0.1,0.04,0.0
1987-08-31,0.25,0.13,0.01,1.04,0.23,-0.0,0.0,0.36,0.03,0.03,0.0,0.03,0.25,0.68,0.61,0.08,0.03,0.0
1987-09-30,0.2,0.13,0.01,1.0,0.22,-0.0,0.0,0.32,0.02,0.02,0.0,0.02,0.12,0.31,0.19,0.04,0.01,0.0
1987-10-31,0.26,0.22,0.01,1.24,0.27,0.0,0.0,0.15,0.01,0.01,0.0,0.03,0.06,0.17,0.42,0.06,0.03,0.07
1987-11-30,0.45,0.3,0.16,3.67,0.81,0.04,0.0,0.15,0.01,0.01,0.12,0.07,0.12,0.31,1.39,0.16,0.13,0.21
1987-12-31,0.77,0.51,0.82,5.44,1.2,0.38,0.03,0.7,0.05,0.05,1.16,0.2,0.28,0.77,3.42,0.39,0.33,0.5
1988-01-31,1.43,1.38,1.11,7.86,1.74,0.97,0.07,4.73,0.33,0.33,3.01,0.66,0.64,1.74,12.09,1.26,1.01,1.24
1988-02-29,0.96,0.63,1.97,8.9,1.96,1.14,0.09,1.54,0.11,0.11,3.54,0.36,0.41,1.12,5.67,0.63,0.55,0.5
1988-03-31,1.72,1.22,3.96,23.1,5.1,1.42,0.11,2.85,0.2,0.2,4.42,0.45,0.62,1.69,8.69,0.93,0.75,0.48
1988-04-30,1.17,1.19,5.64,49.51,10.93,0.0,0.0,2.84,0.2,0.2,0.0,0.48,0.6,1.61,6.49,0.89,0.57,0.29
1988-05-31,1.05,1.01,4.53,54.6,12.05,0.0,0.0,0.82,0.06,0.06,0.0,0.19,0.43,1.16,4.48,0.64,0.21,0.05
1988-06-30,0.46,0.5,1.14,12.62,2.78,1.07,0.08,0.32,0.02,0.02,3.34,0.07,0.42,1.14,1.68,0.28,0.09,0.01
1988-07-31,0.4,0.14,0.05,2.32,0.51,0.0,0.0,0.99,0.07,0.07,0.0,0.02,0.19,0.51,0.36,0.07,0.02,0.0
1988-08-31,0.38,0.06,0.01,1.04,0.23,0.0,0.0,1.1,0.08,0.08,0.0,0.01,0.16,0.44,0.2,0.04,0.01,0.0
1988-09-30,0.25,0.03,0.0,1.0,0.22,0.0,0.0,0.34,0.02,0.02,0.0,0.02,0.13,0.36,0.1,0.04,0.01,0.0
1988-10-31,0.25,0.1,0.0,0.0,0.0,0.0,0.0,0.09,0.01,0.01,0.0,0.0,0.0,0.0,0.0,0.0,0.0,0.0
1988-11-30,0.53,0.5,0.4,1.99,0.44,4.17,0.31,0.17,0.01,0.01,0.04,0.13,0.2,0.54,1.99,0.24,0.37,0.49
1988-12-31,0.49,0.52,0.67,4.86,1.07,1.44,0.11,1.25,0.09,0.09,0.01,0.15,0.26,0.7,1.81,0.32,0.63,0.67
1989-01-31,0.66,0.42,0.95,4.45,0.98,2.5,0.19,2.6,0.18,0.18,0.02,0.28,0.62,1.67,2.21,0.56,1.27,1.17
1989-02-28,0.86,1.16,1.59,14.69,3.24,2.34,0.17,2.97,0.21,0.21,0.02,0.63,0.93,2.51,7.85,0.95,2.17,1.97
1989-03-31,8.69,10.03,10.56,70.12,15.48,20.72,1.55,19.14,1.34,1.34,4.82,5.27,4.22,11.41,94.51,8.6,19.67,10.54
1989-04-30,4.34,3.76,13.38,89.81,19.82,20.64,1.54,3.58,0.25,0.25,4.09,1.67,1.83,4.94,31.7,3.31,4.41,1.22
1989-05-31,1.67,1.16,10.18,84.01,18.54,9.08,0.68,0.91,0.06,0.06,6.26,0.38,0.56,1.52,8.99,1.19,0.79,0.07
1989-06-30,0.64,0.5,3.53,46.33,10.23,1.53,0.11,0.0,0.0,0.0,4.78,0.1,0.0,0.0,1.78,0.32,0.2,0.01
1989-07-31,0.49,0.18,0.1,4.04,0.89,0.1,0.01,0.36,0.03,0.03,-0.0,0.03,0.0,0.0,0.47,0.09,0.04,0.0
1989-08-31,0.35,0.06,0.02,1.25,0.28,0.0,0.0,0.0,0.0,0.0,0.0,0.01,0.0,0.0,0.01,0.03,0.01,0.0
1989-09-30,0.46,0.28,0.09,2.3,0.51,0.93,0.07,0.21,0.01,0.01,0.85,0.05,0.0,0.0,0.56,0.08,0.03,0.0
1989-10-31,0.77,0.92,0.87,5.9,1.3,1.64,0.12,0.46,0.03,0.03,0.51,0.14,0.2,0.54,3.06,0.29,0.39,0.5
1989-11-30,0.82,0.72,0.79,8.32,1.84,2.68,0.2,1.13,0.08,0.08,0.58,0.19,0.24,0.66,3.52,0.38,0.62,0.65
1989-12-31,0.57,0.39,0.91,7.33,1.62,0.93,0.07,0.78,0.05,0.05,0.16,0.18,0.11,0.31,2.84,0.3,0.49,0.51
1990-01-31,1.04,1.35,1.37,9.3,2.05,1.78,0.13,4.07,0.28,0.28,0.3,0.45,0.41,1.1,7.54,0.78,1.29,1.1
1990-02-28,1.29,2.02,1.22,8.13,1.8,1.16,0.09,10.53,0.74,0.74,0.18,0.6,0.38,1.03,11.11,1.07,1.8,1.44
1990-03-31,4.18,4.63,3.89,28.72,6.34,7.83,0.59,11.43,0.8,0.8,1.28,1.5,1.29,3.49,25.44,2.6,4.33,2.28
1990-04-30,2.91,2.2,8.06,62.3,13.75,5.89,0.44,2.8,0.2,0.2,0.97,0.9,0.82,2.22,13.36,1.6,1.96,0.69
1990-05-31,1.64,1.07,4.62,53.93,11.9,0.0,0.0,1.81,0.13,0.13,0.0,0.25,0.44,1.19,6.23,0.77,0.4,0.06
1990-06-30,1.23,0.87,2.06,22.44,4.95,1.43,0.11,1.14,0.08,0.08,0.23,0.18,0.39,1.07,4.91,0.62,0.31,0.02
1990-07-31,0.54,0.21,0.1,3.05,0.67,0.0,0.0,0.22,0.02,0.02,0.0,0.04,0.05,0.14,0.86,0.1,0.04,0.0
1990-08-31,0.45,0.08,0.02,1.38,0.31,0.0,0.0,0.0,0.0,0.0,0.0,0.01,-0.0,-0.0,0.18,0.02,0.01,0.0
1990-09-30,0.25,0.07,0.01,0.34,0.08,0.0,0.0,0.37,0.03,0.03,0.0,0.01,0.01,0.02,0.11,0.02,0.01,0.0
1990-10-31,0.31,0.11,0.01,0.32,0.07,0.0,0.0,0.28,0.02,0.02,0.0,0.03,0.06,0.15,0.0,0.04,0.05,0.07
1990-11-30,0.34,0.19,0.02,0.0,0.0,0.06,0.0,0.12,0.01,0.01,0.01,0.04,0.02,0.06,0.85,0.09,0.11,0.15
1990-12-31,0.34,0.17,0.02,1.55,0.34,0.18,0.01,0.0,0.0,0.0,0.01,0.04,0.04,0.1,0.92,0.09,0.14,0.18
1991-01-31,0.29,0.11,0.04,0.88,0.19,1.18,0.09,0.09,0.01,0.01,0.09,0.05,0.08,0.21,1.05,0.11,0.19,0.21
1991-02-28,0.32,0.14,0.31,0.32,0.07,1.14,0.09,0.54,0.04,0.04,0.09,0.09,0.15,0.4,1.77,0.19,0.35,0.35
1991-03-31,2.02,4.09,2.69,17.54,3.87,7.38,0.55,39.7,2.78,2.78,3.59,2.39,0.72,1.93,40.4,3.95,7.57,5.68
1991-04-30,3.6,3.78,5.14,33.94,7.49,9.27,0.69,5.07,0.35,0.35,1.04,1.51,1.62,4.39,25.55,2.69,4.59,1.92
1991-05-31,3.44,2.99,11.39,83.04,18.33,9.88,0.74,1.32,0.09,0.09,2.47,0.9,1.18,3.17,16.99,2.02,2.0,0.56
1991-06-30,1.42,0.92,5.73,52.13,11.51,6.9,0.52,0.21,0.01,0.01,0.56,0.21,0.43,1.17,5.78,0.7,0.39,0.03
1991-07-31,0.59,0.22,0.36,4.24,0.94,2.1,0.16,0.16,0.01,0.01,0.17,0.05,0.09,0.24,1.18,0.14,0.06,0.0
1991-08-31,0.26,0.13,0.03,1.24,0.27,0.0,0.0,0.12,0.01,0.01,0.0,0.02,0.0,0.0,0.26,0.03,0.01,0.0
1991-09-30,0.23,0.05,0.01,0.15,0.03,0.0,0.0,0.28,0.02,0.02,0.0,0.01,0.0,0.0,0.06,0.01,0.0,0.0
1991-10-31,0.29,0.23,0.22,2.21,0.49,0.24,0.02,0.69,0.05,0.05,0.08,0.05,0.09,0.23,0.84,0.09,0.1,0.15
1991-11-30,0.25,0.2,1.04,4.14,0.91,0.51,0.04,0.15,0.01,0.01,0.17,0.06,0.09,0.24,1.34,0.13,0.19,0.25
1991-12-31,0.42,0.47,0.54,4.53,1.0,0.54,0.04,1.07,0.07,0.07,0.18,0.1,0.12,0.32,2.17,0.21,0.36,0.38
1992-01-31,0.29,0.48,0.69,4.49,0.99,0.95,0.07,3.49,0.24,0.24,0.32,0.17,0.14,0.38,3.62,0.33,0.59,0.6
1992-02-29,2.32,3.71,2.57,15.28,3.37,4.03,0.3,36.76,2.57,2.57,3.92,1.98,0.62,1.68,37.35,3.24,5.98,4.52
1992-03-31,4.14,4.8,3.68,22.39,4.94,6.59,0.49,14.45,1.01,1.01,4.25,1.89,1.15,3.1,32.95,3.34,5.4,2.32
1992-04-30,2.71,2.48,9.53,67.09,14.81,5.87,0.44,2.82,0.2,0.2,2.71,0.6,0.82,2.21,14.01,1.61,1.22,0.27
1992-05-31,1.21,0.67,3.62,41.78,9.22,0.0,0.0,0.88,0.06,0.06,0.0,0.12,0.27,0.73,0.0,0.44,0.24,0.01
1992-06-30,0.64,0.27,0.31,6.01,1.33,0.0,0.0,0.26,0.02,0.02,0.0,0.03,0.03,0.08,0.0,0.09,0.04,0.0
1992-07-31,0.35,0.31,0.89,6.17,1.36,0.0,0.0,0.55,0.04,0.04,0.0,0.03,0.03,0.09,0.28,0.06,0.02,0.0
1992-08-31,0.21,0.06,0.02,0.52,0.11,0.0,0.0,0.76,0.05,0.05,0.0,0.0,0.0,0.0,0.0,0.0,0.0,0.0
1992-09-30,0.12,0.03,0.02,0.8,0.18,0.0,0.0,0.13,0.01,0.01,0.0,0.0,0.01,0.03,0.0,0.0,0.0,0.0
1992-10-31,0.3,0.2,0.08,1.88,0.42,0.0,0.0,0.03,0.0,0.0,0.0,0.02,0.05,0.13,0.17,0.02,0.04,0.05
1992-11-30,0.31,0.28,0.37,2.26,0.5,0.05,0.0,0.05,0.0,0.0,0.0,0.07,0.02,0.04,0.99,0.1,0.16,0.22
1992-12-31,0.73,2.04,0.66,5.33,1.18,4.24,0.32,7.86,0.55,0.55,1.1,0.59,0.51,1.37,11.38,1.11,2.32,2.64
1993-01-31,9.78,13.93,4.4,21.19,4.68,19.4,1.45,90.49,6.33,6.33,14.11,6.27,2.64,7.12,108.7,10.21,28.76,21.0
1993-02-28,8.18,11.9,1.49,14.43,3.18,15.09,1.13,44.47,3.11,3.11,7.43,5.38,1.67,4.52,81.4,7.68,22.49,12.0
1993-03-31,14.92,20.33,7.14,51.59,11.39,35.04,2.62,39.42,2.76,2.76,11.1,6.14,4.95,13.37,100.91,9.91,24.68,8.52
1993-04-30,9.75,13.9,10.2,68.03,15.01,24.19,1.81,19.16,1.34,1.34,8.95,3.22,6.53,17.62,53.53,5.97,10.05,2.67
1993-05-31,6.4,5.53,24.57,142.1,31.36,44.94,3.36,5.05,0.35,0.35,17.35,1.21,2.38,6.43,31.86,3.41,2.72,0.32
1993-06-30,3.86,2.8,13.75,105.78,23.35,21.33,1.59,3.71,0.26,0.26,18.29,0.58,1.11,2.99,17.58,1.86,1.37,0.06
1993-07-31,1.16,1.01,1.95,30.92,6.82,2.49,0.19,0.45,0.03,0.03,1.45,0.15,0.31,0.83,3.31,0.36,0.18,0.0
1993-08-31,0.76,0.45,0.08,3.59,0.79,0.61,0.05,0.3,0.02,0.02,0.3,0.08,0.12,0.33,0.99,0.12,0.05,0.0
1993-09-30,0.46,0.26,0.01,0.36,0.08,0.86,0.06,0.69,0.05,0.05,0.54,0.05,0.11,0.29,0.47,0.07,0.03,0.0
1993-10-31,0.62,0.46,0.02,0.96,0.21,0.95,0.07,1.29,0.09,0.09,1.26,0.05,0.14,0.39,1.23,0.11,0.09,0.15
1993-11-30,0.59,0.5,0.02,0.53,0.12,1.83,0.14,0.96,0.07,0.07,0.3,0.06,0.12,0.32,1.52,0.14,0.13,0.19
1993-12-31,0.61,0.87,0.27,2.32,0.51,1.32,0.1,2.4,0.17,0.17,0.21,0.23,0.2,0.53,4.65,0.44,0.43,0.59
1994-01-31,0.72,0.97,0.55,3.25,0.72,1.63,0.12,2.98,0.21,0.21,0.38,0.22,0.16,0.44,1.83,0.41,0.39,0.44
1994-02-28,1.43,2.04,0.8,4.32,0.95,3.82,0.29,12.98,0.91,0.91,0.74,0.73,0.36,0.98,12.99,1.31,1.29,1.26
1994-03-31,2.06,2.51,3.9,21.61,4.77,5.63,0.42,4.32,0.3,0.3,1.63,0.68,0.7,1.88,12.03,1.35,1.29,0.81
1994-04-30,1.65,1.83,6.42,47.39,10.46,5.43,0.41,3.34,0.23,0.23,1.17,0.48,0.47,1.26,6.98,0.91,0.67,0.32
1994-05-31,1.65,1.77,6.67,62.05,13.7,4.64,0.35,2.08,0.15,0.15,0.96,0.26,0.57,1.55,8.25,0.9,0.32,0.05
1994-06-30,0.6,0.43,0.91,19.59,4.32,0.3,0.02,1.31,0.09,0.09,0.05,0.04,0.04,0.11,0.54,0.14,0.05,0.0
1994-07-31,0.25,0.14,0.03,1.77,0.39,0.0,0.0,1.41,0.1,0.1,0.0,0.01,0.07,0.19,0.17,0.04,0.01,0.0
1994-08-31,0.31,0.08,0.01,0.8,0.18,0.0,0.0,0.42,0.03,0.03,0.0,0.01,0.09,0.24,0.08,0.02,0.01,0.0
1994-09-30,0.28,0.07,0.01,0.0,0.0,0.0,0.0,1.19,0.08,0.08,0.0,0.0,0.02,0.07,0.0,0.0,0.0,0.0
1994-10-31,0.25,0.28,0.02,0.77,0.17,0.0,0.0,0.1,0.01,0.01,0.0,0.03,0.04,0.11,0.33,0.04,0.06,0.08
1994-11-30,0.83,0.78,1.05,6.54,1.44,2.84,0.21,0.32,0.02,0.02,0.0,0.26,0.3,0.81,3.41,0.37,0.61,0.81
1994-12-31,0.93,1.45,1.19,8.06,1.78,3.89,0.29,4.05,0.28,0.28,0.01,0.68,0.63,1.69,13.49,1.3,2.69,3.19
1995-01-31,14.91,22.55,3.78,35.78,7.9,28.54,2.13,106.96,7.49,7.49,15.81,9.9,5.05,13.64,168.57,15.9,46.63,34.41
1995-02-28,6.99,7.36,3.73,27.69,6.11,16.61,1.24,13.36,0.94,0.94,5.25,2.93,1.87,5.04,50.84,4.7,14.08,8.98
1995-03-31,30.1,39.48,8.28,62.66,13.83,58.45,4.37,143.03,10.01,10.01,28.09,14.65,6.27,16.93,236.42,22.2,65.22,28.5
1995-04-30,18.26,21.48,10.98,60.32,13.31,42.15,3.15,27.65,1.94,1.94,29.6,6.59,4.99,13.48,95.44,9.79,22.17,6.69
1995-05-31,22.11,28.38,22.53,131.56,29.04,58.58,4.38,42.37,2.97,2.97,32.97,5.23,5.85,15.81,114.22,11.75,15.34,3.31
1995-06-30,6.25,6.91,26.12,159.27,35.15,64.35,4.81,11.46,0.8,0.8,10.08,1.33,2.01,5.44,40.24,4.13,3.27,0.21
1995-07-31,1.73,2.77,12.14,116.21,25.65,25.32,1.89,3.68,0.26,0.26,7.45,0.47,0.62,1.67,12.47,1.27,0.86,0.03
1995-08-31,1.19,1.43,0.69,17.84,3.94,2.79,0.21,0.35,0.02,0.02,0.97,0.19,0.25,0.66,2.97,0.33,0.13,0.0
1995-09-30,0.76,0.86,0.03,1.0,0.22,1.37,0.1,2.31,0.16,0.16,0.01,0.11,0.08,0.2,1.33,0.16,0.07,0.0
1995-10-31,0.72,0.75,0.01,0.4,0.09,1.24,0.09,1.91,0.13,0.13,0.01,0.1,0.07,0.19,1.61,0.15,0.23,0.31
1995-11-30,0.8,0.72,0.01,1.79,0.4,0.0,0.0,3.22,0.23,0.23,0.0,0.1,0.12,0.34,1.63,0.18,0.29,0.38
1995-12-31,1.84,1.95,1.92,12.73,2.81,6.82,0.51,6.86,0.48,0.48,0.01,0.45,0.39,1.06,9.29,0.88,1.96,2.12
1996-01-31,5.12,5.97,2.05,17.55,3.87,9.55,0.71,41.11,2.88,2.88,5.89,2.71,1.27,3.43,41.1,4.28,11.72,9.72
1996-02-29,14.39,19.16,9.19,57.55,12.7,36.64,2.74,78.1,5.47,5.47,11.6,6.71,3.54,9.56,113.56,10.08,28.88,17.27
1996-03-31,13.99,16.56,4.96,41.42,9.14,31.55,2.36,39.71,2.78,2.78,13.49,5.4,4.14,11.18,90.65,8.92,23.67,9.3
1996-04-30,10.91,12.19,10.63,67.5,14.9,32.73,2.45,18.58,1.3,1.3,8.58,3.53,2.87,7.75,51.81,5.36,11.08,3.29
1996-05-31,7.16,6.92,20.13,139.36,30.76,57.14,4.27,10.1,0.71,0.71,8.77,1.82,3.18,8.58,46.2,5.08,4.62,0.69
1996-06-30,3.03,3.22,6.31,73.35,16.19,14.45,1.08,4.82,0.34,0.34,5.86,0.43,0.92,2.48,11.74,1.41,1.05,0.04
1996-07-31,1.59,1.56,0.37,11.75,2.59,4.43,0.33,3.0,0.21,0.21,0.55,0.19,0.58,1.57,4.75,0.55,0.39,0.02
1996-08-31,0.81,0.77,0.03,0.04,0.01,0.81,0.06,2.2,0.15,0.15,2.91,0.1,0.36,0.98,2.24,0.25,0.12,0.0
1996-09-30,0.57,0.53,0.01,0.0,0.0,0.01,0.0,1.23,0.09,0.09,0.51,0.13,0.25,0.68,1.79,0.19,0.08,0.0
1996-10-31,0.81,0.69,0.02,0.0,0.0,1.7,0.13,0.67,0.05,0.05,-0.0,0.12,0.0,0.0,1.57,0.17,0.28,0.38
1996-11-30,2.26,2.24,4.41,16.95,3.74,8.83,0.66,7.06,0.49,0.49,1.32,0.7,1.28,3.45,13.58,1.28,2.55,3.07
1996-12-31,15.22,21.02,8.87,41.09,9.07,42.39,3.17,106.88,7.48,7.48,21.12,8.55,4.06,10.97,156.49,13.73,39.89,29.75
1997-01-31,41.83,55.78,17.97,114.23,25.21,150.7,11.26,190.88,13.36,13.36,23.58,23.23,12.28,33.17,396.41,35.35,96.13,41.69
1997-02-28,9.54,14.57,2.7,20.49,4.52,31.13,2.33,24.03,1.68,1.68,5.9,2.38,2.48,6.69,54.62,5.85,7.17,1.45
1997-03-31,6.11,7.27,6.94,31.7,7.0,23.93,1.79,10.07,0.7,0.7,1.87,1.08,1.24,3.34,20.93,2.97,2.47,0.3
1997-04-30,3.96,4.43,10.58,67.8,14.97,23.11,1.73,6.12,0.43,0.43,1.4,0.72,1.11,3.0,10.31,2.2,1.74,0.12
1997-05-31,2.68,2.83,13.2,107.73,23.78,23.69,1.77,3.68,0.26,0.26,1.67,0.43,0.8,2.17,0.0,1.4,1.08,0.04
1997-06-30,2.01,1.51,4.06,41.87,9.24,10.98,0.82,1.79,0.13,0.13,2.94,0.24,0.57,1.54,2.96,0.68,0.49,0.02
1997-07-31,1.0,0.76,0.15,5.13,1.13,2.74,0.2,1.05,0.07,0.07,0.57,0.15,0.46,1.25,2.24,0.37,0.19,0.0
1997-08-31,0.65,0.48,0.02,0.54,0.12,1.74,0.13,0.47,0.03,0.03,0.0,0.14,0.35,0.95,1.59,0.23,0.09,0.0
1997-09-30,0.71,0.5,0.01,0.46,0.1,0.94,0.07,0.29,0.02,0.02,0.0,0.11,0.25,0.68,0.81,0.16,0.07,0.0
1997-10-31,0.82,0.85,0.02,0.52,0.11,1.91,0.14,0.74,0.05,0.05,0.39,0.19,0.24,0.65,2.43,0.27,0.44,0.58
1997-11-30,1.14,1.18,0.18,1.49,0.33,0.0,0.0,2.71,0.19,0.19,5.16,0.28,0.32,0.86,5.09,0.51,0.94,1.16
1997-12-31,1.46,1.75,0.58,3.3,0.73,0.0,0.0,4.32,0.3,0.3,4.68,0.45,0.34,0.93,9.13,0.87,1.86,2.18
1998-01-31,7.19,10.95,3.41,18.16,4.01,3.73,0.28,73.63,5.15,5.15,25.53,5.29,1.61,4.33,87.68,8.31,23.91,19.38
1998-02-28,17.21,25.75,1.78,20.41,4.5,17.95,1.34,174.56,12.22,12.22,36.68,11.29,2.93,7.91,182.39,16.82,50.67,29.83
1998-03-31,16.82,21.63,7.08,49.73,10.98,29.29,2.19,57.32,4.01,4.01,21.37,7.06,4.99,13.48,124.0,11.73,33.68,13.65
1998-04-30,15.2,20.35,7.3,47.07,10.39,28.15,2.1,59.91,4.19,4.19,21.37,6.39,3.71,10.01,96.16,9.6,22.57,7.12
1998-05-31,16.23,19.17,12.65,84.88,18.73,35.59,2.66,31.5,2.2,2.2,24.86,4.49,4.38,11.84,88.08,9.07,13.96,3.4
1998-06-30,10.73,9.56,25.91,159.39,35.18,61.23,4.58,12.06,0.84,0.84,41.14,1.89,3.51,9.49,52.15,5.46,4.43,0.43
1998-07-31,4.41,3.79,8.95,75.8,16.73,7.68,0.57,5.45,0.38,0.38,24.01,0.5,0.91,2.45,15.19,1.58,1.19,0.05
1998-08-31,1.98,1.88,0.2,6.56,1.45,0.33,0.02,2.88,0.2,0.2,4.35,0.23,0.57,1.53,5.36,0.57,0.33,0.01
1998-09-30,1.35,1.32,0.08,3.14,0.69,1.66,0.12,2.34,0.16,0.16,1.45,0.25,0.31,0.83,3.26,0.38,0.15,0.0
1998-10-31,1.95,1.33,0.05,1.96,0.43,2.27,0.17,1.66,0.12,0.12,0.03,0.23,0.26,0.71,3.88,0.38,0.62,0.81
1998-11-30,1.75,1.98,0.8,7.77,1.71,3.79,0.28,3.58,0.25,0.25,1.33,0.31,0.36,0.96,6.48,0.61,1.24,1.47
1998-12-31,2.37,2.64,2.03,10.46,2.31,6.58,0.49,4.88,0.34,0.34,3.64,0.63,0.57,1.54,13.45,1.23,3.35,2.91
1999-01-31,7.32,9.68,2.44,18.48,4.08,12.25,0.92,34.34,2.4,2.4,8.34,3.02,1.42,3.84,46.61,4.56,12.66,9.85
1999-02-28,18.94,23.86,2.5,22.53,4.97,29.31,2.19,88.3,6.18,6.18,17.07,8.62,5.04,13.62,143.81,13.32,38.22,20.93
1999-03-31,11.23,13.15,3.4,23.89,5.27,20.02,1.5,24.56,1.72,1.72,9.29,4.36,3.6,9.73,72.48,6.98,17.03,5.86
1999-04-30,10.84,12.85,7.18,39.03,8.61,31.99,2.39,20.51,1.44,1.44,5.28,3.19,2.97,8.03,53.97,5.52,10.19,2.84
1999-05-31,7.32,7.17,21.78,132.08,29.15,49.74,3.72,8.14,0.57,0.57,0.31,1.38,2.54,6.85,33.73,3.86,3.08,0.38
1999-06-30,3.88,3.17,12.42,94.38,20.83,26.2,1.96,4.16,0.29,0.29,10.98,0.46,0.99,2.68,10.51,1.5,1.12,0.05
1999-07-31,1.61,1.8,1.05,16.03,3.54,0.0,0.0,1.99,0.14,0.14,4.15,0.16,0.4,1.08,3.3,0.47,0.33,0.01
1999-08-31,1.16,1.03,0.03,2.22,0.49,0.4,0.03,1.48,0.1,0.1,1.75,0.13,0.39,1.06,2.67,0.31,0.16,0.0
1999-09-30,0.8,0.66,0.01,0.31,0.07,0.55,0.04,0.92,0.06,0.06,1.21,0.13,0.26,0.71,1.46,0.2,0.08,0.0
1999-10-31,0.76,0.68,0.02,0.0,0.0,0.55,0.04,0.9,0.06,0.06,2.18,0.13,0.26,0.7,1.6,0.2,0.31,0.42
1999-11-30,1.04,1.25,0.29,2.35,0.52,1.23,0.09,2.15,0.15,0.15,3.93,0.21,0.28,0.75,4.0,0.41,0.79,0.95
1999-12-31,1.08,1.16,0.25,2.31,0.51,2.24,0.17,1.61,0.11,0.11,1.48,0.2,0.24,0.64,3.24,0.4,0.92,0.94
2000-01-31,6.68,8.79,2.59,16.54,3.65,15.51,1.16,33.42,2.34,2.34,4.51,2.7,1.25,3.37,44.78,4.27,11.48,9.27
2000-02-29,13.78,19.19,3.23,23.19,5.12,25.93,1.94,99.73,6.98,6.98,9.67,7.85,3.2,8.64,133.36,12.37,34.19,18.3
2000-03-31,11.1,14.55,5.07,30.8,6.8,19.56,1.46,35.01,2.45,2.45,10.25,4.09,3.05,8.25,65.11,6.36,14.14,4.64
2000-04-30,6.99,8.44,11.58,75.2,16.6,16.45,1.23,10.24,0.72,0.72,3.31,1.5,1.86,5.01,28.82,3.27,4.5,1.08
2000-05-31,5.53,5.7,15.66,124.89,27.57,28.25,2.11,9.19,0.64,0.64,2.63,0.94,1.74,4.7,24.4,2.71,2.09,0.23
2000-06-30,2.7,2.49,3.91,42.52,9.38,8.21,0.61,3.21,0.22,0.22,3.93,0.25,0.59,1.59,6.65,0.82,0.59,0.02
2000-07-31,0.97,1.29,0.12,5.24,1.16,1.28,0.1,1.48,0.1,0.1,5.86,0.12,0.35,0.94,2.91,0.34,0.23,0.01
2000-08-31,0.6,0.71,0.01,0.78,0.17,0.37,0.03,0.91,0.06,0.06,4.73,0.08,0.32,0.86,1.46,0.19,0.09,0.0
2000-09-30,0.8,0.68,0.01,1.13,0.25,0.89,0.07,1.34,0.09,0.09,2.71,0.11,0.11,0.3,1.43,0.17,0.07,0.0
2000-10-31,1.33,1.13,0.03,2.1,0.46,0.36,0.03,3.48,0.24,0.24,2.81,0.17,0.31,0.85,3.41,0.33,0.49,0.63
2000-11-30,0.98,1.2,0.22,2.85,0.63,1.82,0.14,0.64,0.04,0.04,1.44,0.15,0.21,0.56,3.07,0.32,0.63,0.62
2000-12-31,1.05,1.29,0.41,1.49,0.33,2.48,0.19,1.35,0.09,0.09,1.14,0.26,0.3,0.8,4.1,0.43,0.85,0.83
2001-01-31,1.38,1.81,0.44,3.86,0.85,4.2,0.31,5.91,0.41,0.41,0.16,0.47,0.25,0.69,7.34,0.75,1.47,1.25
2001-02-28,2.46,3.04,0.8,6.31,1.39,3.6,0.27,83.2,5.82,5.82,0.85,0.95,0.39,1.04,17.81,1.68,3.35,2.5
2001-03-31,4.78,5.83,4.88,29.65,6.54,9.2,0.69,61.02,4.27,4.27,1.72,1.57,0.91,2.45,25.94,2.58,5.2,2.68
2001-04-30,5.88,7.17,6.13,48.28,10.66,11.73,0.88,7.08,0.5,0.5,1.73,1.56,1.12,3.02,23.85,2.6,4.17,1.52
2001-05-31,3.39,3.38,9.0,92.29,20.37,10.1,0.75,0.03,0.0,0.0,2.86,0.53,0.96,2.59,13.57,1.6,1.09,0.18
2001-06-30,0.92,0.95,0.41,7.26,1.6,1.27,0.09,0.6,0.04,0.04,0.83,0.08,0.39,1.06,2.34,0.3,0.17,0.01
2001-07-31,0.5,0.42,0.02,1.45,0.32,0.64,0.05,0.76,0.05,0.05,0.99,0.04,0.32,0.87,0.97,0.14,0.08,0.0
2001-08-31,0.55,0.25,0.01,0.55,0.12,0.72,0.05,0.56,0.04,0.04,0.49,0.04,0.29,0.78,0.58,0.09,0.05,0.0
2001-09-30,0.42,0.24,0.0,4.4,0.97,0.0,0.0,0.0,0.0,0.0,0.0,0.04,0.2,0.54,0.4,0.08,0.02,0.0
2001-10-31,0.45,0.19,0.01,0.0,0.0,0.0,0.0,2.52,0.18,0.18,0.0,0.05,0.15,0.39,0.0,0.08,0.11,0.16
2001-11-30,0.74,0.98,0.9,7.08,1.56,0.41,0.03,0.08,0.01,0.01,2.7,0.17,0.3,0.81,3.01,0.34,0.59,0.74
2001-12-31,3.18,3.85,1.25,11.53,2.54,5.61,0.42,17.62,1.23,1.23,3.37,0.97,0.65,1.74,18.09,1.67,3.95,3.61
2002-01-31,4.29,4.75,2.09,13.94,3.08,12.68,0.95,18.45,1.29,1.29,4.52,1.75,0.85,2.29,32.37,2.95,7.27,5.11
2002-02-28,3.33,4.26,2.1,14.9,3.29,5.03,0.38,13.6,0.95,0.95,4.79,1.99,0.82,2.23,30.24,2.84,7.21,4.13
2002-03-31,6.87,8.21,3.36,23.04,5.08,14.55,1.09,26.16,1.83,1.83,5.28,2.79,1.42,3.84,49.56,4.73,10.66,4.2
2002-04-30,5.61,5.8,11.16,77.62,17.13,13.22,0.99,7.41,0.52,0.52,6.31,1.61,1.34,3.62,25.91,2.95,4.59,1.32
2002-05-31,3.17,2.91,12.97,105.92,23.38,9.57,0.72,6.75,0.47,0.47,4.97,0.6,0.97,2.61,13.66,1.76,1.24,0.15
2002-06-30,1.24,1.17,4.25,37.01,8.17,8.78,0.66,3.9,0.27,0.27,3.4,0.18,0.45,1.23,5.58,0.6,0.4,0.02
2002-07-31,0.51,0.41,0.1,5.43,1.2,1.7,0.13,1.37,0.1,0.1,0.88,0.07,0.37,1.01,1.38,0.2,0.12,0.01
2002-08-31,0.31,0.23,0.01,0.0,0.0,2.54,0.19,2.35,0.16,0.16,0.95,0.05,0.31,0.84,0.65,0.11,0.04,0.0
2002-09-30,0.29,0.23,0.01,0.0,0.0,0.76,0.06,1.8,0.13,0.13,0.34,0.06,0.25,0.67,0.38,0.09,0.03,0.0
2002-10-31,0.37,0.29,0.01,0.6,0.13,0.22,0.02,0.0,0.0,0.0,0.17,0.06,0.18,0.49,0.0,0.08,0.12,0.16
2002-11-30,0.71,0.66,1.77,10.57,2.33,0.0,0.0,1.85,0.13,0.13,3.35,0.18,0.27,0.72,3.3,0.34,0.59,0.74
2002-12-31,1.96,2.63,1.3,7.18,1.59,2.93,0.22,15.24,1.07,1.07,2.32,0.77,0.62,1.67,13.84,1.38,3.31,3.02
2003-01-31,2.66,2.95,2.86,18.78,4.14,6.74,0.5,6.53,0.46,0.46,4.56,1.05,0.76,2.06,16.14,1.62,4.0,3.1
2003-02-28,2.89,2.64,2.23,16.33,3.61,3.27,0.24,3.95,0.28,0.28,4.79,0.78,0.69,1.85,14.49,1.37,3.45,2.34
2003-03-31,3.36,3.91,5.18,30.97,6.83,2.51,0.19,5.17,0.36,0.36,7.06,1.3,0.93,2.52,21.06,2.01,5.15,3.29
2003-04-30,9.69,11.05,5.09,42.27,9.33,14.42,1.08,20.21,1.41,1.41,6.55,3.41,2.37,6.39,56.62,5.51,13.54,6.02
2003-05-31,10.06,10.61,17.13,116.87,25.79,31.57,2.36,9.52,0.67,0.67,8.83,2.9,3.74,10.1,49.76,5.51,8.08,2.24
2003-06-30,2.85,2.16,9.56,85.1,18.78,17.62,1.32,1.11,0.08,0.08,7.58,0.38,0.77,2.07,10.76,1.2,0.83,0.06
2003-07-31,0.8,0.77,0.27,9.98,2.2,2.32,0.17,0.04,0.0,0.0,2.07,0.1,0.49,1.33,2.55,0.31,0.21,0.01
2003-08-31,0.57,0.38,0.06,0.0,0.0,0.97,0.07,0.0,0.0,0.0,0.39,0.07,0.27,0.74,1.27,0.16,0.07,0.0
2003-09-30,0.38,0.14,0.01,0.0,0.0,1.23,0.09,0.0,0.0,0.0,0.56,0.05,0.2,0.54,0.5,0.08,0.03,0.0
2003-10-31,0.42,0.28,0.0,0.0,0.0,1.72,0.13,0.19,0.01,0.01,0.27,0.05,0.18,0.49,0.58,0.08,0.1,0.15
2003-11-30,0.75,0.66,0.02,1.84,0.41,1.16,0.09,0.37,0.03,0.03,1.16,0.09,0.19,0.5,1.75,0.19,0.3,0.38
2003-12-31,2.66,2.99,1.24,11.9,2.63,5.04,0.38,9.97,0.7,0.7,3.33,0.64,0.63,1.71,11.47,1.17,2.55,2.43
2004-01-31,2.75,3.28,1.46,4.91,1.08,7.61,0.57,14.48,1.01,1.01,1.75,0.99,0.53,1.42,16.4,1.61,3.67,2.82
2004-02-29,5.08,6.15,1.45,13.28,2.93,10.85,0.81,24.98,1.75,1.75,4.51,2.41,1.02,2.75,39.35,3.78,8.9,5.46
2004-03-31,7.48,8.74,8.61,48.02,10.6,17.71,1.32,11.66,0.82,0.82,7.38,2.49,1.65,4.47,41.25,4.19,8.36,3.1
2004-04-30,3.9,3.68,10.51,74.34,16.41,10.2,0.76,2.99,0.21,0.21,2.67,0.93,1.06,2.85,18.41,2.06,2.39,0.61
2004-05-31,1.92,1.34,9.42,83.46,18.42,0.24,0.02,1.16,0.08,0.08,2.68,0.33,0.67,1.81,8.95,1.02,0.67,0.07
2004-06-30,0.82,0.6,1.24,22.66,5.0,1.47,0.11,0.85,0.06,0.06,1.78,0.09,0.43,1.16,2.59,0.32,0.2,0.01
2004-07-31,0.44,0.22,0.05,3.27,0.72,1.06,0.08,0.67,0.05,0.05,0.61,0.05,0.41,1.1,1.12,0.16,0.1,0.0
2004-08-31,0.29,0.19,0.01,0.41,0.09,0.95,0.07,0.71,0.05,0.05,0.48,0.04,0.36,0.97,0.72,0.11,0.05,0.0
2004-09-30,0.3,0.2,0.01,0.0,0.0,0.94,0.07,0.25,0.02,0.02,0.39,0.06,0.28,0.77,0.47,0.09,0.03,0.0
2004-10-31,0.62,0.71,0.3,4.18,0.92,1.5,0.11,1.06,0.07,0.07,2.08,0.19,0.14,0.38,2.84,0.29,0.46,0.61
2004-11-30,0.7,0.82,0.91,5.84,1.29,0.0,0.0,1.92,0.13,0.13,2.32,0.21,0.18,0.49,4.0,0.4,0.8,0.96
2004-12-31,1.92,2.45,2.35,9.58,2.11,4.33,0.32,18.71,1.31,1.31,4.19,0.77,0.61,1.65,13.52,1.5,3.88,3.6
2005-01-31,8.58,12.14,2.28,16.63,3.67,17.36,1.3,74.79,5.24,5.24,6.83,4.01,1.97,5.31,67.26,6.24,17.51,13.18
2005-02-28,8.13,10.77,1.92,18.04,3.98,14.57,1.09,30.61,2.14,2.14,7.68,2.61,1.33,3.6,41.05,4.33,12.41,8.05
2005-03-31,15.21,20.42,4.07,31.25,6.9,25.97,1.94,76.93,5.39,5.39,13.6,6.64,3.03,8.17,100.03,9.95,28.51,13.27
2005-04-30,12.97,15.62,6.95,48.9,10.79,22.3,1.67,22.86,1.6,1.6,11.25,4.37,2.46,6.63,67.26,6.83,16.25,5.43
2005-05-31,13.96,13.77,26.83,174.73,38.56,36.97,2.76,12.54,0.88,0.88,19.35,3.89,3.81,10.29,85.13,7.93,11.5,2.81
2005-06-30,4.92,4.29,17.44,115.53,25.5,22.84,1.71,4.42,0.31,0.31,13.38,0.87,1.51,4.08,28.69,2.65,2.04,0.16
2005-07-31,1.72,1.94,2.58,33.83,7.47,0.07,0.01,1.81,0.13,0.13,5.42,0.24,0.45,1.21,7.31,0.72,0.51,0.02
2005-08-31,0.93,0.73,0.04,4.29,0.95,0.0,0.0,1.11,0.08,0.08,0.75,0.13,0.22,0.59,2.66,0.29,0.13,0.0
2005-09-30,0.63,0.5,0.01,0.0,0.0,1.74,0.13,0.18,0.01,0.01,0.87,0.12,0.14,0.37,1.36,0.18,0.07,0.0
2005-10-31,0.83,0.55,0.01,3.68,0.81,0.48,0.04,0.93,0.07,0.07,1.1,0.14,0.09,0.24,1.55,0.2,0.32,0.43
2005-11-30,0.72,0.89,0.36,3.84,0.85,1.25,0.09,0.72,0.05,0.05,2.64,0.17,0.11,0.31,2.41,0.25,0.41,0.54
2005-12-31,8.24,10.47,12.19,45.17,9.97,30.41,2.27,30.56,2.14,2.14,20.65,4.54,2.73,7.38,79.59,7.63,20.84,18.68
2006-01-31,14.56,15.48,5.69,49.94,11.02,24.95,1.86,56.88,3.98,3.98,21.13,5.83,2.66,7.17,98.85,9.22,27.49,18.22
2006-02-28,8.3,8.85,6.8,35.75,7.89,14.83,1.11,15.19,1.06,1.06,10.62,3.12,1.45,3.91,54.71,5.01,15.0,9.57
2006-03-31,19.63,22.04,3.94,33.39,7.37,37.43,2.8,96.74,6.77,6.77,12.13,8.96,3.48,9.39,135.04,12.77,39.15,19.14
2006-04-30,45.51,48.65,9.4,74.2,16.38,92.37,6.9,162.69,11.39,11.39,17.69,15.31,9.35,25.23,256.15,25.19,58.23,18.44
2006-05-31,18.05,17.19,24.44,178.19,39.33,54.65,4.08,15.16,1.06,1.06,22.8,2.81,4.29,11.58,76.44,7.9,6.53,0.72
2006-06-30,4.61,4.94,12.8,121.89,26.9,14.07,1.05,5.45,0.38,0.38,17.36,0.65,1.21,3.27,20.45,2.12,1.63,0.07
2006-07-31,2.21,2.34,0.84,18.91,4.17,2.47,0.18,2.41,0.17,0.17,4.11,0.28,0.44,1.2,6.8,0.7,0.49,0.02
2006-08-31,1.16,1.16,0.01,2.71,0.6,0.86,0.06,0.97,0.07,0.07,1.64,0.18,0.28,0.77,3.39,0.37,0.14,0.0
2006-09-30,0.7,0.61,0.01,0.92,0.2,1.9,0.14,0.73,0.05,0.05,1.43,0.18,0.19,0.5,2.21,0.26,0.11,0.0
2006-10-31,1.09,0.91,0.01,2.72,0.6,0.29,0.02,1.02,0.07,0.07,0.85,0.17,0.18,0.49,3.57,0.32,0.48,0.63
2006-11-30,1.36,1.33,0.74,5.07,1.12,3.03,0.23,1.8,0.13,0.13,1.91,0.21,0.21,0.56,4.31,0.44,0.93,0.88
2006-12-31,1.96,2.12,0.72,7.02,1.55,5.16,0.39,4.46,0.31,0.31,1.56,0.46,0.31,0.84,7.25,0.74,1.55,1.47
2007-01-31,1.82,2.31,1.56,4.5,0.99,6.34,0.47,4.34,0.3,0.3,1.49,0.53,0.32,0.86,8.6,0.86,1.85,1.4
2007-02-28,4.56,5.3,2.69,20.31,4.48,8.48,0.63,23.21,1.62,1.62,4.93,1.97,1.15,3.1,32.13,3.12,6.88,4.44
2007-03-31,6.61,6.82,5.86,27.06,5.97,19.52,1.46,10.27,0.72,0.72,3.02,1.87,1.4,3.78,32.41,3.26,6.47,2.67
2007-04-30,3.91,3.38,7.8,58.16,12.84,12.22,0.91,4.7,0.33,0.33,0.59,1.06,1.02,2.76,17.09,1.94,2.76,0.84
2007-05-31,2.66,2.52,7.75,63.3,13.97,5.53,0.41,2.76,0.19,0.19,0.67,0.43,0.84,2.28,10.97,1.28,0.81,0.1
2007-06-30,1.27,0.96,0.75,10.59,2.34,1.62,0.12,0.9,0.06,0.06,0.75,0.11,0.26,0.69,3.22,0.38,0.23,0.01
2007-07-31,0.49,0.5,0.03,4.42,0.98,0.43,0.03,0.68,0.05,0.05,0.38,0.05,0.13,0.35,1.53,0.18,0.11,0.0
2007-08-31,0.33,0.32,0.01,1.43,0.32,0.0,0.0,0.96,0.07,0.07,0.0,0.04,0.09,0.24,0.94,0.11,0.06,0.0
2007-09-30,0.36,0.35,0.01,2.75,0.61,0.0,0.0,0.32,0.02,0.02,0.0,0.05,0.08,0.22,0.66,0.09,0.03,0.0
2007-10-31,0.61,0.33,0.02,0.0,0.0,0.56,0.04,0.05,0.0,0.0,0.1,0.09,0.1,0.27,1.36,0.17,0.23,0.31
2007-11-30,0.57,0.26,0.03,1.38,0.3,1.44,0.11,0.14,0.01,0.01,0.91,0.08,0.1,0.26,1.64,0.17,0.29,0.34
2007-12-31,0.72,0.6,0.11,2.99,0.66,2.21,0.17,2.42,0.17,0.17,1.28,0.16,0.16,0.44,3.34,0.34,0.67,0.66
2008-01-31,2.62,3.03,0.54,4.93,1.09,5.8,0.43,22.93,1.61,1.61,1.69,1.03,0.71,1.92,17.25,1.73,3.44,2.9
2008-02-29,3.62,3.83,0.95,7.22,1.59,7.67,0.57,21.05,1.47,1.47,1.98,1.37,0.83,2.23,22.0,2.16,4.43,2.93
2008-03-31,4.0,4.43,3.44,21.3,4.7,8.93,0.67,6.27,0.44,0.44,5.35,1.18,0.95,2.57,21.77,2.16,4.21,1.92
2008-04-30,3.53,4.79,7.77,44.79,9.89,9.87,0.74,2.86,0.2,0.2,3.08,1.14,0.91,2.45,16.46,1.85,2.87,1.0
2008-05-31,2.66,2.9,12.04,95.85,21.15,9.36,0.7,1.22,0.09,0.09,0.74,0.55,0.95,2.56,12.55,1.48,1.2,0.26
2008-06-30,0.77,0.89,2.96,36.26,8.0,2.25,0.17,0.77,0.05,0.05,1.31,0.13,0.29,0.79,3.53,0.42,0.25,0.02
2008-07-31,0.34,0.15,0.07,4.45,0.98,0.0,0.0,1.01,0.07,0.07,0.0,0.04,0.1,0.27,1.19,0.14,0.08,0.0
2008-08-31,0.23,0.19,0.01,1.59,0.35,0.0,0.0,0.34,0.02,0.02,0.0,0.05,0.14,0.37,1.53,0.19,0.11,0.0
2008-09-30,0.2,0.12,0.0,1.85,0.41,0.31,0.02,0.2,0.01,0.01,0.83,0.09,0.17,0.45,1.51,0.19,0.08,0.0
2008-10-31,0.57,0.27,0.01,0.53,0.12,0.0,0.0,0.0,0.0,0.0,0.0,0.07,0.06,0.17,0.8,0.11,0.16,0.22
2008-11-30,1.08,0.42,0.61,8.39,1.85,0.0,0.0,0.0,0.0,0.0,1.92,0.1,0.11,0.3,2.11,0.21,0.37,0.45
2008-12-31,1.2,0.72,0.23,3.41,0.75,1.55,0.12,1.31,0.09,0.09,1.22,0.14,0.14,0.37,2.79,0.28,0.59,0.61
2009-01-31,2.02,2.08,3.78,13.49,2.98,4.52,0.34,4.38,0.31,0.31,3.87,0.47,0.35,0.95,8.64,0.86,2.04,1.85
2009-02-28,3.74,6.42,2.04,21.56,4.76,1.38,0.1,15.03,1.05,1.05,4.53,1.65,0.95,2.56,27.6,2.68,6.49,4.89
2009-03-31,10.97,17.65,4.48,38.37,8.47,13.06,0.98,27.66,1.94,1.94,10.28,3.82,2.18,5.89,63.59,6.13,14.98,7.88
2009-04-30,5.86,8.13,9.38,64.27,14.18,8.74,0.65,4.45,0.31,0.31,7.04,1.67,1.1,2.98,25.65,2.66,5.29,1.81
2009-05-31,6.52,6.29,19.43,142.69,31.49,28.06,2.1,3.97,0.28,0.28,10.25,1.72,2.19,5.93,35.59,3.94,4.41,1.03
2009-06-30,1.59,1.54,2.78,35.62,7.86,1.94,0.14,0.68,0.05,0.05,3.43,0.16,0.36,0.98,5.01,0.56,0.37,0.02
2009-07-31,0.97,0.66,0.11,6.08,1.34,0.42,0.03,0.19,0.01,0.01,0.95,0.07,0.14,0.37,1.71,0.19,0.12,0.01
2009-08-31,0.48,0.23,0.01,1.54,0.34,0.55,0.04,0.71,0.05,0.05,0.86,0.04,0.09,0.24,0.83,0.1,0.03,0.0
2009-09-30,0.24,0.22,0.0,1.94,0.43,0.0,0.0,0.55,0.04,0.04,0.0,0.04,0.06,0.15,0.5,0.07,0.02,0.0
2009-10-31,0.81,0.6,0.16,6.21,1.37,0.0,0.0,0.51,0.04,0.04,1.36,0.11,0.09,0.23,1.6,0.17,0.25,0.34
2009-11-30,0.56,0.39,0.03,2.02,0.45,0.51,0.04,0.0,0.0,0.0,0.98,0.07,0.06,0.17,1.16,0.13,0.24,0.3
2009-12-31,1.09,1.33,0.28,3.08,0.68,4.04,0.3,3.59,0.25,0.25,1.88,0.24,0.23,0.63,5.08,0.49,1.05,1.11
2010-01-31,3.24,4.16,0.88,8.36,1.85,5.29,0.4,28.5,2.0,2.0,2.94,1.13,0.7,1.9,19.94,1.87,4.71,4.18
2010-02-28,3.63,4.91,0.97,9.85,2.18,7.02,0.52,19.06,1.33,1.33,3.23,1.45,0.77,2.07,23.24,2.34,6.1,4.25
2010-03-31,5.8,7.64,3.09,21.21,4.68,9.6,0.72,24.39,1.71,1.71,7.63,2.4,1.16,3.14,34.11,3.66,9.73,5.99
2010-04-30,9.04,12.19,6.92,43.8,9.67,13.66,1.02,25.34,1.77,1.77,10.54,3.15,1.85,4.99,53.96,5.18,13.23,5.77
2010-05-31,9.25,11.21,13.61,90.6,20.0,19.29,1.44,9.86,0.69,0.69,9.55,3.21,2.27,6.12,49.19,5.3,10.06,3.11
2010-06-30,5.02,4.65,18.47,132.05,29.15,31.91,2.38,3.71,0.26,0.26,11.78,1.06,1.88,5.07,34.29,3.13,2.29,0.25
2010-07-31,1.6,1.44,1.28,20.27,4.47,1.87,0.14,1.74,0.12,0.12,3.04,0.15,0.31,0.84,4.91,0.48,0.32,0.01
2010-08-31,0.59,0.58,0.03,5.31,1.17,0.0,0.0,0.6,0.04,0.04,0.0,0.07,0.13,0.36,1.59,0.17,0.08,0.0
2010-09-30,0.61,0.25,0.01,2.5,0.55,0.0,0.0,0.42,0.03,0.03,0.41,0.08,0.09,0.24,0.98,0.11,0.04,0.0
2010-10-31,1.19,1.08,3.18,18.65,4.12,0.0,0.0,0.7,0.05,0.05,5.68,0.29,0.21,0.56,4.28,0.44,0.72,0.96
2010-11-30,1.67,1.84,1.55,13.44,2.97,1.17,0.09,6.61,0.46,0.46,4.54,0.46,0.39,1.06,9.18,0.89,1.84,2.17
2010-12-31,12.2,17.27,6.22,38.17,8.42,28.38,2.12,58.67,4.11,4.11,14.92,6.19,3.13,8.45,101.98,9.78,28.02,22.19
2011-01-31,7.26,9.32,3.55,22.48,4.96,12.65,0.95,24.32,1.7,1.7,10.69,2.92,1.48,4.0,54.01,4.94,14.67,9.39
2011-02-28,5.17,7.11,2.34,8.36,1.84,10.35,0.77,37.45,2.62,2.62,5.71,2.94,1.27,3.42,48.86,4.48,13.43,8.52
2011-03-31,23.6,31.57,4.27,44.7,9.87,46.92,3.51,148.04,10.36,10.36,17.52,12.39,5.79,15.62,201.13,18.96,55.02,23.5
2011-04-30,20.48,25.16,9.66,65.03,14.35,46.98,3.51,26.64,1.86,1.86,15.09,7.02,3.86,10.42,102.5,10.45,23.09,6.87
2011-05-31,14.89,17.87,15.83,98.78,21.8,36.03,2.69,11.72,0.82,0.82,14.5,2.51,3.35,9.04,63.41,6.54,7.19,1.3
2011-06-30,9.34,9.15,24.79,167.32,36.93,46.2,3.45,7.19,0.5,0.5,22.3,1.56,2.55,6.9,44.53,4.62,3.71,0.32
2011-07-31,3.32,3.23,9.97,86.2,19.02,11.8,0.88,2.29,0.16,0.16,13.9,0.48,0.85,2.3,13.65,1.42,1.05,0.05
2011-08-31,1.73,1.49,0.35,9.03,1.99,0.01,0.0,0.92,0.06,0.06,2.76,0.19,0.3,0.82,3.72,0.4,0.16,0.0
2011-09-30,0.9,0.83,0.02,2.47,0.55,0.58,0.04,0.53,0.04,0.04,1.62,0.17,0.17,0.47,2.03,0.24,0.1,0.0
2011-10-31,1.13,1.14,0.46,3.4,0.75,3.05,0.23,1.52,0.11,0.11,1.91,0.19,0.19,0.52,3.84,0.36,0.57,0.74
2011-11-30,1.35,1.05,0.18,3.52,0.78,0.59,0.04,1.09,0.08,0.08,0.78,0.17,0.16,0.43,3.37,0.34,0.75,0.72
2011-12-31,1.16,0.89,0.12,4.78,1.05,0.0,0.0,0.77,0.05,0.05,0.0,0.15,0.13,0.35,3.01,0.3,0.69,0.63
2012-01-31,2.39,1.74,2.12,10.84,2.39,2.75,0.21,4.28,0.3,0.3,1.78,0.51,0.31,0.84,7.82,0.79,1.78,1.65
2012-02-29,1.04,1.39,1.23,6.27,1.38,3.02,0.23,2.52,0.18,0.18,1.57,0.34,0.18,0.48,5.15,0.52,1.19,0.94
2012-03-31,4.9,6.07,4.02,22.12,4.88,12.55,0.94,18.32,1.28,1.28,5.23,2.75,1.49,4.03,44.63,4.3,10.25,6.53
2012-04-30,7.26,8.77,11.39,74.14,16.36,23.46,1.75,22.91,1.6,1.6,2.88,3.54,2.58,6.98,58.56,6.01,12.13,4.62
2012-05-31,3.33,2.91,7.82,62.41,13.77,15.38,1.15,3.03,0.21,0.21,1.07,0.67,1.21,3.28,17.29,1.96,1.37,0.17
2012-06-30,1.14,1.25,0.97,13.4,2.96,1.44,0.11,1.18,0.08,0.08,0.93,0.15,0.34,0.92,4.55,0.52,0.33,0.01
2012-07-31,0.47,0.71,0.04,3.27,0.72,0.61,0.05,1.2,0.08,0.08,0.52,0.08,0.18,0.47,2.22,0.26,0.16,0.01
2012-08-31,0.31,0.34,0.01,1.04,0.23,0.0,0.0,0.9,0.06,0.06,0.12,0.05,0.1,0.27,1.16,0.13,0.07,0.0
2012-09-30,0.22,0.24,0.01,1.18,0.26,0.0,0.0,1.81,0.13,0.13,0.0,0.06,0.1,0.26,0.85,0.11,0.04,0.0
2012-10-31,0.53,0.36,0.01,5.85,1.29,0.0,0.0,0.87,0.06,0.06,0.0,0.08,0.05,0.14,0.93,0.13,0.17,0.24
2012-11-30,0.87,1.23,1.65,11.73,2.59,0.0,0.0,1.79,0.13,0.13,2.46,0.21,0.22,0.61,4.54,0.44,0.84,0.9
2012-12-31,6.36,7.9,5.47,34.88,7.7,8.62,0.64,29.89,2.09,2.09,14.58,3.44,2.08,5.61,63.07,5.55,12.39,8.74
2013-01-31,3.38,3.06,2.23,13.17,2.91,4.25,0.32,5.84,0.41,0.41,5.05,0.94,0.73,1.96,18.49,1.71,3.63,1.51
2013-02-28,2.25,2.21,1.7,12.05,2.66,2.72,0.2,3.09,0.22,0.22,3.35,0.74,0.51,1.37,13.22,1.22,2.32,0.86
2013-03-31,2.63,2.68,4.81,31.89,7.04,3.43,0.26,3.24,0.23,0.23,3.57,1.07,0.85,2.29,15.28,1.72,2.82,0.91
2013-04-30,2.41,2.24,8.03,63.69,14.06,5.59,0.42,3.05,0.21,0.21,4.89,0.56,1.03,2.78,9.55,1.63,1.22,0.2
2013-05-31,1.16,0.91,5.18,56.42,12.45,0.27,0.02,1.42,0.1,0.1,1.45,0.17,0.37,1.0,1.69,0.56,0.35,0.02
2013-06-30,0.42,0.48,1.02,16.24,3.58,0.0,0.0,1.24,0.09,0.09,0.0,0.07,0.16,0.43,1.38,0.23,0.14,0.01
2013-07-31,0.31,0.36,0.07,5.6,1.24,0.0,0.0,1.11,0.08,0.08,0.0,0.04,0.1,0.26,0.8,0.13,0.08,0.0
2013-08-31,0.28,0.21,0.01,3.0,0.66,0.0,0.0,0.68,0.05,0.05,0.0,0.03,0.07,0.19,0.6,0.08,0.03,0.0
2013-09-30,0.2,0.15,0.01,4.61,1.02,0.0,0.0,0.21,0.01,0.01,0.0,0.05,0.06,0.17,0.44,0.07,0.02,0.0
2013-10-31,0.22,0.2,0.01,2.07,0.46,0.0,0.0,0.0,0.0,0.0,0.0,0.06,0.08,0.21,0.96,0.11,0.11,0.17
2013-11-30,0.33,0.24,0.02,2.66,0.59,0.0,0.0,0.2,0.01,0.01,0.0,0.07,0.09,0.25,1.35,0.15,0.18,0.23
2013-12-31,0.38,0.38,0.01,0.97,0.21,0.0,0.0,0.0,0.0,0.0,0.0,0.07,0.09,0.24,1.45,0.16,0.2,0.24
2014-01-31,0.35,0.18,0.31,2.27,0.5,0.48,0.04,0.21,0.01,0.01,0.78,0.09,0.08,0.22,1.44,0.16,0.2,0.24
2014-02-28,2.03,2.03,2.76,15.11,3.34,3.58,0.27,4.88,0.34,0.34,3.94,0.86,0.76,2.06,15.45,1.57,2.02,1.97
2014-03-31,2.31,2.4,4.49,24.15,5.33,3.3,0.25,5.82,0.41,0.41,3.97,1.28,1.16,3.13,21.81,2.3,2.95,1.75
2014-04-30,1.99,1.78,7.62,51.47,11.36,4.18,0.31,3.45,0.24,0.24,0.03,0.71,0.98,2.64,11.5,1.49,1.22,0.44
2014-05-31,0.85,0.66,6.69,56.74,12.52,1.41,0.11,0.61,0.04,0.04,0.0,0.13,0.34,0.93,3.23,0.44,0.18,0.03
2014-06-30,0.36,0.32,0.55,9.98,2.2,0.07,0.01,0.61,0.04,0.04,0.05,0.08,0.24,0.64,2.14,0.29,0.12,0.01
2014-07-31,0.22,0.12,0.02,2.79,0.62,0.0,0.0,0.74,0.05,0.05,0.0,0.02,0.05,0.14,0.42,0.06,0.03,0.0
2014-08-31,0.15,0.05,0.01,2.76,0.61,0.0,0.0,0.86,0.06,0.06,0.0,0.01,0.04,0.11,0.27,0.04,0.01,0.0
2014-09-30,0.11,0.07,0.01,2.05,0.45,0.0,0.0,0.74,0.05,0.05,0.0,0.02,0.03,0.09,0.16,0.03,0.01,0.0
2014-10-31,0.19,0.17,0.01,2.04,0.45,0.0,0.0,0.21,0.01,0.01,0.0,0.03,0.05,0.12,0.39,0.06,0.05,0.09
2014-11-30,0.37,0.33,0.21,2.85,0.63,0.0,0.0,0.12,0.01,0.01,0.0,0.06,0.09,0.25,1.25,0.14,0.15,0.21
2014-12-31,0.92,1.67,2.28,15.06,3.32,2.26,0.17,10.25,0.72,0.72,2.07,0.69,0.66,1.79,12.29,1.3,1.65,1.76
2015-01-31,0.43,0.39,1.22,8.0,1.76,0.0,0.0,1.24,0.09,0.09,0.66,0.17,0.16,0.44,3.43,0.34,0.43,0.4
2015-02-28,2.47,2.59,4.99,36.96,8.16,6.74,0.5,17.52,1.23,1.23,2.12,1.72,1.59,4.28,28.43,3.06,3.74,2.27
2015-03-31,0.76,0.47,2.04,20.54,4.53,2.79,0.21,1.36,0.1,0.1,0.0,0.32,0.4,1.09,4.93,0.63,0.57,0.22
2015-04-30,0.92,0.48,2.49,20.84,4.6,2.87,0.21,1.16,0.08,0.08,0.0,0.17,0.44,1.18,4.14,0.56,0.23,0.04
2015-05-31,0.55,0.56,2.29,26.19,5.78,1.72,0.13,0.42,0.03,0.03,0.0,0.11,0.3,0.8,2.73,0.37,0.15,0.02
2015-06-30,0.24,0.26,0.51,7.65,1.69,0.0,0.0,0.43,0.03,0.03,0.0,0.04,0.11,0.3,0.98,0.14,0.06,0.0
2015-07-31,0.12,0.08,0.03,5.62,1.19,0.0,0.0,0.65,0.05,0.05,0.0,0.02,0.05,0.13,0.39,0.05,0.02,0.0
2015-08-31,0.13,0.02,0.0,1.17,0.31,0.0,0.0,0.15,0.01,0.01,0.0,0.02,0.05,0.12,0.31,0.04,0.01,0.0
2015-09-30,0.11,0.01,0.0,1.5,0.33,0.0,0.0,0.04,0.0,0.0,0.0,0.02,0.04,0.1,0.18,0.03,0.01,0.0
2015-10-31,0.15,0.1,0.01,1.13,0.27,0.0,0.0,0.12,0.01,0.01,0.07,0.03,0.0,0.0,0.14,0.05,0.07,0.1
2015-11-30,0.31,0.33,1.26,3.45,0.77,0.31,0.02,0.13,0.01,0.01,1.99,0.11,0.04,0.11,1.28,0.17,0.26,0.35
2015-12-31,2.29,2.92,1.67,13.15,2.89,2.98,0.22,15.23,1.07,1.07,5.15,0.76,-0.0,0.0,12.33,1.51,3.63,3.48
2016-01-31,5.72,6.71,2.18,23.05,5.1,8.31,0.62,36.42,2.55,2.55,7.82,2.74,1.95,5.26,47.92,4.31,11.43,8.54
2016-02-29,4.34,5.18,3.21,31.39,6.93,4.05,0.3,9.9,0.69,0.69,10.41,2.2,0.0,0.0,25.85,3.4,9.3,5.81
2016-03-31,15.05,17.37,9.32,60.65,13.4,25.94,1.94,57.68,4.04,4.04,16.87,7.51,5.95,16.06,128.03,11.77,28.21,11.12
2016-04-30,4.96,4.83,12.78,73.26,16.11,20.47,1.53,6.84,0.48,0.48,11.29,1.21,1.9,5.13,32.13,3.23,3.19,0.58
2016-05-31,2.76,2.54,12.94,91.57,20.28,12.6,0.94,2.4,0.17,0.17,9.94,0.5,0.92,2.49,14.49,1.55,1.13,0.09
2016-06-30,0.66,0.95,4.21,48.91,10.76,0.0,0.0,1.67,0.12,0.12,4.19,0.12,0.25,0.67,3.48,0.41,0.29,0.01
2016-07-31,0.53,0.49,0.12,9.38,2.03,0.0,0.0,1.88,0.13,0.13,0.0,0.12,0.24,0.64,3.06,0.31,0.18,0.01
2016-08-31,0.24,0.21,0.01,6.6,1.43,0.0,0.0,2.28,0.16,0.16,0.0,0.08,0.11,0.3,1.13,0.14,0.05,0.0
2016-09-30,0.16,0.17,0.0,3.41,0.77,0.0,0.0,1.09,0.08,0.08,0.0,0.02,-0.0,-0.0,0.0,0.02,0.01,0.0
2016-10-31,0.57,0.96,2.8,25.07,5.55,0.0,0.0,2.02,0.14,0.14,4.11,0.42,0.28,0.75,5.9,0.61,1.02,1.35
2016-11-30,1.05,1.07,1.23,12.8,2.81,0.15,0.01,2.69,0.19,0.19,4.21,0.55,0.46,1.25,11.12,1.07,2.2,2.61
2016-12-31,4.47,6.5,8.73,45.59,10.07,8.74,0.65,21.0,1.47,1.47,14.94,3.13,2.1,5.66,60.07,5.73,16.12,14.23
2017-01-31,30.47,40.82,10.47,70.59,15.58,64.54,4.82,187.31,13.11,13.11,40.34,17.07,7.33,19.78,279.47,25.99,78.83,52.36
2017-02-28,56.98,67.26,13.76,78.76,17.09,142.37,10.64,227.66,15.94,15.94,40.56,22.83,10.67,28.8,366.38,34.8,98.58,39.58
2017-03-31,20.73,22.28,8.82,54.56,12.35,42.64,3.19,44.0,3.08,3.08,13.48,6.96,4.06,10.96,103.96,10.58,23.47,6.81
2017-04-30,23.84,24.04,13.79,80.72,17.82,47.89,3.58,38.32,2.68,2.68,15.83,4.18,5.89,15.9,111.16,11.38,10.77,1.51
2017-05-31,10.72,9.71,24.42,155.65,34.35,54.39,4.06,11.3,0.79,0.79,25.05,1.65,2.8,7.56,49.67,5.1,4.09,0.26
2017-06-30,4.21,3.81,16.29,156.44,34.5,18.88,1.41,5.77,0.4,0.4,24.47,0.64,1.1,2.97,17.9,1.84,1.38,0.06
2017-07-31,2.51,1.94,1.8,40.29,8.87,0.0,0.0,3.79,0.27,0.27,6.1,0.22,0.38,1.03,4.79,0.51,0.2,0.0
2017-08-31,1.38,1.13,0.02,6.02,1.33,0.0,0.0,2.2,0.15,0.15,0.0,0.16,0.18,0.48,2.16,0.25,0.1,0.0
2017-09-30,0.77,0.83,0.01,3.58,0.81,0.0,0.0,1.29,0.09,0.09,0.0,0.16,0.16,0.43,1.9,0.23,0.1,0.0
2017-10-31,0.64,0.76,0.01,3.54,0.79,0.0,0.0,0.62,0.04,0.04,0.0,0.14,0.12,0.33,2.17,0.23,0.35,0.47
2017-11-30,1.59,1.62,4.21,24.39,5.38,0.69,0.05,10.83,0.76,0.76,6.55,0.47,0.41,1.12,9.42,0.93,2.11,2.13
2017-12-31,1.13,0.81,0.75,6.76,1.52,1.67,0.12,1.86,0.13,0.13,1.75,0.26,0.2,0.55,5.23,0.51,1.32,1.16
2018-01-31,2.28,2.12,3.09,20.75,4.57,2.79,0.21,7.81,0.55,0.55,5.87,1.3,0.65,1.76,19.69,1.93,5.0,4.22
2018-02-28,1.38,0.83,1.17,10.56,2.29,0.66,0.05,2.38,0.17,0.17,2.91,0.55,0.27,0.73,8.81,0.86,2.29,1.52
2018-03-31,12.52,14.78,5.87,46.76,10.47,26.6,1.99,53.36,3.74,3.74,13.4,6.86,3.67,9.91,115.84,10.98,29.08,15.22
2018-04-30,11.74,10.7,14.45,95.06,20.89,33.85,2.53,18.66,1.31,1.31,12.7,4.09,3.37,9.1,70.1,7.38,12.37,3.57
2018-05-31,4.05,3.15,6.69,69.26,15.28,6.78,0.51,5.16,0.36,0.36,5.86,0.57,1.01,2.74,15.78,1.71,1.26,0.12
2018-06-30,1.47,1.59,0.89,17.65,3.9,0.0,0.0,2.99,0.21,0.21,2.22,0.17,0.36,0.96,5.22,0.57,0.4,0.02
2018-07-31,0.71,0.81,0.03,4.7,1.01,0.0,0.0,1.93,0.14,0.14,0.0,0.08,0.13,0.35,1.8,0.19,0.13,0.01
2018-08-31,0.45,0.41,0.0,4.9,1.09,0.0,0.0,0.65,0.05,0.05,0.0,0.06,0.12,0.32,1.29,0.14,0.05,0.0
2018-09-30,0.3,0.3,0.0,1.41,0.3,0.0,0.0,0.86,0.06,0.06,0.0,0.08,0.09,0.24,0.89,0.11,0.04,0.0
2018-10-31,0.81,0.47,0.01,1.44,0.32,0.0,0.0,0.83,0.06,0.06,0.0,0.1,0.0,0.0,1.36,0.14,0.22,0.3
2018-11-30,0.66,0.94,0.2,2.85,0.59,0.0,0.0,3.12,0.22,0.22,0.65,0.2,0.0,0.0,3.23,0.31,0.51,0.68
2018-12-31,1.06,1.14,0.72,5.39,1.18,0.1,0.01,3.82,0.27,0.27,2.98,0.33,0.21,0.56,6.62,0.63,1.32,1.55
2019-01-31,6.63,7.64,1.17,14.44,3.24,6.21,0.46,34.06,2.38,2.38,6.47,2.5,1.42,3.83,44.99,4.31,11.94,10.47
2019-02-28,18.52,25.59,2.42,31.4,6.92,30.71,2.3,124.74,8.73,8.73,13.04,8.56,5.89,15.89,141.61,13.37,39.3,26.37
2019-03-31,28.75,33.33,3.59,29.91,6.61,49.13,3.67,86.0,6.02,6.02,20.57,10.67,3.61,9.74,175.08,16.39,47.45,20.5
2019-04-30,21.56,22.82,16.07,93.99,20.81,48.16,3.6,23.36,1.64,1.64,21.42,6.77,2.96,7.99,100.38,10.09,22.68,6.93
2019-05-31,14.57,15.38,17.3,131.48,29.01,32.97,2.46,17.72,1.24,1.24,16.31,2.89,4.12,11.12,69.6,7.24,8.18,1.55
2019-06-30,7.56,6.94,21.09,150.55,33.17,48.91,3.66,8.63,0.6,0.6,20.51,1.27,2.4,6.49,36.99,3.87,3.05,0.23
2019-07-31,2.61,2.83,2.42,42.77,9.46,0.0,0.0,7.31,0.51,0.51,4.94,0.29,0.55,1.47,7.85,0.82,0.59,0.03
2019-08-31,1.71,1.35,0.05,3.77,0.84,3.19,0.24,2.8,0.2,0.2,1.92,0.16,0.27,0.73,3.31,0.35,0.15,0.0
2019-09-30,1.29,0.89,0.01,2.09,0.45,1.52,0.11,0.76,0.05,0.05,1.78,0.18,0.19,0.51,2.19,0.26,0.11,0.0
2019-10-31,1.01,0.92,0.01,2.27,0.44,0.48,0.04,0.85,0.06,0.06,0.78,0.14,0.14,0.37,2.75,0.25,0.38,0.5
2019-11-30,1.04,1.01,0.01,1.03,0.25,2.46,0.18,1.69,0.12,0.12,1.27,0.13,0.13,0.35,2.52,0.26,0.5,0.55
2019-12-31,4.48,5.03,0.56,9.64,2.12,5.96,0.45,12.94,0.91,0.91,2.83,0.85,0.58,1.56,14.17,1.43,3.21,2.97
2020-01-31,2.26,2.38,0.73,6.26,1.36,5.84,0.44,5.31,0.37,0.37,1.97,0.56,0.32,0.86,9.15,0.9,2.11,1.49
2020-02-29,1.71,1.51,1.54,7.34,1.7,2.96,0.22,3.23,0.23,0.23,2.3,0.43,0.28,0.76,8.12,0.76,1.78,1.24
2020-03-31,4.27,4.89,2.39,15.24,3.38,6.29,0.47,23.77,1.66,1.66,4.01,1.92,0.98,2.66,29.71,2.88,6.86,4.19
2020-04-30,9.08,10.85,8.59,57.37,12.72,21.43,1.6,26.89,1.88,1.88,5.35,3.36,2.41,6.51,54.91,5.63,11.34,4.35
2020-05-31,3.71,4.73,10.02,94.81,20.92,11.25,0.84,5.11,0.36,0.36,1.9,0.74,1.3,3.51,18.75,2.12,1.7,0.29
2020-06-30,1.9,1.48,1.24,21.66,4.76,1.9,0.14,2.39,0.17,0.17,1.38,0.17,0.37,1.01,5.0,0.57,0.36,0.02
2020-07-31,1.4,0.49,0.05,5.28,1.16,0.0,0.0,1.34,0.09,0.09,0.0,0.07,0.17,0.45,2.04,0.23,0.15,0.01
2020-08-31,0.4,0.33,0.01,2.68,0.58,0.0,0.0,1.44,0.1,0.1,0.0,0.05,0.11,0.28,1.12,0.13,0.06,0.0
2020-09-30,0.58,0.29,0.0,1.52,0.31,0.0,0.0,0.84,0.06,0.06,0.0,0.05,0.07,0.19,0.6,0.08,0.03,0.0
2020-10-31,0.24,0.29,0.0,1.18,0.21,0.0,0.0,0.12,0.01,0.01,0.1,0.05,0.07,0.18,0.77,0.09,0.08,0.13
2020-11-30,0.43,0.6,0.02,2.15,0.5,0.36,0.03,0.39,0.03,0.03,0.6,0.08,0.12,0.34,1.75,0.19,0.21,0.29
2020-12-31,0.61,0.83,0.13,2.4,0.54,1.08,0.08,1.51,0.11,0.11,0.63,0.13,0.15,0.4,2.38,0.26,0.31,0.38
2021-01-31,1.01,1.73,0.45,2.72,0.61,2.06,0.15,12.44,0.87,0.87,0.77,0.49,0.46,1.23,8.64,0.91,1.05,1.12
2021-02-28,1.72,1.64,1.12,7.5,1.65,3.54,0.26,6.57,0.46,0.46,1.64,0.68,0.55,1.49,11.21,1.15,1.39,1.19
2021-03-31,2.58,2.48,1.78,11.1,2.46,4.75,0.35,7.73,0.54,0.54,2.12,0.8,0.83,2.25,14.63,1.54,1.77,1.01
2021-04-30,1.89,1.52,7.29,44.55,9.93,7.52,0.56,3.48,0.24,0.24,0.0,0.62,0.82,2.23,9.59,1.26,1.0,0.4
2021-05-31,0.63,0.54,4.74,50.78,11.14,6.06,0.45,2.66,0.19,0.19,0.0,0.18,0.49,1.31,4.35,0.6,0.23,0.03
2021-06-30,1.13,0.4,0.27,7.83,1.7,0.0,0.0,1.2,0.08,0.08,0.0,0.05,0.17,0.45,1.44,0.2,0.08,0.0
2021-07-31,0.95,0.12,0.02,1.89,0.46,0.16,0.01,0.71,0.05,0.05,0.0,0.02,0.06,0.16,0.47,0.07,0.03,0.0
2021-08-31,0.18,0.06,0.0,2.29,0.45,0.0,0.0,0.62,0.04,0.04,0.0,0.02,0.05,0.13,0.35,0.05,0.02,0.0
2021-09-30,0.11,0.06,0.0,1.75,0.38,0.0,0.0,0.46,0.03,0.03,0.0,0.02,0.05,0.13,0.24,0.04,0.01,0.0
2021-10-31,1.38,,,,,,,,,,,,,,,1.82,,
2021-11-30,0.53,,,,,,,,,,,,,,,0.45,,
2021-12-31,4.12,,,,,,,,,,,,,,,4.82,,
2022-01-31,3.16,,,,,,,,,,,,,,,2.12,,
2022-02-28,1.99,,,,,,,,,,,,,,,1.24,,
2022-03-31,2.49,,,,,,,,,,,,,,,1.36,,
2022-04-30,3.91,,,,,,,,,,,,,,,3.01,,
2022-05-31,1.98,,,,,,,,,,,,,,,1.51,,
2022-06-30,1.2,,,,,,,,,,,,,,,0.4,,
2022-07-31,1.5,,,,,,,,,,,,,,,0.19,,
2022-08-31,1.57,,,,,,,,,,,,,,,0.12,,
2022-09-30,0.55,,,,,,,,,,,,,,,0.12,,
2022-10-31,0.23,,,,,,,,,,,,,,,0.13,,
2022-11-30,0.39,,,,,,,,,,,,,,,0.26,,
2022-12-31,8.36,,,,,,,,,,,,,,,11.18,,
2023-01-31,22.82,,,,,,,,,,,,,,,25.0,,
2023-02-28,5.76,,,,,,,,,,,,,,,5.04,,
2023-03-31,37.93,,,,,,,,,,,,,,,21.59,,
2023-04-30,18.54,,,,,,,,,,,,,,,9.42,,
2023-05-31,15.94,,,,,,,,,,,,,,,6.46,,
2023-06-30,5.3,,,,,,,,,,,,,,,2.28,,
2023-07-31,2.79,,,,,,,,,,,,,,,0.67,,
2023-08-31,1.47,,,,,,,,,,,,,,,0.38,,
2023-09-30,1.28,,,,,,,,,,,,,,,0.36,,
2023-10-31,1.54,,,,,,,,,,,,,,,0.34,,
2023-11-30,0.79,,,,,,,,,,,,,,,0.43,,
2023-12-31,1.49,,,,,,,,,,,,,,,0.65,,
2024-01-31,2.92,,,,,,,,,,,,,,,2.33,,
2024-02-29,7.58,,,,,,,,,,,,,,,6.65,,
2024-03-31,10.21,,,,,,,,,,,,,,,10.29,,
2024-04-30,9.13,,,,,,,,,,,,,,,6.34,,
2024-05-31,4.93,,,,,,,,,,,,,,,3.26,,
2024-06-30,1.98,,,,,,,,,,,,,,,0.83,,
2024-07-31,1.31,,,,,,,,,,,,,,,0.38,,
2024-08-31,0.65,,,,,,,,,,,,,,,0.26,,
